Table 8,,,,,,,,,,,,,
Offenses Known to Law Enforcement,,,,,,,,,,,,,
"by State by City, 2024",,,,,,,,,,,,,
State,City,Population,"Violent
crime","Murder and
nonnegligent
manslaughter",Rape,Robbery,"Aggravated
assault","Property
crime",Burglary,"Larceny-
theft","Motor
vehicle
theft",Arson1,
ALABAMA,Abbeville,2386,11,0,2,1,8,35,9,25,1,0,
ALABAMA,Adamsville,4111,23,1,1,0,21,130,12,97,21,2,
ALABAMA,Addison,669,3,0,0,0,3,13,4,7,2,0,
ALABAMA,Alabaster,34349,34,0,1,4,29,519,17,480,22,0,
ALABAMA,Albertville,23242,55,1,14,3,37,409,65,299,45,2,
ALABAMA,Alexander City,14353,147,4,7,11,125,515,91,398,26,5,
ALABAMA,Aliceville,2019,4,0,0,0,4,11,1,10,0,0,
ALABAMA,Andalusia,8838,59,0,7,3,49,324,53,244,27,3,
ALABAMA,Anniston,21052,178,4,16,18,140,919,214,612,93,5,
ALABAMA,Arab,8960,23,0,6,1,16,318,74,212,32,1,
ALABAMA,Ardmore,1451,2,0,1,0,1,20,4,15,1,0,
ALABAMA,Argo,4388,5,0,0,0,5,15,4,7,4,0,
ALABAMA,Arley,330,0,0,0,0,0,8,2,6,0,0,
ALABAMA,Ashford,2357,2,0,0,0,2,11,0,11,0,0,
ALABAMA,Ashland,1928,15,0,0,0,15,46,7,36,3,0,
ALABAMA,Ashville,2417,12,0,0,2,10,69,17,43,9,0,
ALABAMA,Athens,32862,80,2,3,6,69,680,91,531,58,1,
ALABAMA,Atmore,8294,113,4,9,11,89,298,38,240,20,2,
ALABAMA,Attalla,5813,20,0,1,1,18,210,24,170,16,0,
ALABAMA,Auburn,83756,90,0,16,8,66,820,33,730,57,1,
ALABAMA,Bay Minette,8456,35,2,2,3,28,138,13,115,10,0,
ALABAMA,Bayou La Batre,2142,19,0,1,0,18,137,32,92,13,1,
ALABAMA,Bear Creek,1062,11,0,1,0,10,24,4,8,12,0,
ALABAMA,Berry,1183,0,0,0,0,0,1,1,0,0,0,
ALABAMA,Bessemer,24720,431,11,15,40,365,1761,284,1252,225,8,
ALABAMA,Birmingham,195418,2436,115,29,393,1899,7878,1426,4873,1579,103,
ALABAMA,Blountsville,1816,0,0,0,0,0,0,0,0,0,0,
ALABAMA,Brent,2586,9,0,2,0,7,80,13,62,5,0,
ALABAMA,Brewton,5139,28,0,3,1,24,207,13,176,18,1,
ALABAMA,Bridgeport,2262,7,0,2,1,4,24,5,13,6,1,
ALABAMA,Brighton,2207,47,5,1,4,37,52,13,27,12,1,
ALABAMA,Brilliant,829,0,0,0,0,0,8,6,2,0,0,
ALABAMA,Brookside,1185,5,0,0,1,4,26,6,13,7,0,
ALABAMA,Brookwood,2420,11,0,0,1,10,24,3,16,5,0,
ALABAMA,Brundidge,2016,23,0,1,0,22,87,15,63,9,0,
ALABAMA,Butler,1737,5,0,0,0,5,34,6,24,4,0,
ALABAMA,Calera,18747,44,0,4,1,39,249,42,184,23,0,
ALABAMA,Camden,1667,3,0,0,1,2,13,3,8,2,0,
ALABAMA,Carbon Hill,1723,0,0,0,0,0,5,2,2,1,1,
ALABAMA,Carrollton,965,4,0,0,0,4,4,1,3,0,0,
ALABAMA,Cedar Bluff,1918,8,0,1,0,7,17,1,14,2,0,
ALABAMA,Centre,3845,15,0,5,0,10,129,19,101,9,0,
ALABAMA,Centreville,2673,10,0,1,0,9,32,6,22,4,1,
ALABAMA,Chatom,1060,0,0,0,0,0,9,1,8,0,0,
ALABAMA,Cherokee,964,0,0,0,0,0,18,3,13,2,1,
ALABAMA,Chickasaw,6226,27,1,0,2,24,134,21,97,16,1,
ALABAMA,Childersburg,4601,35,0,4,1,30,120,23,86,11,0,
ALABAMA,Citronelle,3902,3,0,0,1,2,31,5,24,2,0,
ALABAMA,Clanton,9250,29,0,2,3,24,306,16,278,12,0,
ALABAMA,Clayton,2197,9,0,0,0,9,20,5,15,0,1,
ALABAMA,Clio,1194,0,0,0,0,0,0,0,0,0,0,
ALABAMA,Coaling,1970,3,0,1,0,2,17,4,12,1,0,
ALABAMA,Coffeeville,247,0,0,0,0,0,0,0,0,0,0,
ALABAMA,Collinsville,2067,3,0,0,0,3,22,0,19,3,0,
ALABAMA,Columbia,703,0,0,0,0,0,5,0,5,0,0,
ALABAMA,Columbiana,4913,7,1,2,0,4,51,7,42,2,0,
ALABAMA,Coosada,1282,4,0,0,0,4,8,2,4,2,0,
ALABAMA,Cordova,1656,8,0,0,1,7,51,4,38,9,0,
ALABAMA,Cottonwood,1097,3,0,0,0,3,13,3,10,0,0,
ALABAMA,Creola,1977,5,0,1,2,2,11,1,6,4,0,
ALABAMA,Cullman,20433,44,3,6,2,33,504,36,436,32,0,
ALABAMA,Dadeville,2922,17,0,0,1,16,50,5,42,3,0,
ALABAMA,Daphne,31256,17,0,4,2,11,264,14,235,15,0,
ALABAMA,Dauphin Island,1932,2,0,1,1,0,27,5,20,2,0,
ALABAMA,Decatur,58514,355,5,32,26,292,1351,113,1073,165,112,
ALABAMA,Demopolis,6733,65,1,5,5,54,183,29,145,9,3,
ALABAMA,Dora,2244,5,0,0,0,5,53,9,34,10,1,
ALABAMA,Dothan,71318,651,5,49,38,559,1972,260,1618,94,17,
ALABAMA,Double Springs,1115,1,0,0,0,1,19,4,12,3,0,
ALABAMA,Douglas,789,2,0,0,0,2,12,3,9,0,1,
ALABAMA,East Brewton,2239,4,0,1,0,3,57,7,44,6,0,
ALABAMA,Eclectic,1214,2,0,0,0,2,20,5,14,1,0,
ALABAMA,Elba,3547,16,2,1,3,10,108,20,78,10,1,
ALABAMA,Elberta,2145,11,0,0,1,10,64,10,52,2,0,
ALABAMA,Enterprise,30766,192,1,16,5,170,732,109,577,46,3,
ALABAMA,Eufaula,12314,89,7,5,10,67,317,59,225,33,4,
ALABAMA,Eutaw,2710,16,0,0,2,14,75,20,47,8,0,
ALABAMA,Excel,524,8,0,3,0,5,24,5,16,3,1,
ALABAMA,Fairhope,25782,28,0,6,4,18,297,21,267,9,1,
ALABAMA,Falkville,1198,2,0,0,0,2,11,0,8,3,0,
ALABAMA,Fayette,4079,6,0,1,2,3,53,15,36,2,0,
ALABAMA,Flomaton,1448,16,1,0,1,14,34,4,27,3,0,
ALABAMA,Florence,43076,271,0,16,9,246,869,100,698,71,2,
ALABAMA,Foley,26424,51,1,0,7,43,404,31,340,33,0,
ALABAMA,Fort Payne,14984,24,0,3,0,21,242,43,179,20,0,
ALABAMA,Frisco City,1110,5,1,0,0,4,4,2,2,0,0,
ALABAMA,Fultondale,9533,28,0,5,6,17,259,63,171,25,1,
ALABAMA,Fyffe,983,0,0,0,0,0,5,0,3,2,0,
ALABAMA,Gadsden,33015,192,4,4,16,168,851,97,682,72,4,
ALABAMA,Gantt,204,2,1,0,0,1,6,1,5,0,0,
ALABAMA,Gardendale,16131,31,0,0,1,30,257,19,211,27,2,
ALABAMA,Georgiana,1257,3,0,0,0,3,22,4,17,1,0,
ALABAMA,Geraldine,914,2,0,0,0,2,14,4,10,0,0,
ALABAMA,Gilbertown,707,2,0,0,0,2,6,2,3,1,0,
ALABAMA,Goodwater,1245,2,0,0,0,2,14,2,8,4,0,
ALABAMA,Gordon,298,1,0,0,0,1,5,1,4,0,0,
ALABAMA,Grant,1063,2,0,0,0,2,33,7,20,6,0,
ALABAMA,Greenville,6923,40,0,1,5,34,266,39,199,28,0,
ALABAMA,Grove Hill,1719,3,0,0,1,2,20,6,12,2,0,
ALABAMA,Guin,2134,9,1,0,1,7,40,8,27,5,0,
ALABAMA,Gulf Shores,17413,50,0,5,2,43,312,20,283,9,0,
ALABAMA,Guntersville,9184,28,0,2,1,25,227,39,165,23,0,
ALABAMA,Gurley,853,9,0,1,0,8,28,2,26,0,0,
ALABAMA,Hackleburg,1441,7,0,1,0,6,7,0,6,1,0,
ALABAMA,Haleyville,4286,29,0,2,1,26,136,24,100,12,0,
ALABAMA,Hamilton,6963,13,1,2,0,10,121,13,99,9,0,
ALABAMA,Hanceville,3363,2,0,0,0,2,49,11,34,4,0,
ALABAMA,Harpersville,1886,0,0,0,0,0,26,2,21,3,1,
ALABAMA,Hartselle,16011,36,0,8,2,26,430,133,275,22,0,
ALABAMA,Hayden,1359,2,0,0,0,2,21,3,17,1,0,
ALABAMA,Hayneville,760,1,0,1,0,0,2,1,1,0,0,
ALABAMA,Headland,5456,10,0,1,1,8,73,11,53,9,0,
ALABAMA,Heflin,3531,4,0,2,0,2,28,9,17,2,1,
ALABAMA,Helena,22470,16,0,2,0,14,98,12,74,12,3,
ALABAMA,Henagar,2307,4,0,0,0,4,19,2,14,3,1,
ALABAMA,Highland Lake,428,0,0,0,0,0,0,0,0,0,0,
ALABAMA,Hillsboro,405,0,0,0,0,0,0,0,0,0,0,
ALABAMA,Hokes Bluff,4720,4,0,1,0,3,19,0,15,4,0,
ALABAMA,Hollywood,932,4,0,0,0,4,37,2,17,18,0,
ALABAMA,Homewood,27884,42,0,8,5,29,545,52,431,62,1,
ALABAMA,Hoover,92352,72,3,9,9,51,1161,70,1029,62,1,
ALABAMA,Hueytown,16013,82,4,3,5,70,413,75,292,46,3,
ALABAMA,Huntsville,228697,1105,19,111,123,852,5462,735,4137,590,17,
ALABAMA,Ider,737,2,0,0,0,2,2,0,2,0,0,
ALABAMA,Irondale,13538,24,0,3,4,17,190,29,121,40,0,
ALABAMA,Jackson,4461,28,1,1,0,26,151,26,112,13,1,
ALABAMA,Jacksons Gap,753,5,0,0,0,5,8,3,5,0,0,
ALABAMA,Jacksonville,14812,90,0,6,1,83,246,33,208,5,3,
ALABAMA,Jasper,14418,57,0,9,9,39,628,45,545,38,1,
ALABAMA,Jemison,3052,10,0,1,0,9,63,12,49,2,0,
ALABAMA,Killen,1037,1,0,0,0,1,10,0,6,4,0,
ALABAMA,Kimberly,4529,6,0,0,0,6,15,4,7,4,0,
ALABAMA,Kinsey,2281,3,0,0,1,2,4,1,3,0,0,
ALABAMA,LaFayette,2611,5,0,1,0,4,27,4,22,1,0,
ALABAMA,Lake View,3871,3,0,0,0,3,10,0,10,0,0,
ALABAMA,Lanett,6691,53,1,5,7,40,206,38,147,21,0,
ALABAMA,Leeds,12445,37,2,7,2,26,325,39,266,20,4,
ALABAMA,Leighton,654,7,0,0,2,5,8,4,3,1,0,
ALABAMA,Level Plains,1837,14,0,4,2,8,23,5,17,1,1,
ALABAMA,Lexington,738,0,0,0,0,0,5,1,3,1,0,
ALABAMA,Lincoln,7725,30,0,2,3,25,176,31,120,25,0,
ALABAMA,Linden,1823,2,0,0,0,2,1,0,1,0,0,
ALABAMA,Lineville,2485,4,0,1,0,3,6,0,5,1,0,
ALABAMA,Lipscomb,1982,2,1,0,1,0,6,0,3,3,0,
ALABAMA,Littleville,1045,0,0,0,0,0,9,0,7,2,1,
ALABAMA,Livingston,3096,18,1,0,0,17,45,5,34,6,0,
ALABAMA,Lockhart,447,0,0,0,0,0,9,2,5,2,0,
ALABAMA,Louisville,388,0,0,0,0,0,3,1,1,1,0,
ALABAMA,Loxley,5007,19,1,2,0,16,118,7,100,11,1,
ALABAMA,Luverne,2672,5,0,0,0,5,50,11,31,8,0,
ALABAMA,Madison,62087,131,2,18,10,101,824,66,698,60,1,
ALABAMA,Margaret,6641,0,0,0,0,0,7,1,4,2,0,
ALABAMA,Marion,2610,0,0,0,0,0,0,0,0,0,0,
ALABAMA,McIntosh,195,7,0,0,0,7,24,1,21,2,0,
ALABAMA,Mentone,326,0,0,0,0,0,2,0,2,0,0,
ALABAMA,Midfield,4885,18,0,0,3,15,30,3,22,5,1,
ALABAMA,Midland City,2310,4,0,2,0,2,12,0,10,2,0,
ALABAMA,Millbrook,17633,43,0,5,4,34,606,26,556,24,1,
ALABAMA,Millport,961,0,0,0,0,0,7,2,4,1,1,
ALABAMA,Millry,435,0,0,0,0,0,6,2,4,0,0,
ALABAMA,Mobile,237092,1783,39,62,125,1557,3970,743,2818,409,8,
ALABAMA,Monroeville,5668,12,0,1,0,11,35,5,29,1,1,
ALABAMA,Montevallo,7877,11,1,0,2,8,78,16,53,9,2,
ALABAMA,Montgomery,193728,1152,35,12,371,734,4330,1021,2598,711,1,
ALABAMA,Moody,13720,24,1,6,3,14,115,11,85,19,0,
ALABAMA,Morris,2241,2,0,0,0,2,9,1,6,2,0,
ALABAMA,Moulton,3435,7,0,0,2,5,63,5,51,7,0,
ALABAMA,Mountain Brook,21486,14,0,1,4,9,166,22,137,7,0,
ALABAMA,Muscle Shoals,17501,32,0,7,3,22,522,20,470,32,0,
ALABAMA,New Brockton,1521,2,0,0,1,1,23,4,18,1,0,
ALABAMA,New Hope,2939,1,0,0,0,1,33,7,22,4,0,
ALABAMA,New Site,766,0,0,0,0,0,5,2,2,1,0,
ALABAMA,Newton,1659,3,0,3,0,0,16,3,11,2,0,
ALABAMA,Newville,562,1,0,0,0,1,0,0,0,0,0,
ALABAMA,North Courtland,493,0,0,0,0,0,2,0,1,1,0,
ALABAMA,Notasulga,861,3,0,0,1,2,1,0,1,0,0,
ALABAMA,Odenville,5495,18,0,2,0,16,37,11,24,2,0,
ALABAMA,Ohatchee,1211,7,1,0,1,5,38,2,33,3,10,
ALABAMA,Oneonta,7013,13,0,1,1,11,230,17,203,10,0,
ALABAMA,Opelika,34448,193,3,17,19,154,904,71,764,69,2,
ALABAMA,Opp,6760,15,0,2,0,13,138,19,113,6,1,
ALABAMA,Orange Beach,8673,31,0,5,0,26,160,10,149,1,1,
ALABAMA,Owens Cross Roads,3022,3,0,0,0,3,24,4,17,3,0,
ALABAMA,Oxford,22074,32,0,1,1,30,587,49,513,25,0,
ALABAMA,Ozark,14350,63,2,7,4,50,432,49,351,32,2,
ALABAMA,Parrish,967,17,0,0,1,16,31,4,23,4,1,
ALABAMA,Pelham,25419,42,0,3,3,36,185,15,153,17,1,
ALABAMA,Pell City,14250,42,0,4,3,35,314,38,258,18,0,
ALABAMA,Phenix City,38323,298,3,19,27,249,1330,195,1008,127,3,
ALABAMA,Pickensville,540,0,0,0,0,0,0,0,0,0,0,
ALABAMA,Piedmont,4681,50,0,3,2,45,101,13,82,6,0,
ALABAMA,Pinckard,595,1,0,0,0,1,13,5,6,2,0,
ALABAMA,Pine Hill,699,5,0,0,0,5,29,6,20,3,0,
ALABAMA,Pisgah,692,0,0,0,0,0,5,2,3,0,0,
ALABAMA,Pleasant Grove,9341,15,0,0,2,13,80,6,60,14,1,
ALABAMA,Powell,928,1,0,1,0,0,21,1,18,2,0,
ALABAMA,Prattville,39818,90,0,7,10,73,753,54,649,50,3,
ALABAMA,Priceville,3887,5,1,1,0,3,22,5,11,6,0,
ALABAMA,Prichard,18672,118,11,2,12,93,400,92,205,103,9,
ALABAMA,Ragland,1708,12,0,0,0,12,33,11,20,2,0,
ALABAMA,Rainbow City,10362,9,0,2,0,7,96,10,79,7,0,
ALABAMA,Rainsville,5849,1,0,0,0,1,25,3,19,3,0,
ALABAMA,Ranburne,435,2,0,0,0,2,7,1,5,1,0,
ALABAMA,Red Bay,3168,7,0,3,0,4,42,2,37,3,0,
ALABAMA,Reform,1442,3,0,0,0,3,18,6,12,0,0,
ALABAMA,Repton,226,0,0,0,0,0,2,1,1,0,0,
ALABAMA,Riverside,2279,6,0,1,0,5,23,5,14,4,0,
ALABAMA,Roanoke,5411,42,0,3,2,37,210,30,163,17,1,
ALABAMA,Robertsdale,7658,14,0,2,0,12,209,14,180,15,1,
ALABAMA,Rogersville,1420,3,0,0,0,3,29,6,18,5,0,
ALABAMA,Russellville,10679,12,1,0,2,9,213,38,168,7,1,
ALABAMA,Saraland,16505,14,0,4,2,8,281,15,249,17,0,
ALABAMA,Sardis City,1778,2,0,0,0,2,27,3,21,3,0,
ALABAMA,Satsuma,6880,11,0,1,0,10,46,5,39,2,0,
ALABAMA,Scottsboro,15960,32,0,9,2,21,283,26,246,11,1,
ALABAMA,Selma,16299,101,2,3,5,91,403,90,286,27,5,
ALABAMA,Semmes,6105,44,1,0,6,37,314,54,232,28,0,
ALABAMA,Sheffield,9280,48,3,1,2,42,176,35,126,15,0,
ALABAMA,Silverhill,1037,5,0,2,0,3,31,3,25,3,0,
ALABAMA,Slocomb,2149,0,0,0,0,0,0,0,0,0,0,
ALABAMA,Snead,1044,1,0,0,0,1,16,2,13,1,0,
ALABAMA,Somerville,823,1,0,0,0,1,5,1,3,1,0,
ALABAMA,Southside,9638,10,0,3,0,7,31,2,28,1,1,
ALABAMA,Spanish Fort,11199,10,1,5,0,4,153,8,141,4,0,
ALABAMA,Springville,5381,9,1,1,0,7,71,28,40,3,0,
ALABAMA,Steele,1003,0,0,0,0,0,6,0,6,0,1,
ALABAMA,Stevenson,1981,7,0,0,3,4,24,4,15,5,0,
ALABAMA,St. Florian,733,0,0,0,0,0,19,4,13,2,0,
ALABAMA,Sulligent,1817,3,0,0,0,3,24,5,15,4,0,
ALABAMA,Sumiton,2513,1,0,0,0,1,23,3,20,0,0,
ALABAMA,Summerdale,1608,14,0,2,0,12,48,4,39,5,0,
ALABAMA,Susan Moore,804,0,0,0,0,0,4,1,2,1,0,
ALABAMA,Sylacauga,12109,68,1,3,4,60,421,106,298,17,4,
ALABAMA,Sylvania,1813,0,0,0,0,0,18,1,13,4,0,
ALABAMA,Talladega,14590,79,2,7,4,66,502,107,344,51,2,
ALABAMA,Tallassee,4742,50,0,8,8,34,303,123,158,22,0,
ALABAMA,Taylor,2324,0,0,0,0,0,0,0,0,0,0,
ALABAMA,Thomaston,316,0,0,0,0,0,0,0,0,0,0,
ALABAMA,Thomasville,3543,11,0,1,0,10,103,9,91,3,0,
ALABAMA,Thorsby,2175,1,0,0,0,1,15,3,8,4,0,
ALABAMA,Town Creek,1065,2,0,0,0,2,4,0,4,0,0,
ALABAMA,Trafford,584,0,0,0,0,0,3,1,2,0,0,
ALABAMA,Triana,5085,3,0,0,1,2,19,4,14,1,1,
ALABAMA,Trinity,2581,1,0,0,1,0,29,2,22,5,0,
ALABAMA,Troy,17894,87,2,5,2,78,628,50,544,34,1,
ALABAMA,Trussville,26964,37,0,2,5,30,532,26,484,22,0,
ALABAMA,Tuscaloosa,113834,630,18,20,68,524,3109,363,2458,288,5,
ALABAMA,Tuscumbia,9208,6,0,0,0,6,41,1,36,4,0,
ALABAMA,Tuskegee,8582,71,4,2,9,56,156,33,106,17,1,
ALABAMA,Union Springs,3097,27,4,0,5,18,40,8,28,4,1,
ALABAMA,Uniontown,1921,7,0,1,0,6,1,0,1,0,0,
ALABAMA,Valley,10241,39,0,3,6,30,393,34,335,24,0,
ALABAMA,Vance,2310,9,0,1,1,7,28,8,19,1,1,
ALABAMA,Vernon,1825,2,0,1,0,1,39,13,21,5,0,
ALABAMA,Vestavia Hills,37658,31,0,6,0,25,243,24,201,18,1,
ALABAMA,Warrior,3177,14,0,3,0,11,64,9,46,9,1,
ALABAMA,Weaver,3327,9,0,1,1,7,58,11,39,8,1,
ALABAMA,Wedowee,751,6,1,1,1,3,31,8,20,3,0,
ALABAMA,West Blocton,1181,4,0,1,0,3,25,8,14,3,0,
ALABAMA,Wetumpka,7249,12,0,4,2,6,95,9,81,5,0,
ALABAMA,Winfield,4872,6,0,1,0,5,99,13,82,4,0,
ALABAMA,Woodstock,1614,13,0,1,0,12,35,5,25,5,0,
ALABAMA,York,2277,4,0,0,0,4,6,3,3,0,0,
ALASKA,Anchorage,286958,2912,27,462,479,1944,7937,910,5813,1214,87,
ALASKA,Bethel,6280,104,0,31,4,69,141,26,85,30,4,
ALASKA,Bristol Bay Borough,856,7,0,0,0,7,5,2,1,2,1,
ALASKA,Cordova,2171,5,0,0,0,5,0,0,0,0,0,
ALASKA,Craig,1042,3,0,0,0,3,2,0,1,1,0,
ALASKA,Dillingham,2088,7,0,1,0,6,0,0,0,0,1,
ALASKA,Fairbanks,31676,221,2,38,42,139,1097,94,902,101,8,
ALASKA,Homer,6212,13,1,3,0,9,78,5,68,5,1,
ALASKA,Juneau,31612,170,1,36,20,113,654,107,501,46,7,
ALASKA,Kenai,7851,18,0,9,0,9,68,4,57,7,2,
ALASKA,Ketchikan,8050,29,0,3,5,21,164,7,157,0,0,
ALASKA,Kodiak,5289,14,0,2,0,12,53,5,42,6,1,
ALASKA,Nome,3621,30,0,12,1,17,26,5,14,7,0,
ALASKA,North Pole,2490,7,0,0,1,6,45,0,41,4,0,
ALASKA,North Slope Borough,10564,63,3,9,0,51,54,14,23,17,2,
ALASKA,Palmer,6533,10,3,0,2,5,62,9,40,13,0,
ALASKA,Petersburg,3465,7,0,4,0,3,21,1,20,0,0,
ALASKA,Seward,2734,7,0,4,0,3,52,5,45,2,0,
ALASKA,Sitka,8306,15,0,1,0,14,54,5,45,4,1,
ALASKA,Skagway,1061,2,0,2,0,0,4,0,4,0,0,
ALASKA,Soldotna,4654,4,0,0,0,4,53,4,44,5,0,
ALASKA,Unalaska,4204,5,0,0,0,5,4,0,3,1,0,
ALASKA,Valdez,3859,5,0,2,0,3,13,4,7,2,0,
ALASKA,Wasilla,10240,46,1,7,5,33,248,61,167,20,1,
ALASKA,Wrangell,2062,1,0,0,0,1,1,0,1,0,0,
ARIZONA,Apache Junction,41994,179,1,18,4,156,635,70,465,100,4,
ARIZONA,Avondale,94911,351,5,44,37,265,2127,187,1680,260,8,
ARIZONA,Bisbee,5019,5,0,0,1,4,32,5,21,6,0,
ARIZONA,Buckeye,114513,191,3,58,9,121,883,100,653,130,1,
ARIZONA,Bullhead City,43923,200,1,6,21,172,963,101,745,117,7,
ARIZONA,Camp Verde,12597,23,0,1,1,21,143,21,112,10,1,
ARIZONA,Casa Grande,67317,276,4,30,15,227,1029,173,689,167,7,
ARIZONA,Chandler,281117,375,2,49,66,258,4229,339,3633,257,11,
ARIZONA,Chino Valley,14059,11,0,1,1,9,66,7,52,7,0,
ARIZONA,Clarkdale,5061,1,0,0,0,1,28,1,24,3,0,
ARIZONA,Colorado City,2826,9,0,3,0,6,52,9,32,11,2,
ARIZONA,Coolidge,20276,62,2,1,5,54,310,13,259,38,1,
ARIZONA,Cottonwood,13441,30,0,2,3,25,157,18,127,12,0,
ARIZONA,Douglas,15359,12,0,0,4,8,241,44,173,24,0,
ARIZONA,El Mirage,35815,137,1,22,8,106,450,48,336,66,5,
ARIZONA,Eloy,19594,95,2,8,4,81,190,49,126,15,2,
ARIZONA,Flagstaff,76433,354,5,54,41,254,1706,94,1506,106,8,
ARIZONA,Florence,23354,28,2,0,1,25,128,14,100,14,4,
ARIZONA,Fredonia,1299,0,0,0,0,0,1,0,0,1,0,
ARIZONA,Gilbert,277527,367,1,65,30,271,2687,221,2293,173,9,
ARIZONA,Glendale,255512,1248,20,147,167,914,6824,798,4906,1120,30,
ARIZONA,Globe,7156,58,0,5,1,52,387,31,346,10,3,
ARIZONA,Goodyear,116892,213,0,17,15,181,1710,162,1362,186,10,
ARIZONA,Jerome,459,2,0,0,0,2,16,3,13,0,,
ARIZONA,Kingman,36187,80,3,7,12,58,1223,82,964,177,7,
ARIZONA,Lake Havasu City,59898,213,0,29,8,176,835,140,641,54,2,
ARIZONA,Litchfield Park,6881,7,0,1,2,4,65,8,50,7,0,
ARIZONA,Marana,60507,70,2,5,4,59,817,53,728,36,3,
ARIZONA,Maricopa,75614,170,2,5,4,159,657,47,566,44,0,
ARIZONA,Mesa,513585,2479,14,227,258,1980,7522,964,5539,1019,41,
ARIZONA,Nogales,19686,45,0,0,0,45,709,94,451,164,0,
ARIZONA,Oro Valley,48680,25,0,3,1,21,559,28,511,20,0,
ARIZONA,Page,7288,40,0,5,1,34,379,9,337,33,2,
ARIZONA,Paradise Valley,12440,10,0,3,2,5,123,39,77,7,0,
ARIZONA,Parker,3393,12,3,0,1,8,47,10,29,8,2,
ARIZONA,Payson,16845,44,0,0,0,44,206,37,147,22,0,
ARIZONA,Peoria,201056,512,3,87,49,373,2423,303,1823,297,18,
ARIZONA,Phoenix,1662809,13296,139,1069,3020,9068,38666,5274,26308,7084,226,
ARIZONA,Pinetop-Lakeside,4246,51,0,3,1,47,134,6,121,7,1,
ARIZONA,Prescott,48339,162,1,11,9,141,540,108,409,23,2,
ARIZONA,Prescott Valley,51116,115,2,23,3,87,393,23,341,29,7,
ARIZONA,Quartzsite,2382,5,0,0,0,5,68,26,38,4,1,
ARIZONA,Queen Creek,82639,99,0,10,3,86,679,47,604,28,7,
ARIZONA,Sahuarita,37049,34,2,7,1,24,362,30,317,15,1,
ARIZONA,San Luis,38809,34,0,3,3,28,213,27,152,34,1,
ARIZONA,Scottsdale,245237,374,1,83,54,236,4599,447,3764,388,7,
ARIZONA,Sedona,9861,31,0,5,5,21,128,25,96,7,1,
ARIZONA,Show Low,12341,91,2,4,3,82,279,21,234,24,2,
ARIZONA,Sierra Vista,44119,96,1,9,11,75,734,73,626,35,6,
ARIZONA,Snowflake-Taylor,11231,35,0,3,0,32,125,20,100,5,6,
ARIZONA,Somerton,14717,26,0,0,1,25,78,3,63,12,2,
ARIZONA,St. Johns,3343,21,0,2,0,19,31,12,16,3,0,
ARIZONA,Superior,2621,7,0,0,0,7,82,11,59,12,2,
ARIZONA,Surprise,163202,178,12,27,18,121,1429,154,1113,162,12,
ARIZONA,Tempe,191376,900,5,137,127,631,5538,640,4321,577,14,
ARIZONA,Thatcher,5546,4,0,0,0,4,36,7,28,1,0,
ARIZONA,Tolleson,7141,72,0,13,9,50,654,37,529,88,0,
ARIZONA,Tucson,548789,3231,37,262,593,2339,18182,1629,13723,2830,110,
ARIZONA,Wellton,2638,1,0,0,0,1,9,1,6,2,0,
ARIZONA,Wickenburg,8343,9,0,0,0,9,72,17,46,9,0,
ARIZONA,Willcox,3194,13,0,0,3,10,54,11,38,5,0,
ARIZONA,Williams,3549,22,0,5,0,17,90,7,76,7,0,
ARIZONA,Winslow,8362,68,0,5,4,59,304,13,276,15,1,
ARIZONA,Yuma,101989,432,3,44,24,361,1272,201,906,165,16,
ARKANSAS,Alexander,3854,22,1,7,1,13,87,34,46,7,1,
ARKANSAS,Alma,6053,27,0,7,0,20,63,11,48,4,0,
ARKANSAS,Altus,677,0,0,0,0,0,8,1,6,1,0,
ARKANSAS,Amity,677,3,0,0,0,3,3,1,2,0,0,
ARKANSAS,Arkadelphia,10222,30,0,1,4,25,188,37,146,5,0,
ARKANSAS,Ashdown,4136,18,0,5,1,12,115,24,76,15,1,
ARKANSAS,Ash Flat,1189,2,0,1,0,1,27,1,25,1,0,
ARKANSAS,Atkins,2893,9,0,1,1,7,47,16,31,0,0,
ARKANSAS,Austin,4204,9,0,3,0,6,21,5,15,1,0,
ARKANSAS,Bald Knob,2509,24,0,9,0,15,35,4,29,2,2,
ARKANSAS,Barling,5366,19,0,7,0,12,72,9,60,3,0,
ARKANSAS,Batesville,11623,51,0,18,2,31,170,41,112,17,1,
ARKANSAS,Bay,1803,1,0,0,0,1,13,2,10,1,0,
ARKANSAS,Beebe,9022,64,0,15,4,45,151,18,128,5,2,
ARKANSAS,Bella Vista,33122,67,1,10,0,56,162,16,140,6,2,
ARKANSAS,Benton,38408,159,0,14,12,133,870,91,733,46,4,
ARKANSAS,Bentonville,61109,156,3,23,2,128,506,54,421,31,3,
ARKANSAS,Berryville,5782,16,0,3,1,12,143,38,105,0,1,
ARKANSAS,Black Rock,614,0,0,0,0,0,4,0,4,0,0,
ARKANSAS,Blytheville,12354,168,5,5,23,135,546,163,333,50,6,
ARKANSAS,Bonanza,615,0,0,0,0,0,1,0,1,0,0,
ARKANSAS,Bono,2907,3,0,1,0,2,56,17,35,4,0,
ARKANSAS,Booneville,3825,18,0,6,0,12,75,10,61,4,0,
ARKANSAS,Bradford,679,2,0,1,0,1,19,3,16,0,1,
ARKANSAS,Brinkley,2536,38,0,5,2,31,50,12,32,6,0,
ARKANSAS,Brookland,4715,26,0,5,1,20,36,8,23,5,0,
ARKANSAS,Bryant,22262,39,0,5,7,27,458,34,401,23,0,
ARKANSAS,Bull Shoals,1927,4,0,1,0,3,6,0,6,0,0,
ARKANSAS,Cabot,27405,97,1,27,7,62,360,44,281,35,2,
ARKANSAS,Caddo Valley,589,6,0,0,0,6,19,2,16,1,1,
ARKANSAS,Camden,10025,109,1,8,6,94,406,90,292,24,3,
ARKANSAS,Cammack Village,746,0,0,0,0,0,2,0,2,0,0,
ARKANSAS,Caraway,1086,1,0,1,0,0,10,0,10,0,0,
ARKANSAS,Carlisle,2007,7,0,0,0,7,54,11,39,4,0,
ARKANSAS,Cave City,2016,6,0,5,0,1,16,1,14,1,0,
ARKANSAS,Cave Springs,6248,6,0,1,0,5,16,5,10,1,0,
ARKANSAS,Cedarville,1451,3,0,1,0,2,6,1,5,0,0,
ARKANSAS,Centerton,26233,38,1,2,0,35,63,17,42,4,0,
ARKANSAS,Central City,466,0,0,0,0,0,3,1,2,0,0,
ARKANSAS,Charleston,2724,14,0,2,0,12,32,6,26,0,0,
ARKANSAS,Cherokee Village,4986,10,0,2,0,8,31,4,19,8,0,
ARKANSAS,Cherry Valley,565,1,0,0,0,1,6,0,6,0,0,
ARKANSAS,Clarendon,1442,10,0,0,0,10,22,9,13,0,0,
ARKANSAS,Clarksville,9680,45,0,13,3,29,197,35,156,6,1,
ARKANSAS,Conway,71417,374,2,36,25,311,1462,126,1252,84,3,
ARKANSAS,Corning,3086,8,0,3,0,5,20,4,14,2,0,
ARKANSAS,Cotter,963,2,0,0,0,2,3,0,2,1,1,
ARKANSAS,Crossett,4507,35,0,5,1,29,128,35,91,2,0,
ARKANSAS,Damascus,393,1,0,1,0,0,10,1,9,0,0,
ARKANSAS,Danville,1988,4,0,0,1,3,12,0,12,0,1,
ARKANSAS,Dardanelle,4504,18,0,5,0,13,34,4,27,3,0,
ARKANSAS,Decatur,1707,11,0,3,0,8,21,5,16,0,0,
ARKANSAS,De Queen,5998,13,0,2,0,11,103,22,77,4,1,
ARKANSAS,Des Arc,1826,5,0,2,0,3,10,2,7,1,0,
ARKANSAS,De Valls Bluff,496,5,0,1,0,4,3,0,3,0,0,
ARKANSAS,DeWitt,2844,13,0,3,0,10,32,3,29,0,0,
ARKANSAS,Diamond City,846,1,0,1,0,0,2,2,0,0,0,
ARKANSAS,Diaz,1219,2,0,0,0,2,5,2,2,1,0,
ARKANSAS,Dover,1358,3,0,1,0,2,14,1,11,2,0,
ARKANSAS,Dumas,3562,41,1,4,2,34,93,26,65,2,0,
ARKANSAS,Earle,1748,9,0,1,0,8,34,3,26,5,0,
ARKANSAS,El Dorado,16603,219,3,12,20,184,579,178,355,46,4,
ARKANSAS,Elkins,3977,13,0,4,0,9,32,2,30,0,1,
ARKANSAS,England,2431,12,0,1,1,10,39,5,30,4,0,
ARKANSAS,Etowah,238,0,0,0,0,0,3,1,1,1,0,
ARKANSAS,Eudora,1566,3,0,0,0,3,13,4,8,1,0,
ARKANSAS,Eureka Springs,2201,8,0,2,0,6,39,8,26,5,0,
ARKANSAS,Fairfield Bay,2185,5,0,1,0,4,30,1,29,0,0,
ARKANSAS,Farmington,10608,25,0,5,0,20,38,8,29,1,0,
ARKANSAS,Fayetteville,104089,441,8,55,28,350,2468,238,2024,206,2,
ARKANSAS,Flippin,1326,3,0,2,0,1,85,0,84,1,0,
ARKANSAS,Fordyce,3177,25,0,6,1,18,107,33,69,5,1,
ARKANSAS,Forrest City,12332,145,5,7,3,130,352,53,250,49,3,
ARKANSAS,Fort Smith,89977,758,0,81,59,618,3315,420,2613,282,10,
ARKANSAS,Gassville,2241,1,0,0,0,1,31,4,26,1,0,
ARKANSAS,Gentry,4668,14,0,2,0,12,12,0,11,1,0,
ARKANSAS,Gillett,610,0,0,0,0,0,3,1,1,1,0,
ARKANSAS,Glenwood,2072,6,0,1,0,5,29,10,19,0,1,
ARKANSAS,Goshen,2364,4,0,2,0,2,5,0,3,2,0,
ARKANSAS,Gosnell,2680,6,0,3,0,3,28,2,18,8,1,
ARKANSAS,Gravette,3813,10,0,0,0,10,53,8,37,8,0,
ARKANSAS,Green Forest,3214,18,0,4,1,13,19,4,13,2,0,
ARKANSAS,Greenland,1222,3,0,0,0,3,3,0,3,0,0,
ARKANSAS,Greenwood,9721,21,0,3,0,18,32,13,14,5,0,
ARKANSAS,Greers Ferry,849,1,0,1,0,0,24,3,17,4,0,
ARKANSAS,Gurdon,1834,8,0,3,0,5,21,6,15,0,0,
ARKANSAS,Guy,741,1,0,0,0,1,1,0,1,0,0,
ARKANSAS,Hackett,868,2,0,1,0,1,4,1,3,0,0,
ARKANSAS,Hamburg,2379,10,0,0,1,9,22,8,14,0,0,
ARKANSAS,Hampton,1133,7,0,0,0,7,11,3,7,1,0,
ARKANSAS,Hardy,770,2,0,0,0,2,5,2,2,1,0,
ARKANSAS,Harrisburg,2206,10,0,1,0,9,44,7,29,8,0,
ARKANSAS,Harrison,13524,43,0,6,0,37,242,21,216,5,3,
ARKANSAS,Hartford,496,0,0,0,0,0,2,0,2,0,0,
ARKANSAS,Haskell,4193,6,0,1,1,4,24,3,20,1,0,
ARKANSAS,Heber Springs,7333,26,0,7,0,19,136,28,106,2,0,
ARKANSAS,Helena-West Helena,8404,137,8,12,4,113,289,110,143,36,4,
ARKANSAS,Higginson,905,0,0,0,0,0,2,0,0,2,0,
ARKANSAS,Highfill,2739,5,0,0,0,5,4,0,4,0,0,
ARKANSAS,Highland,1060,0,0,0,0,0,12,7,5,0,0,
ARKANSAS,Hope,8445,60,1,7,1,51,270,41,207,22,0,
ARKANSAS,Hot Springs,38001,203,6,43,20,134,1582,267,1193,122,10,
ARKANSAS,Hot Springs Village,15861,14,0,3,0,11,30,3,27,0,0,
ARKANSAS,Hughes,973,1,0,0,1,0,9,1,8,0,0,
ARKANSAS,Humphrey,439,0,0,0,0,0,4,0,4,0,0,
ARKANSAS,Jacksonville,28958,275,6,18,24,227,1147,183,798,166,7,
ARKANSAS,Jericho,99,0,0,0,0,0,3,0,3,0,0,
ARKANSAS,Johnson,3693,11,0,6,1,4,60,27,28,5,0,
ARKANSAS,Jonesboro,81256,585,5,84,50,446,2474,755,1538,181,6,
ARKANSAS,Judsonia,1889,10,0,4,0,6,13,3,7,3,0,
ARKANSAS,Kensett,1405,6,0,1,0,5,12,3,9,0,0,
ARKANSAS,Kibler,1044,6,0,2,0,4,10,1,7,2,0,
ARKANSAS,Lake City,2729,4,0,2,1,1,23,0,22,1,0,
ARKANSAS,Lakeview,789,2,0,0,0,2,1,0,1,0,0,
ARKANSAS,Lake Village,1866,8,2,0,0,6,58,6,51,1,0,
ARKANSAS,Lamar,1768,3,0,0,0,3,20,0,20,0,0,
ARKANSAS,Lavaca,2533,5,0,5,0,0,11,1,10,0,1,
ARKANSAS,Leachville,1890,11,0,2,0,9,16,4,11,1,0,
ARKANSAS,Lead Hill,286,0,0,0,0,0,1,0,1,0,0,
ARKANSAS,Lepanto,1636,10,0,3,1,6,14,3,9,2,0,
ARKANSAS,Lewisville,867,4,0,0,0,4,3,2,1,0,0,
ARKANSAS,Lincoln,2378,14,0,3,0,11,17,2,15,0,0,
ARKANSAS,Little Flock,3030,9,0,5,0,4,14,1,9,4,0,
ARKANSAS,Little Rock,204247,3415,36,235,445,2699,10650,1914,7810,926,61,
ARKANSAS,Lonoke,4283,36,0,1,1,34,95,14,76,5,0,
ARKANSAS,Lowell,12036,31,0,9,0,22,77,36,37,4,0,
ARKANSAS,Luxora,865,1,0,0,1,0,2,0,0,2,0,
ARKANSAS,Magnolia,10650,84,2,6,3,73,240,82,147,11,2,
ARKANSAS,Malvern,11155,73,0,12,3,58,268,90,164,14,0,
ARKANSAS,Mammoth Spring,947,0,0,0,0,0,3,1,2,0,0,
ARKANSAS,Manila,3724,15,0,3,1,11,53,14,36,3,2,
ARKANSAS,Mansfield,1053,3,0,0,0,3,5,0,5,0,0,
ARKANSAS,Marianna,3243,59,2,13,1,43,88,17,61,10,1,
ARKANSAS,Marion,13619,106,0,8,3,95,285,40,211,34,0,
ARKANSAS,Marked Tree,2178,9,0,1,1,7,20,10,9,1,1,
ARKANSAS,Marmaduke,1248,2,0,1,0,1,13,1,12,0,0,
ARKANSAS,Marshall,1310,8,0,0,0,8,13,3,10,0,0,
ARKANSAS,Maumelle,19516,35,0,5,1,29,218,43,159,16,0,
ARKANSAS,Mayflower,2355,15,2,4,1,8,49,15,31,3,0,
ARKANSAS,McCrory,1475,6,1,4,1,0,37,9,24,4,0,
ARKANSAS,McRae,609,0,0,0,0,0,2,1,1,0,0,
ARKANSAS,Mena,5633,21,0,10,0,11,145,10,130,5,1,
ARKANSAS,Menifee,303,0,0,0,0,0,4,1,3,0,0,
ARKANSAS,Mineral Springs,1053,2,0,1,0,1,11,1,10,0,0,
ARKANSAS,Monette,1633,5,0,0,0,5,22,6,15,1,0,
ARKANSAS,Monticello,8095,44,1,8,4,31,100,20,69,11,1,
ARKANSAS,Morrilton,7112,38,0,6,0,32,200,23,172,5,0,
ARKANSAS,Mountain Home,13427,37,1,7,1,28,303,32,260,11,3,
ARKANSAS,Mountain View,2953,14,0,2,0,12,57,14,43,0,2,
ARKANSAS,Mulberry,1640,3,0,3,0,0,22,4,16,2,0,
ARKANSAS,Murfreesboro,1499,2,0,2,0,0,11,2,8,1,0,
ARKANSAS,Nashville,4010,17,1,3,1,12,89,14,69,6,0,
ARKANSAS,Newport,8115,40,0,9,2,29,100,20,76,4,2,
ARKANSAS,Norfork,476,0,0,0,0,0,0,0,0,0,0,
ARKANSAS,North Little Rock,64487,761,19,26,117,599,2781,388,2057,336,11,
ARKANSAS,Ola,916,0,0,0,0,0,3,1,2,0,0,
ARKANSAS,Ozark,3605,24,0,2,0,22,48,16,27,5,1,
ARKANSAS,Pangburn,498,4,0,1,0,3,0,0,0,0,1,
ARKANSAS,Paragould,30814,282,1,27,8,246,893,108,723,62,1,
ARKANSAS,Paris,3312,26,0,5,0,21,68,18,41,9,0,
ARKANSAS,Parkin,780,4,0,1,0,3,5,1,4,0,1,
ARKANSAS,Patterson,289,0,0,0,0,0,2,0,2,0,0,
ARKANSAS,Pea Ridge,9480,35,0,2,3,30,56,12,37,7,0,
ARKANSAS,Perryville,1412,2,0,0,0,2,25,3,22,0,0,
ARKANSAS,Piggott,3509,3,0,1,0,2,24,8,16,0,0,
ARKANSAS,Pine Bluff,38524,609,14,20,37,538,1752,375,1144,233,9,
ARKANSAS,Pleasant Plains,350,0,0,0,0,0,5,2,3,0,0,
ARKANSAS,Plumerville,743,2,0,1,0,1,2,0,2,0,0,
ARKANSAS,Pocahontas,7668,51,2,14,1,34,189,25,156,8,0,
ARKANSAS,Pottsville,3330,3,0,0,0,3,5,1,2,2,0,
ARKANSAS,Prairie Grove,8572,11,0,3,0,8,42,6,33,3,0,
ARKANSAS,Prescott,2986,9,0,0,2,7,62,16,44,2,1,
ARKANSAS,Quitman,704,3,0,2,0,1,18,2,14,2,0,
ARKANSAS,Ravenden,422,2,0,1,0,1,4,0,4,0,0,
ARKANSAS,Redfield,1487,5,0,1,0,4,19,4,13,2,0,
ARKANSAS,Rogers,75307,257,1,77,12,167,960,102,810,48,5,
ARKANSAS,Rose Bud,498,2,0,0,0,2,8,0,8,0,0,
ARKANSAS,Russellville,29467,103,0,7,2,94,408,31,358,19,1,
ARKANSAS,Salem,1623,5,0,1,0,4,20,6,11,3,2,
ARKANSAS,Searcy,24108,96,0,13,7,76,547,43,462,42,2,
ARKANSAS,Shannon Hills,4743,12,0,2,0,10,33,10,23,0,1,
ARKANSAS,Sheridan,5268,28,0,5,1,22,59,8,48,3,1,
ARKANSAS,Sherwood,33223,211,1,11,13,186,643,95,483,65,2,
ARKANSAS,Siloam Springs,19985,99,0,16,5,78,271,51,199,21,0,
ARKANSAS,Smackover,1566,3,0,0,0,3,28,12,15,1,1,
ARKANSAS,Springdale,91630,450,4,100,19,327,1760,180,1441,139,2,
ARKANSAS,Star City,2070,20,0,4,1,15,37,4,24,9,0,
ARKANSAS,St. Charles,190,0,0,0,0,0,1,1,0,0,0,
ARKANSAS,Stuttgart,7642,100,0,17,2,81,175,37,122,16,3,
ARKANSAS,Swifton,718,0,0,0,0,0,2,1,1,0,0,
ARKANSAS,Texarkana,29173,240,4,14,22,200,1043,114,879,50,1,
ARKANSAS,Tontitown,8554,11,0,1,1,9,45,10,25,10,0,
ARKANSAS,Trumann,7367,87,0,9,2,76,187,33,146,8,0,
ARKANSAS,Tuckerman,1676,3,0,0,0,3,10,1,9,0,1,
ARKANSAS,Tyronza,673,0,0,0,0,0,1,0,1,0,0,
ARKANSAS,Van Buren,24446,116,0,12,4,100,500,142,333,25,1,
ARKANSAS,Vilonia,4656,3,0,0,0,3,40,4,34,2,0,
ARKANSAS,Waldron,3354,10,0,3,0,7,78,19,53,6,0,
ARKANSAS,Ward,7108,20,0,4,2,14,76,14,55,7,0,
ARKANSAS,Warren,5141,13,0,1,0,12,57,14,39,4,0,
ARKANSAS,West Fork,2362,1,0,1,0,0,18,2,16,0,0,
ARKANSAS,West Memphis,23617,454,17,29,48,360,1100,252,710,138,4,
ARKANSAS,White Hall,5398,15,0,1,1,13,48,14,26,8,0,
ARKANSAS,Wynne,7919,81,1,9,1,70,273,45,203,25,2,
CALIFORNIA,Adelanto,38210,216,0,20,30,166,380,53,155,172,5,
CALIFORNIA,Agoura Hills,19229,24,0,4,7,13,172,46,108,18,1,
CALIFORNIA,Alameda,74458,236,6,16,93,121,3659,192,2515,952,29,
CALIFORNIA,Albany,18735,26,0,2,10,14,467,56,355,56,5,
CALIFORNIA,Alhambra,78840,177,1,11,75,90,1932,262,1454,216,5,
CALIFORNIA,Aliso Viejo,49674,67,0,0,13,54,431,43,321,67,3,
CALIFORNIA,Alturas,2640,39,0,3,0,36,17,5,10,2,2,
CALIFORNIA,American Canyon,21199,69,1,11,14,43,263,9,204,50,2,
CALIFORNIA,Anaheim,338488,2018,12,170,356,1480,7217,1178,4850,1189,52,
CALIFORNIA,Anderson,11170,94,0,8,13,73,153,8,126,19,0,
CALIFORNIA,Angels Camp,3781,24,0,4,0,20,58,4,49,5,0,
CALIFORNIA,Antioch,117675,714,16,46,218,434,3758,549,1604,1605,17,
CALIFORNIA,Apple Valley,74764,386,5,25,51,305,1198,201,707,290,14,
CALIFORNIA,Arcadia,53397,123,0,11,54,58,1506,333,1041,132,7,
CALIFORNIA,Arcata,19107,97,0,14,23,60,337,37,272,28,2,
CALIFORNIA,Arroyo Grande,18179,36,2,2,4,28,137,29,94,14,3,
CALIFORNIA,Artesia,15358,73,0,4,21,48,358,97,195,66,2,
CALIFORNIA,Atascadero,29685,53,1,7,8,37,288,28,232,28,1,
CALIFORNIA,Atherton,6711,7,0,1,1,5,86,29,53,4,0,
CALIFORNIA,Atwater,32093,228,2,18,18,190,704,87,561,56,21,
CALIFORNIA,Auburn,13618,52,0,5,3,44,90,12,64,14,1,
CALIFORNIA,Avalon,3203,16,0,1,0,15,32,3,24,5,0,
CALIFORNIA,Avenal,14303,67,0,4,0,63,29,4,18,7,0,
CALIFORNIA,Azusa,47647,129,4,11,42,72,707,89,464,154,8,
CALIFORNIA,Bakersfield,416120,2308,28,170,523,1587,10277,2237,5239,2801,17,
CALIFORNIA,Baldwin Park,67791,274,6,16,54,198,969,129,631,209,1,
CALIFORNIA,Banning,32325,151,5,11,13,122,299,51,180,68,5,
CALIFORNIA,Barstow,24817,275,1,22,66,186,655,163,344,148,26,
CALIFORNIA,Bear Valley,5467,9,0,0,0,9,14,0,12,2,0,
CALIFORNIA,Beaumont,60294,123,0,11,22,90,614,77,478,59,5,
CALIFORNIA,Bell,31353,183,4,14,35,130,364,32,239,93,3,
CALIFORNIA,Bellflower,73883,453,5,20,118,310,1603,256,739,608,12,
CALIFORNIA,Bell Gardens,36850,143,1,9,49,84,544,50,308,186,19,
CALIFORNIA,Belmont,26099,43,1,5,9,28,335,31,275,29,1,
CALIFORNIA,Belvedere,2025,0,0,0,0,0,9,0,8,1,0,
CALIFORNIA,Benicia,26207,35,0,5,12,18,270,53,154,63,4,
CALIFORNIA,Berkeley,117400,750,7,54,219,470,6139,776,4292,1071,48,
CALIFORNIA,Beverly Hills,30457,156,0,10,63,83,1352,245,1014,93,7,
CALIFORNIA,Big Bear ,4994,79,1,6,4,68,106,25,73,8,0,
CALIFORNIA,Bishop,3715,34,0,5,2,27,89,5,79,5,1,
CALIFORNIA,Blythe,18064,73,5,5,5,58,197,19,152,26,10,
CALIFORNIA,Bradbury,882,1,0,0,0,1,10,9,0,1,0,
CALIFORNIA,Brawley,28311,84,0,2,5,77,252,93,133,26,15,
CALIFORNIA,Brea,48901,103,1,6,45,51,1401,132,1193,76,3,
CALIFORNIA,Brentwood,65352,158,0,20,59,79,1562,144,1250,168,5,
CALIFORNIA,Brisbane,4493,18,0,1,1,16,54,2,42,10,4,
CALIFORNIA,Broadmoor,4413,5,0,0,1,4,42,11,24,7,1,
CALIFORNIA,Buellton,4935,12,0,2,1,9,58,14,38,6,0,
CALIFORNIA,Buena Park,81334,203,0,24,75,104,1922,177,1404,341,16,
CALIFORNIA,Burbank,101377,396,2,12,96,286,3114,347,2470,297,24,
CALIFORNIA,Burlingame,29471,54,0,10,6,38,597,29,513,55,1,
CALIFORNIA,Calabasas,21897,35,0,7,5,23,286,79,180,27,4,
CALIFORNIA,Calexico,38106,56,0,4,11,41,204,19,84,101,8,
CALIFORNIA,California City,13418,79,1,3,6,69,213,51,113,49,5,
CALIFORNIA,Calimesa,11503,13,0,0,0,13,200,22,139,39,0,
CALIFORNIA,Calipatria,6020,4,0,0,0,4,14,8,4,2,1,
CALIFORNIA,Calistoga,5005,15,0,4,0,11,53,1,48,4,0,
CALIFORNIA,Camarillo,69115,89,1,16,11,61,823,76,675,72,0,
CALIFORNIA,Campbell,41029,201,0,19,70,112,1210,198,824,188,41,
CALIFORNIA,Canyon Lake,11100,5,0,1,2,2,84,11,57,16,0,
CALIFORNIA,Capitola,9459,23,0,5,6,12,275,14,247,14,3,
CALIFORNIA,Carlsbad,113023,225,1,7,39,178,1708,267,1318,123,8,
CALIFORNIA,Carmel,3070,4,0,0,1,3,61,7,51,3,0,
CALIFORNIA,Carpinteria,12692,24,0,0,6,18,174,25,131,18,2,
CALIFORNIA,Carson,89767,377,9,24,105,239,2631,387,1519,725,16,
CALIFORNIA,Cathedral City,52602,149,0,16,29,104,642,97,358,187,15,
CALIFORNIA,Central Marin,34703,43,0,9,12,22,616,47,531,38,6,
CALIFORNIA,Ceres,48107,191,2,34,44,111,889,72,651,166,11,
CALIFORNIA,Cerritos,45961,161,1,9,86,65,2451,448,1718,285,0,
CALIFORNIA,Chico,100831,705,2,139,83,481,1914,210,1499,205,15,
CALIFORNIA,Chino,93818,281,3,34,53,191,2075,206,1558,311,10,
CALIFORNIA,Chino Hills,76802,106,0,15,20,71,749,157,526,66,2,
CALIFORNIA,Chowchilla,19504,132,0,12,5,115,232,55,139,38,8,
CALIFORNIA,Chula Vista,273843,1029,3,53,225,748,3101,368,1825,908,35,
CALIFORNIA,Citrus Heights,85809,377,3,33,82,259,1825,317,1265,243,36,
CALIFORNIA,Claremont,35139,176,0,12,14,150,674,76,531,67,5,
CALIFORNIA,Clayton,10655,9,0,1,2,6,54,10,38,6,0,
CALIFORNIA,Clearlake,16410,136,4,15,16,101,260,50,155,55,8,
CALIFORNIA,Cloverdale,8763,30,0,2,3,25,67,1,62,4,0,
CALIFORNIA,Clovis,127560,312,2,38,45,227,2125,188,1714,223,12,
CALIFORNIA,Coachella,44131,132,5,11,21,95,680,78,420,182,4,
CALIFORNIA,Coalinga,17290,85,1,3,2,79,71,17,46,8,4,
CALIFORNIA,Colma,1378,22,0,0,8,14,800,5,781,14,1,
CALIFORNIA,Colton,53153,209,3,12,56,138,1119,160,754,205,5,
CALIFORNIA,Colusa,6566,29,0,3,4,22,38,8,20,10,2,
CALIFORNIA,Commerce,11464,166,1,7,70,88,1417,186,850,381,6,
CALIFORNIA,Compton,89564,1139,18,34,314,773,2817,347,1443,1027,70,
CALIFORNIA,Concord,121341,588,3,50,175,360,3502,515,2361,626,73,
CALIFORNIA,Corcoran,21831,114,2,11,7,94,222,62,127,33,5,
CALIFORNIA,Corning,8020,76,0,8,6,62,136,5,100,31,2,
CALIFORNIA,Corona,161174,402,2,44,102,254,2778,393,2050,335,15,
CALIFORNIA,Coronado,18545,64,0,11,4,49,297,16,216,65,1,
CALIFORNIA,Costa Mesa,107235,791,3,66,80,642,3042,398,2341,303,29,
CALIFORNIA,Cotati,7377,15,0,3,4,8,77,16,49,12,1,
CALIFORNIA,Covina,47940,169,4,10,48,107,773,218,435,120,15,
CALIFORNIA,Crescent City,5339,74,0,7,12,55,345,31,294,20,6,
CALIFORNIA,Cudahy,21401,140,4,7,33,96,307,46,155,106,2,
CALIFORNIA,Culver City,38514,257,0,10,114,133,2258,237,1824,197,19,
CALIFORNIA,Cupertino,56375,63,0,8,29,26,883,133,713,37,9,
CALIFORNIA,Cypress,48367,138,0,11,20,107,769,220,455,94,2,
CALIFORNIA,Daly City,98217,291,1,30,94,166,1776,94,1362,320,12,
CALIFORNIA,Dana Point,32405,60,0,2,9,49,283,31,195,57,1,
CALIFORNIA,Danville,42814,27,0,7,6,14,250,27,204,19,10,
CALIFORNIA,Davis,65483,122,1,19,21,81,1448,93,1260,95,26,
CALIFORNIA,Delano,52061,179,1,28,27,123,579,44,352,183,18,
CALIFORNIA,Del Mar,3841,5,0,0,1,4,55,14,33,8,0,
CALIFORNIA,Del Rey Oaks,1537,3,0,0,0,3,39,2,36,1,1,
CALIFORNIA,Desert Hot Springs,33749,166,3,10,40,113,405,92,186,127,2,
CALIFORNIA,Diamond Bar,51126,40,0,5,11,24,952,346,532,74,3,
CALIFORNIA,Dinuba,26230,152,0,11,17,124,574,62,432,80,13,
CALIFORNIA,Dixon,19402,55,0,8,8,39,248,39,178,31,5,
CALIFORNIA,Dorris,823,4,1,0,0,3,7,5,2,0,0,
CALIFORNIA,Dos Palos,5683,42,0,4,5,33,107,16,62,29,4,
CALIFORNIA,Duarte,23654,59,0,3,30,26,289,66,166,57,1,
CALIFORNIA,Dublin,68099,105,1,4,35,65,1306,107,1063,136,6,
CALIFORNIA,Dunsmuir,1623,12,0,0,3,9,7,2,4,1,0,
CALIFORNIA,East Palo Alto,27663,168,2,26,59,81,531,30,374,127,12,
CALIFORNIA,Eastvale,70669,66,0,5,27,34,1222,105,975,142,1,
CALIFORNIA,El Cajon,101983,443,0,27,108,308,1530,157,1105,268,18,
CALIFORNIA,El Centro,43550,143,2,10,32,99,552,207,271,74,5,
CALIFORNIA,El Cerrito,25424,122,0,4,73,45,774,86,573,115,14,
CALIFORNIA,Elk Grove,179074,340,3,37,90,210,2206,198,1784,224,9,
CALIFORNIA,El Monte,102088,432,6,32,166,228,2095,397,1211,487,14,
CALIFORNIA,El Segundo,16196,83,0,2,22,59,885,220,548,117,6,
CALIFORNIA,Emeryville,12671,156,0,3,102,51,1709,95,1300,314,2,
CALIFORNIA,Encinitas,60461,130,1,4,22,103,569,98,397,74,6,
CALIFORNIA,Escalon,7317,30,0,1,4,25,96,17,69,10,0,
CALIFORNIA,Escondido,147170,638,2,26,165,445,2186,328,1546,312,25,
CALIFORNIA,Etna,646,4,0,1,0,3,4,0,3,1,0,
CALIFORNIA,Eureka,25485,259,0,30,58,171,808,135,535,138,29,
CALIFORNIA,Exeter,10167,32,0,7,3,22,204,32,148,24,1,
CALIFORNIA,Fairfax,7362,8,0,2,1,5,71,11,44,16,0,
CALIFORNIA,Fairfield,121082,603,1,49,142,411,2041,259,1495,287,41,
CALIFORNIA,Farmersville,10192,50,0,5,6,39,103,14,70,19,4,
CALIFORNIA,Ferndale,1386,5,0,0,0,5,11,0,11,0,0,
CALIFORNIA,Fillmore,17428,33,0,5,4,24,116,10,96,10,3,
CALIFORNIA,Firebaugh,8698,20,0,1,2,17,74,16,42,16,4,
CALIFORNIA,Folsom,86152,158,4,25,25,104,1251,101,1085,65,9,
CALIFORNIA,Fontana,217605,588,2,48,122,416,2647,319,1728,600,12,
CALIFORNIA,Fort Bragg,6901,48,0,5,7,36,182,26,138,18,3,
CALIFORNIA,Fort Jones,665,1,0,0,0,1,2,1,1,0,0,
CALIFORNIA,Fortuna,12216,37,0,8,6,23,134,5,114,15,3,
CALIFORNIA,Foster City,31680,22,0,2,7,13,212,7,176,29,2,
CALIFORNIA,Fountain Valley,54975,98,0,9,34,55,981,151,735,95,7,
CALIFORNIA,Fowler,7458,38,0,0,5,33,92,25,54,13,0,
CALIFORNIA,Fremont,224820,440,6,36,145,253,5233,771,3248,1214,41,
CALIFORNIA,Fresno,546722,4021,32,244,918,2827,17885,2166,12050,3669,211,
CALIFORNIA,Fullerton,137942,628,1,45,125,457,2792,451,2051,290,19,
CALIFORNIA,Galt,25806,106,0,13,16,77,380,44,274,62,8,
CALIFORNIA,Gardena,57584,405,3,16,116,270,1757,243,995,519,7,
CALIFORNIA,Garden Grove,167041,462,1,25,110,326,2938,514,1963,461,24,
CALIFORNIA,Gilroy,57877,267,0,32,66,169,1252,148,871,233,28,
CALIFORNIA,Glendale,184180,529,4,34,172,319,3733,372,2937,424,33,
CALIFORNIA,Glendora,49136,83,0,7,20,56,982,177,719,86,8,
CALIFORNIA,Goleta,32632,67,0,5,14,48,512,67,420,25,16,
CALIFORNIA,Gonzales,8226,33,0,1,6,26,35,5,25,5,0,
CALIFORNIA,Grand Terrace,12868,34,0,4,3,27,222,35,131,56,2,
CALIFORNIA,Grass Valley,14070,76,0,13,5,58,302,40,201,61,8,
CALIFORNIA,Greenfield,21230,134,0,14,20,100,170,33,115,22,6,
CALIFORNIA,Gridley,7231,32,0,9,3,20,86,16,61,9,4,
CALIFORNIA,Grover Beach,12496,40,0,8,2,30,145,16,124,5,6,
CALIFORNIA,Guadalupe,8762,8,0,4,2,2,43,11,24,8,1,
CALIFORNIA,Gustine,6086,14,0,2,1,11,59,5,43,11,1,
CALIFORNIA,Hanford,60208,291,3,23,32,233,694,98,460,136,19,
CALIFORNIA,Hawaiian Gardens,13172,97,3,6,15,73,277,80,123,74,0,
CALIFORNIA,Hawthorne,81941,596,8,31,183,374,2020,239,1135,646,14,
CALIFORNIA,Hayward,153419,732,12,72,267,381,5610,559,2939,2112,34,
CALIFORNIA,Healdsburg,11068,39,0,6,3,30,154,18,130,6,3,
CALIFORNIA,Hemet,93212,396,4,33,92,267,1523,158,1135,230,8,
CALIFORNIA,Hercules,26739,45,0,0,9,36,180,18,126,36,0,
CALIFORNIA,Hermosa Beach,18312,72,0,6,9,57,450,97,306,47,3,
CALIFORNIA,Hesperia,100850,524,8,37,91,388,1438,324,573,541,25,
CALIFORNIA,Hidden Hills,1667,2,0,0,0,2,9,5,3,1,0,
CALIFORNIA,Highland,55936,299,4,13,65,217,740,112,408,220,14,
CALIFORNIA,Hillsborough,10728,10,0,4,1,5,73,18,46,9,0,
CALIFORNIA,Hollister,45626,152,1,19,17,115,379,25,282,72,5,
CALIFORNIA,Holtville,5541,2,0,0,0,2,21,2,14,5,0,
CALIFORNIA,Hughson,7747,13,0,1,2,10,32,4,25,3,0,
CALIFORNIA,Huntington Beach,190081,394,5,66,97,226,3781,382,3125,274,31,
CALIFORNIA,Huntington Park,51054,353,3,30,202,118,1593,228,822,543,15,
CALIFORNIA,Huron,6368,49,0,4,11,34,34,12,15,7,1,
CALIFORNIA,Imperial,21980,17,0,2,0,15,40,7,23,10,1,
CALIFORNIA,Imperial Beach,25247,136,0,0,18,118,161,7,83,71,1,
CALIFORNIA,Indian Wells,4889,10,0,2,1,7,69,14,50,5,0,
CALIFORNIA,Industry,254,93,4,4,40,45,1266,287,753,226,7,
CALIFORNIA,Inglewood,101399,684,7,46,268,363,3665,301,2486,878,26,
CALIFORNIA,Ione,5531,16,0,3,3,10,23,1,22,0,1,
CALIFORNIA,Irvine,316764,266,5,42,70,149,4402,627,3554,221,17,
CALIFORNIA,Irwindale,1414,33,2,0,7,24,298,135,118,45,2,
CALIFORNIA,Isleton,770,7,0,2,0,5,34,20,14,0,0,
CALIFORNIA,Jackson,5177,25,0,4,0,21,76,9,61,6,1,
CALIFORNIA,Jurupa Valley,107986,199,4,9,67,119,2720,337,1678,705,8,
CALIFORNIA,Kensington,5398,6,0,1,2,3,67,8,50,9,1,
CALIFORNIA,Kerman,17657,58,0,3,7,48,269,33,179,57,0,
CALIFORNIA,King City,14112,41,0,7,4,30,97,11,76,10,5,
CALIFORNIA,Kingsburg,13218,22,0,2,4,16,176,42,111,23,0,
CALIFORNIA,La Canada Flintridge,19229,17,0,0,4,13,292,99,182,11,2,
CALIFORNIA,Lafayette,24934,20,0,0,10,10,316,26,275,15,0,
CALIFORNIA,Laguna Beach,22115,37,0,3,9,25,210,28,165,17,0,
CALIFORNIA,Laguna Hills,29895,70,0,0,29,41,338,42,252,44,0,
CALIFORNIA,Laguna Niguel,62363,79,0,7,17,55,564,94,408,62,3,
CALIFORNIA,Laguna Woods,16797,10,0,0,2,8,150,13,91,46,0,
CALIFORNIA,La Habra,60335,219,0,29,49,141,1303,117,1041,145,6,
CALIFORNIA,La Habra Heights,5273,9,0,0,2,7,36,10,22,4,0,
CALIFORNIA,Lake Elsinore,73871,128,2,9,49,68,1369,146,1067,156,3,
CALIFORNIA,Lake Forest,85811,125,0,3,28,94,712,92,487,133,7,
CALIFORNIA,Lakeport,5170,61,0,5,3,53,94,19,59,16,2,
CALIFORNIA,Lake Shastina,2547,5,0,0,2,3,8,0,6,2,0,
CALIFORNIA,Lakewood,76818,348,3,12,140,193,1986,227,1287,472,3,
CALIFORNIA,La Mesa,60352,251,4,8,50,189,832,133,541,158,7,
CALIFORNIA,La Mirada,44755,77,1,2,33,41,803,128,521,154,3,
CALIFORNIA,Lancaster,164012,1369,29,77,282,981,3150,631,1121,1398,53,
CALIFORNIA,La Palma,14856,31,0,4,12,15,271,52,179,40,0,
CALIFORNIA,La Puente,36056,148,2,6,32,108,465,121,223,121,6,
CALIFORNIA,La Quinta,39536,70,1,7,21,41,769,114,567,88,3,
CALIFORNIA,Lathrop,44277,134,1,12,29,92,629,52,498,79,8,
CALIFORNIA,La Verne,29391,58,0,8,17,33,702,107,565,30,3,
CALIFORNIA,Lawndale,29647,176,0,6,61,109,553,62,332,159,1,
CALIFORNIA,Lemon Grove,27559,122,3,1,36,82,296,50,164,82,4,
CALIFORNIA,Lemoore,26707,110,1,20,14,75,289,25,196,68,3,
CALIFORNIA,Lincoln,56152,54,1,10,8,35,315,20,276,19,5,
CALIFORNIA,Lindsay,12449,56,1,6,11,38,181,26,116,39,3,
CALIFORNIA,Livermore,81316,191,3,27,40,121,1891,236,1342,313,18,
CALIFORNIA,Livingston,14786,55,0,6,5,44,208,11,161,36,0,
CALIFORNIA,Loma Linda,25186,86,1,12,15,58,387,84,209,94,9,
CALIFORNIA,Lomita,19433,69,0,1,16,52,347,71,205,71,6,
CALIFORNIA,Lompoc,42607,213,0,25,35,153,621,68,405,148,6,
CALIFORNIA,Long Beach,444232,3005,37,200,989,1779,15454,3131,7977,4346,136,
CALIFORNIA,Los Alamitos,11945,42,0,3,4,35,219,97,99,23,3,
CALIFORNIA,Los Altos,29551,23,0,3,5,15,358,75,267,16,0,
CALIFORNIA,Los Altos Hills,8092,4,0,0,0,4,29,22,7,0,0,
CALIFORNIA,Los Angeles2,3796352,27656,264,1530,7967,17895,56335,14152,32326,9857,407,
CALIFORNIA,Los Banos,49549,106,1,20,20,65,908,100,696,112,8,
CALIFORNIA,Los Gatos,31828,47,0,7,14,26,456,70,358,28,4,
CALIFORNIA,Lynwood,62089,565,5,20,214,326,1992,232,907,853,23,
CALIFORNIA,Madera,68607,270,2,33,51,184,808,70,549,189,52,
CALIFORNIA,Malibu,10164,65,0,5,12,48,368,72,264,32,7,
CALIFORNIA,Mammoth Lakes,7171,37,0,2,1,34,82,7,74,1,3,
CALIFORNIA,Manhattan Beach,32724,49,1,5,16,27,829,134,620,75,3,
CALIFORNIA,Manteca,93538,325,1,40,68,216,1374,184,968,222,15,
CALIFORNIA,Marina,23021,67,0,15,8,44,286,14,256,16,1,
CALIFORNIA,Martinez,36132,100,0,15,21,64,444,27,327,90,12,
CALIFORNIA,Marysville,12616,94,2,6,10,76,260,26,153,81,5,
CALIFORNIA,Maywood,23432,135,1,8,48,78,315,43,172,100,1,
CALIFORNIA,McFarland,14008,59,1,7,3,48,109,8,60,41,0,
CALIFORNIA,Mendota,12511,86,0,1,11,74,84,13,43,28,1,
CALIFORNIA,Menifee,117055,214,1,29,28,156,935,110,649,176,2,
CALIFORNIA,Menlo Park,31052,71,0,10,8,53,553,87,425,41,3,
CALIFORNIA,Merced,96077,754,7,99,160,488,2683,547,1670,466,73,
CALIFORNIA,Mill Valley,13658,13,0,0,4,9,137,25,108,4,3,
CALIFORNIA,Milpitas,76523,240,3,33,64,140,2436,189,1943,304,9,
CALIFORNIA,Mission Viejo,89699,89,0,4,29,56,1064,97,877,90,4,
CALIFORNIA,Modesto,218990,1436,7,123,248,1058,5288,585,3983,720,126,
CALIFORNIA,Monrovia,36365,115,2,13,35,65,835,91,616,128,9,
CALIFORNIA,Montague,1169,7,0,3,0,4,4,0,4,0,0,
CALIFORNIA,Montclair,37414,241,0,14,67,160,1364,218,857,289,19,
CALIFORNIA,Montebello,59231,293,2,14,79,198,1548,185,874,489,11,
CALIFORNIA,Monterey,28792,110,0,19,18,73,513,79,407,27,6,
CALIFORNIA,Monterey Park,56904,156,1,11,64,80,1201,236,763,202,7,
CALIFORNIA,Monte Sereno,3455,3,0,0,0,3,25,16,9,0,0,
CALIFORNIA,Moorpark,35312,35,0,1,5,29,252,28,210,14,1,
CALIFORNIA,Moraga,16438,15,1,3,0,11,80,26,51,3,2,
CALIFORNIA,Moreno Valley,213581,582,7,19,182,374,3558,500,2503,555,4,
CALIFORNIA,Morgan Hill,44083,86,1,9,19,57,665,78,486,101,6,
CALIFORNIA,Morro Bay,10532,31,0,7,2,22,83,4,74,5,4,
CALIFORNIA,Mountain View,81461,250,0,38,45,167,2259,403,1667,189,19,
CALIFORNIA,Mount Shasta,3166,22,0,2,1,19,14,2,9,3,1,
CALIFORNIA,Murrieta,112125,206,1,31,39,135,1058,151,784,123,15,
CALIFORNIA,Napa,76888,222,4,19,35,164,1063,66,881,116,26,
CALIFORNIA,National City,54915,382,4,16,122,240,1065,133,571,361,9,
CALIFORNIA,Needles,4790,44,1,7,5,31,113,30,54,29,5,
CALIFORNIA,Nevada City,3250,57,0,0,0,57,40,7,27,6,2,
CALIFORNIA,Newark,46736,178,1,7,60,110,1852,214,1219,419,14,
CALIFORNIA,Newman,12146,14,0,3,3,8,52,8,30,14,1,
CALIFORNIA,Newport Beach,81811,206,2,27,38,139,1532,258,1153,121,1,
CALIFORNIA,Norco,25405,37,0,4,14,19,646,72,508,66,1,
CALIFORNIA,Norwalk,96677,362,2,11,142,207,1893,230,1109,554,9,
CALIFORNIA,Novato,51258,130,0,17,24,89,694,40,571,83,19,
CALIFORNIA,Oakdale,22988,91,0,17,12,62,278,33,208,37,2,
CALIFORNIA,Oakland,435042,8376,81,296,2960,5039,31455,3423,18118,9914,114,
CALIFORNIA,Oakley,46548,68,0,13,12,43,450,45,283,122,4,
CALIFORNIA,Oceanside,168725,774,4,51,144,575,2821,520,1964,337,22,
CALIFORNIA,Ojai,7412,20,0,0,2,18,57,5,49,3,2,
CALIFORNIA,Ontario,184763,503,4,81,143,275,3358,441,2057,860,23,
CALIFORNIA,Orange,137970,312,0,17,106,189,1777,493,970,314,15,
CALIFORNIA,Orange Cove,9448,29,0,0,1,28,29,7,16,6,0,
CALIFORNIA,Orinda,19314,11,1,1,5,4,170,29,125,16,0,
CALIFORNIA,Orland,8068,23,0,0,7,16,70,14,45,11,0,
CALIFORNIA,Oroville,19270,189,0,31,34,124,736,84,508,144,13,
CALIFORNIA,Oxnard,197361,1177,6,65,234,872,3705,396,2596,713,53,
CALIFORNIA,Pacifica,35759,52,0,11,3,38,467,15,409,43,2,
CALIFORNIA,Pacific Grove,14649,21,0,3,3,15,133,13,114,6,0,
CALIFORNIA,Palmdale,158983,876,9,45,241,581,2965,399,1742,824,39,
CALIFORNIA,Palm Desert,52205,169,0,11,41,117,1476,233,1129,114,4,
CALIFORNIA,Palm Springs,45406,274,5,31,67,171,1459,175,1069,215,9,
CALIFORNIA,Palo Alto,65079,138,1,25,35,77,1974,147,1707,120,7,
CALIFORNIA,Palos Verdes Estates,12432,3,0,1,0,2,98,33,52,13,0,
CALIFORNIA,Paradise,9809,28,1,9,2,16,68,4,50,14,5,
CALIFORNIA,Paramount,50265,275,1,10,100,164,1415,222,673,520,17,
CALIFORNIA,Parlier,14377,129,0,11,6,112,139,17,81,41,0,
CALIFORNIA,Pasadena,131966,634,1,44,158,431,3559,735,2461,363,34,
CALIFORNIA,Paso Robles,31018,113,0,20,11,82,576,47,497,32,4,
CALIFORNIA,Patterson,25491,70,0,5,15,50,244,46,142,56,1,
CALIFORNIA,Perris,81203,266,3,26,73,164,1490,139,1119,232,8,
CALIFORNIA,Petaluma,58493,159,0,26,26,107,686,56,571,59,14,
CALIFORNIA,Pico Rivera,58318,273,3,16,110,144,1176,154,671,351,9,
CALIFORNIA,Piedmont,10435,7,0,1,4,2,355,78,206,71,5,
CALIFORNIA,Pinole,18310,74,1,3,31,39,376,44,268,64,4,
CALIFORNIA,Pismo Beach,7910,29,1,7,4,17,159,7,144,8,2,
CALIFORNIA,Pittsburg,75621,348,2,28,85,233,1625,243,775,607,7,
CALIFORNIA,Placentia,52034,186,1,9,31,145,763,128,513,122,8,
CALIFORNIA,Placerville,10632,62,0,7,6,49,162,34,117,11,9,
CALIFORNIA,Pleasant Hill,33539,79,2,4,34,39,1350,92,1147,111,3,
CALIFORNIA,Pleasanton,73054,84,1,6,35,42,1225,153,905,167,3,
CALIFORNIA,Pomona,143726,1029,12,61,313,643,3957,604,2501,852,28,
CALIFORNIA,Porterville,62891,242,0,20,44,178,932,182,529,221,6,
CALIFORNIA,Port Hueneme,20969,107,3,3,18,83,371,61,274,36,5,
CALIFORNIA,Poway,47808,64,0,2,14,48,279,53,197,29,0,
CALIFORNIA,Rancho Cordova,83622,356,4,33,67,252,1766,272,1223,271,12,
CALIFORNIA,Rancho Cucamonga,174313,512,2,36,111,363,3157,476,2295,386,19,
CALIFORNIA,Rancho Mirage,18056,34,0,2,7,25,432,95,299,38,2,
CALIFORNIA,Rancho Palos Verdes,39289,36,0,4,4,28,347,103,195,49,5,
CALIFORNIA,Rancho Santa Margarita,45633,37,0,0,8,29,239,33,160,46,1,
CALIFORNIA,Red Bluff,14329,183,1,29,33,120,609,27,515,67,30,
CALIFORNIA,Redding,92468,599,6,86,95,412,1614,185,1198,231,5,
CALIFORNIA,Redlands,72331,216,3,35,53,125,1556,196,1114,246,14,
CALIFORNIA,Redondo Beach,66593,166,1,16,64,85,1722,276,1256,190,6,
CALIFORNIA,Redwood City,80060,378,2,43,110,223,1297,95,998,204,22,
CALIFORNIA,Reedley,26201,148,4,4,19,121,226,42,138,46,4,
CALIFORNIA,Rialto,103164,662,2,45,128,487,2471,314,1747,410,29,
CALIFORNIA,Richmond,113418,1047,9,24,262,752,3133,146,1875,1112,33,
CALIFORNIA,Ridgecrest,28110,190,1,18,18,153,302,45,205,52,2,
CALIFORNIA,Rio Dell,3283,12,0,3,0,9,53,2,48,3,1,
CALIFORNIA,Rio Vista,10191,25,1,2,0,22,39,7,26,6,4,
CALIFORNIA,Ripon,16053,27,0,12,2,13,139,26,106,7,0,
CALIFORNIA,Riverbank,25043,41,0,3,15,23,382,20,338,24,4,
CALIFORNIA,Riverside,320148,1888,10,173,385,1320,9067,1268,6353,1446,93,
CALIFORNIA,Rocklin,74048,122,1,25,13,83,669,53,573,43,14,
CALIFORNIA,Rohnert Park,44573,115,1,33,17,64,563,105,379,79,5,
CALIFORNIA,Rolling Hills,1615,0,0,0,0,0,1,1,0,0,0,
CALIFORNIA,Rolling Hills Estates,7958,8,0,2,1,5,123,43,70,10,1,
CALIFORNIA,Rosemead,48740,172,4,8,70,90,1220,230,786,204,6,
CALIFORNIA,Roseville,162841,357,2,61,112,182,2313,226,1919,168,28,
CALIFORNIA,Ross,2273,2,0,0,1,1,39,8,27,4,0,
CALIFORNIA,Sacramento,526670,3976,45,182,1012,2737,13416,2326,8406,2684,155,
CALIFORNIA,Salinas,158233,830,6,81,223,520,2651,232,1833,586,44,
CALIFORNIA,San Bernardino,224283,2012,25,112,541,1334,6499,1021,3762,1716,52,
CALIFORNIA,San Bruno,40553,104,0,6,23,75,797,23,663,111,5,
CALIFORNIA,San Clemente,61692,113,1,4,26,82,782,84,571,127,10,
CALIFORNIA,Sand City,329,6,0,0,3,3,294,5,285,4,0,
CALIFORNIA,San Diego,1389024,5726,35,297,1075,4319,23197,2603,15100,5494,136,
CALIFORNIA,San Dimas,32560,92,1,5,28,58,743,109,559,75,3,
CALIFORNIA,San Fernando,23173,84,2,2,44,36,505,41,335,129,6,
CALIFORNIA,San Francisco,802856,4789,35,280,2145,2329,31545,5118,21026,5401,266,
CALIFORNIA,San Gabriel,37172,68,1,4,25,38,731,191,477,63,4,
CALIFORNIA,Sanger,26245,127,2,14,10,101,282,26,205,51,7,
CALIFORNIA,San Jacinto,55863,142,2,7,65,68,965,205,614,146,9,
CALIFORNIA,San Jose,956840,5806,26,740,1347,3693,24762,4086,14575,6101,147,
CALIFORNIA,San Juan Capistrano,34620,57,2,4,12,39,373,61,241,71,17,
CALIFORNIA,San Leandro,84200,462,4,16,236,206,3303,484,1797,1022,11,
CALIFORNIA,San Luis Obispo,49948,212,0,30,41,141,1333,161,1097,75,2,
CALIFORNIA,San Marcos,93974,209,1,6,30,172,620,142,376,102,7,
CALIFORNIA,San Marino,11816,4,0,0,0,4,139,55,76,8,2,
CALIFORNIA,San Mateo,99929,243,5,26,74,138,1882,98,1577,207,4,
CALIFORNIA,San Pablo,30974,194,1,14,70,109,777,89,401,287,19,
CALIFORNIA,San Rafael,59037,330,1,30,88,211,1450,156,1045,249,16,
CALIFORNIA,San Ramon,84452,73,0,12,19,42,940,114,700,126,4,
CALIFORNIA,Santa Ana,310304,1530,15,163,329,1023,5282,700,3601,981,24,
CALIFORNIA,Santa Barbara,85758,556,0,71,64,421,1552,146,1236,170,10,
CALIFORNIA,Santa Clara,131901,240,2,26,76,136,3300,445,2336,519,13,
CALIFORNIA,Santa Clarita,221303,366,2,28,94,242,2604,433,1731,440,21,
CALIFORNIA,Santa Cruz,61346,376,3,26,63,284,1543,83,1363,97,46,
CALIFORNIA,Santa Fe Springs,20534,186,1,9,71,105,1265,283,724,258,10,
CALIFORNIA,Santa Maria,110056,727,3,75,191,458,2072,344,1265,463,75,
CALIFORNIA,Santa Monica,88948,692,4,64,180,444,4261,755,3009,497,55,
CALIFORNIA,Santa Paula,32139,105,1,12,16,76,281,27,216,38,5,
CALIFORNIA,Santa Rosa,175147,600,2,118,117,363,2312,405,1610,297,26,
CALIFORNIA,Santee,59351,151,2,5,25,119,339,45,222,72,7,
CALIFORNIA,Saratoga,29185,26,0,4,7,15,175,56,103,16,3,
CALIFORNIA,Sausalito,6945,5,0,0,0,5,121,17,97,7,1,
CALIFORNIA,Scotts Valley,11765,36,0,5,4,27,188,9,175,4,2,
CALIFORNIA,Seal Beach,24079,116,0,1,17,98,662,92,542,28,1,
CALIFORNIA,Seaside,30985,159,0,13,20,126,258,23,194,41,6,
CALIFORNIA,Sebastopol,7336,31,0,4,3,24,116,11,101,4,5,
CALIFORNIA,Selma,24399,140,1,4,13,122,390,70,243,77,17,
CALIFORNIA,Shafter,22570,63,0,12,2,49,308,26,182,100,6,
CALIFORNIA,Sierra Madre,10544,22,0,1,1,20,63,23,35,5,1,
CALIFORNIA,Signal Hill,11068,101,0,4,23,74,655,68,451,136,7,
CALIFORNIA,Simi Valley,124707,161,3,19,31,108,1152,155,891,106,8,
CALIFORNIA,Solana Beach,12592,13,0,2,4,7,147,35,86,26,1,
CALIFORNIA,Soledad,23708,61,0,9,5,47,125,13,90,22,1,
CALIFORNIA,Solvang,5923,4,0,1,0,3,55,10,40,5,2,
CALIFORNIA,Sonoma,10583,19,0,1,4,14,122,22,92,8,1,
CALIFORNIA,Sonora,4889,45,0,7,5,33,102,5,95,2,1,
CALIFORNIA,South El Monte,18861,88,0,2,29,57,610,191,290,129,6,
CALIFORNIA,South Gate,89223,469,4,26,215,224,3211,257,2084,870,19,
CALIFORNIA,South Lake Tahoe,21005,165,0,13,9,143,307,40,244,23,10,
CALIFORNIA,South Pasadena,25228,53,1,5,19,28,634,84,477,73,5,
CALIFORNIA,South San Francisco,62229,187,0,14,22,151,970,64,689,217,10,
CALIFORNIA,Stallion Springs,2629,6,0,0,0,6,9,1,4,4,0,
CALIFORNIA,Stanton,39059,200,2,6,62,130,661,86,462,113,6,
CALIFORNIA,St. Helena,5224,9,0,1,0,8,39,5,33,1,0,
CALIFORNIA,Stockton,319069,3656,51,129,1073,2403,8422,1794,4697,1931,162,
CALIFORNIA,Suisun City,28502,111,1,11,21,78,421,49,301,71,6,
CALIFORNIA,Sunnyvale,150893,369,1,41,87,240,2881,463,1988,430,33,
CALIFORNIA,Susanville,11646,80,3,5,8,64,134,13,109,12,5,
CALIFORNIA,Sutter Creek,2739,5,0,0,0,5,26,1,20,5,2,
CALIFORNIA,Taft,6801,32,0,6,3,23,184,29,124,31,3,
CALIFORNIA,Tehachapi,10275,59,0,8,10,41,262,13,210,39,1,
CALIFORNIA,Temecula,110880,168,0,14,50,104,1862,255,1415,192,6,
CALIFORNIA,Temple City,34359,76,4,8,23,41,362,153,188,21,2,
CALIFORNIA,Thousand Oaks,122363,125,3,8,23,91,1249,153,1027,69,4,
CALIFORNIA,Tiburon,8751,4,0,1,0,3,98,17,71,10,0,
CALIFORNIA,Torrance,136899,426,0,37,158,231,3800,656,2491,653,12,
CALIFORNIA,Tracy,99519,300,4,37,84,175,1584,153,1166,265,8,
CALIFORNIA,Truckee,17132,64,0,6,2,56,111,17,82,12,4,
CALIFORNIA,Tulare,71689,410,8,46,64,292,1321,238,854,229,19,
CALIFORNIA,Tulelake,856,0,0,0,0,0,0,0,0,0,0,
CALIFORNIA,Turlock,71886,342,3,35,96,208,1349,141,984,224,11,
CALIFORNIA,Tustin,76985,163,0,9,69,85,1620,165,1317,138,9,
CALIFORNIA,Twentynine Palms,28976,121,1,12,12,96,225,64,124,37,5,
CALIFORNIA,Ukiah,15915,88,0,9,23,56,218,30,145,43,12,
CALIFORNIA,Union City,63976,261,2,11,77,171,1430,187,812,431,16,
CALIFORNIA,Upland,78584,291,2,27,87,175,1409,273,931,205,18,
CALIFORNIA,Vacaville,102672,301,1,43,55,202,1786,157,1417,212,22,
CALIFORNIA,Vallejo,121795,901,20,65,299,517,4860,678,3223,959,31,
CALIFORNIA,Ventura,108543,446,3,50,90,303,2394,288,1882,224,18,
CALIFORNIA,Vernon,205,51,1,1,24,25,530,67,335,128,7,
CALIFORNIA,Victorville,140309,1425,11,89,239,1086,2987,497,1620,870,67,
CALIFORNIA,Villa Park,5611,2,0,0,0,2,40,13,22,5,0,
CALIFORNIA,Visalia,146090,636,7,99,138,392,3112,384,2219,509,30,
CALIFORNIA,Vista,98290,311,2,9,50,250,849,122,543,184,7,
CALIFORNIA,Walnut,26702,34,0,1,7,26,505,243,224,38,1,
CALIFORNIA,Walnut Creek,68808,193,0,17,59,117,1994,268,1553,173,2,
CALIFORNIA,Waterford,9387,17,0,1,2,14,83,11,61,11,1,
CALIFORNIA,Watsonville,50340,201,0,28,27,146,595,70,375,150,4,
CALIFORNIA,Weed,2487,18,0,1,3,14,28,5,17,6,1,
CALIFORNIA,West Covina,104467,250,3,17,76,154,2192,309,1511,372,14,
CALIFORNIA,West Hollywood,33928,300,2,26,107,165,1863,290,1444,129,7,
CALIFORNIA,Westlake Village,7437,11,0,0,1,10,143,35,87,21,2,
CALIFORNIA,Westminster,88026,384,3,26,100,255,2199,321,1682,196,14,
CALIFORNIA,Westmorland,1970,6,0,0,0,6,15,1,7,7,0,
CALIFORNIA,West Sacramento,56536,166,2,13,45,106,774,127,490,157,7,
CALIFORNIA,Wheatland,4130,6,0,0,2,4,20,3,15,2,0,
CALIFORNIA,Whittier,83186,408,5,24,119,260,1976,284,1336,356,10,
CALIFORNIA,Wildomar,37145,38,1,4,6,27,379,67,246,66,2,
CALIFORNIA,Williams,5642,35,0,2,3,30,50,4,34,12,0,
CALIFORNIA,Willits,4799,8,0,1,0,7,22,0,2,20,1,
CALIFORNIA,Windsor,25660,60,0,26,8,26,188,25,148,15,2,
CALIFORNIA,Winters,7869,7,0,1,0,6,42,5,33,4,0,
CALIFORNIA,Woodlake,7970,38,1,2,2,33,86,9,66,11,2,
CALIFORNIA,Woodland,61177,168,5,15,37,111,868,72,643,153,6,
CALIFORNIA,Yorba Linda,65469,61,0,3,12,46,501,70,376,55,2,
CALIFORNIA,Yountville,3332,3,0,1,1,1,11,0,10,1,0,
CALIFORNIA,Yreka,7813,55,0,9,6,40,191,10,169,12,9,
CALIFORNIA,Yuba City,68200,289,4,50,51,184,1131,115,843,173,15,
CALIFORNIA,Yucaipa,53735,188,0,8,26,154,443,86,275,82,5,
CALIFORNIA,Yucca Valley,21630,131,2,12,14,103,208,60,108,40,6,
COLORADO,Alamosa,9906,97,5,18,4,70,470,40,411,19,4,
COLORADO,Arvada,120456,344,0,25,56,263,2986,414,2120,452,48,
COLORADO,Aspen,6489,9,0,7,0,2,195,11,177,7,0,
COLORADO,Ault,2978,7,0,4,0,3,36,3,26,7,1,
COLORADO,Aurora,397852,3771,41,292,542,2896,12349,1477,7305,3567,90,
COLORADO,Avon,5896,25,0,4,2,19,152,11,139,2,0,
COLORADO,Basalt,4012,7,0,4,0,3,53,16,35,2,0,
COLORADO,Bayfield,2883,0,0,0,0,0,9,0,8,1,0,
COLORADO,Black Hawk,128,20,0,1,5,14,232,4,217,11,0,
COLORADO,Blue River,844,0,0,0,0,0,1,0,1,0,0,
COLORADO,Boulder,105195,339,0,37,47,255,2875,403,2253,219,32,
COLORADO,Bow Mar,814,0,0,0,0,0,4,1,3,0,0,
COLORADO,Breckenridge,4902,16,0,3,0,13,147,10,136,1,0,
COLORADO,Brighton,43231,204,1,35,16,152,1089,108,823,158,6,
COLORADO,Broomfield,78294,116,1,25,16,74,1453,160,1105,188,5,
COLORADO,Buena Vista,3155,3,0,0,0,3,11,1,9,1,0,
COLORADO,Burlington,3116,13,0,1,0,12,36,8,24,4,1,
COLORADO,Calhan,716,3,0,0,0,3,7,0,4,3,0,
COLORADO,Carbondale,6795,9,0,5,0,4,42,4,36,2,2,
COLORADO,Castle Rock,84098,30,0,7,5,18,789,52,701,36,2,
COLORADO,Cedaredge,2452,0,0,0,0,0,22,5,15,2,0,
COLORADO,Centennial,106454,184,0,9,22,153,1819,300,1220,299,23,
COLORADO,Center,1922,2,0,1,0,1,6,0,6,0,0,
COLORADO,Cherry Hills Village,6222,3,0,1,1,1,86,22,56,8,1,
COLORADO,Colorado Springs,491474,3517,38,498,381,2600,16950,2604,10947,3399,145,
COLORADO,Columbine Valley,1740,2,0,0,0,2,11,1,8,2,0,
COLORADO,Commerce City,70170,555,6,72,79,398,2015,222,1204,589,28,
COLORADO,Cortez,9120,42,0,15,6,21,268,19,227,22,2,
COLORADO,Craig,9052,42,0,10,2,30,144,38,96,10,0,
COLORADO,Crested Butte,1660,2,0,0,0,2,9,3,5,1,0,
COLORADO,Cripple Creek,1105,0,0,0,0,0,23,1,20,2,0,
COLORADO,Dacono,6679,8,0,2,1,5,57,8,43,6,0,
COLORADO,Del Norte,1399,0,0,0,0,0,4,1,2,1,0,
COLORADO,Delta,9785,18,0,4,3,11,317,49,239,29,5,
COLORADO,Denver,722031,7170,71,676,1272,5151,34380,5112,20373,8895,133,
COLORADO,Dillon,1000,3,0,1,0,2,36,12,22,2,0,
COLORADO,Eagle,7354,5,0,0,1,4,35,2,33,0,1,
COLORADO,Eaton,5828,3,0,0,0,3,47,3,40,4,0,
COLORADO,Edgewater,4842,15,0,1,2,12,484,24,403,57,0,
COLORADO,Elizabeth,2798,0,0,0,0,0,18,1,15,2,0,
COLORADO,Englewood,34496,226,0,40,39,147,1812,233,1139,440,34,
COLORADO,Erie,37055,11,0,2,1,8,332,65,248,19,6,
COLORADO,Estes Park,5799,13,0,1,2,10,46,4,36,6,1,
COLORADO,Evans,22341,83,0,13,2,68,347,30,242,75,4,
COLORADO,Fairplay,740,6,0,0,0,6,20,9,10,1,0,
COLORADO,Firestone,19282,27,0,7,0,20,186,9,138,39,2,
COLORADO,Florence,3869,15,0,4,0,11,35,4,28,3,1,
COLORADO,Fort Collins,170509,465,3,39,42,381,3675,390,2971,314,24,
COLORADO,Fort Lupton,9984,27,0,9,1,17,150,13,98,39,4,
COLORADO,Fort Morgan,11567,33,0,6,1,26,229,18,192,19,6,
COLORADO,Fountain,28037,135,0,30,22,83,531,71,392,68,4,
COLORADO,Fraser/Winter Park,2665,17,0,6,0,11,49,7,41,1,1,
COLORADO,Frederick,18791,16,0,2,2,12,116,7,82,27,2,
COLORADO,Frisco,2711,5,0,1,3,1,66,11,54,1,1,
COLORADO,Fruita,13949,2,0,2,0,0,107,14,86,7,2,
COLORADO,Garden City,249,5,0,0,3,2,28,1,24,3,1,
COLORADO,Glendale,4397,100,1,8,16,75,853,48,697,108,1,
COLORADO,Glenwood Springs,10334,32,1,8,2,21,461,42,390,29,5,
COLORADO,Golden,20193,25,0,1,3,21,482,51,370,61,5,
COLORADO,Granby,2316,3,0,0,0,3,15,0,13,2,0,
COLORADO,Grand Junction,70686,386,3,59,34,290,2241,227,1855,159,40,
COLORADO,Greeley,113757,763,6,50,74,633,3435,389,2470,576,29,
COLORADO,Green Mountain Falls,597,0,0,0,0,0,1,0,0,1,0,
COLORADO,Greenwood Village,15060,59,1,13,9,36,937,74,742,121,4,
COLORADO,Gunnison,6897,27,0,4,2,21,260,16,235,9,0,
COLORADO,Gypsum,9101,9,1,0,0,8,26,2,22,2,0,
COLORADO,Haxtun,965,1,0,0,0,1,1,1,0,0,0,
COLORADO,Hayden,1915,3,0,0,0,3,18,4,12,2,0,
COLORADO,Holyoke,2279,0,0,0,0,0,4,2,2,0,0,
COLORADO,Hotchkiss,945,2,0,0,0,2,14,8,5,1,0,
COLORADO,Hudson,1606,2,0,0,0,2,23,0,20,3,0,
COLORADO,Hugo,771,0,0,0,0,0,1,0,1,0,0,
COLORADO,Idaho Springs,1678,8,0,0,2,6,44,3,36,5,0,
COLORADO,Johnstown,20284,36,0,5,5,26,620,26,566,28,0,
COLORADO,Keenesburg,2435,7,0,0,1,6,23,1,18,4,0,
COLORADO,Kersey,1485,0,0,0,0,0,24,1,20,3,0,
COLORADO,Kremmling,1424,6,0,2,0,4,12,0,10,2,0,
COLORADO,Lafayette,30442,83,0,19,6,58,816,149,594,73,3,
COLORADO,La Junta,6942,35,1,7,1,26,486,73,389,24,1,
COLORADO,Lakeside,16,8,0,0,1,7,220,72,140,8,0,
COLORADO,Lakewood,155868,1227,4,93,215,915,7939,917,5817,1205,30,
COLORADO,Lamar,7468,0,0,0,0,0,39,9,30,0,0,
COLORADO,La Salle,2282,2,0,1,0,1,23,1,18,4,0,
COLORADO,Leadville,2630,1,0,0,0,1,23,5,18,0,0,
COLORADO,Limon,1992,5,0,0,0,5,2,2,0,0,1,
COLORADO,Littleton,44076,94,1,34,15,44,1110,154,729,227,3,
COLORADO,Lochbuie,8382,17,0,2,1,14,66,3,44,19,1,
COLORADO,Lone Tree,13992,61,0,1,8,52,1536,90,1386,60,4,
COLORADO,Longmont,98446,462,4,118,31,309,2578,219,2052,307,24,
COLORADO,Louisville,20136,26,1,6,1,18,360,127,207,26,3,
COLORADO,Loveland,80374,253,3,61,24,165,1622,135,1337,150,12,
COLORADO,Manitou Springs,4540,6,0,0,0,6,75,9,50,16,0,
COLORADO,Mead,7124,11,0,0,0,11,62,1,49,12,1,
COLORADO,Meeker,2367,3,0,0,0,3,3,2,0,1,0,
COLORADO,Milliken,9303,0,0,0,0,0,50,2,34,14,0,
COLORADO,Monte Vista,4011,18,0,0,2,16,197,62,125,10,1,
COLORADO,Montrose,21661,51,0,4,5,42,480,53,394,33,2,
COLORADO,Monument,12701,18,0,2,3,13,234,27,183,24,2,
COLORADO,Mountain View,513,1,0,0,0,1,6,2,4,0,0,
COLORADO,Mountain Village,1220,1,0,0,1,0,11,1,10,0,0,
COLORADO,Mount Crested Butte,969,1,0,0,0,1,1,0,1,0,0,
COLORADO,New Castle,4851,6,0,3,0,3,33,8,20,5,0,
COLORADO,Northglenn,38210,165,2,29,20,114,985,112,737,136,5,
COLORADO,Ouray,927,0,0,0,0,0,5,0,4,1,0,
COLORADO,Pagosa Springs,1828,11,0,1,1,9,31,1,28,2,0,
COLORADO,Palisade,2613,4,1,1,1,1,24,2,20,2,2,
COLORADO,Palmer Lake,2563,4,0,1,0,3,23,6,15,2,0,
COLORADO,Paonia,1462,1,0,1,0,0,18,1,17,0,0,
COLORADO,Parachute,1355,4,0,1,0,3,17,1,12,4,0,
COLORADO,Parker,64088,134,2,25,7,100,1056,119,849,88,7,
COLORADO,Platteville,3894,3,0,0,0,3,39,2,29,8,0,
COLORADO,Pueblo,110805,1578,19,160,243,1156,5476,938,3228,1310,56,
COLORADO,Rangely,2281,7,0,1,0,6,23,0,22,1,0,
COLORADO,Rifle,10607,32,0,8,1,23,107,7,92,8,0,
COLORADO,Rocky Ford,3803,5,0,1,0,4,29,7,16,6,1,
COLORADO,Salida,5968,11,0,1,0,10,36,6,26,4,1,
COLORADO,Severance,11997,14,0,1,0,13,61,7,49,5,2,
COLORADO,Sheridan,5844,54,1,2,7,44,408,41,301,66,1,
COLORADO,Silverthorne,5113,4,0,2,0,2,113,16,95,2,0,
COLORADO,Snowmass Village,2984,0,0,0,0,0,37,3,32,2,0,
COLORADO,South Fork,505,2,0,0,0,2,17,14,2,1,0,
COLORADO,Springfield,1280,1,0,0,0,1,4,1,1,2,0,
COLORADO,Steamboat Springs,13606,44,0,7,1,36,172,23,144,5,1,
COLORADO,Sterling,12806,51,0,4,1,46,374,53,296,25,1,
COLORADO,Telluride,2493,0,0,0,0,0,33,6,27,0,1,
COLORADO,Thornton,145847,399,2,116,72,209,4136,404,3016,716,29,
COLORADO,Timnath,11404,6,0,0,0,6,101,14,82,5,1,
COLORADO,Trinidad,8176,63,0,2,2,59,243,66,158,19,5,
COLORADO,Vail,4426,12,0,0,2,10,179,10,163,6,0,
COLORADO,Westminster,114310,347,6,49,92,200,4047,399,2820,828,33,
COLORADO,Wheat Ridge,31615,152,0,26,14,112,1412,195,996,221,20,
COLORADO,Windsor,43050,20,0,0,1,19,224,26,170,28,0,
COLORADO,Woodland Park,7857,10,1,2,2,5,93,15,69,9,0,
COLORADO,Wray,2309,1,0,0,0,1,2,1,1,0,0,
CONNECTICUT,Ansonia,19049,13,1,9,3,0,268,9,217,42,0,
CONNECTICUT,Avon,18886,4,0,0,0,4,119,10,98,11,0,
CONNECTICUT,Berlin,20529,19,0,4,5,10,289,18,218,53,1,
CONNECTICUT,Bethel,20799,2,0,2,0,0,110,15,90,5,0,
CONNECTICUT,Bloomfield,22032,24,1,4,5,14,506,63,406,37,2,
CONNECTICUT,Branford,28000,13,0,4,4,5,468,121,295,52,0,
CONNECTICUT,Bridgeport,148132,582,12,62,227,281,2176,332,1143,701,0,
CONNECTICUT,Bristol,61895,36,2,5,16,13,593,53,349,191,1,
CONNECTICUT,Brookfield,17496,10,0,1,0,9,93,12,71,10,0,
CONNECTICUT,Canton,10166,4,0,1,1,2,55,3,48,4,0,
CONNECTICUT,Cheshire,29399,4,0,0,2,2,113,7,81,25,0,
CONNECTICUT,Clinton,13481,10,0,5,3,2,301,10,276,15,0,
CONNECTICUT,Coventry,12338,10,0,5,1,4,59,10,41,8,0,
CONNECTICUT,Cromwell,14411,12,1,1,9,1,272,16,242,14,0,
CONNECTICUT,Danbury,86257,226,0,26,28,172,1084,175,798,111,3,
CONNECTICUT,Darien,22216,7,0,1,2,4,233,34,155,44,0,
CONNECTICUT,Derby,12437,39,0,1,6,32,317,35,189,93,4,
CONNECTICUT,East Hampton,13090,3,0,1,0,2,55,8,43,4,0,
CONNECTICUT,East Hartford,50584,45,3,6,15,21,845,64,604,177,1,
CONNECTICUT,East Haven,27447,27,0,8,4,15,536,37,376,123,1,
CONNECTICUT,East Lyme,19094,2,1,0,0,1,79,8,62,9,1,
CONNECTICUT,Easton,7652,0,0,0,0,0,40,0,32,8,0,
CONNECTICUT,East Windsor,11179,7,0,2,4,1,286,15,251,20,0,
CONNECTICUT,Enfield,40659,66,0,12,8,46,761,95,603,63,1,
CONNECTICUT,Fairfield,64098,15,0,1,5,9,904,36,784,84,1,
CONNECTICUT,Farmington,26852,6,0,2,4,0,412,26,358,28,0,
CONNECTICUT,Glastonbury,35249,10,0,2,1,7,339,25,289,25,2,
CONNECTICUT,Granby,11371,3,0,0,1,2,61,2,52,7,0,
CONNECTICUT,Greenwich,63651,6,0,3,3,0,552,58,409,85,0,
CONNECTICUT,Groton,9282,18,0,5,0,13,63,6,44,13,1,
CONNECTICUT,Groton Long Point,517,0,0,0,0,0,5,0,3,2,0,
CONNECTICUT,Groton Town,27927,26,1,3,3,19,276,24,226,26,0,
CONNECTICUT,Guilford,22021,6,0,6,0,0,204,16,170,18,0,
CONNECTICUT,Hamden,59908,258,1,5,33,219,1868,127,1304,437,3,
CONNECTICUT,Hartford,119626,617,21,51,163,382,3404,267,2082,1055,28,
CONNECTICUT,Ledyard,15483,9,1,2,1,5,35,1,30,4,0,
CONNECTICUT,Madison,17458,3,0,3,0,0,51,2,35,14,0,
CONNECTICUT,Manchester,59378,79,0,25,19,35,1256,136,995,125,3,
CONNECTICUT,Meriden,59943,77,1,12,31,33,1012,183,728,101,4,
CONNECTICUT,Middlebury,8057,2,0,0,0,2,38,5,23,10,0,
CONNECTICUT,Middletown,48331,30,1,2,9,18,556,56,418,82,2,
CONNECTICUT,Milford,53065,62,1,13,37,11,1112,46,964,102,4,
CONNECTICUT,Monroe,18852,4,0,1,0,3,98,25,55,18,0,
CONNECTICUT,Montville,17730,4,0,3,0,1,62,7,46,9,0,
CONNECTICUT,Naugatuck,31930,16,0,8,2,6,326,16,254,56,2,
CONNECTICUT,New Britain,74528,314,3,34,49,228,1435,97,975,363,16,
CONNECTICUT,New Canaan,20973,2,0,1,0,1,163,16,107,40,0,
CONNECTICUT,New Haven,137243,734,15,44,248,427,4923,518,3297,1108,14,
CONNECTICUT,Newington,31504,24,0,8,7,9,673,56,572,45,1,
CONNECTICUT,New London,27848,56,0,10,12,34,388,47,283,58,0,
CONNECTICUT,New Milford,28377,8,0,5,1,2,153,15,121,17,0,
CONNECTICUT,Newtown,27890,5,0,0,0,5,98,10,75,13,0,
CONNECTICUT,North Branford,13385,2,0,1,1,0,94,12,71,11,0,
CONNECTICUT,North Haven,24340,9,0,1,7,1,639,50,521,68,0,
CONNECTICUT,Norwalk,92987,79,0,15,15,49,1399,227,1021,151,0,
CONNECTICUT,Norwich,39832,82,0,24,20,38,502,82,364,56,1,
CONNECTICUT,Old Saybrook,10606,8,0,1,2,5,172,13,128,31,0,
CONNECTICUT,Orange,14352,6,0,0,4,2,503,22,452,29,0,
CONNECTICUT,Plainfield,15265,12,0,6,0,6,19,2,8,9,0,
CONNECTICUT,Plainville,17504,12,0,3,1,8,264,12,214,38,0,
CONNECTICUT,Plymouth,11806,1,0,1,0,0,58,4,48,6,0,
CONNECTICUT,Portland,9449,0,0,0,0,0,41,8,29,4,1,
CONNECTICUT,Putnam,9345,11,0,5,1,5,74,8,53,13,2,
CONNECTICUT,Redding,8716,1,0,1,0,0,25,1,19,5,0,
CONNECTICUT,Ridgefield,24924,6,1,0,0,5,70,0,47,23,0,
CONNECTICUT,Rocky Hill,20692,16,0,6,6,4,255,30,205,20,0,
CONNECTICUT,Seymour,17034,8,0,1,0,7,98,9,62,27,0,
CONNECTICUT,Shelton,42616,18,0,2,7,9,302,25,230,47,0,
CONNECTICUT,Simsbury,25108,4,1,1,2,0,144,14,112,18,1,
CONNECTICUT,Southington,43849,29,0,4,18,7,664,78,541,45,1,
CONNECTICUT,South Windsor,26741,10,0,1,3,6,321,48,260,13,1,
CONNECTICUT,Stamford,136483,215,1,15,51,148,1672,207,1215,250,4,
CONNECTICUT,Stonington,18469,12,0,0,3,9,159,11,139,9,1,
CONNECTICUT,Stratford,52531,35,0,7,15,13,1043,67,821,155,4,
CONNECTICUT,Suffield,15641,4,0,3,0,1,98,13,63,22,2,
CONNECTICUT,Thomaston,7523,0,0,0,0,0,39,4,33,2,0,
CONNECTICUT,Torrington,35612,29,0,5,9,15,370,23,327,20,1,
CONNECTICUT,Trumbull,37492,39,0,4,17,18,852,42,778,32,3,
CONNECTICUT,Vernon,30738,13,0,4,2,7,315,25,251,39,1,
CONNECTICUT,Wallingford,43561,8,2,0,1,5,196,11,172,13,1,
CONNECTICUT,Waterbury,115363,372,8,51,121,192,3367,265,2370,732,4,
CONNECTICUT,Waterford,19913,5,0,1,1,3,334,4,317,13,0,
CONNECTICUT,Watertown,22337,3,0,1,0,2,257,20,200,37,1,
CONNECTICUT,West Hartford,64093,41,0,3,28,10,1751,156,1441,154,0,
CONNECTICUT,West Haven,54598,57,2,8,22,25,676,67,458,151,0,
CONNECTICUT,Weston,10353,0,0,0,0,0,23,1,12,10,0,
CONNECTICUT,Westport,27606,1,0,0,0,1,312,19,244,49,0,
CONNECTICUT,Wethersfield,27073,16,0,1,11,4,371,37,282,52,0,
CONNECTICUT,Willimantic,18393,32,0,1,7,24,150,8,110,32,0,
CONNECTICUT,Wilton,18398,3,0,1,0,2,116,14,77,25,1,
CONNECTICUT,Winchester,10247,7,0,2,5,0,87,5,72,10,1,
CONNECTICUT,Windsor,29382,18,1,0,7,10,516,25,429,62,1,
CONNECTICUT,Windsor Locks,12513,11,0,0,4,7,125,12,98,15,0,
CONNECTICUT,Wolcott,16379,4,0,0,2,2,29,3,19,7,0,
CONNECTICUT,Woodbridge,9010,1,0,0,0,1,93,7,60,26,0,
DELAWARE,Bethany Beach,1093,7,0,1,0,6,101,0,100,1,0,
DELAWARE,Blades,1336,10,0,0,1,9,24,2,19,3,0,
DELAWARE,Bridgeville,2920,7,0,0,0,7,35,2,31,2,0,
DELAWARE,Camden,4364,14,0,2,3,9,183,17,163,3,0,
DELAWARE,Cheswold,2379,7,0,0,1,6,23,4,15,4,0,
DELAWARE,Clayton,4545,5,0,1,0,4,23,4,17,2,0,
DELAWARE,Dagsboro,992,2,0,0,0,2,14,1,13,0,0,
DELAWARE,Delaware City,1912,3,0,0,0,3,11,1,7,3,0,
DELAWARE,Delmar,2279,14,0,0,0,14,52,13,38,1,0,
DELAWARE,Dewey Beach,406,18,0,1,0,17,23,7,16,0,0,
DELAWARE,Dover,40087,406,7,16,46,337,2433,56,2234,143,8,
DELAWARE,Ellendale,558,0,0,0,0,0,5,3,2,0,0,
DELAWARE,Elsmere,6135,15,0,0,1,14,109,15,72,22,0,
DELAWARE,Felton,1369,4,0,1,0,3,21,2,18,1,0,
DELAWARE,Fenwick Island,388,1,0,0,0,1,8,0,8,0,0,
DELAWARE,Frankford,905,1,0,0,1,0,7,0,7,0,0,
DELAWARE,Georgetown,8117,57,0,2,9,46,405,98,297,10,0,
DELAWARE,Greenwood,1123,1,0,0,0,1,13,5,5,3,0,
DELAWARE,Harrington,3888,15,0,2,0,13,80,8,66,6,1,
DELAWARE,Laurel,4410,64,1,2,5,56,133,19,108,6,0,
DELAWARE,Lewes,3704,6,0,0,0,6,20,2,15,3,0,
DELAWARE,Middletown,25594,32,0,0,2,30,395,32,332,31,1,
DELAWARE,Milford,14028,111,3,5,7,96,512,44,425,43,0,
DELAWARE,Millsboro,7883,33,1,1,3,28,186,30,147,9,0,
DELAWARE,Milton,3793,10,0,0,1,9,38,4,33,1,0,
DELAWARE,Newark,30030,93,1,7,7,78,600,54,484,62,1,
DELAWARE,New Castle,5552,21,0,0,0,21,196,13,169,14,0,
DELAWARE,Newport,892,4,0,1,1,2,27,2,19,6,0,
DELAWARE,Ocean View,3035,2,0,0,0,2,17,1,13,3,0,
DELAWARE,Rehoboth Beach,1258,8,0,1,2,5,96,7,87,2,0,
DELAWARE,Seaford,8998,102,0,5,17,80,411,15,377,19,0,
DELAWARE,Selbyville,3286,3,0,0,1,2,47,5,41,1,0,
DELAWARE,Smyrna,13386,65,0,6,5,54,263,33,202,28,0,
DELAWARE,South Bethany,520,0,0,0,0,0,3,0,3,0,0,
DELAWARE,Townsend,2862,1,0,0,0,1,10,2,5,3,2,
DELAWARE,Viola,149,0,0,0,0,0,1,0,1,0,0,
DELAWARE,Wilmington,71958,811,25,5,183,598,2273,350,1440,483,2,
DELAWARE,Wyoming,1926,11,0,2,1,8,15,3,10,2,0,
DISTRICT OF COLUMBIA,Washington,702250,6502,179,239,3080,3004,25197,1671,18220,5306,0,
FLORIDA3,Altamonte Springs,44956,153,0,12,23,118,1039,75,911,53,0,
FLORIDA3,Apopka,60583,261,1,27,37,196,1404,288,968,148,4,
FLORIDA3,Arcadia,7986,41,5,5,4,27,109,28,80,1,0,
FLORIDA3,Astatula,2107,4,0,0,0,4,10,1,7,2,0,
FLORIDA3,Atlantic Beach,13079,21,0,1,1,19,195,17,169,9,0,
FLORIDA3,Auburndale,21677,47,1,3,6,37,459,62,386,11,0,
FLORIDA3,Aventura,38317,63,0,7,25,31,1567,56,1498,13,1,
FLORIDA3,Bartow,20948,103,1,9,14,79,375,78,272,25,3,
FLORIDA3,Bay Harbor Islands,5610,2,0,0,0,2,48,6,40,2,0,
FLORIDA3,Belleair,4568,1,0,1,0,0,30,0,26,4,0,
FLORIDA3,Belleair Beach,1612,1,0,0,0,1,6,0,6,0,0,
FLORIDA3,Belleair Bluffs,2277,4,0,2,1,1,15,4,10,1,0,
FLORIDA3,Belle Glade,16880,224,7,6,15,196,449,57,364,28,2,
FLORIDA3,Belleview,5881,25,6,3,1,15,177,42,129,6,0,
FLORIDA3,Blountstown,2275,8,0,0,0,8,34,7,23,4,0,
FLORIDA3,Boca Raton,100557,172,2,36,34,100,1686,156,1429,101,1,
FLORIDA3,Bowling Green,2464,1,0,0,0,1,16,6,9,1,0,
FLORIDA3,Boynton Beach,81473,340,3,30,63,244,1860,166,1615,79,4,
FLORIDA3,Bradenton,57503,258,4,23,30,201,1073,114,920,39,2,
FLORIDA3,Brooksville,10086,43,0,5,5,33,203,16,178,9,2,
FLORIDA3,Casselberry,31166,88,1,11,5,71,807,51,718,38,1,
FLORIDA3,Clewiston,7212,11,0,1,0,10,26,4,21,1,0,
FLORIDA3,Cocoa,20235,219,1,11,37,170,719,80,620,19,3,
FLORIDA3,Coral Springs,135157,185,4,36,27,118,1478,110,1334,34,1,
FLORIDA3,Crescent City,1709,1,0,1,0,0,23,7,16,0,0,
FLORIDA3,Crestview,29903,64,0,8,1,55,421,83,310,28,0,
FLORIDA3,Cutler Bay,43290,64,1,6,21,36,590,23,505,62,3,
FLORIDA3,Davenport,17456,13,0,3,0,10,60,17,40,3,0,
FLORIDA3,DeFuniak Springs,7053,27,0,1,3,23,158,12,140,6,0,
FLORIDA3,Delray Beach,67780,286,2,27,37,220,1783,117,1541,125,3,
FLORIDA3,Dunedin,35885,29,0,10,4,15,331,32,266,33,0,
FLORIDA3,Eatonville,2266,30,0,5,3,22,142,94,42,6,0,
FLORIDA3,Fellsmere,5032,3,0,0,1,2,30,9,19,2,0,
FLORIDA3,Florida City,12441,285,8,12,54,211,997,100,876,21,3,
FLORIDA3,Gainesville,147022,1085,7,126,196,756,3975,452,3371,152,13,
FLORIDA3,Greenacres City,44143,108,2,14,25,67,594,44,501,49,5,
FLORIDA3,Gulf Breeze,6991,1,0,0,0,1,22,4,18,0,0,
FLORIDA3,Gulfport,11618,36,0,4,7,25,254,39,197,18,1,
FLORIDA3,Haines City,41035,54,2,4,5,43,326,57,246,23,0,
FLORIDA3,Hialeah Gardens,22065,14,0,0,1,13,225,3,222,0,0,
FLORIDA3,Holmes Beach,3032,1,0,1,0,0,38,5,29,4,0,
FLORIDA3,Indian Harbour Beach,9020,13,0,0,0,13,47,8,39,0,0,
FLORIDA3,Indian Rocks Beach,3629,5,0,0,1,4,59,6,44,9,0,
FLORIDA3,Indian Shores,3352,0,0,0,0,0,15,2,11,2,0,
FLORIDA3,Juno Beach,3868,3,0,2,1,0,27,2,25,0,0,
FLORIDA3,Jupiter Inlet Colony,434,0,0,0,0,0,1,0,1,0,0,
FLORIDA3,Jupiter Island,834,1,0,0,1,0,5,1,4,0,0,
FLORIDA3,Key Biscayne,14306,8,0,4,0,4,111,6,98,7,0,
FLORIDA3,Key West,24697,87,0,13,8,66,558,53,491,14,2,
FLORIDA3,Kissimmee,81967,403,2,52,57,292,1553,215,1288,50,4,
FLORIDA3,Lake Alfred,7649,6,0,0,1,5,78,24,46,8,0,
FLORIDA3,Lake Hamilton,1675,2,0,0,0,2,38,6,29,3,0,
FLORIDA3,Lake Helen,3005,7,0,0,0,7,5,3,2,0,0,
FLORIDA3,Lake Mary,16669,23,0,4,1,18,173,23,146,4,0,
FLORIDA3,Lake Park,8959,52,2,4,10,36,615,38,560,17,0,
FLORIDA3,Lake Wales,16813,41,0,4,3,34,257,32,200,25,0,
FLORIDA3,Lake Worth,41324,302,4,25,87,186,1098,123,858,117,5,
FLORIDA3,Leesburg,33435,127,4,14,19,90,728,95,581,52,4,
FLORIDA3,Lighthouse Point,10512,5,0,0,1,4,145,2,126,17,0,
FLORIDA3,Longboat Key,7484,0,0,0,0,0,31,4,27,0,0,
FLORIDA3,Longwood,17298,42,0,3,9,30,236,34,191,11,1,
FLORIDA3,Loxatachee Groves,3484,11,0,3,1,7,48,8,31,9,0,
FLORIDA3,Lynn Haven,21152,30,1,4,3,22,136,18,112,6,0,
FLORIDA3,Madeira Beach,4036,13,0,1,0,12,96,19,69,8,0,
FLORIDA3,Maitland,19136,24,0,4,2,18,259,51,185,23,0,
FLORIDA3,Mangonia Park,2755,26,0,2,5,19,143,8,123,12,3,
FLORIDA3,Marco Island,16362,10,0,5,0,5,67,1,63,3,1,
FLORIDA3,Marianna,7670,16,0,3,1,12,74,28,46,0,1,
FLORIDA3,Miami,460392,2179,28,108,439,1604,13789,1355,10545,1889,46,
FLORIDA3,Miami Gardens,110466,458,13,22,81,342,2684,162,2126,396,9,
FLORIDA3,Miami Lakes,31511,32,0,2,5,25,414,19,302,93,0,
FLORIDA3,Miami Shores,11476,29,0,4,9,16,423,29,363,31,1,
FLORIDA3,Neptune Beach,6914,9,0,0,1,8,81,6,68,7,0,
FLORIDA3,North Miami Beach,42574,248,4,17,83,144,1240,155,1010,75,3,
FLORIDA3,North Palm Beach,13082,11,0,2,0,9,72,8,57,7,0,
FLORIDA3,North Port,93930,88,0,23,4,61,734,48,670,16,0,
FLORIDA3,North Redington Beach,1465,1,0,0,0,1,8,4,4,0,0,
FLORIDA3,Ocala,70046,350,5,34,41,270,2136,192,1921,23,3,
FLORIDA3,Ocean Ridge,1845,0,0,0,0,0,15,2,11,2,0,
FLORIDA3,Oldsmar,14801,18,1,2,4,11,272,23,237,12,0,
FLORIDA3,Oviedo,41656,44,0,7,4,33,243,41,196,6,0,
FLORIDA3,Pahokee,5567,63,2,2,2,57,125,10,103,12,3,
FLORIDA3,Palatka,10816,29,0,1,3,25,404,22,371,11,1,
FLORIDA3,Palm Bay,141137,490,11,67,73,339,1436,324,1023,89,3,
FLORIDA3,Palm Beach,9262,16,0,6,0,10,118,26,90,2,0,
FLORIDA3,Palm Beach Shores,1324,1,0,0,0,1,29,3,26,0,0,
FLORIDA3,Palmetto,13662,83,1,6,15,61,243,34,187,22,1,
FLORIDA3,Palmetto Bay,24245,36,0,4,12,20,489,23,433,33,1,
FLORIDA3,Panama City,36646,238,3,21,9,205,802,147,616,39,1,
FLORIDA3,Parker,4876,17,0,3,0,14,95,9,83,3,0,
FLORIDA3,Pinellas Park,53481,125,3,14,22,86,1180,103,986,91,2,
FLORIDA3,Plantation,98100,206,7,12,48,139,2230,93,1852,285,2,
FLORIDA3,Riviera Beach,39021,368,7,24,62,275,1417,262,999,156,8,
FLORIDA3,Royal Palm Beach,39654,63,0,12,8,43,586,21,542,23,0,
FLORIDA3,Safety Harbor,16924,22,0,5,4,13,117,16,94,7,2,
FLORIDA3,Sanford,66900,363,4,27,62,270,1507,175,1198,134,2,
FLORIDA3,Sarasota,58432,321,7,23,50,241,944,144,794,6,0,
FLORIDA3,Sebastian,27445,42,1,10,2,29,247,11,221,15,0,
FLORIDA3,Seminole,19201,37,0,7,3,27,360,32,297,31,0,
FLORIDA3,South Bay,4891,49,1,6,3,39,105,12,88,5,1,
FLORIDA3,South Miami,12106,54,2,2,11,39,262,53,202,7,0,
FLORIDA3,South Palm Beach,1454,1,0,0,1,0,8,4,4,0,0,
FLORIDA3,South Pasadena,5268,8,0,4,0,4,67,6,57,4,0,
FLORIDA3,Springfield,8330,67,0,12,4,51,181,47,125,9,0,
FLORIDA3,St. Cloud,68966,130,2,13,7,108,523,91,417,15,1,
FLORIDA3,St. Pete Beach,8687,27,0,7,4,16,185,27,139,19,0,
FLORIDA3,St. Petersburg,264999,1642,18,115,216,1293,6516,555,5379,582,12,
FLORIDA3,Stuart,20109,62,1,12,6,43,432,21,408,3,1,
FLORIDA3,Sunny Isles Beach,21762,29,0,4,7,18,260,22,230,8,1,
FLORIDA3,Sweetwater,20733,21,0,0,11,10,429,10,345,74,0,
FLORIDA3,Tampa,408646,1817,36,171,241,1369,5988,684,4718,586,27,
FLORIDA3,Tarpon Springs,26119,62,1,14,7,40,406,32,348,26,3,
FLORIDA3,Tavares,21790,14,0,2,1,11,53,11,41,1,0,
FLORIDA3,Temple Terrace,27062,113,1,8,11,93,447,93,324,30,1,
FLORIDA3,Tequesta,6128,7,0,0,0,7,28,1,27,0,0,
FLORIDA3,Titusville,49970,259,0,20,21,218,640,126,511,3,2,
FLORIDA3,Treasure Island,6504,12,0,5,2,5,119,17,85,17,0,
FLORIDA3,Vero Beach,17622,8,0,2,1,5,48,5,43,0,0,
FLORIDA3,Village of Pinecrest,17963,17,0,0,4,13,314,30,281,3,0,
FLORIDA3,Wauchula,4958,14,0,0,2,12,43,18,22,3,0,
FLORIDA3,Wellington,61652,80,2,16,7,55,490,35,393,62,2,
FLORIDA3,Westlake,6121,4,0,1,0,3,61,12,47,2,0,
FLORIDA3,West Melbourne,30057,46,0,4,7,35,360,18,335,7,0,
FLORIDA3,West Palm Beach,126427,728,10,75,201,442,2703,389,2278,36,16,
FLORIDA3,Winter Haven,59450,140,4,3,14,119,921,96,760,65,1,
FLORIDA3,Winter Park,29853,61,0,8,15,38,590,70,448,72,2,
GEORGIA,Acworth,22364,6,0,3,0,3,269,5,259,5,0,
GEORGIA,Adairsville,5107,6,0,0,1,5,75,5,63,7,1,
GEORGIA,Albany,66169,545,17,39,35,454,1064,136,818,110,7,
GEORGIA,Alma,3488,19,0,4,2,13,155,37,109,9,4,
GEORGIA,Alpharetta,67788,169,1,15,8,145,781,51,691,39,1,
GEORGIA,Alto,1005,0,0,0,0,0,3,1,2,0,0,
GEORGIA,Americus,15541,257,5,10,14,228,611,95,487,29,1,
GEORGIA,Arcade,2008,4,0,1,1,2,28,4,23,1,0,
GEORGIA,Athens-Clarke County,129765,527,5,57,53,412,2954,290,2445,219,17,
GEORGIA,Auburn,10527,0,0,0,0,0,56,19,33,4,0,
GEORGIA,Bainbridge,14402,70,2,12,9,47,453,78,336,39,2,
GEORGIA,Bartow,177,0,0,0,0,0,0,0,0,0,0,
GEORGIA,Baxley,4934,10,0,1,2,7,167,39,117,11,2,
GEORGIA,Blackshear,3694,6,1,2,0,3,37,7,27,3,0,
GEORGIA,Blairsville,850,0,0,0,0,0,15,1,14,0,0,
GEORGIA,Blakely,5178,41,1,2,0,38,108,25,76,7,0,
GEORGIA,Bloomingdale,3219,5,2,2,0,1,35,4,19,12,0,
GEORGIA,Boston,1218,1,0,0,0,1,4,0,4,0,1,
GEORGIA,Bowdon,2229,2,0,0,2,0,22,4,18,0,0,
GEORGIA,Braselton,16240,20,1,2,3,14,108,4,97,7,0,
GEORGIA,Braswell ,370,0,0,0,0,0,0,0,0,0,0,
GEORGIA,Bremen,7879,8,0,4,0,4,145,22,119,4,0,
GEORGIA,Brookhaven,58329,177,5,17,64,91,1307,167,1015,125,7,
GEORGIA,Brooklet,2189,0,0,0,0,0,7,2,5,0,0,
GEORGIA,Broxton,1081,2,0,0,1,1,5,2,3,0,0,
GEORGIA,Buchanan,966,0,0,0,0,0,0,0,0,0,0,
GEORGIA,Byron,6277,10,0,3,2,5,67,8,53,6,1,
GEORGIA,Cairo,9953,24,2,4,6,12,247,34,201,12,3,
GEORGIA,Camilla,5063,9,0,1,2,6,76,6,65,5,1,
GEORGIA,Canon,705,0,0,0,0,0,1,0,1,0,0,
GEORGIA,Canton,38085,65,0,7,2,56,289,20,261,8,0,
GEORGIA,Carrollton,28124,44,0,11,7,26,498,36,440,22,0,
GEORGIA,Cartersville,25543,67,1,14,10,42,431,29,379,23,2,
GEORGIA,Cave Spring,1210,4,0,0,0,4,9,0,7,2,0,
GEORGIA,Cecil,281,0,0,0,0,0,1,0,1,0,0,
GEORGIA,Cedartown,10338,38,0,5,1,32,206,20,177,9,1,
GEORGIA,Chamblee,32423,203,4,13,61,125,1152,116,899,137,7,
GEORGIA,Chatsworth,4882,6,0,0,0,6,26,1,24,1,0,
GEORGIA,Chickamauga,3106,0,0,0,0,0,13,3,10,0,0,
GEORGIA,Claxton,2431,8,0,0,3,5,72,4,65,3,0,
GEORGIA,Clayton,2086,7,0,3,0,4,59,10,46,3,1,
GEORGIA,Cleveland,3546,1,0,0,1,0,63,2,61,0,1,
GEORGIA,Cochran,4664,9,0,0,0,9,105,21,79,5,1,
GEORGIA,College Park,13916,193,9,9,33,142,1022,95,745,182,0,
GEORGIA,Columbus,201061,1214,26,51,102,1035,4495,711,3289,495,6,
GEORGIA,Conyers,20274,76,0,14,19,43,502,46,405,51,0,
GEORGIA,Coolidge,530,2,0,0,1,1,9,0,9,0,0,
GEORGIA,Cordele,9762,108,1,2,16,89,412,47,321,44,3,
GEORGIA,Covington,14825,96,1,7,5,83,566,54,460,52,2,
GEORGIA,Dallas,15276,15,0,0,4,11,89,12,70,7,0,
GEORGIA,Dalton,34537,84,0,18,11,55,657,61,561,35,3,
GEORGIA,Danielsville,850,0,0,0,0,0,6,1,4,1,0,
GEORGIA,Dawson,4140,20,0,0,1,19,42,15,25,2,1,
GEORGIA,Decatur,24112,32,0,3,15,14,547,67,430,50,1,
GEORGIA,Demorest,2054,1,0,1,0,0,5,2,3,0,0,
GEORGIA,Doerun,712,2,0,0,1,1,14,4,7,3,0,
GEORGIA,Donalsonville,2822,4,0,0,1,3,22,4,17,1,0,
GEORGIA,Doraville,10837,61,0,3,17,41,566,49,451,66,2,
GEORGIA,Douglasville,40595,216,3,30,27,156,1882,178,1644,60,1,
GEORGIA,Duluth,32511,55,0,6,3,46,388,22,347,19,1,
GEORGIA,Dunwoody ,51752,116,1,8,26,81,1694,108,1486,100,1,
GEORGIA,East Ellijay,1799,5,0,0,0,5,38,1,36,1,0,
GEORGIA,Eastman,5538,17,0,2,7,8,297,27,266,4,1,
GEORGIA,East Point,38222,460,30,21,100,309,2548,266,1841,441,2,
GEORGIA,Eatonton,6661,8,0,0,1,7,90,6,84,0,2,
GEORGIA,Elberton,4827,38,0,3,0,35,122,17,96,9,0,
GEORGIA,Ellaville,1526,3,0,2,1,0,20,7,13,0,0,
GEORGIA,Ellijay,1978,3,0,0,0,3,26,2,22,2,0,
GEORGIA,Emerson,1431,3,0,0,0,3,13,2,10,1,0,
GEORGIA,Eton,852,0,0,0,0,0,0,0,0,0,0,
GEORGIA,Euharlee,4132,7,0,2,0,5,35,2,33,0,0,
GEORGIA,Fairburn,16784,17,1,0,3,13,175,27,122,26,0,
GEORGIA,Fayetteville,20451,32,2,9,2,19,520,24,475,21,1,
GEORGIA,Fitzgerald,8922,35,1,8,2,24,300,20,252,28,1,
GEORGIA,Flowery Branch,12402,9,0,5,0,4,104,8,90,6,0,
GEORGIA,Folkston,4738,3,0,0,0,3,23,1,20,2,0,
GEORGIA,Forest Park,19232,110,6,4,21,79,551,71,368,112,4,
GEORGIA,Fort Oglethorpe,10679,16,0,1,0,15,318,9,298,11,1,
GEORGIA,Franklin,967,1,0,1,0,0,8,1,7,0,0,
GEORGIA,Franklin Springs,1199,0,0,0,0,0,3,0,3,0,0,
GEORGIA,Gainesville,48944,239,6,38,40,155,1126,72,976,78,7,
GEORGIA,Garden City,10363,84,0,2,10,72,333,28,237,68,1,
GEORGIA,Grantville,3337,4,0,1,0,3,19,2,14,3,0,
GEORGIA,Gray,3534,0,0,0,0,0,18,0,18,0,0,
GEORGIA,Greensboro,3598,9,0,0,1,8,29,4,19,6,1,
GEORGIA,Griffin,24238,234,3,20,22,189,805,101,629,75,3,
GEORGIA,Grovetown,18169,10,0,2,0,8,36,5,30,1,1,
GEORGIA,Hahira,3484,14,1,2,1,10,41,4,32,5,0,
GEORGIA,Hamilton,1790,2,0,0,1,1,2,0,2,0,0,
GEORGIA,Hampton,9440,24,0,3,1,20,32,1,26,5,0,
GEORGIA,Hartwell,4698,19,1,1,2,15,101,11,83,7,1,
GEORGIA,Hazlehurst,4066,21,1,3,3,14,140,36,99,5,0,
GEORGIA,Hephzibah,3811,5,0,1,0,4,73,14,53,6,1,
GEORGIA,Hinesville,36562,251,1,16,32,202,889,77,765,47,3,
GEORGIA,Hiram,5492,12,0,4,1,7,272,12,246,14,0,
GEORGIA,Hogansville,3227,7,0,0,0,7,32,5,25,2,0,
GEORGIA,Holly Springs,20625,1,0,1,0,0,100,2,96,2,0,
GEORGIA,Homerville,2325,3,1,0,1,1,11,3,8,0,0,
GEORGIA,Jasper,5298,4,0,3,0,1,63,6,55,2,0,
GEORGIA,Jefferson,16643,6,0,3,0,3,76,6,65,5,1,
GEORGIA,Johns Creek,81056,29,0,2,7,20,435,39,371,25,0,
GEORGIA,Kennesaw,35138,89,2,6,3,78,297,58,205,34,0,
GEORGIA,Kingsland,21064,31,1,10,2,18,233,16,194,23,1,
GEORGIA,Kingston,968,0,0,0,0,0,1,1,0,0,0,
GEORGIA,LaGrange,32833,207,1,43,30,133,1471,152,1206,113,1,
GEORGIA,Lake City,2876,13,0,1,3,9,80,19,45,16,1,
GEORGIA,Lavonia,2179,15,0,0,1,14,67,7,56,4,0,
GEORGIA,Lawrenceville,31160,101,3,12,16,70,677,124,512,41,2,
GEORGIA,Leary,495,0,0,0,0,0,0,0,0,0,0,
GEORGIA,Leesburg,3575,2,0,0,2,0,14,4,10,0,0,
GEORGIA,Leslie,336,0,0,0,0,0,0,0,0,0,0,
GEORGIA,Lilburn,16426,29,1,1,9,18,374,47,298,29,0,
GEORGIA,Lithonia,2558,9,0,0,2,7,67,7,44,16,0,
GEORGIA,Locust Grove,11978,31,0,16,5,10,355,23,308,24,0,
GEORGIA,Loganville,17366,11,0,3,3,5,153,12,118,23,1,
GEORGIA,Lookout Mountain,1680,1,0,0,0,1,4,0,3,1,0,
GEORGIA,Madison,5154,7,0,0,0,7,113,14,92,7,0,
GEORGIA,Manchester,3511,9,0,0,0,9,151,74,74,3,0,
GEORGIA,Marietta,63354,189,6,17,25,141,1147,115,897,135,3,
GEORGIA,McDonough,33140,111,1,30,16,64,870,55,708,107,0,
GEORGIA,McRae-Helena,4378,17,0,0,0,17,48,17,30,1,2,
GEORGIA,Metter,3977,13,0,2,3,8,91,25,62,4,0,
GEORGIA,Midville,379,0,0,0,0,0,4,1,2,1,0,
GEORGIA,Milledgeville,16302,100,0,10,6,84,534,80,430,24,4,
GEORGIA,Millen,2962,16,1,1,1,13,29,4,21,4,0,
GEORGIA,Milner,828,0,0,0,0,0,0,0,0,0,0,
GEORGIA,Milton,41603,39,0,5,5,29,187,16,164,7,2,
GEORGIA,Monroe,16241,52,3,3,8,38,265,22,234,9,0,
GEORGIA,Morrow,6307,35,0,3,9,23,409,39,313,57,0,
GEORGIA,Moultrie,14546,169,2,8,18,141,714,93,579,42,2,
GEORGIA,Mount Zion,2110,0,0,0,0,0,8,1,6,1,0,
GEORGIA,Nashville,4949,21,0,3,2,16,116,26,81,9,3,
GEORGIA,Newington,297,2,0,0,0,2,7,1,6,0,0,
GEORGIA,Newnan,45655,252,3,28,17,204,796,64,695,37,0,
GEORGIA,Norcross,18213,51,2,9,14,26,455,61,355,39,4,
GEORGIA,Oakwood,7029,12,1,4,1,6,137,11,110,16,1,
GEORGIA,Ocilla,2791,8,1,0,2,5,63,9,48,6,2,
GEORGIA,Omega,1320,3,0,1,0,2,6,0,6,0,0,
GEORGIA,Oxford,2291,0,0,0,0,0,10,1,9,0,1,
GEORGIA,Palmetto,5024,3,0,2,0,1,23,2,19,2,0,
GEORGIA,Peachtree City,40820,9,0,1,2,6,333,23,300,10,1,
GEORGIA,Pelham,3413,20,0,1,1,18,93,8,80,5,1,
GEORGIA,Pendergrass ,1839,4,0,0,0,4,5,1,3,1,0,
GEORGIA,Perry,25159,39,0,4,2,33,438,25,390,23,3,
GEORGIA,Pine Mountain,1301,5,0,1,0,4,12,0,11,1,0,
GEORGIA,Pooler,30962,33,0,2,4,27,523,35,453,35,1,
GEORGIA,Porterdale,1912,4,1,1,1,1,24,2,18,4,0,
GEORGIA,Port Wentworth,15911,27,1,4,6,16,205,18,138,49,0,
GEORGIA,Richmond Hill,19051,22,0,4,4,14,213,21,163,29,1,
GEORGIA,Rincon,11833,10,0,4,0,6,63,5,54,4,0,
GEORGIA,Ringgold,3444,7,0,1,1,5,83,2,72,9,0,
GEORGIA,Rockmart,5274,16,0,2,0,14,115,14,95,6,1,
GEORGIA,Rome,38257,299,3,31,31,234,1222,119,999,104,10,
GEORGIA,Roswell,91789,147,2,18,23,104,937,95,784,58,9,
GEORGIA,Sandy Springs,105580,147,1,24,16,106,1542,209,1182,151,1,
GEORGIA,Savannah,241780,49,23,25,0,1,0,0,0,0,0,
GEORGIA,Senoia,6263,1,0,0,0,1,13,0,12,1,0,
GEORGIA,Shiloh,429,0,0,0,0,0,31,30,0,1,0,
GEORGIA,Smyrna,56700,129,2,14,15,98,744,143,501,100,1,
GEORGIA,Snellville,22586,42,1,5,8,28,468,20,411,37,3,
GEORGIA,Soperton,2906,17,0,0,4,13,33,3,29,1,0,
GEORGIA,South Fulton,112441,529,25,22,71,411,2145,245,1426,474,16,
GEORGIA,Springfield,3507,6,0,1,1,4,23,2,17,4,0,
GEORGIA,Stapleton,399,0,0,0,0,0,0,0,0,0,0,
GEORGIA,Statesboro,34788,129,3,9,19,98,779,52,669,58,1,
GEORGIA,Statham,3192,3,0,1,1,1,15,3,11,1,1,
GEORGIA,St. Marys,19882,58,1,14,3,40,226,19,186,21,2,
GEORGIA,Stockbridge,35352,136,0,22,14,100,776,76,592,108,2,
GEORGIA,Stone Mountain,6505,35,0,1,1,33,122,18,68,36,0,
GEORGIA,Summerville,4426,13,0,0,1,12,67,13,50,4,1,
GEORGIA,Suwanee,23585,30,1,6,5,18,733,19,703,11,1,
GEORGIA,Sylvania,2628,1,0,0,0,1,11,2,9,0,0,
GEORGIA,Sylvester,5379,11,1,3,2,5,70,6,63,1,0,
GEORGIA,Temple,6836,4,0,2,0,2,67,14,43,10,0,
GEORGIA,Thomaston,9893,30,2,8,3,17,241,20,208,13,2,
GEORGIA,Thomasville,18457,122,1,21,13,87,606,84,467,55,1,
GEORGIA,Thunderbolt,2535,0,0,0,0,0,13,0,9,4,0,
GEORGIA,Toccoa,9348,21,2,3,0,16,258,24,216,18,1,
GEORGIA,Tyrone,8025,4,0,0,1,3,37,4,30,3,0,
GEORGIA,Valdosta,54896,305,4,27,63,211,2239,250,1855,134,3,
GEORGIA,Vidalia,10724,77,4,8,10,55,501,67,406,28,2,
GEORGIA,Wadley,1547,9,0,1,0,8,34,3,30,1,0,
GEORGIA,Warner Robins,85900,572,7,28,65,472,2560,309,2043,208,12,
GEORGIA,Warwick,489,0,0,0,0,0,2,0,2,0,0,
GEORGIA,Waycross,13644,141,1,15,16,109,686,77,568,41,2,
GEORGIA,Winder,20117,40,0,2,6,32,236,10,206,20,1,
GEORGIA,Woodstock,39613,22,1,3,2,16,406,10,377,19,1,
HAWAII,Honolulu,992973,1839,15,294,511,1019,17770,1503,12622,3645,183,
IDAHO,American Falls,4857,13,0,2,0,11,14,4,9,1,0,
IDAHO,Bellevue,2579,5,0,2,0,3,12,5,3,4,0,
IDAHO,Blackfoot,13196,38,0,2,1,35,120,32,79,9,1,
IDAHO,Boise,235223,691,3,167,37,484,2611,252,2053,306,28,
IDAHO,Bonners Ferry,2754,5,0,1,0,4,27,6,21,0,0,
IDAHO,Buhl,4765,4,0,0,0,4,16,4,11,1,1,
IDAHO,Caldwell,71115,322,1,61,4,256,695,105,524,66,4,
IDAHO,Challis,934,8,0,1,0,7,9,3,6,0,0,
IDAHO,Chubbuck,16600,44,0,4,0,40,446,41,391,14,0,
IDAHO,Coeur d'Alene,57561,139,0,53,7,79,550,57,465,28,5,
IDAHO,Emmett,8766,30,0,2,0,28,36,13,22,1,0,
IDAHO,Fruitland,7157,7,0,0,1,6,39,13,24,2,0,
IDAHO,Garden City,12956,85,0,11,1,73,186,21,148,17,2,
IDAHO,Gooding,3831,15,0,0,0,15,37,11,22,4,1,
IDAHO,Grangeville,3719,3,0,0,0,3,10,2,8,0,0,
IDAHO,Hagerman,994,2,0,0,0,2,2,0,2,0,0,
IDAHO,Hailey,10039,18,0,3,0,15,48,15,31,2,2,
IDAHO,Heyburn,3734,13,0,2,0,11,23,2,18,3,0,
IDAHO,Idaho Falls,68716,245,3,49,7,186,831,212,532,87,4,
IDAHO,Jerome,13399,15,1,3,0,11,93,10,61,22,0,
IDAHO,Kellogg,2495,7,0,1,0,6,13,3,9,1,0,
IDAHO,Ketchum,3628,4,0,0,0,4,31,3,28,0,0,
IDAHO,Kimberly,5618,3,0,3,0,0,20,3,12,5,0,
IDAHO,Lewiston,35036,67,0,23,4,40,460,102,311,47,2,
IDAHO,McCall,4188,13,0,0,0,13,52,15,36,1,2,
IDAHO,Meridian,140353,206,1,42,15,148,802,73,677,52,6,
IDAHO,Middleton,11550,15,0,4,0,11,69,11,50,8,0,
IDAHO,Montpelier,2742,0,0,0,0,0,21,2,19,0,1,
IDAHO,Moscow,26684,5,0,0,0,5,271,29,236,6,0,
IDAHO,Mountain Home,16927,34,1,8,2,23,89,12,74,3,0,
IDAHO,Nampa,118950,420,3,92,18,307,883,180,605,98,7,
IDAHO,Osburn,1688,4,0,0,0,4,11,1,8,2,0,
IDAHO,Parma,2168,6,0,1,1,4,9,1,7,1,0,
IDAHO,Payette,8790,26,0,2,0,24,87,13,68,6,3,
IDAHO,Plummer,1147,1,0,1,0,0,15,3,10,2,0,
IDAHO,Pocatello,58618,200,0,23,9,168,930,149,697,84,5,
IDAHO,Ponderay,2242,1,0,1,0,0,10,0,10,0,0,
IDAHO,Post Falls,46835,71,1,4,5,61,301,41,238,22,1,
IDAHO,Preston,6282,4,0,0,1,3,24,2,22,0,1,
IDAHO,Priest River,1852,2,0,1,0,1,7,0,4,3,0,
IDAHO,Rathdrum,12467,8,0,1,0,7,106,17,84,5,0,
IDAHO,Rexburg,40164,28,1,9,0,18,210,16,186,8,4,
IDAHO,Rigby,5756,10,0,0,0,10,68,12,54,2,1,
IDAHO,Rupert,6399,41,0,5,0,36,48,5,39,4,0,
IDAHO,Salmon,3357,4,0,0,0,4,6,0,5,1,0,
IDAHO,Sandpoint,10498,9,0,1,0,8,105,17,80,8,1,
IDAHO,Shelley,5305,11,0,4,0,7,47,16,31,0,0,
IDAHO,Soda Springs,3188,1,0,0,0,1,10,3,7,0,0,
IDAHO,Spirit Lake,2525,6,0,1,0,5,18,1,17,0,0,
IDAHO,St. Anthony,4137,7,0,0,0,7,19,2,13,4,1,
IDAHO,St. Maries,2511,7,0,0,0,7,9,0,9,0,0,
IDAHO,Sun Valley,1764,1,0,1,0,0,8,0,8,0,0,
IDAHO,Twin Falls,55932,233,3,51,5,174,630,54,530,46,3,
IDAHO,Weiser,6194,8,0,0,0,8,3,1,2,0,0,
IDAHO,Wendell,3039,7,0,1,0,6,15,1,11,3,0,
ILLINOIS,Addison,35011,49,0,17,8,24,313,78,189,46,1,
ILLINOIS,Albers,1111,0,0,0,0,0,0,0,0,0,0,
ILLINOIS,Albion,1845,1,0,1,0,0,6,1,5,0,0,
ILLINOIS,Aledo,3553,4,0,2,1,1,15,3,12,0,0,
ILLINOIS,Algonquin,30289,18,0,9,0,9,357,35,312,10,2,
ILLINOIS,Alsip,17941,52,0,23,20,9,548,141,299,108,5,
ILLINOIS,Altamont,2178,3,0,2,0,1,25,3,22,0,1,
ILLINOIS,Alton,24809,239,3,34,29,173,662,234,369,59,6,
ILLINOIS,Amboy,2223,2,0,0,0,2,2,2,0,0,0,
ILLINOIS,Anna,4088,18,0,1,0,17,115,9,99,7,1,
ILLINOIS,Annawan,861,0,0,0,0,0,3,3,0,0,0,
ILLINOIS,Antioch,14907,6,0,2,1,3,79,6,65,8,0,
ILLINOIS,Arcola,2877,10,1,2,0,7,15,7,8,0,0,
ILLINOIS,Arlington Heights,73545,37,0,10,8,19,647,118,473,56,11,
ILLINOIS,Arthur,2259,11,0,2,0,9,10,5,5,0,0,
ILLINOIS,Ashland,1164,0,0,0,0,0,0,0,0,0,0,
ILLINOIS,Assumption,1103,0,0,0,0,0,0,0,0,0,0,
ILLINOIS,Athens,1886,7,0,2,0,5,6,2,4,0,0,
ILLINOIS,Atkinson,932,2,0,0,0,2,11,5,5,1,0,
ILLINOIS,Atwood,1094,4,0,1,0,3,11,10,1,0,0,
ILLINOIS,Auburn,4411,10,0,1,1,8,22,11,11,0,0,
ILLINOIS,Aurora,176688,470,1,100,64,305,2212,448,1306,458,7,
ILLINOIS,Aviston,2446,1,0,0,0,1,1,0,1,0,0,
ILLINOIS,Bannockburn,1003,0,0,0,0,0,9,1,8,0,0,
ILLINOIS,Barrington,10402,11,1,4,2,4,85,20,54,11,3,
ILLINOIS,Barrington Hills,3993,2,0,0,1,1,13,3,9,1,0,
ILLINOIS,Bartlett,39656,11,0,5,0,6,155,41,105,9,0,
ILLINOIS,Bartonville,5730,22,0,6,2,14,116,31,77,8,1,
ILLINOIS,Batavia,26208,24,0,7,2,15,197,51,139,7,0,
ILLINOIS,Bedford Park,578,12,0,4,3,5,396,11,340,45,0,
ILLINOIS,Beecher,4681,2,0,2,0,0,18,3,12,3,0,
ILLINOIS,Belleville,40225,214,6,31,15,162,729,234,363,132,9,
ILLINOIS,Bellwood,17623,54,2,4,18,30,211,50,112,49,1,
ILLINOIS,Belvidere,25302,38,0,7,4,27,111,28,70,13,1,
ILLINOIS,Bensenville,18220,23,0,9,4,10,212,61,110,41,0,
ILLINOIS,Berkeley,5015,4,0,1,0,3,31,11,17,3,1,
ILLINOIS,Berwyn,53581,64,0,8,31,25,607,70,430,107,4,
ILLINOIS,Bethalto,9125,8,0,1,1,6,72,18,49,5,0,
ILLINOIS,Bloomingdale,22280,16,0,7,0,9,309,55,250,4,2,
ILLINOIS,Blue Island,21179,92,3,11,23,55,569,136,260,173,1,
ILLINOIS,Blue Mound,1076,0,0,0,0,0,0,0,0,0,0,
ILLINOIS,Bluffs,583,0,0,0,0,0,0,0,0,0,0,
ILLINOIS,Bolingbrook,74177,135,1,33,13,88,578,179,324,75,6,
ILLINOIS,Bourbonnais,18021,23,0,4,2,17,125,46,79,0,0,
ILLINOIS,Bradley,15224,41,2,7,3,29,356,81,275,0,0,
ILLINOIS,Braidwood,6168,4,0,1,0,3,24,5,17,2,0,
ILLINOIS,Breese,4579,2,0,1,0,1,7,4,3,0,0,
ILLINOIS,Bridgeport,1673,3,0,1,0,2,13,3,8,2,0,
ILLINOIS,Brookfield,18330,17,0,4,5,8,118,37,62,19,0,
ILLINOIS,Buffalo Grove,42283,9,0,2,2,5,303,49,232,22,6,
ILLINOIS,Bull Valley,1111,0,0,0,0,0,0,0,0,0,0,
ILLINOIS,Burbank,27784,55,0,15,17,23,546,106,359,81,1,
ILLINOIS,Burr Ridge,10971,3,0,1,0,2,95,25,67,3,1,
ILLINOIS,Byron,3768,4,0,1,0,3,10,0,9,1,0,
ILLINOIS,Calumet Park,6586,65,0,11,23,31,232,22,138,72,1,
ILLINOIS,Cambridge,2034,0,0,0,0,0,5,3,2,0,0,
ILLINOIS,Campton Hills,10768,1,0,1,0,0,5,2,3,0,0,
ILLINOIS,Carbondale,21494,216,2,51,24,139,792,235,482,75,12,
ILLINOIS,Carlinville,5480,24,0,3,1,20,157,24,117,16,2,
ILLINOIS,Carlyle,3180,4,0,1,0,3,31,12,18,1,0,
ILLINOIS,Carmi,4639,20,0,7,0,13,53,9,40,4,1,
ILLINOIS,Carol Stream,38703,27,1,12,3,11,275,38,207,30,1,
ILLINOIS,Carpentersville,36833,41,0,14,3,24,287,76,199,12,1,
ILLINOIS,Carrier Mills,1585,2,0,0,0,2,22,7,10,5,0,
ILLINOIS,Cary,18035,2,0,2,0,0,86,18,63,5,0,
ILLINOIS,Casey,2332,5,0,2,0,3,30,8,21,1,0,
ILLINOIS,Caseyville,4348,10,0,4,3,3,50,8,35,7,0,
ILLINOIS,Catlin,1905,1,0,0,0,1,3,0,3,0,0,
ILLINOIS,Centralia,11748,78,0,7,5,66,303,97,173,33,3,
ILLINOIS,Champaign,89466,449,5,61,82,301,2039,514,1317,208,7,
ILLINOIS,Channahon,14366,11,0,2,0,9,71,18,43,10,1,
ILLINOIS,Charleston,16957,61,0,21,1,39,304,103,189,12,0,
ILLINOIS,Chatham,14562,15,0,3,0,12,72,13,57,2,0,
ILLINOIS,Chenoa,1683,1,0,0,0,1,9,3,5,1,0,
ILLINOIS,Cherry,426,0,0,0,0,0,1,1,0,0,0,
ILLINOIS,Cherry Valley,2853,11,0,3,1,7,132,18,108,6,0,
ILLINOIS,Chester,6706,3,0,1,0,2,18,5,12,1,0,
ILLINOIS,Chicago,2638698,14245,461,1551,8847,3386,91626,7778,61185,22663,462,
ILLINOIS,Chicago Heights,25802,318,5,12,68,233,705,174,378,153,2,
ILLINOIS,Chicago Ridge,13658,39,0,11,6,22,245,27,183,35,3,
ILLINOIS,Chillicothe,5934,9,0,3,0,6,56,9,44,3,1,
ILLINOIS,Christopher,2622,3,0,0,0,3,86,29,50,7,0,
ILLINOIS,Cicero,79748,277,4,12,97,164,984,335,344,305,9,
ILLINOIS,Clarendon Hills,8520,0,0,0,0,0,37,7,26,4,0,
ILLINOIS,Clinton,6876,18,0,7,1,10,128,11,107,10,1,
ILLINOIS,Coal City,5813,6,0,3,0,3,21,1,16,4,0,
ILLINOIS,Coal Valley,3800,1,0,1,0,0,30,15,8,7,0,
ILLINOIS,Colfax,975,0,0,0,0,0,0,0,0,0,0,
ILLINOIS,Collinsville,23599,46,0,15,3,28,415,130,243,42,2,
ILLINOIS,Colona,4958,3,0,1,0,2,42,14,27,1,2,
ILLINOIS,Cortland,4519,2,0,2,0,0,21,1,15,5,0,
ILLINOIS,Coulterville,825,0,0,0,0,0,3,0,3,0,0,
ILLINOIS,Country Club Hills,15787,52,3,2,10,37,402,104,243,55,0,
ILLINOIS,Countryside,6064,9,0,5,1,3,149,24,113,12,0,
ILLINOIS,Cowden,497,0,0,0,0,0,0,0,0,0,0,
ILLINOIS,Crest Hill,20020,36,1,6,4,25,182,52,113,17,3,
ILLINOIS,Crestwood,10258,14,0,0,4,10,221,23,175,23,0,
ILLINOIS,Crete,8277,14,0,1,4,9,75,19,50,6,0,
ILLINOIS,Crystal Lake,41074,43,0,20,2,21,453,42,381,30,3,
ILLINOIS,Danvers,1063,0,0,0,0,0,0,0,0,0,0,
ILLINOIS,Danville,27905,470,1,49,23,397,1584,422,1073,89,12,
ILLINOIS,Darien,21599,9,0,2,1,6,198,46,138,14,2,
ILLINOIS,Decatur,67934,409,5,31,64,309,1948,630,1041,277,33,
ILLINOIS,Deerfield,18795,5,0,4,0,1,190,92,81,17,0,
ILLINOIS,DeKalb,40208,158,0,61,14,83,1011,136,854,21,1,
ILLINOIS,Des Plaines,57218,69,0,11,14,44,652,239,344,69,2,
ILLINOIS,Diamond,2701,0,0,0,0,0,1,0,1,0,0,
ILLINOIS,Divernon,1105,0,0,0,0,0,7,1,6,0,2,
ILLINOIS,Dixon,15043,29,0,2,3,24,69,4,64,1,0,
ILLINOIS,Downers Grove,49567,56,1,18,4,33,432,67,321,44,8,
ILLINOIS,Dupo,3771,6,0,0,1,5,50,11,34,5,0,
ILLINOIS,Du Quoin,5653,7,0,0,0,7,22,4,15,3,1,
ILLINOIS,Durand,1365,0,0,0,0,0,0,0,0,0,0,
ILLINOIS,Dwight,4036,2,0,0,0,2,28,4,22,2,0,
ILLINOIS,East Alton,5596,25,0,3,1,21,90,17,67,6,2,
ILLINOIS,East Dundee,3095,6,0,0,0,6,72,13,44,15,0,
ILLINOIS,East Hazel Crest,1214,1,0,1,0,0,30,3,19,8,0,
ILLINOIS,East Moline,20637,65,1,12,8,44,486,141,280,65,1,
ILLINOIS,East Peoria,21873,58,1,13,3,41,517,105,391,21,0,
ILLINOIS,Edwardsville,26663,8,0,0,0,8,182,47,124,11,1,
ILLINOIS,Effingham,12246,27,0,8,2,17,242,65,164,13,4,
ILLINOIS,Elburn,6680,3,0,2,1,0,36,4,32,0,0,
ILLINOIS,Eldorado,3565,21,0,1,1,19,40,23,12,5,1,
ILLINOIS,Elgin,112879,301,5,73,35,188,1244,239,908,97,4,
ILLINOIS,Elizabeth,692,1,0,1,0,0,3,3,0,0,0,
ILLINOIS,Elk Grove Village,30912,37,0,17,8,12,524,95,340,89,0,
ILLINOIS,Ellis Grove,325,0,0,0,0,0,0,0,0,0,0,
ILLINOIS,Elmhurst,45206,27,0,6,8,13,372,67,289,16,0,
ILLINOIS,Elmwood Park,23028,39,0,6,7,26,255,42,169,44,1,
ILLINOIS,Elwood,2191,3,0,1,0,2,17,3,14,0,0,
ILLINOIS,Evanston,74178,105,0,23,41,41,2034,335,1524,175,6,
ILLINOIS,Evergreen Park,18734,23,0,2,14,7,1093,60,980,53,0,
ILLINOIS,Fairbury,3555,3,0,1,0,2,4,2,1,1,0,
ILLINOIS,Fairfield,4696,24,0,5,0,19,128,39,84,5,3,
ILLINOIS,Fairmont City,2148,10,0,0,0,10,10,5,4,1,2,
ILLINOIS,Fairmount,588,1,0,0,0,1,0,0,0,0,0,
ILLINOIS,Fairview Heights,15948,65,1,12,4,48,483,48,403,32,2,
ILLINOIS,Farina,526,0,0,0,0,0,3,0,2,1,0,
ILLINOIS,Farmer City,1808,6,0,1,1,4,19,6,8,5,0,
ILLINOIS,Farmington,2276,2,0,1,0,1,14,2,11,1,0,
ILLINOIS,Findlay,647,1,0,1,0,0,5,1,3,1,0,
ILLINOIS,Fithian,468,0,0,0,0,0,0,0,0,0,0,
ILLINOIS,Flora,4683,9,0,4,0,5,38,12,24,2,1,
ILLINOIS,Flossmoor,9119,6,0,2,2,2,251,53,178,20,0,
ILLINOIS,Forest Park,13460,56,4,14,18,20,381,55,266,60,2,
ILLINOIS,Forest View,745,1,0,0,0,1,3,0,2,1,0,
ILLINOIS,Forreston,1403,3,0,1,0,2,7,0,6,1,0,
ILLINOIS,Fox Lake,10749,27,0,5,3,19,182,36,130,16,0,
ILLINOIS,Fox River Grove,4597,0,0,0,0,0,19,0,18,1,0,
ILLINOIS,Frankfort,21108,7,0,1,0,6,141,38,86,17,0,
ILLINOIS,Franklin Park,17699,31,0,8,8,15,248,96,113,39,1,
ILLINOIS,Freeburg,4474,0,0,0,0,0,7,0,5,2,0,
ILLINOIS,Freeport,22888,83,3,18,10,52,322,92,209,21,0,
ILLINOIS,Fulton,3541,4,0,1,1,2,41,4,34,3,0,
ILLINOIS,Galesburg,28864,148,2,42,6,98,856,209,597,50,3,
ILLINOIS,Geneseo,6520,6,0,1,0,5,56,10,46,0,0,
ILLINOIS,Geneva,21056,13,2,6,0,5,110,6,100,4,0,
ILLINOIS,Germantown,1383,0,0,0,0,0,0,0,0,0,0,
ILLINOIS,Gilberts,8909,3,0,2,0,1,19,1,14,4,0,
ILLINOIS,Glen Carbon,13870,9,0,3,0,6,153,13,136,4,0,
ILLINOIS,Glencoe,8487,2,0,0,1,1,51,7,41,3,0,
ILLINOIS,Glendale Heights,32181,32,0,18,3,11,319,45,257,17,1,
ILLINOIS,Glen Ellyn,28175,14,0,8,2,4,163,15,145,3,2,
ILLINOIS,Glenview,46371,70,0,20,5,45,561,149,377,35,6,
ILLINOIS,Glenwood,8150,18,2,1,2,13,143,14,95,34,0,
ILLINOIS,Godley,649,0,0,0,0,0,2,0,2,0,0,
ILLINOIS,Golf,492,0,0,0,0,0,6,1,5,0,0,
ILLINOIS,Goreville,1059,0,0,0,0,0,1,1,0,0,0,
ILLINOIS,Grafton,813,0,0,0,0,0,10,3,6,1,0,
ILLINOIS,Grand Ridge,508,0,0,0,0,0,0,0,0,0,0,
ILLINOIS,Granite City,26708,165,1,42,20,102,665,246,339,80,15,
ILLINOIS,Grantfork ,338,0,0,0,0,0,0,0,0,0,0,
ILLINOIS,Grant Park,1275,0,0,0,0,0,2,0,2,0,0,
ILLINOIS,Grayslake,24339,16,0,10,0,6,156,40,98,18,1,
ILLINOIS,Grayville,1481,3,0,1,0,2,12,5,6,1,1,
ILLINOIS,Greenfield,1005,2,0,0,0,2,2,0,1,1,0,
ILLINOIS,Greenup,1334,2,0,1,0,1,0,0,0,0,0,
ILLINOIS,Greenville,6951,7,0,1,0,6,71,7,63,1,0,
ILLINOIS,Gurnee,30041,50,1,18,6,25,674,59,574,41,0,
ILLINOIS,Hamel,916,1,0,1,0,0,8,3,5,0,0,
ILLINOIS,Hamilton,2672,0,0,0,0,0,8,1,7,0,0,
ILLINOIS,Hampshire,8239,3,0,2,0,1,29,9,15,5,0,
ILLINOIS,Hanover,834,0,0,0,0,0,8,1,6,1,0,
ILLINOIS,Hanover Park,35779,45,0,6,7,32,149,30,101,18,0,
ILLINOIS,Harrisburg,7813,13,0,3,0,10,41,1,37,3,0,
ILLINOIS,Hartford,1147,1,0,1,0,0,18,5,11,2,0,
ILLINOIS,Harvard,9323,13,0,5,0,8,58,5,44,9,0,
ILLINOIS,Harvey,19121,135,1,15,39,80,289,54,129,106,4,
ILLINOIS,Harwood Heights,8504,10,0,3,3,4,109,37,69,3,0,
ILLINOIS,Havana,2785,21,0,8,0,13,33,4,28,1,1,
ILLINOIS,Hawthorn Woods,9470,0,0,0,0,0,13,1,10,2,0,
ILLINOIS,Hazel Crest,12588,68,0,9,19,40,339,79,174,86,3,
ILLINOIS,Hebron,1388,1,0,1,0,0,0,0,0,0,0,
ILLINOIS,Henning,201,0,0,0,0,0,0,0,0,0,0,
ILLINOIS,Henry,2308,2,0,2,0,0,2,1,1,0,0,
ILLINOIS,Herrin,12125,47,0,5,4,38,308,113,169,26,4,
ILLINOIS,Heyworth,2888,2,0,1,0,1,25,6,18,1,0,
ILLINOIS,Hickory Hills,13699,12,0,3,1,8,142,8,119,15,0,
ILLINOIS,Highland,9935,13,0,8,0,5,60,19,40,1,0,
ILLINOIS,Highland Park,30311,15,2,6,0,7,246,21,204,21,1,
ILLINOIS,Hillsboro,5744,12,0,8,0,4,33,8,23,2,0,
ILLINOIS,Hillside,7808,20,0,2,7,11,150,17,121,12,0,
ILLINOIS,Hinckley,1962,5,0,0,0,5,14,5,9,0,0,
ILLINOIS,Hinsdale,17272,8,0,5,1,2,85,9,68,8,0,
ILLINOIS,Hodgkins,1453,3,0,3,0,0,189,9,150,30,1,
ILLINOIS,Hoffman Estates,49467,74,0,18,7,49,491,123,309,59,2,
ILLINOIS,Homer Glen,24560,4,0,0,1,3,68,11,52,5,4,
ILLINOIS,Hometown,4076,9,0,3,1,5,62,6,51,5,0,
ILLINOIS,Homewood,18269,34,0,4,14,16,382,56,266,60,1,
ILLINOIS,Hoopeston,4676,18,0,6,0,12,93,21,61,11,4,
ILLINOIS,Hopedale,1101,0,0,0,0,0,0,0,0,0,0,
ILLINOIS,Hudson,1743,1,0,0,0,1,1,1,0,0,0,
ILLINOIS,Huntley,28439,8,0,4,0,4,122,19,98,5,0,
ILLINOIS,Ina,1654,0,0,0,0,0,7,0,6,1,0,
ILLINOIS,Indian Head Park,3849,0,0,0,0,0,12,0,12,0,0,
ILLINOIS,Indianola,218,0,0,0,0,0,0,0,0,0,0,
ILLINOIS,Inverness,7211,1,0,1,0,0,29,9,17,3,0,
ILLINOIS,Island Lake,7978,5,0,4,0,1,42,5,33,4,0,
ILLINOIS,Itasca,9288,2,0,1,0,1,72,25,41,6,1,
ILLINOIS,Jacksonville,17122,52,2,14,5,31,360,79,255,26,5,
ILLINOIS,Jerome,1630,0,0,0,0,0,15,9,6,0,0,
ILLINOIS,Jerseyville,8243,7,0,2,0,5,134,37,92,5,0,
ILLINOIS,Joliet,150569,527,0,73,53,401,1874,587,1060,227,10,
ILLINOIS,Kansas,641,3,0,0,0,3,2,2,0,0,0,
ILLINOIS,Kenilworth,2368,0,0,0,0,0,9,3,3,3,0,
ILLINOIS,Kildeer,4481,0,0,0,0,0,35,7,23,5,0,
ILLINOIS,Kincaid,1301,0,0,0,0,0,3,0,3,0,0,
ILLINOIS,Kingston,1083,1,0,0,0,1,6,1,5,0,0,
ILLINOIS,Knoxville,2790,2,0,2,0,0,16,4,12,0,0,
ILLINOIS,Ladd,1452,0,0,0,0,0,2,0,2,0,0,
ILLINOIS,La Grange,15471,29,0,8,3,18,120,36,79,5,4,
ILLINOIS,La Grange Park,12874,3,0,0,1,2,87,18,64,5,0,
ILLINOIS,Lake Bluff,5509,2,0,1,0,1,46,13,33,0,0,
ILLINOIS,Lake Forest,19357,4,0,1,0,3,121,40,70,11,0,
ILLINOIS,Lake in the Hills,28573,20,0,10,0,10,125,29,64,32,1,
ILLINOIS,Lakemoor,6394,13,0,3,0,10,79,3,72,4,0,
ILLINOIS,Lake Villa,8592,10,0,4,0,6,42,7,32,3,0,
ILLINOIS,Lakewood,4267,2,0,1,0,1,10,0,10,0,0,
ILLINOIS,Lake Zurich,19650,12,0,5,0,7,238,15,213,10,3,
ILLINOIS,Lanark,1456,2,0,0,0,2,2,1,1,0,0,
ILLINOIS,Lansing,27309,107,1,19,43,44,502,199,184,119,2,
ILLINOIS,La Salle,9389,5,0,1,1,3,14,5,6,3,0,
ILLINOIS,Lawrenceville,4267,2,0,0,0,2,3,0,3,0,0,
ILLINOIS,Lebanon,4536,4,0,0,0,4,10,5,5,0,0,
ILLINOIS,Leland,925,3,0,2,0,1,0,0,0,0,0,
ILLINOIS,Lemont,17507,6,1,3,0,2,95,19,56,20,0,
ILLINOIS,Le Roy,3453,1,0,1,0,0,4,0,4,0,0,
ILLINOIS,Lexington,2067,0,0,0,0,0,1,0,0,1,0,
ILLINOIS,Libertyville,20257,17,0,6,1,10,108,22,76,10,0,
ILLINOIS,Lincoln,13014,22,0,3,1,18,132,34,93,5,1,
ILLINOIS,Lincolnshire,7901,5,0,1,0,4,71,8,60,3,0,
ILLINOIS,Lincolnwood,12697,14,0,0,9,5,321,95,190,36,3,
ILLINOIS,Lindenhurst,14327,5,0,4,0,1,22,5,17,0,0,
ILLINOIS,Lisle,23074,10,0,3,4,3,105,24,74,7,1,
ILLINOIS,Litchfield,6566,15,0,7,0,8,206,39,155,12,2,
ILLINOIS,Livingston,739,0,0,0,0,0,0,0,0,0,0,
ILLINOIS,Lockport,26668,18,0,3,0,15,158,58,94,6,0,
ILLINOIS,Lombard,43576,51,0,17,11,23,697,79,591,27,5,
ILLINOIS,Loves Park,23312,83,0,23,4,56,322,63,230,29,3,
ILLINOIS,Lovington,1012,2,0,1,0,1,19,10,5,4,1,
ILLINOIS,Machesney Park,22530,72,0,16,3,53,346,36,289,21,0,
ILLINOIS,Mackinaw,1833,0,0,0,0,0,19,5,12,2,0,
ILLINOIS,Mahomet,10538,24,3,3,0,18,22,8,13,1,2,
ILLINOIS,Manhattan,10912,4,0,1,0,3,21,2,18,1,0,
ILLINOIS,Manito,1458,1,0,0,0,1,3,1,2,0,0,
ILLINOIS,Manteno,9173,16,0,1,0,15,31,9,22,0,0,
ILLINOIS,Maple Park,1494,0,0,0,0,0,4,0,4,0,0,
ILLINOIS,Marengo,7626,10,0,1,0,9,44,8,35,1,5,
ILLINOIS,Marion,16856,79,0,8,11,60,494,186,279,29,5,
ILLINOIS,Marseilles,4757,9,0,5,0,4,14,4,8,2,0,
ILLINOIS,Marshall,3855,6,0,0,0,6,47,17,27,3,0,
ILLINOIS,Martinsville,1077,0,0,0,0,0,8,3,4,1,0,
ILLINOIS,Maryville,8336,5,0,2,0,3,24,6,11,7,0,
ILLINOIS,Mascoutah,8977,4,0,0,0,4,31,10,21,0,0,
ILLINOIS,Mason City,1953,1,0,1,0,0,11,4,5,2,0,
ILLINOIS,Mattoon,16464,87,1,32,2,52,198,53,121,24,3,
ILLINOIS,Mazon,981,0,0,0,0,0,0,0,0,0,0,
ILLINOIS,McCook,233,2,0,0,0,2,46,4,38,4,0,
ILLINOIS,McHenry,28563,27,2,15,1,9,177,21,149,7,0,
ILLINOIS,McLean,725,1,0,1,0,0,4,4,0,0,0,
ILLINOIS,McLeansboro,2599,2,0,0,0,2,3,0,3,0,0,
ILLINOIS,Melrose Park,23327,71,2,10,14,45,413,95,252,66,4,
ILLINOIS,Mendota,6893,9,0,4,0,5,26,7,18,1,0,
ILLINOIS,Metropolis,5726,16,0,5,1,10,73,18,47,8,0,
ILLINOIS,Midlothian,13485,27,0,10,8,9,211,30,154,27,0,
ILLINOIS,Milan,4929,21,0,2,1,18,89,18,59,12,0,
ILLINOIS,Milledgeville,995,0,0,0,0,0,5,1,3,1,0,
ILLINOIS,Millstadt,3903,0,0,0,0,0,7,2,5,0,0,
ILLINOIS,Minier,1128,2,0,2,0,0,20,9,11,0,0,
ILLINOIS,Minooka,12919,1,0,0,0,1,43,7,33,3,0,
ILLINOIS,Mokena,19726,20,0,5,3,12,142,32,103,7,0,
ILLINOIS,Moline,41659,160,5,23,11,121,1389,465,726,198,4,
ILLINOIS,Momence,3007,5,0,2,1,2,15,4,11,0,0,
ILLINOIS,Monee,5091,14,0,3,1,10,71,14,51,6,0,
ILLINOIS,Monmouth,8460,31,0,7,0,24,116,42,69,5,0,
ILLINOIS,Montgomery,22489,26,0,14,2,10,205,25,162,18,2,
ILLINOIS,Monticello,6041,0,0,0,0,0,14,2,10,2,0,
ILLINOIS,Morris,14608,46,3,7,4,32,221,20,189,12,1,
ILLINOIS,Morton,17592,15,0,5,2,8,145,33,103,9,1,
ILLINOIS,Morton Grove,23782,11,0,4,5,2,270,92,167,11,0,
ILLINOIS,Mounds,604,1,0,0,0,1,5,0,4,1,0,
ILLINOIS,Mount Carmel,6676,9,0,3,0,6,31,3,28,0,0,
ILLINOIS,Mount Carroll,1430,5,0,2,0,3,5,1,4,0,0,
ILLINOIS,Mount Prospect,53523,48,1,13,7,27,475,109,319,47,1,
ILLINOIS,Mount Pulaski,1504,0,0,0,0,0,2,2,0,0,0,
ILLINOIS,Mount Vernon,14146,35,4,14,3,14,154,16,133,5,0,
ILLINOIS,Mount Zion,5833,3,0,3,0,0,30,6,22,2,0,
ILLINOIS,Mundelein,31876,15,2,5,2,6,231,21,189,21,1,
ILLINOIS,Murphysboro,6924,23,1,3,4,15,217,64,142,11,3,
ILLINOIS,Naperville,150521,126,1,45,23,57,1330,99,1137,94,1,
ILLINOIS,Nauvoo,917,2,0,0,0,2,4,1,3,0,0,
ILLINOIS,New Athens,1849,1,0,1,0,0,11,0,11,0,0,
ILLINOIS,New Baden,3346,3,0,1,0,2,5,0,4,1,0,
ILLINOIS,New Lenox,28315,15,0,2,3,10,262,49,207,6,0,
ILLINOIS,Newman,766,0,0,0,0,0,3,1,2,0,0,
ILLINOIS,Newton,2735,8,0,2,0,6,35,3,32,0,0,
ILLINOIS,Niles,29099,16,0,2,8,6,647,122,494,31,0,
ILLINOIS,Nokomis,2076,4,0,0,0,4,32,4,26,2,0,
ILLINOIS,Normal,52573,173,2,50,8,113,815,122,648,45,3,
ILLINOIS,Norris City,1094,0,0,0,0,0,0,0,0,0,0,
ILLINOIS,North Aurora,19276,26,0,18,2,6,168,16,138,14,0,
ILLINOIS,Northbrook,33610,6,0,4,0,2,406,112,273,21,2,
ILLINOIS,North Chicago,30318,54,0,5,5,44,171,17,102,52,0,
ILLINOIS,Northfield,5477,1,0,0,0,1,42,16,25,1,0,
ILLINOIS,Northlake,12100,15,1,3,5,6,208,40,156,12,0,
ILLINOIS,North Pekin,1428,2,0,0,0,2,39,11,23,5,0,
ILLINOIS,North Riverside,6966,19,0,4,9,6,381,20,348,13,0,
ILLINOIS,North Utica,1337,0,0,0,0,0,8,1,7,0,0,
ILLINOIS,Oak Brook,8015,5,0,1,2,2,507,25,475,7,0,
ILLINOIS,Oakbrook Terrace,2672,6,0,2,1,3,71,18,51,2,0,
ILLINOIS,Oak Forest,25823,23,0,2,6,15,113,33,70,10,1,
ILLINOIS,Oak Lawn,54953,99,2,20,24,53,949,189,635,125,3,
ILLINOIS,Oak Park,51306,166,3,27,64,72,1851,545,1108,198,5,
ILLINOIS,Oakwood,1271,7,0,2,0,5,18,4,14,0,0,
ILLINOIS,Oblong,1336,0,0,0,0,0,8,1,7,0,0,
ILLINOIS,O'Fallon,31856,62,1,10,4,47,325,58,216,51,3,
ILLINOIS,Oglesby,3619,4,0,1,0,3,6,0,6,0,0,
ILLINOIS,Okawville,1346,0,0,0,0,0,3,0,3,0,5,
ILLINOIS,Olney,8453,19,0,2,0,17,88,23,60,5,2,
ILLINOIS,Olympia Fields,4472,10,0,6,2,2,198,48,137,13,0,
ILLINOIS,Oregon,3549,3,0,1,0,2,29,2,25,2,0,
ILLINOIS,Orion,1718,0,0,0,0,0,9,1,5,3,0,
ILLINOIS,Orland Park,56593,16,1,1,7,7,621,129,443,49,4,
ILLINOIS,Oswego,37893,13,0,11,0,2,209,33,160,16,1,
ILLINOIS,Ottawa,18722,35,0,12,1,22,280,54,209,17,1,
ILLINOIS,Palatine,63960,43,1,11,6,25,602,135,426,41,2,
ILLINOIS,Palestine,1194,0,0,0,0,0,0,0,0,0,0,
ILLINOIS,Palos Heights,11353,7,0,4,2,1,98,10,87,1,0,
ILLINOIS,Palos Hills,17532,12,0,0,3,9,72,22,35,15,2,
ILLINOIS,Palos Park,4720,0,0,0,0,0,25,2,22,1,0,
ILLINOIS,Pana,5005,3,0,0,0,3,58,11,40,7,1,
ILLINOIS,Paris,7967,46,0,4,0,42,116,49,63,4,3,
ILLINOIS,Park Forest,20487,58,3,5,10,40,309,98,120,91,3,
ILLINOIS,Park Ridge,37379,36,0,12,7,17,317,114,167,36,1,
ILLINOIS,Patoka,503,0,0,0,0,0,0,0,0,0,0,
ILLINOIS,Pawnee,2700,0,0,0,0,0,3,0,3,0,0,
ILLINOIS,Paxton,4315,10,0,1,0,9,24,10,13,1,0,
ILLINOIS,Pecatonica,2029,3,0,2,1,0,4,0,4,0,0,
ILLINOIS,Peoria,109677,1475,14,167,140,1154,4699,1581,2266,852,54,
ILLINOIS,Peoria Heights,5699,46,0,5,1,40,152,77,67,8,0,
ILLINOIS,Peotone,4198,3,0,2,0,1,15,8,5,2,0,
ILLINOIS,Peru,9734,22,0,8,0,14,162,8,152,2,1,
ILLINOIS,Phoenix,1603,1,0,0,0,1,34,5,23,6,1,
ILLINOIS,Pinckneyville,4974,4,0,1,0,3,15,3,12,0,0,
ILLINOIS,Pingree Grove,11395,1,0,0,0,1,18,0,18,0,0,
ILLINOIS,Pittsfield,4041,8,0,3,0,5,44,19,24,1,1,
ILLINOIS,Plainfield,48311,28,0,7,3,18,330,60,252,18,0,
ILLINOIS,Plano,12942,9,1,7,0,1,74,4,67,3,0,
ILLINOIS,Pleasant Hill,903,0,0,0,0,0,0,0,0,0,0,
ILLINOIS,Pleasant Plains,802,0,0,0,0,0,2,2,0,0,0,
ILLINOIS,Polo,2242,1,0,0,0,1,0,0,0,0,0,
ILLINOIS,Pontiac,10958,26,0,12,0,14,149,12,132,5,0,
ILLINOIS,Pontoon Beach,5786,15,0,5,3,7,98,17,58,23,2,
ILLINOIS,Posen,5258,13,0,4,2,7,117,10,94,13,0,
ILLINOIS,Potomac,659,2,0,0,0,2,1,0,1,0,0,
ILLINOIS,Prairie Grove ,1943,3,0,3,0,0,16,1,9,6,1,
ILLINOIS,Princeton,7661,0,0,0,0,0,129,12,112,5,0,
ILLINOIS,Prospect Heights,15122,24,0,3,2,19,89,19,57,13,0,
ILLINOIS,Rantoul,11835,65,1,8,9,47,210,67,127,16,13,
ILLINOIS,Red Bud,3735,0,0,0,0,0,9,0,8,1,0,
ILLINOIS,Richmond,2122,1,0,0,0,1,18,3,13,2,0,
ILLINOIS,Richton Park,12187,40,1,7,11,21,257,33,160,64,3,
ILLINOIS,Ridge Farm,747,0,0,0,0,0,0,0,0,0,0,
ILLINOIS,Riverdale,10009,71,7,8,13,43,286,48,147,91,1,
ILLINOIS,River Forest,11080,10,0,0,5,5,274,64,204,6,0,
ILLINOIS,River Grove,10186,9,0,2,4,3,147,62,67,18,0,
ILLINOIS,Riverside,8710,7,0,2,0,5,68,12,52,4,0,
ILLINOIS,Riverton,3457,9,0,1,1,7,34,7,25,2,1,
ILLINOIS,Riverwoods,3720,1,0,1,0,0,23,10,13,0,0,
ILLINOIS,Robinson,6968,21,0,11,0,10,112,15,89,8,0,
ILLINOIS,Rochester,3913,3,0,0,0,3,21,6,12,3,0,
ILLINOIS,Rockdale,1961,4,0,0,0,4,0,0,0,0,0,
ILLINOIS,Rock Falls,8545,51,1,13,5,32,254,46,188,20,1,
ILLINOIS,Rockford,145280,1569,19,101,155,1294,3657,919,2099,639,44,
ILLINOIS,Rock Island,35841,195,2,4,5,184,973,330,414,229,7,
ILLINOIS,Rockton,7741,5,0,2,0,3,64,2,61,1,0,
ILLINOIS,Rolling Meadows,23077,23,0,5,1,17,294,44,236,14,2,
ILLINOIS,Romeoville,41007,62,0,10,8,44,415,74,291,50,2,
ILLINOIS,Roscoe,10805,17,0,1,1,15,59,18,39,2,0,
ILLINOIS,Rosemont,3710,21,0,6,1,14,243,14,217,12,0,
ILLINOIS,Rossville,1162,2,0,0,0,2,7,0,7,0,0,
ILLINOIS,Round Lake,18344,15,0,7,5,3,110,10,81,19,1,
ILLINOIS,Round Lake Beach,26644,22,1,3,5,13,240,22,209,9,2,
ILLINOIS,Round Lake Heights,2561,2,0,1,1,0,6,0,6,0,0,
ILLINOIS,Round Lake Park,7744,7,0,2,0,5,7,2,5,0,0,
ILLINOIS,Roxana,1402,1,0,0,0,1,15,3,11,1,0,
ILLINOIS,Ruma ,309,0,0,0,0,0,0,0,0,0,0,
ILLINOIS,Rushville,2902,2,0,1,0,1,19,5,13,1,0,
ILLINOIS,Salem,6988,27,0,7,1,19,80,26,47,7,3,
ILLINOIS,Sandwich,7212,2,0,1,0,1,20,4,16,0,1,
ILLINOIS,Sauget,130,4,0,0,2,2,57,15,34,8,1,
ILLINOIS,Sauk Village,9360,38,2,9,8,19,125,17,76,32,3,
ILLINOIS,Schaumburg,74882,68,0,21,17,30,1796,130,1578,88,1,
ILLINOIS,Sesser,1848,2,0,0,1,1,1,0,1,0,0,
ILLINOIS,Shelbyville,4529,4,0,2,0,2,9,5,4,0,0,
ILLINOIS,Sherman,4576,0,0,0,0,0,9,2,6,1,0,
ILLINOIS,Shiloh,14950,26,0,4,1,21,95,27,54,14,0,
ILLINOIS,Shorewood,18433,17,0,0,3,14,151,12,126,13,2,
ILLINOIS,Sidell,469,0,0,0,0,0,0,0,0,0,0,
ILLINOIS,Silvis,7865,19,0,1,1,17,285,69,197,19,1,
ILLINOIS,Skokie,64047,131,0,19,41,71,1720,458,1073,189,4,
ILLINOIS,Sleepy Hollow,3109,0,0,0,0,0,9,4,5,0,0,
ILLINOIS,Smithton,3866,0,0,0,0,0,9,0,9,0,0,
ILLINOIS,Somonauk,1752,0,0,0,0,0,7,0,6,1,0,
ILLINOIS,South Barrington,4944,0,0,0,0,0,38,12,22,4,0,
ILLINOIS,South Beloit,7866,13,0,6,1,6,80,19,56,5,0,
ILLINOIS,South Chicago Heights,3780,9,0,0,2,7,124,10,98,16,0,
ILLINOIS,South Elgin,24420,46,0,13,2,31,163,22,121,20,1,
ILLINOIS,Southern View,1540,6,0,1,0,5,85,18,54,13,0,
ILLINOIS,South Holland,20192,68,2,8,22,36,427,61,249,117,2,
ILLINOIS,South Jacksonville,3187,7,0,2,0,5,14,1,12,1,0,
ILLINOIS,South Roxana,1843,7,0,2,0,5,11,5,6,0,0,
ILLINOIS,Sparta,4749,8,0,1,0,7,68,17,49,2,1,
ILLINOIS,Springfield,111965,1009,9,119,150,731,5499,1707,3150,642,36,
ILLINOIS,Spring Grove,5523,1,0,0,0,1,22,5,17,0,0,
ILLINOIS,Spring Valley,5403,1,0,1,0,0,32,3,22,7,0,
ILLINOIS,Stanford,582,0,0,0,0,0,0,0,0,0,0,
ILLINOIS,St. Anne,1120,3,0,0,0,3,17,0,16,1,0,
ILLINOIS,St. Charles,32529,30,1,13,2,14,346,42,298,6,0,
ILLINOIS,Steger,9190,29,0,4,2,23,162,43,70,49,0,
ILLINOIS,St. Elmo,1238,3,0,1,0,2,17,0,16,1,0,
ILLINOIS,Sterling,14400,46,3,14,3,26,192,48,121,23,1,
ILLINOIS,Stickney,6711,1,0,0,0,1,48,15,32,1,0,
ILLINOIS,Stockton,1683,2,0,0,0,2,11,0,9,2,0,
ILLINOIS,Stone Park,4349,4,0,1,0,3,6,0,4,2,0,
ILLINOIS,Streamwood,37245,48,1,18,7,22,263,69,169,25,1,
ILLINOIS,Streator,12203,23,0,4,0,19,214,36,174,4,2,
ILLINOIS,Sugar Grove,9194,3,0,0,0,3,30,7,20,3,0,
ILLINOIS,Sullivan,4230,3,0,0,0,3,3,1,2,0,0,
ILLINOIS,Summit,10455,49,2,10,14,23,160,27,103,30,2,
ILLINOIS,Swansea,14515,6,0,1,0,5,108,13,90,5,0,
ILLINOIS,Sycamore,18718,8,1,3,0,4,189,16,155,18,2,
ILLINOIS,Taylorville,10171,21,0,2,0,19,121,22,89,10,1,
ILLINOIS,Thomasboro,988,0,0,0,0,0,2,0,2,0,0,
ILLINOIS,Thornton,2239,4,0,0,3,1,42,17,19,6,0,
ILLINOIS,Tilton,2538,7,0,4,1,2,84,19,62,3,0,
ILLINOIS,Tinley Park,53256,58,4,13,10,31,663,106,476,81,1,
ILLINOIS,Tolono,3448,0,0,0,0,0,13,1,11,1,0,
ILLINOIS,Tonica,731,0,0,0,0,0,0,0,0,0,0,
ILLINOIS,Toulon,1142,0,0,0,0,0,1,0,1,0,0,
ILLINOIS,Tower Lakes ,1193,0,0,0,0,0,0,0,0,0,0,
ILLINOIS,Tremont,2233,0,0,0,0,0,12,1,10,1,0,
ILLINOIS,Trenton,2629,1,0,0,0,1,6,1,5,0,0,
ILLINOIS,Troy,11297,1,0,0,0,1,52,13,33,6,0,
ILLINOIS,Tuscola,4603,17,1,3,0,13,24,6,16,2,1,
ILLINOIS,Union,610,0,0,0,0,0,4,0,0,4,0,
ILLINOIS,University Park,6960,21,0,2,4,15,120,13,65,42,0,
ILLINOIS,Urbana,38204,208,1,21,31,155,952,186,665,101,5,
ILLINOIS,Valmeyer,1207,0,0,0,0,0,3,1,2,0,1,
ILLINOIS,Vandalia,7327,3,0,3,0,0,87,21,57,9,0,
ILLINOIS,Vernon Hills,26629,16,2,4,3,7,390,37,340,13,1,
ILLINOIS,Vienna,1342,1,0,0,1,0,21,3,17,1,0,
ILLINOIS,Villa Park,21570,39,2,13,4,20,338,46,267,25,1,
ILLINOIS,Virden,3148,14,0,6,0,8,43,28,12,3,3,
ILLINOIS,Warrenville,15530,4,1,1,0,2,111,14,92,5,0,
ILLINOIS,Washington,15760,15,0,3,1,11,178,16,157,5,0,
ILLINOIS,Waterman,1417,0,0,0,0,0,0,0,0,0,0,
ILLINOIS,Watseka,4458,8,0,2,1,5,61,5,54,2,1,
ILLINOIS,Waukegan,87155,388,5,77,53,253,1407,236,714,457,11,
ILLINOIS,Wayne,2235,0,0,0,0,0,2,1,1,0,0,
ILLINOIS,Westchester,15856,9,0,1,4,4,99,10,67,22,0,
ILLINOIS,West Chicago,24968,46,2,15,1,28,153,27,114,12,2,
ILLINOIS,West City,637,1,0,0,0,1,84,1,83,0,0,
ILLINOIS,West Dundee,7882,12,0,2,2,8,76,10,62,4,1,
ILLINOIS,Western Springs,13191,1,0,0,1,0,36,9,26,1,0,
ILLINOIS,Westmont,23785,13,0,4,0,9,250,57,177,16,0,
ILLINOIS,Westville,3019,10,0,1,0,9,41,6,30,5,1,
ILLINOIS,Wheaton,52649,26,0,14,3,9,285,49,224,12,2,
ILLINOIS,Wheeling,37251,23,1,11,4,7,338,81,218,39,1,
ILLINOIS,White Hall,2177,3,0,0,0,3,19,4,12,3,1,
ILLINOIS,Willowbrook,8981,14,0,7,1,6,180,26,134,20,1,
ILLINOIS,Willow Springs,5639,0,0,0,0,0,22,5,14,3,0,
ILLINOIS,Wilmette,26685,6,0,2,2,2,317,92,217,8,0,
ILLINOIS,Wilmington,5542,13,0,5,1,7,42,6,35,1,2,
ILLINOIS,Winfield,10137,6,0,3,0,3,35,1,31,3,0,
ILLINOIS,Winnebago,2860,1,0,1,0,0,14,0,14,0,0,
ILLINOIS,Winnetka,12159,10,0,5,1,4,80,21,51,8,0,
ILLINOIS,Wonder Lake,5248,1,0,0,0,1,26,6,20,0,0,
ILLINOIS,Wood Dale,13689,14,0,6,1,7,149,31,106,12,0,
ILLINOIS,Woodridge,33387,20,3,7,4,6,273,27,228,18,4,
ILLINOIS,Wood River,10216,28,0,11,3,14,175,40,123,12,1,
ILLINOIS,Woodstock,25731,24,0,10,1,13,140,9,120,11,0,
ILLINOIS,Worden,1062,0,0,0,0,0,1,0,1,0,0,
ILLINOIS,Worth,10352,21,0,6,2,13,115,17,80,18,1,
ILLINOIS,Yorkville,25788,19,0,16,0,3,100,21,78,1,0,
ILLINOIS,Zion,24068,109,3,22,11,73,239,57,132,50,2,
INDIANA,Albion,2224,4,0,4,0,0,11,3,7,1,0,
INDIANA,Anderson,55355,232,3,38,30,161,1249,150,918,181,2,
INDIANA,Angola,9488,10,0,3,0,7,213,7,197,9,0,
INDIANA,Auburn,14010,1,0,0,0,1,59,5,48,6,0,
INDIANA,Austin,4195,1,0,1,0,0,52,4,38,10,0,
INDIANA,Avon,25147,34,2,1,13,18,404,18,344,42,0,
INDIANA,Bargersville,11568,7,0,0,1,6,49,4,37,8,1,
INDIANA,Batesville,7403,1,0,0,0,1,23,1,19,3,0,
INDIANA,Bedford,13872,7,1,0,1,5,35,5,28,2,4,
INDIANA,Beech Grove,14335,40,1,9,6,24,237,25,139,73,0,
INDIANA,Berne,4242,3,0,0,0,3,8,0,8,0,1,
INDIANA,Bloomington,78762,226,3,48,44,131,2141,178,1832,131,15,
INDIANA,Bluffton,10519,19,0,6,1,12,77,5,64,8,0,
INDIANA,Boonville,6681,27,0,2,0,25,112,5,97,10,0,
INDIANA,Brazil,8228,53,0,6,1,46,152,26,108,18,2,
INDIANA,Bristol,1785,5,0,2,0,3,37,8,26,3,0,
INDIANA,Brookville,2650,0,0,0,0,0,6,0,5,1,0,
INDIANA,Brownsburg,33343,21,0,6,3,12,200,12,156,32,0,
INDIANA,Butler,2694,2,0,0,0,2,18,1,14,3,0,
INDIANA,Carmel,103107,68,0,13,6,49,838,47,702,89,3,
INDIANA,Cedar Lake,16748,11,0,1,2,8,44,3,37,4,0,
INDIANA,Charlestown,8685,9,0,1,0,8,63,3,54,6,0,
INDIANA,Chrisney,469,0,0,0,0,0,0,0,0,0,0,
INDIANA,Cicero,5737,6,0,0,0,6,11,0,11,0,0,
INDIANA,Clarksville,22174,53,0,5,8,40,729,30,625,74,1,
INDIANA,Columbia City,10186,13,0,3,0,10,88,6,73,9,1,
INDIANA,Columbus,51867,7,0,0,7,0,43,43,0,0,1,
INDIANA,Crawfordsville,16662,31,0,7,2,22,107,18,78,11,1,
INDIANA,Crown Point,35185,27,1,7,1,18,187,12,166,9,0,
INDIANA,Cumberland,6571,22,0,3,10,9,154,11,125,18,2,
INDIANA,Danville,11830,11,0,4,2,5,85,3,76,6,0,
INDIANA,Dayton,1367,1,0,1,0,0,11,0,10,1,0,
INDIANA,Decatur,10053,17,1,7,0,9,68,4,57,7,1,
INDIANA,Dyer,16278,2,0,0,1,1,56,3,46,7,0,
INDIANA,East Chicago,25662,212,3,19,21,169,408,37,236,135,8,
INDIANA,Elkhart,53357,531,1,45,39,446,1387,316,918,153,11,
INDIANA,Elwood,8430,8,0,2,0,6,39,5,29,5,0,
INDIANA,Evansville,114660,1383,12,99,65,1207,4218,590,3235,393,30,
INDIANA,Fishers,105680,77,1,11,6,59,696,32,589,75,1,
INDIANA,Fort Wayne,271892,836,30,116,149,541,6046,591,4735,720,55,
INDIANA,Frankfort,16313,18,0,8,4,6,173,24,136,13,1,
INDIANA,Franklin,26089,22,0,8,3,11,284,14,249,21,1,
INDIANA,Fremont,2074,6,4,1,0,1,8,1,6,1,0,
INDIANA,Gas City,6075,3,0,0,0,3,37,1,34,2,0,
INDIANA,Goshen,34308,76,0,24,10,42,849,93,711,45,4,
INDIANA,Greensburg,12374,24,0,4,0,20,175,6,155,14,0,
INDIANA,Greenwood,67086,73,1,4,13,55,1026,44,886,96,1,
INDIANA,Griffith,16122,21,0,2,4,15,159,16,127,16,2,
INDIANA,Hammond,75677,561,11,32,69,449,2325,175,1863,287,7,
INDIANA,Highland,23381,23,0,0,7,16,373,14,345,14,0,
INDIANA,Hobart,29306,44,0,8,8,28,666,30,593,43,2,
INDIANA,Huntingburg,6527,18,0,2,0,16,20,4,12,4,1,
INDIANA,Huntington,16985,8,0,7,0,1,59,4,50,5,0,
INDIANA,Indianapolis,890685,7819,178,527,1275,5839,29714,4613,18456,6645,206,
INDIANA,Jasonville,2015,5,0,1,0,4,14,2,9,3,0,
INDIANA,Jasper,16806,20,1,4,0,15,102,5,93,4,0,
INDIANA,Jeffersonville,51804,167,2,14,18,133,863,101,583,179,1,
INDIANA,Kendallville,10229,21,0,6,0,15,72,2,67,3,0,
INDIANA,Knox,3578,18,0,1,1,16,19,4,11,4,0,
INDIANA,Kokomo,59995,291,2,35,23,231,850,138,616,96,2,
INDIANA,Lafayette,71374,428,5,88,32,303,1458,109,1172,177,6,
INDIANA,LaGrange,2742,2,0,2,0,0,14,0,11,3,0,
INDIANA,La Porte,22511,47,0,8,5,34,369,90,251,28,2,
INDIANA,Lawrence,49200,144,6,23,37,78,850,70,566,214,2,
INDIANA,Lebanon,17435,58,0,1,2,55,168,20,131,17,1,
INDIANA,Linton,5213,12,0,4,0,8,99,2,89,8,0,
INDIANA,Logansport,18197,13,1,10,2,0,221,22,187,12,0,
INDIANA,Lowell,11422,3,0,0,0,3,23,1,21,1,0,
INDIANA,Marion,28057,30,0,6,7,17,310,29,250,31,0,
INDIANA,Markle,1082,0,0,0,0,0,7,1,5,1,0,
INDIANA,McCordsville,12208,33,0,1,0,32,93,2,81,10,0,
INDIANA,Michigan City,31543,92,2,8,19,63,667,50,560,57,5,
INDIANA,Milford,1604,5,0,0,0,5,3,1,2,0,0,
INDIANA,Mishawaka,50776,120,0,23,17,80,1305,176,1015,114,1,
INDIANA,Mount Vernon,6315,21,0,1,2,18,51,9,37,5,1,
INDIANA,Muncie,65072,392,3,56,23,310,1469,282,938,249,2,
INDIANA,Munster,23524,12,0,0,4,8,242,8,223,11,1,
INDIANA,Nappanee,6845,14,0,7,0,7,45,5,34,6,0,
INDIANA,New Albany,37174,99,3,8,15,73,900,76,747,77,1,
INDIANA,New Castle,17306,13,4,1,1,7,127,15,95,17,1,
INDIANA,New Haven,16098,33,1,4,2,26,175,37,121,17,2,
INDIANA,New Palestine,3840,9,0,2,0,7,3,2,1,0,0,
INDIANA,Noblesville,75216,63,0,17,2,44,405,22,332,51,0,
INDIANA,North Vernon,6553,15,0,4,0,11,73,9,60,4,0,
INDIANA,North Webster,993,4,0,0,0,4,25,2,23,0,0,
INDIANA,Pendleton,5933,2,0,0,0,2,3,1,2,0,0,
INDIANA,Pittsboro,4405,5,0,2,0,3,16,3,12,1,0,
INDIANA,Plainfield,37790,93,0,11,10,72,547,36,430,81,2,
INDIANA,Portage,38700,91,4,15,4,68,429,29,378,22,3,
INDIANA,Porter,5205,1,0,0,0,1,10,1,9,0,0,
INDIANA,Schererville,29656,37,0,5,5,27,375,15,344,16,0,
INDIANA,Seymour,21678,10,0,4,2,4,339,19,294,26,0,
INDIANA,Shelbyville,20773,53,0,2,3,48,212,24,161,27,0,
INDIANA,Shipshewana,857,0,0,0,0,0,15,0,14,1,0,
INDIANA,South Bend,103415,998,3,59,70,866,2114,238,1427,449,24,
INDIANA,Speedway,14229,23,1,4,6,12,372,18,264,90,1,
INDIANA,St. John,24790,6,0,1,0,5,32,1,28,3,0,
INDIANA,Tell City,7480,12,0,4,0,8,66,5,57,4,1,
INDIANA,Terre Haute,58536,322,2,32,53,235,2006,396,1373,237,33,
INDIANA,Tipton,5230,9,0,2,1,6,16,5,9,2,1,
INDIANA,Valparaiso,34784,23,0,5,2,16,281,17,255,9,0,
INDIANA,Vincennes,16535,20,1,4,3,12,415,35,344,36,1,
INDIANA,Walkerton,2090,7,0,0,1,6,9,2,6,1,0,
INDIANA,Warsaw,16195,67,0,6,3,58,285,20,246,19,2,
INDIANA,Washington,12674,34,1,6,0,27,60,5,51,4,0,
INDIANA,Westfield,61845,26,0,6,3,17,398,34,344,20,0,
INDIANA,West Lafayette,44906,42,0,3,2,37,541,28,488,25,0,
INDIANA,Whiteland,5699,4,0,1,1,2,46,5,29,12,0,
INDIANA,Whitestown,14097,29,0,1,3,25,185,9,165,11,3,
INDIANA,Whiting,4485,16,1,2,0,13,74,3,61,10,0,
INDIANA,Winona Lake,5112,4,0,0,0,4,15,2,12,1,0,
INDIANA,Yorktown,11810,6,0,1,1,4,26,5,21,0,2,
INDIANA,Zionsville,33121,7,1,2,1,3,92,3,78,11,0,
IOWA,Adel,6577,5,0,2,1,2,42,8,29,5,0,
IOWA,Albia,3640,21,0,0,0,21,19,10,5,4,0,
IOWA,Algona,5298,5,0,0,0,5,7,0,6,1,0,
IOWA,Altoona,22422,32,0,2,3,27,451,26,398,27,0,
IOWA,Ames,65426,97,0,46,5,46,985,113,814,58,2,
IOWA,Anamosa,5791,6,0,0,0,6,33,1,27,5,0,
IOWA,Ankeny,76547,127,0,31,5,91,782,49,668,65,0,
IOWA,Asbury,6022,6,0,0,0,6,6,1,5,0,0,
IOWA,Atlantic,6778,25,0,4,0,21,135,9,120,6,0,
IOWA,Belle Plaine,2344,9,0,0,1,8,37,5,30,2,0,
IOWA,Bettendorf,40105,42,0,17,2,23,348,66,254,28,1,
IOWA,Blue Grass,1693,0,0,0,0,0,0,0,0,0,0,
IOWA,Buffalo,1159,1,0,0,0,1,1,0,1,0,0,
IOWA,Burlington,23444,97,2,9,4,82,428,64,318,46,5,
IOWA,Camanche,4546,9,0,0,0,9,29,6,17,6,0,
IOWA,Carlisle,4381,5,0,1,1,3,23,2,19,2,0,
IOWA,Carroll,10118,4,0,0,0,4,99,16,77,6,0,
IOWA,Carter Lake,3749,21,0,1,4,16,178,33,124,21,0,
IOWA,Cedar Rapids,135363,354,1,15,41,297,3640,371,2982,287,9,
IOWA,Centerville,5323,14,0,3,1,10,56,10,43,3,1,
IOWA,Charles City,7177,23,0,1,0,22,60,18,38,4,0,
IOWA,Cherokee,5158,11,0,0,0,11,17,5,12,0,0,
IOWA,Clarence,993,2,0,1,0,1,0,0,0,0,0,
IOWA,Clarinda,5286,15,0,2,0,13,54,6,45,3,0,
IOWA,Clarion,2725,5,0,0,0,5,13,5,7,1,0,
IOWA,Clear Lake,7536,19,0,4,0,15,123,14,98,11,0,
IOWA,Clinton,24171,87,0,16,7,64,659,109,500,50,9,
IOWA,Clive,19124,40,0,7,2,31,223,17,182,24,2,
IOWA,Colfax,2265,3,0,0,0,3,7,1,5,1,0,
IOWA,Coralville,24033,32,0,8,2,22,496,28,453,15,0,
IOWA,Council Bluffs,62269,262,2,45,44,171,1527,303,1018,206,8,
IOWA,Cresco,3895,4,0,1,0,3,5,2,3,0,0,
IOWA,Creston,7345,20,0,5,1,14,76,13,54,9,0,
IOWA,Davenport,99926,581,8,108,65,400,3538,653,2554,331,19,
IOWA,Decorah,7578,9,0,1,0,8,17,4,11,2,0,
IOWA,Denison,8037,10,0,1,0,9,66,7,51,8,2,
IOWA,Denver,1954,0,0,0,0,0,5,0,5,0,0,
IOWA,Des Moines,209245,1471,9,107,157,1198,6542,968,4482,1092,34,
IOWA,De Soto,937,4,0,0,0,4,24,6,13,5,0,
IOWA,DeWitt,5611,14,0,4,0,10,56,16,33,7,0,
IOWA,Dubuque,58620,235,1,47,14,173,841,134,652,55,6,
IOWA,Durant,1794,1,0,0,1,0,3,0,3,0,0,
IOWA,Dyersville,4575,1,0,0,0,1,17,3,10,4,0,
IOWA,Dysart,1256,1,0,1,0,0,2,2,0,0,0,
IOWA,Earlham,1413,3,0,0,0,3,2,0,2,0,0,
IOWA,Eldora,2569,54,0,8,0,46,17,0,16,1,1,
IOWA,Eldridge,6886,3,0,2,0,1,23,1,20,2,0,
IOWA,Emmetsburg,3599,11,0,0,0,11,18,5,12,1,0,
IOWA,Estherville,5808,16,0,1,0,15,18,1,14,3,0,
IOWA,Evansdale,4468,6,0,0,0,6,87,28,51,8,0,
IOWA,Fairbank,1135,1,0,1,0,0,10,0,2,8,0,
IOWA,Fairfield,9251,13,0,3,0,10,45,10,26,9,0,
IOWA,Fort Dodge,24502,260,1,37,13,209,783,102,604,77,13,
IOWA,Fort Madison,9964,28,0,10,2,16,170,28,119,23,2,
IOWA,Glenwood,5218,3,0,0,1,2,35,8,23,4,0,
IOWA,Gowrie,928,1,0,0,0,1,5,2,3,0,0,
IOWA,Greenfield,2024,7,0,1,0,6,6,0,5,1,0,
IOWA,Grinnell,9451,16,0,3,2,11,117,11,98,8,0,
IOWA,Grundy Center,2806,0,0,0,0,0,9,2,6,1,0,
IOWA,Hampton,4253,4,0,1,0,3,22,0,18,4,0,
IOWA,Hawarden,2627,0,0,0,0,0,5,0,2,3,0,
IOWA,Hiawatha,7230,26,0,1,0,25,71,10,54,7,0,
IOWA,Huxley,4746,1,0,1,0,0,28,6,20,2,0,
IOWA,Independence,6221,10,0,3,1,6,41,2,36,3,0,
IOWA,Indianola,16104,44,0,10,0,34,237,34,190,13,1,
IOWA,Iowa City,75934,244,0,41,38,165,1271,119,1055,97,4,
IOWA,Iowa Falls,4974,10,0,1,0,9,78,8,67,3,0,
IOWA,Jefferson,4074,4,0,1,0,3,53,33,17,3,0,
IOWA,Johnston,24819,19,1,3,2,13,186,19,131,36,0,
IOWA,Keokuk,9392,27,1,4,0,22,149,30,95,24,1,
IOWA,Knoxville,7387,24,0,5,1,18,127,17,95,15,0,
IOWA,Lake City,1654,1,0,1,0,0,7,1,6,0,0,
IOWA,Lansing,951,1,0,0,0,1,3,0,3,0,0,
IOWA,Le Claire,4755,6,0,0,0,6,18,3,12,3,0,
IOWA,Le Mars,10624,10,2,1,1,6,98,5,86,7,0,
IOWA,Manchester,5295,7,0,0,0,7,59,7,50,2,0,
IOWA,Maquoketa,6029,15,0,0,0,15,120,25,91,4,3,
IOWA,Marengo,2393,4,0,0,0,4,31,9,22,0,0,
IOWA,Marion,42420,52,2,9,6,35,211,28,173,10,1,
IOWA,Mar-Mac,1155,4,0,1,0,3,10,0,10,0,0,
IOWA,Marshalltown,27576,82,2,12,4,64,489,83,377,29,8,
IOWA,Mason City,26786,60,0,27,4,29,622,84,519,19,4,
IOWA,Mechanicsville,983,0,0,0,0,0,11,3,7,1,0,
IOWA,Missouri Valley,2649,4,0,1,0,3,30,3,22,5,0,
IOWA,Mitchellville,2663,1,0,0,0,1,10,1,8,1,0,
IOWA,Monroe,2024,3,0,0,0,3,7,1,5,1,1,
IOWA,Monticello,4059,0,0,0,0,0,30,2,26,2,1,
IOWA,Mount Pleasant,8371,4,0,2,0,2,89,24,57,8,0,
IOWA,Mount Vernon-Lisbon,4555,9,0,3,0,6,24,10,12,2,0,
IOWA,Muscatine,23208,57,0,7,3,47,285,55,197,33,0,
IOWA,New Hampton,3399,3,0,1,0,2,3,0,2,1,0,
IOWA,New Sharon,1243,0,0,0,0,0,1,1,0,0,0,
IOWA,Newton,15611,60,0,14,4,42,217,39,168,10,0,
IOWA,North Liberty,21635,15,0,4,0,11,86,20,58,8,0,
IOWA,Norwalk,15588,17,0,4,0,13,28,0,28,0,0,
IOWA,Oelwein,5753,12,0,1,0,11,32,6,24,2,0,
IOWA,Ogden,1948,1,0,0,0,1,3,1,2,0,0,
IOWA,Orange City,6438,3,0,1,0,2,12,1,10,1,0,
IOWA,Osage,3505,4,0,0,0,4,22,9,12,1,0,
IOWA,Osceola,5617,9,1,0,0,8,115,17,94,4,2,
IOWA,Oskaloosa,11419,16,0,1,0,15,103,25,73,5,1,
IOWA,Ottumwa,25185,100,2,21,7,70,659,108,490,61,4,
IOWA,Panora,1082,1,0,0,0,1,3,1,2,0,0,
IOWA,Pella,10940,12,0,3,0,9,104,12,89,3,0,
IOWA,Peosta,2190,2,0,1,0,1,13,0,12,1,0,
IOWA,Perry,8022,32,2,2,2,26,47,12,29,6,2,
IOWA,Polk City,6557,2,0,1,0,1,19,3,15,1,0,
IOWA,Postville,2386,7,0,0,0,7,14,0,10,4,0,
IOWA,Prairie City,1717,1,0,0,0,1,3,0,2,1,0,
IOWA,Preston,935,0,0,0,0,0,10,1,9,0,0,
IOWA,Princeton,913,0,0,0,0,0,0,0,0,0,0,
IOWA,Red Oak,5417,15,0,1,1,13,51,14,33,4,1,
IOWA,Robins,3294,0,0,0,0,0,11,6,5,0,0,
IOWA,Rock Valley,4038,0,0,0,0,0,9,6,3,0,0,
IOWA,Sabula,490,3,0,0,0,3,16,2,14,0,2,
IOWA,Sac City,2007,6,0,3,0,3,3,1,1,1,0,
IOWA,Sheldon,5396,20,0,3,0,17,33,5,26,2,0,
IOWA,Shenandoah,4872,32,0,1,0,31,25,2,19,4,0,
IOWA,Sigourney,1980,0,0,0,0,0,0,0,0,0,0,
IOWA,Sioux Center,8643,4,0,0,0,4,7,1,4,2,0,
IOWA,Sioux City,85711,476,3,72,82,319,2849,407,2190,252,20,
IOWA,Spencer,11501,6,0,3,2,1,114,11,103,0,1,
IOWA,Spirit Lake,5557,19,0,1,0,18,77,13,60,4,1,
IOWA,Storm Lake,11494,33,0,4,4,25,193,32,151,10,1,
IOWA,Story City,3403,2,0,1,0,1,21,1,19,1,0,
IOWA,Sumner,2032,2,0,0,0,2,1,0,1,0,0,
IOWA,Tipton,3023,4,0,0,0,4,20,2,17,1,0,
IOWA,University Heights,1175,1,0,1,0,0,0,0,0,0,0,
IOWA,Urbana,1649,0,0,0,0,0,0,0,0,0,0,
IOWA,Urbandale,47119,42,0,5,1,36,299,39,194,66,1,
IOWA,Van Meter,1812,1,0,0,0,1,1,0,1,0,0,
IOWA,Vinton,4960,3,0,1,0,2,18,2,16,0,0,
IOWA,Walcott,1547,2,0,0,2,0,2,0,2,0,0,
IOWA,Washington,7221,16,0,2,0,14,135,20,112,3,1,
IOWA,Waterloo,66385,316,3,26,23,264,1623,389,1101,133,17,
IOWA,Waukee,34520,49,1,8,3,37,221,21,178,22,5,
IOWA,Waukon,3761,1,1,0,0,0,16,3,12,1,0,
IOWA,Waverly,10611,15,0,2,0,13,94,6,85,3,0,
IOWA,Webster City,7679,22,0,4,0,18,102,27,68,7,1,
IOWA,West Branch,2841,3,0,1,0,2,9,1,8,0,0,
IOWA,West Burlington,3149,6,0,1,0,5,302,9,285,8,0,
IOWA,West Des Moines,73335,121,0,16,9,96,1257,84,1079,94,2,
IOWA,West Liberty,3688,14,1,0,0,13,10,7,3,0,0,
IOWA,Williamsburg,3350,6,0,1,0,5,30,1,29,0,0,
IOWA,Wilton,2934,5,0,0,0,5,5,0,3,2,0,
IOWA,Windsor Heights,5011,11,0,0,3,8,231,16,204,11,0,
IOWA,Winterset,5373,10,0,5,0,5,39,7,29,3,0,
IOWA,Woodward,1367,2,0,0,0,2,2,1,0,1,0,
KANSAS,Abilene,6440,17,0,1,0,16,82,12,63,7,3,
KANSAS,Andover,16108,12,0,3,0,9,213,25,175,13,0,
KANSAS,Anthony,2061,12,0,4,0,8,8,1,6,1,0,
KANSAS,Arkansas City,11700,47,0,5,3,39,254,47,191,16,1,
KANSAS,Assaria,422,0,0,0,0,0,0,0,0,0,0,
KANSAS,Atchison,10604,16,0,5,1,10,141,13,117,11,2,
KANSAS,Atwood,1225,0,0,0,0,0,12,2,10,0,0,
KANSAS,Augusta,9247,26,0,4,1,21,163,22,130,11,2,
KANSAS,Baldwin City,4966,8,0,3,0,5,57,19,37,1,0,
KANSAS,Basehor,8000,12,0,1,0,11,47,8,34,5,0,
KANSAS,Baxter Springs,3813,9,0,0,0,9,67,19,43,5,0,
KANSAS,Bel Aire,9989,8,0,2,0,6,71,15,48,8,0,
KANSAS,Belle Plaine,1447,2,0,0,0,2,5,1,4,0,0,
KANSAS,Belleville,1983,4,1,2,0,1,24,3,19,2,0,
KANSAS,Beloit,3346,6,0,0,0,6,31,22,6,3,0,
KANSAS,Bonner Springs,7631,31,0,5,2,24,121,6,100,15,1,
KANSAS,Bucklin,700,0,0,0,0,0,0,0,0,0,0,
KANSAS,Burlington,2579,6,0,0,0,6,15,1,14,0,0,
KANSAS,Carbondale,1308,1,0,0,0,1,5,2,2,1,0,
KANSAS,Chanute,8378,44,0,9,5,30,169,56,106,7,2,
KANSAS,Cheney,2153,2,0,0,0,2,15,2,13,0,0,
KANSAS,Cherryvale,2110,9,0,0,1,8,34,6,22,6,0,
KANSAS,Claflin,538,0,0,0,0,0,0,0,0,0,0,
KANSAS,Clay Center,4061,5,0,1,0,4,47,9,35,3,0,
KANSAS,Clearwater,2636,1,0,0,0,1,11,4,6,1,0,
KANSAS,Coffeyville,8494,45,1,3,2,39,221,32,175,14,1,
KANSAS,Colby,5578,13,0,1,1,11,48,5,39,4,0,
KANSAS,Columbus,2856,7,0,1,0,6,51,7,39,5,0,
KANSAS,Concordia,4977,26,0,3,0,23,53,5,46,2,0,
KANSAS,Delphos,301,0,0,0,0,0,0,0,0,0,0,
KANSAS,Dodge City,27441,69,0,10,3,56,299,31,253,15,5,
KANSAS,Edwardsville,4666,16,0,2,0,14,67,10,51,6,3,
KANSAS,El Dorado,12941,35,1,6,3,25,184,21,137,26,1,
KANSAS,Ellsworth,3155,2,0,0,0,2,17,4,10,3,0,
KANSAS,Elwood,1124,17,0,4,0,13,44,16,22,6,0,
KANSAS,Emporia,24109,89,0,16,4,69,555,104,432,19,3,
KANSAS,Eudora,6485,1,0,0,0,1,21,7,14,0,0,
KANSAS,Fairway,4154,6,0,1,0,5,16,5,7,4,0,
KANSAS,Fort Scott,7573,22,0,2,2,18,128,15,108,5,0,
KANSAS,Frankfort,715,0,0,0,0,0,1,0,1,0,0,
KANSAS,Fredonia,2051,6,0,1,0,5,58,10,45,3,2,
KANSAS,Frontenac,3368,3,0,2,0,1,31,7,19,5,0,
KANSAS,Galena,2750,19,0,1,0,18,12,3,9,0,0,
KANSAS,Garden City,27156,139,1,16,15,107,565,42,483,40,3,
KANSAS,Gardner,26071,36,0,4,0,32,229,10,200,19,2,
KANSAS,Garnett,3183,6,0,2,1,3,44,12,30,2,0,
KANSAS,Girard,2458,9,0,0,0,9,43,12,24,7,0,
KANSAS,Goddard,5915,6,0,1,0,5,62,10,49,3,0,
KANSAS,Goodland,4390,10,0,2,0,8,66,10,54,2,0,
KANSAS,Grandview Plaza,1607,5,0,1,0,4,9,1,8,0,0,
KANSAS,Great Bend,14265,45,1,12,1,31,222,55,155,12,5,
KANSAS,Greensburg,697,4,0,1,0,3,7,1,5,1,0,
KANSAS,Hays,21011,49,0,12,2,35,307,36,256,15,0,
KANSAS,Haysville,11265,25,0,7,1,17,151,25,101,25,8,
KANSAS,Hesston,3465,1,0,0,0,1,17,5,10,2,0,
KANSAS,Hiawatha,3166,18,0,0,0,18,37,3,28,6,0,
KANSAS,Hillsboro,2674,7,0,1,0,6,40,3,36,1,0,
KANSAS,Hoisington,2593,1,0,0,0,1,12,0,12,0,0,
KANSAS,Holton,3376,4,0,1,0,3,53,2,49,2,0,
KANSAS,Horton,1467,3,0,0,1,2,23,2,18,3,1,
KANSAS,Hugoton,3570,4,0,1,0,3,12,2,8,2,0,
KANSAS,Hutchinson,39548,145,1,29,6,109,882,77,739,66,12,
KANSAS,Independence,8237,43,0,2,0,41,297,66,215,16,0,
KANSAS,Inman,1314,0,0,0,0,0,12,0,12,0,0,
KANSAS,Iola,5292,28,0,4,1,23,104,14,85,5,2,
KANSAS,Junction City,21504,167,0,11,2,154,496,99,363,34,3,
KANSAS,Kansas City,153363,1606,19,104,144,1339,5531,679,3484,1368,3,
KANSAS,Lansing,11216,17,0,7,0,10,67,5,57,5,0,
KANSAS,Larned,3644,14,0,5,0,9,38,6,32,0,0,
KANSAS,Lawrence,96636,446,5,72,32,337,2084,222,1703,159,11,
KANSAS,Leavenworth,36939,183,0,17,19,147,956,165,728,63,7,
KANSAS,Leawood,34010,20,0,1,2,17,517,48,412,57,1,
KANSAS,Lebo,871,0,0,0,0,0,0,0,0,0,0,
KANSAS,Lenexa,58871,108,4,14,9,81,793,64,598,131,2,
KANSAS,Liberal,18760,48,0,1,5,42,214,36,164,14,4,
KANSAS,Louisburg,5236,10,0,3,1,6,28,6,20,2,0,
KANSAS,Lyons,3466,5,0,1,0,4,32,7,23,2,0,
KANSAS,Maize,7168,10,0,2,0,8,75,16,53,6,0,
KANSAS,Marysville,3394,11,0,0,0,11,24,6,15,3,0,
KANSAS,McPherson,13855,17,0,2,0,15,195,14,172,9,1,
KANSAS,Medicine Lodge,1689,0,0,0,0,0,18,2,13,3,0,
KANSAS,Meriden,719,0,0,0,0,0,0,0,0,0,0,
KANSAS,Merriam,10794,47,1,8,2,36,603,34,460,109,2,
KANSAS,Minneapolis,1935,3,0,1,0,2,13,5,8,0,0,
KANSAS,Mission,10037,34,0,1,6,27,459,20,375,64,1,
KANSAS,Mission Hills,3504,2,0,0,0,2,61,7,35,19,0,
KANSAS,Montezuma,977,0,0,0,0,0,0,0,0,0,0,
KANSAS,Moran,464,0,0,0,0,0,0,0,0,0,0,
KANSAS,Mulvane,7161,5,0,3,0,2,45,4,38,3,0,
KANSAS,Newton,18147,112,0,14,14,84,303,55,218,30,4,
KANSAS,North Newton,1779,0,0,0,0,0,6,0,5,1,0,
KANSAS,Nortonville,588,0,0,0,0,0,5,1,4,0,0,
KANSAS,Oberlin,1596,8,0,2,0,6,7,0,7,0,1,
KANSAS,Olathe,149473,293,3,51,15,224,1407,97,1155,155,6,
KANSAS,Osage City,2801,6,0,2,0,4,47,13,34,0,0,
KANSAS,Ottawa,12702,19,0,4,1,14,141,19,120,2,2,
KANSAS,Overbrook,977,0,0,0,0,0,15,0,15,0,0,
KANSAS,Overland Park,196875,363,0,41,38,284,3468,220,2728,520,10,
KANSAS,Paola,5788,10,0,1,1,8,70,9,60,1,0,
KANSAS,Park City,8950,18,0,5,1,12,215,29,163,23,0,
KANSAS,Parsons,9286,115,1,8,8,98,288,51,227,10,2,
KANSAS,Pittsburg,20465,75,1,8,6,60,715,72,579,64,5,
KANSAS,Pleasanton,1195,4,0,0,0,4,2,0,2,0,1,
KANSAS,Prairie Village,22878,14,0,2,0,12,247,22,173,52,1,
KANSAS,Roeland Park,6661,12,1,3,3,5,152,7,123,22,0,
KANSAS,Rose Hill,4381,5,0,1,1,3,44,9,35,0,0,
KANSAS,Salina,45447,224,0,40,37,147,1125,147,906,72,14,
KANSAS,Scott City,3875,11,0,4,0,7,17,1,14,2,0,
KANSAS,Shawnee,70089,194,0,11,4,179,1242,154,948,140,1,
KANSAS,Spearville,783,0,0,0,0,0,0,0,0,0,0,
KANSAS,Spring Hill,10283,21,0,3,0,18,64,8,55,1,2,
KANSAS,Sterling,2285,2,0,1,0,1,8,3,5,0,0,
KANSAS,St. John,1155,0,0,0,0,0,2,1,0,1,0,
KANSAS,Tonganoxie,6282,12,0,1,0,11,11,0,8,3,0,
KANSAS,Topeka,125156,1072,20,59,101,892,4559,798,3135,626,22,
KANSAS,Ulysses,5565,5,0,0,0,5,3,1,2,0,0,
KANSAS,Victoria,1106,0,0,0,0,0,2,1,0,1,0,
KANSAS,Waverly,555,0,0,0,0,0,0,0,0,0,0,
KANSAS,Wellington,7530,17,0,2,2,13,193,34,142,17,3,
KANSAS,Wellsville,1924,2,0,0,0,2,13,1,11,1,0,
KANSAS,Westwood,1712,3,0,1,0,2,71,3,60,8,0,
KANSAS,Westwood Hills,393,0,0,0,0,0,12,4,5,3,0,
KANSAS,Wichita,395486,2130,33,131,197,1769,9108,1039,7083,986,78,
KANSAS,Winchester,444,0,0,0,0,0,1,0,1,0,0,
KANSAS,Winfield,11636,33,0,5,1,27,339,73,234,32,5,
KENTUCKY,Adairville,880,0,0,0,0,0,1,0,1,0,0,
KENTUCKY,Albany,1729,4,0,0,0,4,2,0,0,2,0,
KENTUCKY,Alexandria,10778,6,0,0,0,6,78,5,63,10,0,
KENTUCKY,Allen,175,0,0,0,0,0,0,0,0,0,0,
KENTUCKY,Anchorage,2466,0,0,0,0,0,16,6,8,2,0,
KENTUCKY,Ashland,21011,42,0,15,4,23,526,60,421,45,5,
KENTUCKY,Auburn,1651,1,0,0,0,1,4,0,3,1,0,
KENTUCKY,Audubon Park,1401,1,0,0,1,0,22,3,17,2,0,
KENTUCKY,Augusta,1088,1,0,1,0,0,5,0,4,1,0,
KENTUCKY,Bancroft,496,0,0,0,0,0,3,1,2,0,0,
KENTUCKY,Barbourville,3124,7,0,1,1,5,24,9,14,1,2,
KENTUCKY,Bardstown,13917,23,0,4,7,12,194,27,143,24,1,
KENTUCKY,Bardwell,684,0,0,0,0,0,2,1,1,0,0,
KENTUCKY,Beattyville,2141,2,0,0,0,2,2,0,2,0,0,
KENTUCKY,Beaver Dam,3487,3,0,1,0,2,9,0,8,1,0,
KENTUCKY,Bellefonte,877,0,0,0,0,0,0,0,0,0,0,
KENTUCKY,Bellevue,5713,5,0,1,0,4,58,6,48,4,0,
KENTUCKY,Benham,459,0,0,0,0,0,1,0,1,0,0,
KENTUCKY,Benton,4765,4,0,0,0,4,63,11,48,4,1,
KENTUCKY,Berea,16135,14,0,4,0,10,137,20,100,17,1,
KENTUCKY,Bloomfield,982,0,0,0,0,0,0,0,0,0,0,
KENTUCKY,Booneville,163,0,0,0,0,0,0,0,0,0,0,
KENTUCKY,Bowling Green,77503,174,1,69,36,68,2270,264,1800,206,7,
KENTUCKY,Brandenburg,2962,1,0,1,0,0,18,0,13,5,0,
KENTUCKY,Brodhead,1126,0,0,0,0,0,1,1,0,0,0,
KENTUCKY,Brooksville,651,1,0,0,0,1,0,0,0,0,0,
KENTUCKY,Brownsville,893,0,0,0,0,0,2,0,2,0,0,
KENTUCKY,Burgin,1006,0,0,0,0,0,4,0,3,1,0,
KENTUCKY,Burkesville,1394,0,0,0,0,0,0,0,0,0,0,
KENTUCKY,Burnside,708,0,0,0,0,0,10,2,8,0,0,
KENTUCKY,Butler,640,0,0,0,0,0,0,0,0,0,0,
KENTUCKY,Cadiz,2772,1,0,0,0,1,27,6,21,0,0,
KENTUCKY,Calvert City,2517,0,0,0,0,0,50,11,37,2,0,
KENTUCKY,Campbellsburg,852,0,0,0,0,0,0,0,0,0,0,
KENTUCKY,Campbellsville,11724,27,2,5,3,17,126,40,74,12,0,
KENTUCKY,Caneyville,531,0,0,0,0,0,0,0,0,0,0,
KENTUCKY,Carlisle,2118,0,0,0,0,0,5,2,1,2,0,
KENTUCKY,Carrollton,3922,2,0,1,0,1,19,2,13,4,0,
KENTUCKY,Catlettsburg,1726,0,0,0,0,0,13,1,10,2,0,
KENTUCKY,Cave City,2360,1,0,0,1,0,6,2,1,3,0,
KENTUCKY,Centertown,413,0,0,0,0,0,0,0,0,0,0,
KENTUCKY,Central City,5808,5,0,1,0,4,57,3,50,4,1,
KENTUCKY,Clarkson,958,0,0,0,0,0,0,0,0,0,0,
KENTUCKY,Clay,982,0,0,0,0,0,5,0,2,3,0,
KENTUCKY,Clay City,1174,1,0,0,0,1,0,0,0,0,0,
KENTUCKY,Clinton,1196,1,0,0,0,1,3,2,1,0,0,
KENTUCKY,Cloverport,1147,0,0,0,0,0,1,0,0,1,0,
KENTUCKY,Coal Run Village,1580,0,0,0,0,0,41,20,18,3,0,
KENTUCKY,Cold Spring,6478,4,0,0,2,2,124,9,110,5,0,
KENTUCKY,Columbia,4895,4,0,0,1,3,6,0,3,3,0,
KENTUCKY,Corbin,7843,15,0,1,3,11,85,26,45,14,0,
KENTUCKY,Covington,40984,118,2,27,31,58,670,85,445,140,3,
KENTUCKY,Crab Orchard,761,0,0,0,0,0,0,0,0,0,0,
KENTUCKY,Cumberland,1782,0,0,0,0,0,9,6,2,1,0,
KENTUCKY,Cynthiana,6600,10,0,1,1,8,82,6,68,8,0,
KENTUCKY,Danville,17406,19,1,2,1,15,182,31,138,13,0,
KENTUCKY,Dawson Springs,2138,2,0,0,0,2,14,1,13,0,0,
KENTUCKY,Dayton,5833,14,0,2,1,11,43,7,31,5,0,
KENTUCKY,Dry Ridge,2209,0,0,0,0,0,35,0,35,0,0,
KENTUCKY,Eddyville,2483,0,0,0,0,0,1,1,0,0,0,
KENTUCKY,Edgewood,8382,5,0,2,0,3,35,0,34,1,0,
KENTUCKY,Edmonton,1714,2,0,0,0,2,8,3,5,0,0,
KENTUCKY,Elizabethtown,33522,46,4,15,4,23,234,40,159,35,2,
KENTUCKY,Elkhorn City,965,0,0,0,0,0,0,0,0,0,0,
KENTUCKY,Elkton,2288,4,0,2,0,2,16,2,12,2,0,
KENTUCKY,Elsmere,9140,9,0,3,0,6,76,6,44,26,1,
KENTUCKY,Eminence,2755,0,0,0,0,0,42,5,33,4,0,
KENTUCKY,Erlanger,19827,14,1,5,1,7,104,13,58,33,0,
KENTUCKY,Eubank,329,0,0,0,0,0,0,0,0,0,0,
KENTUCKY,Evarts,815,0,0,0,0,0,14,4,6,4,2,
KENTUCKY,Falmouth,2210,6,0,2,2,2,15,2,7,6,0,
KENTUCKY,Ferguson,865,0,0,0,0,0,4,1,3,0,0,
KENTUCKY,Flatwoods,7200,4,0,1,0,3,15,4,8,3,0,
KENTUCKY,Fleming-Neon,514,0,0,0,0,0,1,0,0,1,0,
KENTUCKY,Flemingsburg,2999,1,0,0,0,1,29,6,17,6,0,
KENTUCKY,Florence,33208,77,6,16,17,38,1067,48,937,82,2,
KENTUCKY,Fort Mitchell,8617,5,0,2,1,2,65,6,42,17,0,
KENTUCKY,Fort Thomas,16826,8,0,4,1,3,82,8,64,10,0,
KENTUCKY,Fort Wright,6132,4,0,2,1,1,31,5,23,3,0,
KENTUCKY,Fountain Run,222,0,0,0,0,0,0,0,0,0,0,
KENTUCKY,Frankfort,28177,57,1,19,8,29,463,77,335,51,1,
KENTUCKY,Franklin,10556,15,0,2,2,11,93,9,69,15,0,
KENTUCKY,Fulton,2266,3,0,0,0,3,65,17,47,1,1,
KENTUCKY,Georgetown,40037,49,3,11,7,28,468,67,364,37,2,
KENTUCKY,Glasgow,15413,26,0,6,0,20,325,33,271,21,2,
KENTUCKY,Grayson,3797,11,0,0,0,11,73,10,54,9,2,
KENTUCKY,Greensburg,2251,5,0,3,0,2,26,2,24,0,0,
KENTUCKY,Greenup,1047,0,0,0,0,0,7,1,4,2,0,
KENTUCKY,Greenville,4339,3,0,1,0,2,15,0,12,3,0,
KENTUCKY,Guthrie,1334,2,0,0,1,1,7,1,4,2,1,
KENTUCKY,Hardinsburg,2469,3,0,0,0,3,13,3,6,4,1,
KENTUCKY,Harlan,1814,5,0,1,1,3,12,4,5,3,0,
KENTUCKY,Harrodsburg,9270,16,0,1,1,14,75,15,51,9,1,
KENTUCKY,Hartford,2641,5,0,0,0,5,22,11,10,1,0,
KENTUCKY,Hawesville,985,0,0,0,0,0,2,0,2,0,0,
KENTUCKY,Hazard,4878,3,0,2,0,1,38,14,14,10,1,
KENTUCKY,Henderson,27600,88,1,16,13,58,501,101,334,66,5,
KENTUCKY,Heritage Creek,1201,2,0,0,2,0,7,3,4,0,0,
KENTUCKY,Hickman,2285,5,0,0,0,5,5,1,3,1,0,
KENTUCKY,Highland Heights ,6604,5,0,3,0,2,64,3,54,7,1,
KENTUCKY,Hillview,8950,15,1,4,3,7,116,14,77,25,0,
KENTUCKY,Hodgenville,3334,7,0,0,0,7,43,5,34,4,1,
KENTUCKY,Hopkinsville,30694,137,2,20,23,92,769,157,553,59,2,
KENTUCKY,Horse Cave,2271,0,0,0,0,0,4,0,2,2,0,
KENTUCKY,Hurstbourne Acres,1938,0,0,0,0,0,30,0,26,4,0,
KENTUCKY,Hustonville,402,0,0,0,0,0,1,1,0,0,0,
KENTUCKY,Hyden,281,0,0,0,0,0,0,0,0,0,0,
KENTUCKY,Independence,29747,8,0,5,1,2,94,7,71,16,1,
KENTUCKY,Indian Hills,2843,0,0,0,0,0,53,2,48,3,0,
KENTUCKY,Irvine,2261,4,0,0,0,4,10,1,6,3,0,
KENTUCKY,Irvington,1392,2,0,0,0,2,3,0,2,1,0,
KENTUCKY,Jackson,2093,1,0,0,0,1,15,3,8,4,0,
KENTUCKY,Jamestown,1882,0,0,0,0,0,13,4,7,2,0,
KENTUCKY,Jeffersontown,28563,30,3,7,15,5,650,54,465,131,0,
KENTUCKY,Jenkins,1758,0,0,0,0,0,3,2,1,0,0,
KENTUCKY,Junction City,2294,0,0,0,0,0,0,0,0,0,0,
KENTUCKY,La Grange,10537,7,0,0,1,6,96,18,65,13,0,
KENTUCKY,Lakeside Park-Crestview Hills,6028,4,0,1,2,1,59,0,54,5,0,
KENTUCKY,Lancaster,4101,3,0,0,0,3,39,15,24,0,0,
KENTUCKY,Lawrenceburg,12241,7,0,2,1,4,66,7,49,10,0,
KENTUCKY,Lebanon,6595,10,0,1,2,7,64,11,45,8,0,
KENTUCKY,Lebanon Junction,1810,0,0,0,0,0,5,0,4,1,0,
KENTUCKY,Leitchfield,6480,6,0,2,1,3,84,24,58,2,1,
KENTUCKY,Lewisburg,782,0,0,0,0,0,0,0,0,0,0,
KENTUCKY,Lewisport,1719,0,0,0,0,0,4,1,3,0,0,
KENTUCKY,Lexington,323254,847,16,167,257,407,7352,856,5587,909,14,
KENTUCKY,Liberty,1996,1,0,0,0,1,2,1,1,0,0,
KENTUCKY,Livingston,165,0,0,0,0,0,0,0,0,0,0,
KENTUCKY,London,7602,11,1,2,2,6,198,44,136,18,0,
KENTUCKY,Louisa,2563,4,0,2,0,2,23,10,6,7,1,
KENTUCKY,Louisville Metro,676843,4788,147,208,868,3565,22513,3084,14123,5306,148,
KENTUCKY,Loyall,587,1,0,0,1,0,0,0,0,0,0,
KENTUCKY,Ludlow,4313,4,0,2,0,2,47,7,26,14,0,
KENTUCKY,Lynch,596,0,0,0,0,0,0,0,0,0,0,
KENTUCKY,Lyndon,10877,11,0,0,4,7,275,26,203,46,1,
KENTUCKY,Madisonville,19294,17,1,4,2,10,114,23,75,16,2,
KENTUCKY,Manchester,1400,3,0,0,0,3,12,3,7,2,0,
KENTUCKY,Marion,2887,1,0,1,0,0,34,8,20,6,0,
KENTUCKY,Martin,478,0,0,0,0,0,1,1,0,0,0,
KENTUCKY,Mayfield,9626,19,0,5,1,13,182,53,116,13,1,
KENTUCKY,Maysville,8625,19,0,2,5,12,201,35,154,12,1,
KENTUCKY,McKee,804,0,0,0,0,0,1,0,1,0,0,
KENTUCKY,Meadow Vale,715,0,0,0,0,0,0,0,0,0,0,
KENTUCKY,Middlesboro,8901,17,1,2,1,13,246,25,207,14,1,
KENTUCKY,Middletown,9602,12,0,2,3,7,327,14,289,24,3,
KENTUCKY,Millersburg,738,1,0,0,1,0,10,5,5,0,0,
KENTUCKY,Monticello,5706,5,0,0,0,5,45,10,25,10,0,
KENTUCKY,Morehead,6608,7,0,4,0,3,90,5,79,6,1,
KENTUCKY,Morganfield,3107,1,0,0,0,1,24,3,20,1,1,
KENTUCKY,Morgantown,2467,6,1,3,0,2,1,1,0,0,0,
KENTUCKY,Mount Sterling,7575,16,0,4,1,11,91,11,77,3,0,
KENTUCKY,Mount Vernon,2457,3,0,0,0,3,10,2,4,4,1,
KENTUCKY,Mount Washington,18811,6,0,1,0,5,105,14,83,8,0,
KENTUCKY,Muldraugh,1006,1,0,0,0,1,7,0,4,3,0,
KENTUCKY,Munfordville,1720,0,0,0,0,0,5,1,3,1,0,
KENTUCKY,Murray,18191,18,0,9,2,7,260,28,221,11,1,
KENTUCKY,Newport,13702,45,1,10,13,21,526,31,439,56,1,
KENTUCKY,Nicholasville,32866,37,1,6,6,24,492,68,400,24,3,
KENTUCKY,Northfield,983,0,0,0,0,0,2,0,2,0,0,
KENTUCKY,Oak Grove,7985,22,2,3,7,10,199,27,155,17,0,
KENTUCKY,Olive Hill,1535,1,0,0,0,1,10,2,5,3,0,
KENTUCKY,Owensboro,60096,210,1,47,27,135,1753,203,1357,193,11,
KENTUCKY,Owenton,1663,1,0,0,0,1,1,1,0,0,1,
KENTUCKY,Owingsville,1598,2,0,0,0,2,6,1,4,1,0,
KENTUCKY,Paducah,26624,72,1,19,11,41,744,62,599,83,8,
KENTUCKY,Paintsville,4111,0,0,0,0,0,6,2,3,1,0,
KENTUCKY,Paris,10057,13,0,2,1,10,81,17,49,15,1,
KENTUCKY,Park Hills,3142,3,0,1,0,2,15,1,10,4,0,
KENTUCKY,Pembroke,878,0,0,0,0,0,5,1,4,0,0,
KENTUCKY,Perryville,793,0,0,0,0,0,0,0,0,0,0,
KENTUCKY,Pewee Valley,1650,0,0,0,0,0,0,0,0,0,0,
KENTUCKY,Pikeville,7343,14,0,4,0,10,106,23,76,7,0,
KENTUCKY,Pineville,1582,1,0,0,0,1,14,3,10,1,0,
KENTUCKY,Pioneer Village,2760,2,0,0,1,1,20,1,15,4,0,
KENTUCKY,Pippa Passes,632,0,0,0,0,0,0,0,0,0,0,
KENTUCKY,Powderly,780,0,0,0,0,0,1,0,1,0,0,
KENTUCKY,Prestonsburg,3663,7,0,1,0,6,11,4,5,2,0,
KENTUCKY,Princeton,6173,1,0,0,1,0,106,21,74,11,2,
KENTUCKY,Prospect,4553,0,0,0,0,0,32,6,20,6,0,
KENTUCKY,Providence,2799,0,0,0,0,0,5,3,2,0,0,
KENTUCKY,Raceland,2289,4,0,0,0,4,5,1,4,0,0,
KENTUCKY,Radcliff,22658,39,1,9,7,22,453,82,298,73,2,
KENTUCKY,Ravenna,548,0,0,0,0,0,4,1,3,0,0,
KENTUCKY,Richmond,38072,82,2,22,18,40,751,125,555,71,1,
KENTUCKY,Russell,3614,8,0,5,2,1,27,2,22,3,0,
KENTUCKY,Russell Springs,2817,3,0,1,0,2,21,4,12,5,0,
KENTUCKY,Russellville,7470,7,0,3,1,3,84,13,69,2,1,
KENTUCKY,Sadieville,338,0,0,0,0,0,1,0,1,0,0,
KENTUCKY,Salyersville,1506,0,0,0,0,0,5,4,0,1,0,
KENTUCKY,Science Hill,652,0,0,0,0,0,1,0,1,0,0,
KENTUCKY,Scottsville,4616,5,0,1,0,4,33,6,21,6,0,
KENTUCKY,Sebree,1515,0,0,0,0,0,2,0,2,0,0,
KENTUCKY,Shelbyville,17959,24,0,6,1,17,181,23,134,24,1,
KENTUCKY,Shepherdsville,14843,20,0,2,5,13,266,27,203,36,0,
KENTUCKY,Shively,15394,47,2,7,20,18,505,84,299,122,0,
KENTUCKY,Simpsonville,3096,6,0,1,1,4,108,4,99,5,1,
KENTUCKY,Smiths Grove,808,2,0,0,0,2,37,6,30,1,0,
KENTUCKY,Somerset,12367,32,0,8,6,18,133,41,76,16,2,
KENTUCKY,Southgate,3786,3,0,1,0,2,33,4,28,1,0,
KENTUCKY,South Shore,1056,0,0,0,0,0,0,0,0,0,0,
KENTUCKY,Springfield,2969,2,0,1,0,1,9,2,4,3,0,
KENTUCKY,Stamping Ground,836,0,0,0,0,0,6,1,5,0,0,
KENTUCKY,Stanford,3714,3,0,0,0,3,13,3,7,3,2,
KENTUCKY,Stanton,3165,1,0,0,0,1,18,4,13,1,0,
KENTUCKY,St. Matthews,17289,22,0,0,14,8,881,36,765,80,0,
KENTUCKY,Strathmoor Village,669,0,0,0,0,0,0,0,0,0,0,
KENTUCKY,Sturgis,1654,0,0,0,0,0,0,0,0,0,0,
KENTUCKY,Taylor Mill,6957,3,0,3,0,0,23,3,17,3,0,
KENTUCKY,Taylorsville,1329,3,0,0,0,3,20,0,18,2,0,
KENTUCKY,Tompkinsville,2282,0,0,0,0,0,4,2,2,0,0,
KENTUCKY,Trenton,328,0,0,0,0,0,0,0,0,0,0,
KENTUCKY,Uniontown,892,0,0,0,0,0,0,0,0,0,0,
KENTUCKY,Vanceburg,1388,0,0,0,0,0,5,1,2,2,1,
KENTUCKY,Versailles,27727,19,0,5,4,10,210,30,162,18,0,
KENTUCKY,Villa Hills,7616,5,0,0,0,5,63,5,46,12,0,
KENTUCKY,Vine Grove,7011,2,0,0,0,2,23,8,12,3,0,
KENTUCKY,Warsaw,1760,3,0,1,0,2,25,3,20,2,0,
KENTUCKY,Wayland,373,0,0,0,0,0,0,0,0,0,0,
KENTUCKY,West Buechel,1352,4,0,0,4,0,114,2,97,15,0,
KENTUCKY,West Liberty,3535,3,0,2,0,1,5,0,5,0,0,
KENTUCKY,West Point,922,0,0,0,0,0,0,0,0,0,0,
KENTUCKY,Wheelwright,464,0,0,0,0,0,0,0,0,0,0,
KENTUCKY,Whitesburg,1624,1,0,0,0,1,5,0,4,1,0,
KENTUCKY,Wilder,3076,3,0,1,0,2,20,3,15,2,0,
KENTUCKY,Williamsburg,5118,8,0,0,1,7,26,10,14,2,0,
KENTUCKY,Williamstown,3983,3,0,1,0,2,15,2,10,3,0,
KENTUCKY,Wilmore,6137,1,0,0,0,1,28,3,24,1,0,
KENTUCKY,Winchester,19283,32,0,10,6,16,539,42,470,27,1,
KENTUCKY,Woodburn,321,0,0,0,0,0,0,0,0,0,0,
KENTUCKY,Woodlawn Park,928,0,0,0,0,0,0,0,0,0,0,
KENTUCKY,Worthington,1442,0,0,0,0,0,4,3,1,0,1,
LOUISIANA,Addis,7797,11,1,1,1,8,54,6,34,14,0,
LOUISIANA,Alexandria,42933,1165,16,53,70,1026,2832,373,2236,223,7,
LOUISIANA,Baker,11933,48,1,1,10,36,208,47,115,46,1,
LOUISIANA,Bastrop,8792,125,2,2,3,118,425,118,291,16,6,
LOUISIANA,Blanchard,3341,4,0,0,0,4,19,1,17,1,0,
LOUISIANA,Bogalusa,10252,116,1,9,3,103,432,88,310,34,2,
LOUISIANA,Bossier City,62750,573,7,48,37,481,2309,302,1762,245,8,
LOUISIANA,Broussard,14906,29,1,2,1,25,321,24,280,17,2,
LOUISIANA,Carencro,13985,58,1,0,3,54,283,78,192,13,1,
LOUISIANA,Church Point,3982,32,1,0,0,31,35,5,22,8,0,
LOUISIANA,Clinton,1304,0,0,0,0,0,0,0,0,0,0,
LOUISIANA,Covington,11641,20,0,2,1,17,118,18,94,6,1,
LOUISIANA,De Ridder,9517,28,0,2,2,24,138,17,116,5,1,
LOUISIANA,Erath,1935,4,0,2,0,2,6,3,2,1,0,
LOUISIANA,Farmerville,3260,35,0,1,0,34,79,10,63,6,0,
LOUISIANA,Folsom,826,2,0,0,0,2,0,0,0,0,0,
LOUISIANA,Golden Meadow,1604,0,0,0,0,0,33,6,26,1,0,
LOUISIANA,Gonzales,14259,52,2,6,9,35,561,32,481,48,0,
LOUISIANA,Gramercy,2698,6,0,0,0,6,28,4,20,4,1,
LOUISIANA,Greenwood,3075,12,0,2,0,10,95,8,79,8,0,
LOUISIANA,Gretna,16788,72,2,4,9,57,638,58,524,56,0,
LOUISIANA,Harahan,8596,9,0,1,2,6,62,12,47,3,2,
LOUISIANA,Haughton,4401,2,0,0,0,2,9,1,5,3,0,
LOUISIANA,Haynesville,1904,7,0,1,0,6,21,12,8,1,0,
LOUISIANA,Heflin,204,0,0,0,0,0,0,0,0,0,0,
LOUISIANA,Independence,1655,26,1,0,0,25,88,29,51,8,0,
LOUISIANA,Iowa,3009,43,0,1,0,42,57,4,47,6,0,
LOUISIANA,Jennings,9230,93,1,1,2,89,309,65,231,13,1,
LOUISIANA,Kenner,62377,215,6,21,19,169,1767,193,1400,174,3,
LOUISIANA,Krotz Springs,883,4,0,0,0,4,23,4,15,4,0,
LOUISIANA,Lafayette,121471,1295,18,41,84,1152,5281,803,3921,557,2,
LOUISIANA,Lake Arthur,2557,4,0,0,1,3,4,0,4,0,0,
LOUISIANA,Lake Charles,77982,478,13,41,50,374,1926,478,1288,160,0,
LOUISIANA,Mandeville,13053,17,0,0,3,14,161,13,142,6,1,
LOUISIANA,Marksville,4762,88,0,3,3,82,170,24,139,7,1,
LOUISIANA,Minden,11050,88,3,3,10,72,280,70,196,14,1,
LOUISIANA,Monroe,46290,876,7,14,76,779,2654,649,1841,164,1,
LOUISIANA,Morgan City,10701,59,1,7,4,47,303,50,231,22,2,
LOUISIANA,Natchitoches,16945,151,5,12,8,126,743,221,477,45,4,
LOUISIANA,New Iberia,26653,269,9,10,18,232,833,203,536,94,2,
LOUISIANA,Oak Grove,1351,4,0,1,0,3,23,3,20,0,0,
LOUISIANA,Opelousas,15263,209,6,7,16,180,766,120,596,50,4,
LOUISIANA,Patterson,5550,15,0,0,2,13,30,4,26,0,0,
LOUISIANA,Plain Dealing,873,27,0,0,0,27,5,0,4,1,0,
LOUISIANA,Plaquemine,5925,72,2,2,5,63,195,46,140,9,0,
LOUISIANA,Ponchatoula,7784,35,3,1,2,29,154,19,119,16,0,
LOUISIANA,Port Allen,4876,64,2,3,1,58,118,13,98,7,1,
LOUISIANA,Rayne,6910,5,0,0,0,5,61,4,54,3,0,
LOUISIANA,Ruston,22259,95,3,5,9,78,658,80,537,41,0,
LOUISIANA,Scott,8917,59,1,6,1,51,146,21,102,23,0,
LOUISIANA,Shreveport,175092,2151,47,146,140,1818,6987,1368,4603,1016,25,
LOUISIANA,Slidell,28449,73,1,6,7,59,650,34,575,41,2,
LOUISIANA,Springhill,4424,8,0,1,0,7,49,11,37,1,0,
LOUISIANA,Sulphur,19955,75,2,7,9,57,582,91,462,29,0,
LOUISIANA,Tallulah,5638,26,0,0,1,25,19,4,14,1,1,
LOUISIANA,Thibodaux,15562,40,1,7,1,31,463,33,410,20,0,
LOUISIANA,Vidalia,3788,15,0,1,1,13,104,11,90,3,1,
LOUISIANA,Vinton,3011,26,0,2,0,24,90,14,72,4,1,
LOUISIANA,Walker,6398,45,0,6,0,39,204,17,169,18,0,
LOUISIANA,Westlake,4571,13,0,0,0,13,87,11,69,7,0,
LOUISIANA,West Monroe,12368,143,1,14,19,109,728,122,558,48,1,
LOUISIANA,Westwego,8021,34,0,3,1,30,168,24,125,19,0,
LOUISIANA,White Castle,1586,25,0,0,2,23,42,10,32,0,0,
LOUISIANA,Wilson,357,0,0,0,0,0,0,0,0,0,0,
LOUISIANA,Winnfield,3862,50,1,4,6,39,180,17,157,6,0,
LOUISIANA,Zachary,20142,67,1,4,5,57,407,54,309,44,0,
MAINE,Ashland,1208,0,0,0,0,0,2,0,2,0,0,
MAINE,Auburn,25038,54,1,13,10,30,608,36,523,49,4,
MAINE,Augusta,19164,48,1,24,2,21,784,45,703,36,0,
MAINE,Baileyville,1322,1,0,0,0,1,4,2,2,0,0,
MAINE,Bangor,31598,51,5,7,16,23,1339,98,1214,27,3,
MAINE,Bar Harbor,7538,2,0,2,0,0,36,2,31,3,0,
MAINE,Bath,8871,6,2,0,0,4,64,6,57,1,0,
MAINE,Belfast,7111,0,0,0,0,0,45,2,43,0,0,
MAINE,Berwick,8364,10,0,8,0,2,67,4,57,6,0,
MAINE,Biddeford,22310,70,2,15,8,45,524,22,479,23,8,
MAINE,Boothbay Harbor,2108,1,0,0,0,1,13,2,10,1,0,
MAINE,Brewer,9639,4,0,0,4,0,173,10,161,2,0,
MAINE,Bridgton,5772,4,0,0,0,4,59,3,53,3,0,
MAINE,Brunswick,22662,16,0,6,1,9,270,8,250,12,0,
MAINE,Bucksport,5039,3,0,2,0,1,27,1,25,1,0,
MAINE,Buxton,8591,10,0,3,1,6,77,8,64,5,1,
MAINE,Calais,3140,2,0,0,0,2,44,3,33,8,0,
MAINE,Camden,5221,0,0,0,0,0,61,2,59,0,0,
MAINE,Cape Elizabeth,9610,2,0,2,0,0,16,1,13,2,0,
MAINE,Carrabassett Valley,710,0,0,0,0,0,6,0,6,0,0,
MAINE,Clinton,3390,3,0,2,0,1,12,0,8,4,0,
MAINE,Cumberland,8845,0,0,0,0,0,23,9,13,1,0,
MAINE,Damariscotta,2307,2,0,2,0,0,29,0,27,2,0,
MAINE,Dexter,3816,3,0,1,0,2,33,1,27,5,0,
MAINE,Dover-Foxcroft,4579,0,0,0,0,0,25,2,22,1,0,
MAINE,East Millinocket,6860,4,0,0,0,4,57,1,47,9,0,
MAINE,Eastport,1305,0,0,0,0,0,2,1,1,0,0,
MAINE,Eliot,7511,0,0,0,0,0,15,2,12,1,0,
MAINE,Ellsworth,8812,18,0,8,0,10,207,12,180,15,0,
MAINE,Fairfield,6557,8,0,4,0,4,144,5,129,10,1,
MAINE,Falmouth,13004,8,0,5,1,2,77,10,66,1,0,
MAINE,Farmington,8727,11,0,3,2,6,123,3,110,10,0,
MAINE,Fort Fairfield,3343,5,0,1,0,4,13,1,9,3,0,
MAINE,Fort Kent,4273,1,0,1,0,0,15,3,11,1,0,
MAINE,Freeport,8795,5,0,4,0,1,93,2,88,3,0,
MAINE,Fryeburg,3589,1,0,0,0,1,38,3,32,3,0,
MAINE,Gardiner,6222,7,1,4,0,2,63,3,52,8,0,
MAINE,Gorham,18344,4,0,1,1,2,73,13,46,14,1,
MAINE,Gouldsboro,1746,2,0,1,0,1,0,0,0,0,0,
MAINE,Greenville,1677,0,0,0,0,0,12,0,12,0,0,
MAINE,Hallowell,2629,0,0,0,0,0,15,2,10,3,0,
MAINE,Hampden,8057,1,0,0,0,1,38,8,28,2,0,
MAINE,Holden,3439,2,0,0,1,1,18,0,17,1,0,
MAINE,Houlton,6080,3,0,0,0,3,92,17,71,4,0,
MAINE,Islesboro,596,0,0,0,0,0,3,0,3,0,0,
MAINE,Jay,4665,5,0,1,0,4,47,1,41,5,0,
MAINE,Kennebunk,12040,8,0,5,0,3,76,1,71,4,1,
MAINE,Kennebunkport,3718,1,0,0,0,1,23,1,22,0,0,
MAINE,Kittery,11031,6,0,2,1,3,130,1,125,4,0,
MAINE,Lewiston,38850,95,1,26,23,45,594,64,484,46,7,
MAINE,Lincoln,4872,0,0,0,0,0,8,1,6,1,0,
MAINE,Lisbon,9731,4,0,2,1,1,61,10,45,6,0,
MAINE,Livermore Falls,3123,4,0,2,0,2,61,7,40,14,1,
MAINE,Machias,2082,3,0,1,1,1,13,3,10,0,0,
MAINE,Madawaska,3863,0,0,0,0,0,17,4,11,2,0,
MAINE,Mechanic Falls,3143,7,2,2,0,3,19,2,17,0,0,
MAINE,Milbridge,1395,0,0,0,0,0,0,0,0,0,0,
MAINE,Milo,2400,1,0,0,0,1,20,5,15,0,0,
MAINE,Monmouth,4244,0,0,0,0,0,5,1,4,0,0,
MAINE,Newport,3162,2,0,0,0,2,34,1,33,0,0,
MAINE,North Berwick,5275,9,0,6,0,3,15,1,12,2,0,
MAINE,Norway,5356,1,0,0,1,0,102,10,88,4,0,
MAINE,Oakland,6396,3,0,3,0,0,53,5,46,2,0,
MAINE,Ogunquit,1606,1,0,1,0,0,26,0,25,1,0,
MAINE,Old Orchard Beach,9503,10,0,2,0,8,99,5,85,9,1,
MAINE,Old Town,7433,3,0,0,0,3,74,9,64,1,0,
MAINE,Orono,12641,6,0,2,0,4,13,2,11,0,0,
MAINE,Oxford,4419,2,0,2,0,0,158,4,150,4,0,
MAINE,Paris,5429,4,0,1,0,3,59,5,48,6,0,
MAINE,Phippsburg,2222,0,0,0,0,0,1,0,1,0,0,
MAINE,Pittsfield,3939,1,0,0,0,1,45,7,35,3,0,
MAINE,Portland,69310,185,5,29,35,116,1718,101,1509,108,11,
MAINE,Presque Isle,8642,19,0,6,1,12,188,13,164,11,1,
MAINE,Rangeley,1321,0,0,0,0,0,8,1,6,1,0,
MAINE,Richmond,3588,0,0,0,0,0,2,0,1,1,0,
MAINE,Rockland,7059,6,0,1,0,5,132,24,95,13,0,
MAINE,Rockport,3687,3,0,0,0,3,27,3,19,5,0,
MAINE,Rumford,6034,10,0,9,0,1,113,1,106,6,0,
MAINE,Sabattus,5161,2,0,0,0,2,9,1,7,1,0,
MAINE,Saco,21144,17,0,8,0,9,228,18,189,21,3,
MAINE,Sanford,22345,35,0,18,1,16,587,34,525,28,12,
MAINE,Scarborough,24147,15,0,3,1,11,255,22,209,24,0,
MAINE,Skowhegan,8700,12,0,2,0,10,323,39,271,13,2,
MAINE,South Berwick,7847,2,0,2,0,0,33,2,31,0,0,
MAINE,South Portland,26931,17,0,2,5,10,369,22,316,31,3,
MAINE,Southwest Harbor,1849,0,0,0,0,0,14,3,11,0,0,
MAINE,Thomaston,2761,1,0,0,0,1,104,3,96,5,0,
MAINE,Topsham,9814,4,0,2,0,2,94,5,85,4,1,
MAINE,Veazie,1824,0,0,0,0,0,0,0,0,0,0,
MAINE,Waldoboro,5378,2,0,0,0,2,54,8,35,11,1,
MAINE,Waterville,16867,24,3,13,4,4,510,10,474,26,0,
MAINE,Wells,12027,10,0,4,0,6,87,4,76,7,0,
MAINE,Westbrook,20608,36,1,7,7,21,238,24,193,21,1,
MAINE,Wilton,3885,5,0,0,1,4,32,0,26,6,0,
MAINE,Windham,20064,17,0,6,0,11,153,12,131,10,0,
MAINE,Winslow,8049,12,0,6,2,4,86,7,67,12,1,
MAINE,Winter Harbor,478,0,0,0,0,0,2,1,1,0,0,
MAINE,Winthrop,6224,3,0,0,1,2,70,10,54,6,0,
MAINE,Wiscasset,3926,2,0,1,0,1,33,2,28,3,0,
MAINE,Yarmouth,9036,8,0,4,1,3,38,4,32,2,0,
MAINE,York,14249,7,0,4,0,3,65,8,54,3,1,
MARYLAND,Aberdeen,18635,111,4,13,26,68,379,33,310,36,1,
MARYLAND,Annapolis,40446,327,3,36,69,219,847,69,669,109,5,
MARYLAND,Baltimore,566632,9101,197,326,3248,5330,23555,2968,14630,5957,116,
MARYLAND,Baltimore City Sheriff,0,0,0,0,0,0,0,0,0,0,0,
MARYLAND,Bel Air,10422,25,1,1,3,20,209,10,190,9,0,
MARYLAND,Berlin,5443,4,0,0,1,3,49,4,45,0,0,
MARYLAND,Berwyn Heights,3241,13,1,0,3,9,47,1,41,5,0,
MARYLAND,Bladensburg,9382,91,1,2,35,53,330,28,223,79,2,
MARYLAND,Boonsboro,3831,0,0,0,0,0,11,0,11,0,0,
MARYLAND,Bowie,56929,110,0,20,33,57,1298,79,1003,216,0,
MARYLAND,Brentwood,3696,13,0,3,5,5,34,3,17,14,0,
MARYLAND,Brunswick,8488,11,1,2,1,7,42,5,36,1,0,
MARYLAND,Cambridge,13205,72,0,12,24,36,421,67,315,39,1,
MARYLAND,Capitol Heights,3926,18,0,1,11,6,41,3,12,26,0,
MARYLAND,Centreville,4753,10,0,3,0,7,40,6,33,1,1,
MARYLAND,Chestertown,5616,13,0,3,1,9,104,10,89,5,0,
MARYLAND,Cheverly,5970,13,0,4,4,5,171,10,116,45,0,
MARYLAND,Chevy Chase Village,2020,0,0,0,0,0,55,1,52,2,0,
MARYLAND,Colmar Manor,1543,6,0,1,4,1,61,5,45,11,0,
MARYLAND,Crisfield,2494,0,0,0,0,0,2,0,1,1,0,
MARYLAND,Cumberland,18661,86,2,8,21,55,733,139,564,30,7,
MARYLAND,Denton,5025,18,0,5,1,12,152,7,133,12,0,
MARYLAND,District Heights,5769,45,1,2,7,35,97,7,50,40,0,
MARYLAND,Easton,17268,69,0,7,8,54,342,29,289,24,2,
MARYLAND,Edmonston,1561,6,0,0,5,1,41,5,19,17,0,
MARYLAND,Elkton,16017,173,2,20,39,112,838,101,582,155,7,
MARYLAND,Fairmount Heights,1479,19,0,1,9,9,57,3,29,25,0,
MARYLAND,Federalsburg,2797,5,0,0,0,5,24,3,20,1,0,
MARYLAND,Forest Heights,2573,12,2,1,4,5,33,3,16,14,0,
MARYLAND,Frederick,88428,359,2,49,46,262,1480,216,1165,99,4,
MARYLAND,Frostburg,6946,1,0,0,0,1,7,6,1,0,0,
MARYLAND,Fruitland,5987,12,1,1,2,8,131,14,113,4,2,
MARYLAND,Gaithersburg,69590,176,1,20,45,110,913,105,712,96,0,
MARYLAND,Glenarden,6230,13,0,0,10,3,55,6,31,18,0,
MARYLAND,Greenbelt,24193,157,0,10,79,68,1059,36,767,256,1,
MARYLAND,Greensboro,1928,4,0,1,0,3,15,0,12,3,0,
MARYLAND,Hagerstown,43563,311,4,32,97,178,1073,218,654,201,0,
MARYLAND,Hampstead,6445,10,0,0,1,9,53,5,45,3,0,
MARYLAND,Hancock,1558,1,0,0,0,1,12,0,11,1,0,
MARYLAND,Havre de Grace,15099,21,0,3,5,13,191,20,160,11,0,
MARYLAND,Hurlock,2090,4,0,0,0,4,29,2,24,3,0,
MARYLAND,Hyattsville,20506,141,1,14,78,48,685,63,460,162,0,
MARYLAND,Landover Hills,1751,14,0,0,7,7,131,55,59,17,0,
MARYLAND,La Plata,11114,24,0,0,2,22,195,26,149,20,0,
MARYLAND,Laurel,29209,115,2,7,38,68,1420,58,1096,266,0,
MARYLAND,Manchester,5567,10,0,1,0,9,6,1,4,1,0,
MARYLAND,Morningside,1203,13,0,1,9,3,25,4,11,10,0,
MARYLAND,Mount Airy,9966,32,0,0,1,31,102,4,95,3,1,
MARYLAND,Mount Rainier,8055,63,3,4,24,32,212,10,135,67,1,
MARYLAND,New Carrollton,13312,39,0,2,15,22,219,16,125,78,0,
MARYLAND,North East,4189,20,0,3,1,16,80,14,43,23,0,
MARYLAND,Oakland,1810,0,0,0,0,0,7,0,7,0,0,
MARYLAND,Ocean City,6938,68,0,12,4,52,611,63,521,27,0,
MARYLAND,Ocean Pines,12233,4,0,2,0,2,40,7,32,1,0,
MARYLAND,Oxford,597,0,0,0,0,0,6,1,5,0,0,
MARYLAND,Perryville,4509,16,0,9,1,6,100,8,79,13,0,
MARYLAND,Pittsville,1638,1,0,0,1,0,3,1,2,0,0,
MARYLAND,Pocomoke City,4433,24,0,3,2,19,127,15,111,1,1,
MARYLAND,Princess Anne,3568,57,1,5,9,42,187,37,138,12,2,
MARYLAND,Rising Sun,2780,3,0,0,0,3,18,0,18,0,0,
MARYLAND,Riverdale Park,7109,70,1,2,24,43,207,16,160,31,0,
MARYLAND,Rock Hall,1188,0,0,0,0,0,6,0,5,1,0,
MARYLAND,Rockville,67285,101,0,11,30,60,1025,129,770,126,1,
MARYLAND,Salisbury,33205,317,0,12,50,255,998,182,753,63,3,
MARYLAND,Seat Pleasant,4425,44,0,2,18,24,158,5,116,37,0,
MARYLAND,Smithsburg,3205,2,0,0,0,2,15,0,13,2,0,
MARYLAND,Snow Hill,2315,5,0,0,1,4,21,1,18,2,0,
MARYLAND,St. Michaels,1066,0,0,0,0,0,15,1,13,1,1,
MARYLAND,Sykesville,4444,3,0,0,0,3,24,4,16,4,0,
MARYLAND,Takoma Park,17418,94,0,8,44,42,1232,108,1022,102,2,
MARYLAND,Thurmont,6832,6,0,2,0,4,39,5,33,1,0,
MARYLAND,University Park,2359,1,0,0,0,1,25,3,19,3,0,
MARYLAND,Westminster,20671,50,0,6,5,39,422,22,386,14,5,
MASSACHUSETTS,Abington,17261,40,1,6,4,29,235,14,200,21,1,
MASSACHUSETTS,Acton,24506,16,1,3,0,12,86,19,64,3,0,
MASSACHUSETTS,Acushnet,10817,14,0,1,1,12,26,8,15,3,0,
MASSACHUSETTS,Adams,7947,22,0,5,1,16,98,22,70,6,2,
MASSACHUSETTS,Agawam,28921,83,0,8,0,75,302,78,190,34,2,
MASSACHUSETTS,Amesbury,17618,29,0,5,1,23,89,7,79,3,0,
MASSACHUSETTS,Amherst,46304,74,0,33,3,38,142,16,122,4,6,
MASSACHUSETTS,Andover,37152,35,0,3,1,31,289,63,215,11,0,
MASSACHUSETTS,Aquinnah,456,1,0,0,0,1,0,0,0,0,0,
MASSACHUSETTS,Arlington,46956,26,0,5,0,21,204,28,159,17,0,
MASSACHUSETTS,Ashburnham,6572,7,0,3,0,4,22,6,13,3,0,
MASSACHUSETTS,Ashby,3262,2,0,0,0,2,5,1,3,1,0,
MASSACHUSETTS,Ashfield,1691,1,0,1,0,0,1,0,1,0,0,
MASSACHUSETTS,Ashland,18861,18,0,2,1,15,128,51,44,33,1,
MASSACHUSETTS,Athol,12165,55,0,7,0,48,89,13,75,1,1,
MASSACHUSETTS,Attleboro,47594,105,1,8,21,75,536,44,448,44,4,
MASSACHUSETTS,Auburn,17122,70,4,5,5,56,198,21,159,18,1,
MASSACHUSETTS,Avon,4798,9,0,1,1,7,86,6,68,12,0,
MASSACHUSETTS,Ayer,8729,27,0,3,0,24,32,7,20,5,0,
MASSACHUSETTS,Barnstable,50928,209,1,33,9,166,400,67,296,37,6,
MASSACHUSETTS,Barre,5645,18,0,5,0,13,25,4,21,0,0,
MASSACHUSETTS,Becket,1917,4,0,1,0,3,21,9,11,1,2,
MASSACHUSETTS,Bedford,14659,2,2,0,0,0,65,6,55,4,0,
MASSACHUSETTS,Belchertown,15339,32,0,3,3,26,80,10,58,12,0,
MASSACHUSETTS,Bellingham,18099,39,0,8,4,27,189,12,166,11,1,
MASSACHUSETTS,Belmont,27280,14,0,8,2,4,192,42,139,11,0,
MASSACHUSETTS,Berkley,6969,8,0,2,0,6,10,1,7,2,0,
MASSACHUSETTS,Berlin,3544,3,0,1,1,1,21,1,17,3,0,
MASSACHUSETTS,Bernardston,2849,3,0,0,0,3,8,1,3,4,0,
MASSACHUSETTS,Beverly,43024,72,0,8,2,62,177,19,138,20,0,
MASSACHUSETTS,Billerica,42332,43,0,9,3,31,174,16,135,23,1,
MASSACHUSETTS,Blackstone,9391,11,0,0,0,11,16,2,11,3,0,
MASSACHUSETTS,Bolton,5871,10,0,1,0,9,20,5,15,0,0,
MASSACHUSETTS,Boston,659049,4138,24,169,833,3112,13324,1171,11121,1032,20,
MASSACHUSETTS,Bourne,21124,58,0,11,0,47,205,43,152,10,2,
MASSACHUSETTS,Boxborough,5540,9,0,1,0,8,15,1,14,0,0,
MASSACHUSETTS,Boxford,8291,0,0,0,0,0,12,0,11,1,0,
MASSACHUSETTS,Boylston,5107,9,0,0,1,8,8,3,5,0,0,
MASSACHUSETTS,Braintree,39018,111,0,15,9,87,437,23,379,35,1,
MASSACHUSETTS,Brewster,10600,13,0,4,0,9,26,7,16,3,0,
MASSACHUSETTS,Bridgewater,29465,22,0,3,0,19,59,4,33,22,0,
MASSACHUSETTS,Brimfield,3779,4,0,4,0,0,12,2,9,1,0,
MASSACHUSETTS,Brockton,106650,639,8,68,72,491,1435,249,801,385,16,
MASSACHUSETTS,Brookfield,3516,6,0,1,0,5,5,1,3,1,0,
MASSACHUSETTS,Brookline,64122,64,0,3,10,51,574,55,503,16,1,
MASSACHUSETTS,Burlington,27124,61,0,6,4,51,451,26,412,13,0,
MASSACHUSETTS,Cambridge,120447,526,0,41,110,375,3185,285,2798,102,15,
MASSACHUSETTS,Canton,25181,73,0,2,4,67,136,10,112,14,2,
MASSACHUSETTS,Carlisle,5276,3,0,0,0,3,16,0,16,0,1,
MASSACHUSETTS,Carver,11910,12,0,1,0,11,65,8,56,1,0,
MASSACHUSETTS,Charlton,13672,16,0,2,0,14,46,8,30,8,0,
MASSACHUSETTS,Chatham,6843,12,0,1,0,11,35,7,27,1,0,
MASSACHUSETTS,Chelmsford,36795,45,0,6,1,38,415,43,359,13,0,
MASSACHUSETTS,Chelsea,38307,375,2,31,46,296,550,57,441,52,3,
MASSACHUSETTS,Cheshire,3176,1,0,1,0,0,12,1,10,1,0,
MASSACHUSETTS,Chester,1231,0,0,0,0,0,0,0,0,0,0,
MASSACHUSETTS,Chesterfield,1169,0,0,0,0,0,2,0,2,0,0,
MASSACHUSETTS,Chicopee,55770,316,4,48,23,241,982,113,750,119,2,
MASSACHUSETTS,Chilmark,1266,2,0,0,0,2,3,0,3,0,0,
MASSACHUSETTS,Clinton,15864,7,0,0,0,7,9,3,6,0,0,
MASSACHUSETTS,Cohasset,8555,7,0,0,0,7,28,6,21,1,0,
MASSACHUSETTS,Colrain,1638,0,0,0,0,0,0,0,0,0,0,
MASSACHUSETTS,Concord,18335,9,0,3,1,5,99,9,86,4,0,
MASSACHUSETTS,Dalton,6161,7,0,0,0,7,5,1,3,1,0,
MASSACHUSETTS,Danvers,28375,39,0,4,0,35,420,16,374,30,2,
MASSACHUSETTS,Dartmouth,34792,87,0,10,7,70,381,25,340,16,4,
MASSACHUSETTS,Dedham,25355,69,0,5,2,62,336,25,286,25,0,
MASSACHUSETTS,Deerfield,5204,16,0,2,0,14,26,4,22,0,0,
MASSACHUSETTS,Dennis,15263,36,0,3,0,33,116,27,83,6,3,
MASSACHUSETTS,Dighton,8362,15,0,3,0,12,22,5,11,6,0,
MASSACHUSETTS,Douglas,9500,16,0,4,0,12,20,4,14,2,0,
MASSACHUSETTS,Dover,5957,9,0,1,0,8,30,2,23,5,0,
MASSACHUSETTS,Dracut,32821,49,0,5,1,43,215,37,166,12,1,
MASSACHUSETTS,Dudley,12053,17,0,3,1,13,18,7,11,0,1,
MASSACHUSETTS,Dunstable,3489,6,0,0,0,6,8,2,5,1,0,
MASSACHUSETTS,Duxbury,16527,19,0,5,0,14,38,6,32,0,0,
MASSACHUSETTS,East Bridgewater,14671,18,0,1,0,17,34,4,23,7,1,
MASSACHUSETTS,East Brookfield,2236,8,0,1,1,6,6,2,3,1,2,
MASSACHUSETTS,Eastham,5932,10,0,1,0,9,49,3,43,3,0,
MASSACHUSETTS,Easthampton,15983,33,0,7,0,26,74,17,54,3,0,
MASSACHUSETTS,East Longmeadow,16714,35,0,6,1,28,245,22,207,16,0,
MASSACHUSETTS,Easton,25941,38,0,5,0,33,201,16,170,15,1,
MASSACHUSETTS,Edgartown,5419,21,0,3,1,17,42,11,27,4,1,
MASSACHUSETTS,Egremont,1371,3,0,0,0,3,5,1,4,0,0,
MASSACHUSETTS,Erving,1665,2,0,0,0,2,6,0,6,0,0,
MASSACHUSETTS,Essex,3770,11,0,1,0,10,13,1,10,2,0,
MASSACHUSETTS,Everett,51744,180,0,24,11,145,680,58,545,77,3,
MASSACHUSETTS,Fairhaven,16167,25,0,2,2,21,96,2,80,14,1,
MASSACHUSETTS,Fall River,95573,710,3,58,96,553,1330,221,952,157,15,
MASSACHUSETTS,Falmouth,33877,96,0,20,2,74,285,56,217,12,1,
MASSACHUSETTS,Fitchburg,42332,206,1,17,15,173,569,115,403,51,7,
MASSACHUSETTS,Foxborough,18793,53,0,6,4,43,116,14,92,10,0,
MASSACHUSETTS,Framingham,73123,238,0,7,20,211,771,274,416,81,2,
MASSACHUSETTS,Franklin,33716,32,0,1,1,30,97,14,72,11,0,
MASSACHUSETTS,Freetown,9493,31,0,3,1,27,43,10,29,4,1,
MASSACHUSETTS,Gardner,21288,70,0,6,1,63,132,19,101,12,2,
MASSACHUSETTS,Georgetown,8597,3,0,1,0,2,27,2,23,2,0,
MASSACHUSETTS,Gill,1553,7,0,0,4,3,9,2,5,2,0,
MASSACHUSETTS,Gloucester,30599,85,0,11,1,73,169,30,127,12,0,
MASSACHUSETTS,Goshen,939,0,0,0,0,0,0,0,0,0,0,
MASSACHUSETTS,Grafton,20464,14,0,1,0,13,36,7,25,4,1,
MASSACHUSETTS,Granby,6046,3,0,2,0,1,18,1,15,2,0,
MASSACHUSETTS,Granville,1553,0,0,0,0,0,4,1,2,1,0,
MASSACHUSETTS,Great Barrington,7198,16,0,3,1,12,53,13,40,0,0,
MASSACHUSETTS,Greenfield,17419,121,1,25,11,84,349,101,231,17,1,
MASSACHUSETTS,Groton,11487,5,0,1,0,4,22,7,14,1,1,
MASSACHUSETTS,Groveland,6869,2,0,1,0,1,3,0,3,0,0,
MASSACHUSETTS,Hadley,5264,24,0,6,0,18,190,7,179,4,0,
MASSACHUSETTS,Halifax,7855,6,0,2,0,4,61,4,57,0,0,
MASSACHUSETTS,Hamilton,7738,5,0,1,0,4,17,0,16,1,1,
MASSACHUSETTS,Hampden,5002,3,0,0,0,3,10,3,6,1,0,
MASSACHUSETTS,Hanover,15008,16,0,0,2,14,147,8,131,8,0,
MASSACHUSETTS,Hanson,10772,13,0,3,0,10,22,5,15,2,1,
MASSACHUSETTS,Hardwick,2715,6,0,1,0,5,6,3,1,2,0,
MASSACHUSETTS,Harvard,7086,4,0,2,0,2,11,1,10,0,0,
MASSACHUSETTS,Harwich,13910,15,0,2,0,13,72,12,58,2,0,
MASSACHUSETTS,Hatfield,3313,2,0,0,0,2,4,0,4,0,0,
MASSACHUSETTS,Haverhill,68602,282,0,7,9,266,634,80,523,31,6,
MASSACHUSETTS,Hingham,24620,31,0,1,0,30,198,19,174,5,0,
MASSACHUSETTS,Hinsdale,1890,0,0,0,0,0,4,0,3,1,0,
MASSACHUSETTS,Holbrook,11462,36,1,3,4,28,158,29,113,16,0,
MASSACHUSETTS,Holden,20322,11,0,6,0,5,53,5,41,7,0,
MASSACHUSETTS,Holland,2608,3,0,0,0,3,7,1,2,4,0,
MASSACHUSETTS,Holliston,15309,5,0,2,0,3,28,6,20,2,1,
MASSACHUSETTS,Holyoke,38232,398,3,30,54,311,1618,162,1305,151,7,
MASSACHUSETTS,Hopedale,6149,4,0,1,0,3,15,2,11,2,0,
MASSACHUSETTS,Hopkinton,20171,17,1,0,1,15,49,8,40,1,0,
MASSACHUSETTS,Hubbardston,4438,3,0,0,1,2,10,3,5,2,0,
MASSACHUSETTS,Hudson,20237,32,0,1,0,31,114,14,89,11,1,
MASSACHUSETTS,Hull,10310,27,0,3,0,24,48,4,43,1,0,
MASSACHUSETTS,Ipswich,14215,19,0,1,0,18,39,6,30,3,0,
MASSACHUSETTS,Kingston,14291,31,0,4,1,26,97,13,75,9,2,
MASSACHUSETTS,Lakeville,12343,22,0,2,1,19,82,19,56,7,0,
MASSACHUSETTS,Lancaster,9104,13,0,1,0,12,57,19,31,7,0,
MASSACHUSETTS,Lanesboro,2994,5,0,0,1,4,41,8,32,1,0,
MASSACHUSETTS,Lawrence,89600,394,7,28,47,312,895,65,763,67,1,
MASSACHUSETTS,Lee,5666,13,0,3,1,9,54,4,47,3,0,
MASSACHUSETTS,Leicester,11275,35,0,3,1,31,75,9,63,3,1,
MASSACHUSETTS,Lenox,5054,4,0,3,0,1,80,5,75,0,0,
MASSACHUSETTS,Leominster,44407,215,2,18,15,180,584,51,480,53,5,
MASSACHUSETTS,Leverett,1862,2,0,0,0,2,3,1,2,0,0,
MASSACHUSETTS,Lexington,34350,18,0,3,1,14,115,18,94,3,1,
MASSACHUSETTS,Lincoln,6985,0,0,0,0,0,16,1,14,1,0,
MASSACHUSETTS,Littleton,10485,6,0,2,2,2,46,2,42,2,0,
MASSACHUSETTS,Longmeadow,15881,15,0,2,0,13,94,15,72,7,0,
MASSACHUSETTS,Lowell,116062,618,5,8,66,539,1930,174,1520,236,13,
MASSACHUSETTS,Ludlow,21304,37,0,3,0,34,131,14,99,18,1,
MASSACHUSETTS,Lunenburg,12095,13,0,4,0,9,125,12,107,6,0,
MASSACHUSETTS,Lynn,103200,593,3,34,78,478,1208,209,809,190,6,
MASSACHUSETTS,Lynnfield,13298,13,0,0,3,10,114,7,101,6,0,
MASSACHUSETTS,Malden,66046,193,0,10,26,157,779,80,587,112,2,
MASSACHUSETTS,Manchester-by-the-Sea,5501,1,0,0,0,1,13,1,12,0,0,
MASSACHUSETTS,Mansfield,24311,28,0,6,0,22,194,12,166,16,0,
MASSACHUSETTS,Marblehead,20645,30,0,7,1,22,119,14,99,6,0,
MASSACHUSETTS,Marion,5376,1,0,0,0,1,32,2,28,2,0,
MASSACHUSETTS,Marlborough,41785,176,0,19,6,151,433,50,338,45,2,
MASSACHUSETTS,Marshfield,26238,38,1,6,0,31,44,9,32,3,2,
MASSACHUSETTS,Mashpee,15804,29,0,8,0,21,86,13,69,4,1,
MASSACHUSETTS,Mattapoisett,6827,4,0,0,0,4,36,1,30,5,0,
MASSACHUSETTS,Maynard,10762,26,0,1,1,24,80,24,52,4,4,
MASSACHUSETTS,Medfield,13434,20,0,3,0,17,31,6,25,0,1,
MASSACHUSETTS,Medford,59601,107,0,13,14,80,715,46,600,69,4,
MASSACHUSETTS,Medway,13980,9,0,2,0,7,40,8,30,2,0,
MASSACHUSETTS,Melrose,29784,30,0,0,4,26,128,12,100,16,1,
MASSACHUSETTS,Mendon,6486,8,0,0,0,8,19,6,10,3,0,
MASSACHUSETTS,Merrimac,6846,1,0,0,0,1,15,2,12,1,0,
MASSACHUSETTS,Methuen,54623,96,0,5,0,91,435,26,373,36,0,
MASSACHUSETTS,Middleboro,25046,107,0,10,4,93,157,22,110,25,0,
MASSACHUSETTS,Middleton,10115,9,0,2,0,7,34,5,23,6,0,
MASSACHUSETTS,Milford,30799,88,1,17,5,65,278,22,240,16,2,
MASSACHUSETTS,Millbury,14328,22,0,4,0,18,201,5,186,10,1,
MASSACHUSETTS,Millis,9370,1,0,0,0,1,8,0,6,2,0,
MASSACHUSETTS,Millville,3198,1,0,1,0,0,4,2,2,0,0,
MASSACHUSETTS,Milton,28832,15,0,1,1,13,162,21,141,0,0,
MASSACHUSETTS,Monson,8262,33,0,0,0,33,39,13,22,4,0,
MASSACHUSETTS,Montague,8403,36,0,1,4,31,53,15,34,4,1,
MASSACHUSETTS,Montgomery,828,0,0,0,0,0,0,0,0,0,0,
MASSACHUSETTS,Nahant,3352,9,0,1,0,8,9,1,8,0,0,
MASSACHUSETTS,Nantucket,14789,30,0,6,0,24,135,11,117,7,0,
MASSACHUSETTS,Natick,37073,79,0,4,3,72,421,27,384,10,2,
MASSACHUSETTS,Needham,32779,17,0,4,0,13,212,24,176,12,1,
MASSACHUSETTS,New Bedford,102491,362,7,45,80,230,1393,189,954,250,7,
MASSACHUSETTS,New Braintree,1012,1,0,0,0,1,0,0,0,0,0,
MASSACHUSETTS,Newbury,6911,7,0,0,0,7,30,2,25,3,0,
MASSACHUSETTS,Newburyport,19232,9,0,4,0,5,76,4,67,5,0,
MASSACHUSETTS,New Marlborough,1495,2,0,1,0,1,2,0,2,0,0,
MASSACHUSETTS,Newton,89935,44,0,9,1,34,539,57,451,31,0,
MASSACHUSETTS,Norfolk,11824,6,0,0,0,6,45,18,23,4,0,
MASSACHUSETTS,North Adams,12395,148,0,7,9,132,317,41,271,5,4,
MASSACHUSETTS,Northampton,30108,134,1,19,4,110,383,49,322,12,1,
MASSACHUSETTS,North Andover,32474,45,1,12,4,28,184,20,152,12,1,
MASSACHUSETTS,North Attleboro,31565,30,0,4,2,24,326,15,295,16,0,
MASSACHUSETTS,Northborough,15975,2,0,0,0,2,30,2,28,0,0,
MASSACHUSETTS,Northbridge,16813,12,0,2,1,9,56,10,45,1,1,
MASSACHUSETTS,Northfield,2863,2,0,1,0,1,8,3,5,0,0,
MASSACHUSETTS,North Reading,16531,11,0,1,1,9,67,8,56,3,0,
MASSACHUSETTS,Norton,19484,31,0,8,2,21,15,4,8,3,0,
MASSACHUSETTS,Norwell,11498,6,0,0,2,4,55,6,46,3,0,
MASSACHUSETTS,Norwood,31704,53,0,1,3,49,226,17,173,36,1,
MASSACHUSETTS,Oak Bluffs,5483,20,0,0,0,20,77,19,55,3,0,
MASSACHUSETTS,Oakham,1934,3,0,0,0,3,5,1,4,0,0,
MASSACHUSETTS,Orange,7556,24,0,5,1,18,70,6,59,5,0,
MASSACHUSETTS,Orleans,6533,10,0,2,0,8,55,4,46,5,0,
MASSACHUSETTS,Otis,1614,1,0,0,0,1,3,2,1,0,0,
MASSACHUSETTS,Oxford,13549,32,0,5,2,25,90,17,65,8,0,
MASSACHUSETTS,Palmer,12534,47,0,4,0,43,72,15,47,10,4,
MASSACHUSETTS,Paxton,5135,3,0,0,0,3,19,5,12,2,0,
MASSACHUSETTS,Peabody,54964,140,0,14,5,121,460,47,381,32,2,
MASSACHUSETTS,Pelham,1259,1,0,0,0,1,0,0,0,0,0,
MASSACHUSETTS,Pembroke,18610,17,0,6,1,10,66,8,51,7,0,
MASSACHUSETTS,Pepperell,11970,13,0,1,0,12,44,11,30,3,1,
MASSACHUSETTS,Pittsfield,42835,219,2,42,12,163,531,165,324,42,1,
MASSACHUSETTS,Plainville,10051,27,0,7,1,19,177,23,154,0,1,
MASSACHUSETTS,Plymouth,68195,220,2,15,7,196,474,43,397,34,3,
MASSACHUSETTS,Plympton,2988,7,0,0,0,7,16,3,13,0,0,
MASSACHUSETTS,Princeton,3579,2,0,0,0,2,13,6,7,0,0,
MASSACHUSETTS,Provincetown,3795,14,0,4,0,10,78,7,70,1,0,
MASSACHUSETTS,Quincy,103550,347,0,30,25,292,1380,154,1073,153,2,
MASSACHUSETTS,Randolph,34992,84,1,2,9,72,313,23,255,35,0,
MASSACHUSETTS,Raynham,16119,38,0,4,1,33,174,9,147,18,0,
MASSACHUSETTS,Reading,25871,10,0,4,0,6,138,20,113,5,0,
MASSACHUSETTS,Rehoboth,13844,12,0,0,0,12,37,10,23,4,3,
MASSACHUSETTS,Revere,57779,257,0,14,16,227,887,85,709,93,3,
MASSACHUSETTS,Rochester,6032,3,0,0,0,3,18,9,8,1,0,
MASSACHUSETTS,Rockland,17863,47,0,8,1,38,74,5,49,20,0,
MASSACHUSETTS,Rockport,7120,3,0,0,0,3,9,2,5,2,0,
MASSACHUSETTS,Rowe,420,0,0,0,0,0,1,1,0,0,0,
MASSACHUSETTS,Royalston,1308,2,0,0,0,2,0,0,0,0,0,
MASSACHUSETTS,Russell,1657,3,0,0,0,3,4,2,2,0,1,
MASSACHUSETTS,Rutland,9721,10,0,2,0,8,21,3,17,1,0,
MASSACHUSETTS,Salem,45955,70,0,6,16,48,714,49,619,46,0,
MASSACHUSETTS,Salisbury,9448,17,0,6,0,11,53,13,33,7,0,
MASSACHUSETTS,Sandwich,20931,33,0,5,1,27,66,11,52,3,1,
MASSACHUSETTS,Saugus,29180,73,0,9,2,62,409,28,350,31,1,
MASSACHUSETTS,Savoy,647,0,0,0,0,0,0,0,0,0,0,
MASSACHUSETTS,Scituate,19735,8,0,0,1,7,23,6,15,2,0,
MASSACHUSETTS,Seekonk,16083,34,0,5,2,27,265,14,235,16,0,
MASSACHUSETTS,Sharon,18754,7,0,1,0,6,45,6,34,5,0,
MASSACHUSETTS,Shelburne,1876,1,0,0,0,1,12,1,10,1,0,
MASSACHUSETTS,Sherborn,4491,1,0,1,0,0,8,0,7,1,1,
MASSACHUSETTS,Shirley,6857,7,0,2,0,5,19,1,12,6,0,
MASSACHUSETTS,Shrewsbury,39837,12,0,1,1,10,256,20,228,8,0,
MASSACHUSETTS,Shutesbury,1721,1,0,1,0,0,3,0,3,0,0,
MASSACHUSETTS,Somerset,18524,28,0,5,0,23,105,15,79,11,1,
MASSACHUSETTS,Somerville,81766,181,0,13,20,148,1389,237,1046,106,2,
MASSACHUSETTS,Southampton,6187,2,0,0,0,2,20,2,17,1,0,
MASSACHUSETTS,Southborough,10620,6,0,3,0,3,24,2,21,1,0,
MASSACHUSETTS,Southbridge,18280,67,0,12,3,52,116,17,79,20,1,
MASSACHUSETTS,South Hadley,18627,36,0,1,1,34,133,21,103,9,2,
MASSACHUSETTS,Southwick,9378,7,0,0,1,6,36,6,26,4,0,
MASSACHUSETTS,Spencer,12130,10,0,0,0,10,34,3,22,9,0,
MASSACHUSETTS,Springfield,155491,1386,17,73,325,971,4409,488,2887,1034,45,
MASSACHUSETTS,Sterling,8437,8,0,2,0,6,23,5,18,0,1,
MASSACHUSETTS,Stockbridge,1988,3,0,1,0,2,21,3,18,0,0,
MASSACHUSETTS,Stoneham,23173,35,0,3,1,31,142,28,105,9,0,
MASSACHUSETTS,Stoughton,29410,76,0,10,6,60,332,28,269,35,0,
MASSACHUSETTS,Stow,7198,4,1,1,0,2,19,1,17,1,0,
MASSACHUSETTS,Sturbridge,10135,22,0,5,2,15,86,7,74,5,0,
MASSACHUSETTS,Sudbury,19939,11,0,4,0,7,56,3,50,3,0,
MASSACHUSETTS,Sunderland,3630,7,0,2,0,5,9,3,5,1,0,
MASSACHUSETTS,Sutton,9643,12,0,2,1,9,33,6,26,1,0,
MASSACHUSETTS,Swampscott,15907,13,0,1,1,11,171,19,145,7,1,
MASSACHUSETTS,Swansea,17772,23,0,4,2,17,130,11,103,16,0,
MASSACHUSETTS,Taunton,61874,277,1,12,17,247,516,72,391,53,0,
MASSACHUSETTS,Templeton,8457,10,0,1,0,9,25,6,12,7,0,
MASSACHUSETTS,Tewksbury,31827,81,0,16,3,62,277,24,233,20,0,
MASSACHUSETTS,Tisbury,4990,34,0,2,1,31,70,23,45,2,1,
MASSACHUSETTS,Tolland,477,0,0,0,0,0,1,0,1,0,0,
MASSACHUSETTS,Topsfield,6664,0,0,0,0,0,17,2,15,0,0,
MASSACHUSETTS,Townsend,9139,10,0,1,2,7,44,10,30,4,0,
MASSACHUSETTS,Truro,2537,2,0,1,0,1,16,3,12,1,0,
MASSACHUSETTS,Tyngsboro,12737,14,0,4,0,10,71,22,45,4,2,
MASSACHUSETTS,Tyringham,417,0,0,0,0,0,3,0,2,1,0,
MASSACHUSETTS,Upton,8575,3,0,0,0,3,9,2,4,3,0,
MASSACHUSETTS,Uxbridge,14915,16,0,1,0,15,55,9,39,7,1,
MASSACHUSETTS,Wakefield,28594,50,0,16,2,32,117,13,84,20,1,
MASSACHUSETTS,Wales,1831,0,0,0,0,0,3,1,0,2,0,
MASSACHUSETTS,Walpole,26268,35,0,5,2,28,214,20,187,7,1,
MASSACHUSETTS,Waltham,65488,165,1,12,15,137,458,82,340,36,7,
MASSACHUSETTS,Ware,10076,70,0,3,0,67,36,5,29,2,0,
MASSACHUSETTS,Wareham,23609,69,0,5,0,64,256,41,195,20,0,
MASSACHUSETTS,Warren,5106,11,0,2,0,9,18,2,14,2,0,
MASSACHUSETTS,Warwick,774,1,0,0,0,1,0,0,0,0,0,
MASSACHUSETTS,Watertown,35885,55,0,9,3,43,667,19,639,9,2,
MASSACHUSETTS,Wayland,13959,11,0,0,0,11,67,10,55,2,0,
MASSACHUSETTS,Webster,17876,114,0,10,3,101,143,19,106,18,2,
MASSACHUSETTS,Wellesley,31973,15,0,3,0,12,155,21,121,13,0,
MASSACHUSETTS,Wellfleet,3717,5,0,0,0,5,21,4,17,0,0,
MASSACHUSETTS,Wenham,5058,5,0,3,0,2,14,1,13,0,0,
MASSACHUSETTS,Westborough,22591,51,0,16,2,33,181,23,142,16,1,
MASSACHUSETTS,West Boylston,7990,9,0,2,0,7,23,3,20,0,0,
MASSACHUSETTS,West Bridgewater,7817,11,0,1,1,9,73,8,57,8,1,
MASSACHUSETTS,West Brookfield,3924,5,0,1,0,4,8,5,3,0,0,
MASSACHUSETTS,Westfield,41270,79,0,9,4,66,333,31,267,35,4,
MASSACHUSETTS,Westford,24946,17,0,3,0,14,84,9,67,8,0,
MASSACHUSETTS,Westhampton,1629,0,0,0,0,0,5,0,5,0,0,
MASSACHUSETTS,Westminster,8586,14,0,6,0,8,50,4,43,3,0,
MASSACHUSETTS,West Newbury,4716,0,0,0,0,0,18,0,17,1,0,
MASSACHUSETTS,Weston,12041,7,0,2,0,5,43,17,23,3,0,
MASSACHUSETTS,Westport,16811,20,0,5,0,15,59,15,38,6,0,
MASSACHUSETTS,West Springfield,28898,120,0,16,13,91,917,74,755,88,2,
MASSACHUSETTS,West Tisbury,3679,6,1,0,0,5,13,1,9,3,0,
MASSACHUSETTS,Westwood,16551,7,0,0,0,7,190,10,174,6,0,
MASSACHUSETTS,Weymouth,60802,136,0,13,12,111,498,57,388,53,0,
MASSACHUSETTS,Whately,1628,1,0,0,0,1,3,0,3,0,0,
MASSACHUSETTS,Whitman,15670,46,0,6,6,34,116,17,89,10,0,
MASSACHUSETTS,Wilbraham,14798,24,2,2,1,19,189,41,134,14,2,
MASSACHUSETTS,Williamsburg,2459,4,0,0,1,3,15,2,13,0,0,
MASSACHUSETTS,Williamstown,7341,7,0,3,0,4,64,5,58,1,0,
MASSACHUSETTS,Wilmington,23535,39,0,4,0,35,238,22,203,13,0,
MASSACHUSETTS,Winchendon,10671,25,0,3,0,22,61,16,34,11,1,
MASSACHUSETTS,Winchester,23238,4,0,0,0,4,89,6,69,14,0,
MASSACHUSETTS,Winthrop,18360,29,0,5,0,24,96,13,77,6,0,
MASSACHUSETTS,Woburn,42716,92,0,6,1,85,396,61,287,48,0,
MASSACHUSETTS,Worcester,212425,35,16,0,2,17,0,0,0,0,0,
MASSACHUSETTS,Worthington,1175,0,0,0,0,0,0,0,0,0,0,
MASSACHUSETTS,Wrentham,12906,17,0,4,1,12,218,13,204,1,0,
MASSACHUSETTS,Yarmouth,25616,76,0,12,4,60,173,30,133,10,1,
MICHIGAN,Addison Township,6218,0,0,0,0,0,2,0,1,1,2,
MICHIGAN,Adrian,20113,115,0,28,6,81,482,77,379,26,5,
MICHIGAN,Adrian Township,6270,4,0,1,0,3,9,4,4,1,0,
MICHIGAN,Akron,367,0,0,0,0,0,1,0,1,0,0,
MICHIGAN,Albion,7212,95,0,12,2,81,203,34,147,22,2,
MICHIGAN,Allegan,5144,3,0,2,0,1,31,4,23,4,0,
MICHIGAN,Allen Park,27193,65,0,4,11,50,476,22,379,75,1,
MICHIGAN,Alma,9329,47,0,10,1,36,90,5,82,3,1,
MICHIGAN,Almont,2852,11,0,6,0,5,21,3,15,3,0,
MICHIGAN,Alpena,10108,52,0,16,0,36,100,20,74,6,3,
MICHIGAN,Ann Arbor,118025,357,0,58,24,275,2025,185,1737,103,7,
MICHIGAN,Argentine Township,6965,4,0,0,0,4,8,2,6,0,0,
MICHIGAN,Armada,1660,1,0,0,1,0,7,2,5,0,0,
MICHIGAN,Auburn Hills,26019,97,1,17,7,72,496,26,424,46,3,
MICHIGAN,Augusta,846,3,0,0,0,3,17,1,16,0,0,
MICHIGAN,Bad Axe,2962,11,0,3,0,8,40,4,36,0,1,
MICHIGAN,Bancroft,479,0,0,0,0,0,2,1,1,0,0,
MICHIGAN,Bangor,1966,24,0,5,0,19,39,12,26,1,0,
MICHIGAN,Baroda-Lake Township,4263,11,0,3,0,8,38,11,25,2,0,
MICHIGAN,Bath Township,13473,29,1,5,4,19,96,12,74,10,2,
MICHIGAN,Battle Creek,61163,686,5,68,34,579,1543,312,1050,181,21,
MICHIGAN,Bay City,31908,180,2,34,11,133,596,79,443,74,11,
MICHIGAN,Beaverton,1176,2,0,1,0,1,18,1,17,0,0,
MICHIGAN,Belding,5981,21,0,7,0,14,36,0,33,3,0,
MICHIGAN,Belleville,3873,12,0,4,0,8,39,7,29,3,1,
MICHIGAN,Benton Harbor,8804,165,0,6,14,145,484,72,278,134,6,
MICHIGAN,Benton Township,14040,264,3,17,19,225,906,85,690,131,2,
MICHIGAN,Berkley,14859,5,0,0,0,5,51,5,42,4,0,
MICHIGAN,Berrien Springs-Oronoko Township,9008,12,0,4,3,5,49,8,38,3,0,
MICHIGAN,Beverly Hills,10332,5,0,1,0,4,51,2,41,8,0,
MICHIGAN,Big Rapids,7971,29,0,4,0,25,116,11,100,5,1,
MICHIGAN,Birch Run,1535,4,0,1,2,1,61,1,58,2,0,
MICHIGAN,Birmingham,21326,12,0,0,2,10,137,10,118,9,0,
MICHIGAN,Blackman Township,39091,110,3,30,2,75,1009,86,860,63,3,
MICHIGAN,Blissfield,3245,3,0,0,0,3,11,6,4,1,0,
MICHIGAN,Bloomfield Hills,4356,5,0,0,0,5,26,7,17,2,0,
MICHIGAN,Bloomfield Township,43611,16,0,3,1,12,236,24,189,23,0,
MICHIGAN,Boyne City,3838,3,0,1,0,2,14,0,14,0,0,
MICHIGAN,Brandon Township,15308,10,0,2,0,8,26,5,16,5,1,
MICHIGAN,Breckenridge,1259,0,0,0,0,0,15,0,15,0,0,
MICHIGAN,Bridgeport Township,9840,45,2,8,3,32,100,10,68,22,1,
MICHIGAN,Bridgman,2040,1,0,1,0,0,12,3,9,0,0,
MICHIGAN,Brighton,8140,9,0,3,2,4,100,9,82,9,0,
MICHIGAN,Bronson,2261,3,0,1,0,2,86,53,33,0,2,
MICHIGAN,Brownstown Township,32439,49,0,4,0,45,224,19,172,33,0,
MICHIGAN,Buchanan,4156,10,0,4,0,6,69,4,52,13,0,
MICHIGAN,Buena Vista Township,7485,103,1,11,7,84,161,29,94,38,5,
MICHIGAN,Burton,29280,224,2,22,17,183,683,97,508,78,3,
MICHIGAN,Cadillac,10450,49,0,12,1,36,257,43,184,30,0,
MICHIGAN,Canton Township,97844,169,3,23,5,138,1029,58,888,83,2,
MICHIGAN,Capac,1960,6,0,0,0,6,27,4,22,1,0,
MICHIGAN,Caro,4255,27,0,3,0,24,70,7,61,2,0,
MICHIGAN,Carrollton Township,5574,31,0,5,1,25,41,10,27,4,2,
MICHIGAN,Carson City,1129,1,0,0,0,1,2,0,2,0,1,
MICHIGAN,Caseville,641,0,0,0,0,0,3,0,3,0,0,
MICHIGAN,Caspian-Gaastra,1142,1,0,0,0,1,3,0,3,0,0,
MICHIGAN,Cass City,2478,7,0,5,0,2,22,4,18,0,0,
MICHIGAN,Cassopolis,1712,7,0,1,1,5,13,4,8,1,0,
MICHIGAN,Center Line,8297,35,0,4,6,25,124,12,89,23,0,
MICHIGAN,Charlevoix,2347,4,0,1,0,3,35,1,32,2,0,
MICHIGAN,Charlotte,9226,39,0,8,2,29,173,13,149,11,0,
MICHIGAN,Cheboygan,4873,11,0,7,0,4,92,7,78,7,0,
MICHIGAN,Chelsea,5335,8,0,1,0,7,42,8,30,4,1,
MICHIGAN,Chesterfield Township,45674,52,0,13,1,38,478,22,424,32,1,
MICHIGAN,Chikaming Township,2714,5,0,1,0,4,11,1,10,0,1,
MICHIGAN,Chocolay Township,6022,13,0,3,0,10,13,1,10,2,0,
MICHIGAN,Clare,3285,5,0,3,0,2,37,3,30,4,0,
MICHIGAN,Clarkston,904,2,0,1,0,1,5,0,5,0,0,
MICHIGAN,Clawson,11114,22,0,4,0,18,62,5,54,3,0,
MICHIGAN,Clayton Township,7234,9,0,0,0,9,16,2,12,2,1,
MICHIGAN,Clinton,2475,11,0,1,0,10,19,3,16,0,0,
MICHIGAN,Clinton Township,99056,317,4,60,20,233,1416,119,1044,253,12,
MICHIGAN,Clio,2455,5,0,1,0,4,30,3,27,0,0,
MICHIGAN,Coldwater,14672,35,0,12,0,23,197,10,174,13,3,
MICHIGAN,Coleman,1272,4,0,2,0,2,6,0,6,0,0,
MICHIGAN,Coloma Township,6377,28,0,14,0,14,34,5,28,1,0,
MICHIGAN,Colon,1193,4,0,0,0,4,13,3,9,1,0,
MICHIGAN,Commerce Township,39076,24,0,5,3,16,240,22,206,12,0,
MICHIGAN,Corunna,3015,2,0,1,0,1,9,0,9,0,0,
MICHIGAN,Covert Township,2496,7,0,0,0,7,38,11,25,2,0,
MICHIGAN,Croswell,2291,13,0,4,0,9,21,2,19,0,0,
MICHIGAN,Crystal Falls,1616,0,0,0,0,0,2,0,2,0,0,
MICHIGAN,Davison,5031,10,0,3,0,7,44,5,34,5,0,
MICHIGAN,Davison Township,20357,38,0,4,2,32,180,7,159,14,2,
MICHIGAN,Dearborn,104571,306,1,27,38,240,2091,118,1488,485,16,
MICHIGAN,Dearborn Heights,60148,276,1,13,29,233,745,101,456,188,6,
MICHIGAN,Decatur,1650,5,0,0,0,5,40,7,31,2,0,
MICHIGAN,Denton Township,5430,9,0,2,0,7,51,19,29,3,1,
MICHIGAN,Detroit,651171,11599,203,605,1195,9596,28035,4578,15263,8194,399,
MICHIGAN,DeWitt Township,15433,38,1,10,1,26,90,9,75,6,1,
MICHIGAN,Dowagiac,5660,39,0,5,0,34,194,6,174,14,3,
MICHIGAN,Dryden Township,4804,5,0,1,0,4,19,0,17,2,0,
MICHIGAN,Durand,3988,9,0,3,0,6,48,2,46,0,0,
MICHIGAN,East Grand Rapids,11441,7,0,2,0,5,124,20,90,14,0,
MICHIGAN,East Jordan,2253,8,0,3,0,5,24,10,14,0,0,
MICHIGAN,East Lansing,50472,111,2,19,7,83,616,32,497,87,6,
MICHIGAN,Eastpointe,33492,241,1,23,22,195,761,87,462,212,4,
MICHIGAN,Eaton Rapids,5150,20,0,2,0,18,65,7,54,4,3,
MICHIGAN,Elkton,781,2,0,1,0,1,10,0,9,1,0,
MICHIGAN,Emmett Township,11743,32,1,8,6,17,494,36,439,19,1,
MICHIGAN,Escanaba,12321,44,0,17,1,26,246,7,230,9,0,
MICHIGAN,Essexville,3281,1,0,0,0,1,18,0,14,4,0,
MICHIGAN,Farmington,11334,10,0,3,0,7,40,3,28,9,0,
MICHIGAN,Farmington Hills,82116,163,1,16,10,136,559,71,396,92,4,
MICHIGAN,Fenton,11808,20,0,3,2,15,283,7,266,10,0,
MICHIGAN,Ferndale,19041,39,0,5,5,29,291,32,192,67,0,
MICHIGAN,Flat Rock,10216,32,0,2,1,29,99,3,77,19,0,
MICHIGAN,Flint,79183,996,20,47,48,881,1039,220,580,239,16,
MICHIGAN,Flint Township,30751,286,2,16,35,233,1282,128,1010,144,13,
MICHIGAN,Flushing,8192,6,0,0,0,6,46,2,30,14,0,
MICHIGAN,Flushing Township,10502,7,0,0,0,7,31,5,25,1,0,
MICHIGAN,Forsyth Township,6292,5,0,2,0,3,25,3,16,6,0,
MICHIGAN,Fowlerville,2925,8,0,0,0,8,98,4,91,3,0,
MICHIGAN,Frankenmuth,5209,12,0,4,0,8,34,5,26,3,0,
MICHIGAN,Franklin,3110,1,0,0,0,1,19,4,13,2,0,
MICHIGAN,Fraser,14350,34,1,6,2,25,279,17,237,25,0,
MICHIGAN,Fremont,4620,9,0,3,0,6,109,3,106,0,0,
MICHIGAN,Garden City,26008,73,0,9,11,53,201,33,121,47,0,
MICHIGAN,Gaylord,4402,22,0,4,2,16,149,6,134,9,0,
MICHIGAN,Genesee Township,20199,137,1,4,3,129,251,60,158,33,3,
MICHIGAN,Gerrish Township,2862,6,0,2,0,4,16,3,12,1,0,
MICHIGAN,Gibraltar,4836,5,0,1,0,4,32,2,24,6,0,
MICHIGAN,Gladstone,5232,2,0,0,0,2,25,2,22,1,0,
MICHIGAN,Gladwin,3134,20,0,5,0,15,55,8,44,3,0,
MICHIGAN,Grand Beach/Michiana,501,0,0,0,0,0,5,0,5,0,0,
MICHIGAN,Grand Blanc,7876,13,0,2,0,11,58,7,49,2,1,
MICHIGAN,Grand Blanc Township,39880,93,0,15,4,74,460,31,349,80,2,
MICHIGAN,Grand Haven,10997,23,0,3,0,20,102,3,90,9,1,
MICHIGAN,Grand Ledge,7781,22,0,5,2,15,33,4,26,3,0,
MICHIGAN,Grand Rapids,195913,1783,12,176,228,1367,4860,524,3583,753,50,
MICHIGAN,Grandville,16900,61,0,21,6,34,580,21,518,41,1,
MICHIGAN,Grayling,1978,2,0,2,0,0,20,0,19,1,0,
MICHIGAN,Green Oak Township,20129,9,0,1,0,8,81,6,73,2,1,
MICHIGAN,Greenville,9047,40,0,14,0,26,225,8,212,5,1,
MICHIGAN,Grosse Ile Township,10296,2,0,2,0,0,25,1,21,3,0,
MICHIGAN,Grosse Pointe,5383,6,0,1,1,4,106,4,88,14,0,
MICHIGAN,Grosse Pointe Farms,9640,4,0,0,2,2,103,9,78,16,0,
MICHIGAN,Grosse Pointe Park,10982,2,0,0,0,2,172,9,103,60,2,
MICHIGAN,Grosse Pointe Shores,2511,1,0,0,0,1,7,0,4,3,0,
MICHIGAN,Grosse Pointe Woods,15665,15,0,2,1,12,233,14,161,58,0,
MICHIGAN,Hamburg Township,21143,8,0,3,0,5,39,4,34,1,0,
MICHIGAN,Hampton Township,9531,11,0,5,0,6,68,8,52,8,0,
MICHIGAN,Hamtramck,27014,132,0,5,23,104,431,55,230,146,1,
MICHIGAN,Hancock,4516,9,0,3,0,6,16,1,14,1,0,
MICHIGAN,Harbor Beach,1568,2,0,0,0,2,8,2,6,0,0,
MICHIGAN,Harbor Springs,1269,1,0,1,0,0,2,1,1,0,0,
MICHIGAN,Harper Woods,14717,114,1,4,14,95,628,48,364,216,7,
MICHIGAN,Hart,2055,8,0,0,0,8,79,8,70,1,0,
MICHIGAN,Hartford,2467,4,0,1,0,3,33,3,28,2,0,
MICHIGAN,Hastings,7509,29,0,3,1,25,90,6,77,7,0,
MICHIGAN,Hazel Park,14763,30,0,2,6,22,246,25,180,41,1,
MICHIGAN,Highland Park,8280,250,3,9,29,209,355,71,181,103,11,
MICHIGAN,Highland Township,19047,26,0,1,0,25,55,6,33,16,0,
MICHIGAN,Hillsdale,7986,23,0,10,0,13,51,12,34,5,1,
MICHIGAN,Holland,34604,133,1,35,8,89,426,35,363,28,2,
MICHIGAN,Holly,5922,5,0,0,1,4,33,6,24,3,0,
MICHIGAN,Houghton,8564,3,0,2,0,1,65,0,65,0,0,
MICHIGAN,Howell,9985,11,1,3,0,7,64,4,51,9,0,
MICHIGAN,Hudson,2344,3,0,1,0,2,21,7,12,2,0,
MICHIGAN,Huntington Woods,6225,2,0,1,0,1,19,1,17,1,0,
MICHIGAN,Huron Township,16648,39,0,10,0,29,83,16,55,12,3,
MICHIGAN,Imlay City,3758,13,0,5,2,6,36,6,23,7,0,
MICHIGAN,Independence Township,37059,38,0,5,2,31,120,12,90,18,0,
MICHIGAN,Inkster,24751,266,3,28,29,206,462,107,233,122,5,
MICHIGAN,Ionia,11900,22,0,12,1,9,66,3,59,4,0,
MICHIGAN,Iron River,3040,10,0,5,1,4,12,0,12,0,0,
MICHIGAN,Ironwood,4933,10,0,0,0,10,26,0,25,1,0,
MICHIGAN,Ishpeming,6195,12,0,3,0,9,55,0,41,14,0,
MICHIGAN,Ishpeming Township,3449,0,0,0,0,0,3,0,3,0,0,
MICHIGAN,Jackson,30704,326,3,49,21,253,1147,151,891,105,11,
MICHIGAN,Jonesville,2167,3,0,1,0,2,57,5,52,0,0,
MICHIGAN,Kalamazoo,73002,937,10,108,121,698,2517,453,1689,375,39,
MICHIGAN,Kalamazoo Township,24299,124,0,9,19,96,695,85,477,133,4,
MICHIGAN,Kalkaska,2257,2,0,0,0,2,26,4,21,1,0,
MICHIGAN,Keego Harbor,2719,3,0,1,1,1,10,5,5,0,1,
MICHIGAN,Kentwood,53891,209,1,32,20,156,1176,116,871,189,7,
MICHIGAN,Kingston,393,0,0,0,0,0,4,0,4,0,0,
MICHIGAN,Kinross Township,6490,1,0,0,0,1,4,0,1,3,0,
MICHIGAN,Laingsburg,1409,0,0,0,0,0,8,0,8,0,0,
MICHIGAN,Lake Orion,2816,8,0,1,0,7,8,1,6,1,0,
MICHIGAN,Lakeview,1040,6,0,2,0,4,12,0,12,0,0,
MICHIGAN,Lansing,111965,1506,11,117,108,1270,2798,472,1600,726,35,
MICHIGAN,Lansing Township,7947,53,0,8,6,39,364,37,278,49,1,
MICHIGAN,Lapeer,9157,13,0,6,1,6,153,6,137,10,1,
MICHIGAN,Lapeer Township,4970,0,0,0,0,0,4,1,3,0,0,
MICHIGAN,Lathrup Village,3991,9,0,0,0,9,39,6,24,9,0,
MICHIGAN,Laurium,1879,4,0,1,0,3,5,0,5,0,0,
MICHIGAN,Lawrence,1010,3,0,0,0,3,8,0,8,0,0,
MICHIGAN,Lawton,1783,3,0,1,0,2,18,3,15,0,0,
MICHIGAN,Leslie,1897,4,0,1,0,3,8,3,5,0,0,
MICHIGAN,Lexington,930,3,0,1,0,2,1,0,1,0,0,
MICHIGAN,Lincoln Park,38169,259,0,12,17,230,675,94,508,73,5,
MICHIGAN,Lincoln Township,14864,21,0,6,0,15,125,12,103,10,1,
MICHIGAN,Linden,4165,2,0,1,0,1,12,4,8,0,0,
MICHIGAN,Litchfield,1381,0,0,0,0,0,6,0,6,0,0,
MICHIGAN,Livonia,91189,208,0,20,14,174,1151,75,922,154,6,
MICHIGAN,Lowell,4089,8,0,2,0,6,28,1,24,3,0,
MICHIGAN,Ludington,7582,16,0,5,0,11,71,6,64,1,1,
MICHIGAN,Lyon Township,26094,7,0,0,0,7,70,9,50,11,0,
MICHIGAN,Mackinac Island,595,1,0,0,0,1,51,2,49,0,0,
MICHIGAN,Mackinaw City,847,5,0,4,0,1,30,6,23,1,0,
MICHIGAN,Madison Heights,28188,78,2,6,8,62,411,32,309,70,4,
MICHIGAN,Madison Township,7309,13,0,2,0,11,117,14,101,2,0,
MICHIGAN,Manistee,6281,21,0,12,0,9,81,10,66,5,0,
MICHIGAN,Manistique,2868,38,0,8,0,30,50,11,34,5,1,
MICHIGAN,Manton,1515,1,0,1,0,0,15,3,12,0,0,
MICHIGAN,Marenisco Township,455,0,0,0,0,0,0,0,0,0,0,
MICHIGAN,Marine City,3999,15,0,1,0,14,21,6,14,1,0,
MICHIGAN,Marlette,1852,7,0,2,0,5,16,0,16,0,0,
MICHIGAN,Marquette,21245,40,0,14,0,26,108,9,98,1,0,
MICHIGAN,Marshall,6758,18,0,7,1,10,76,12,59,5,0,
MICHIGAN,Marysville,9893,15,0,0,1,14,51,9,38,4,0,
MICHIGAN,Mason,8114,13,0,4,0,9,63,6,49,8,1,
MICHIGAN,Mattawan,2827,16,0,1,0,15,23,0,20,3,0,
MICHIGAN,Mayville,904,0,0,0,0,0,2,0,1,1,0,
MICHIGAN,Melvindale,12267,37,2,4,4,27,143,25,87,31,1,
MICHIGAN,Memphis,1055,1,0,0,0,1,4,1,1,2,0,
MICHIGAN,Mendon,863,3,0,0,0,3,40,20,19,1,0,
MICHIGAN,Menominee,8123,34,0,9,1,24,79,11,64,4,3,
MICHIGAN,Meridian Township,43912,80,0,18,9,53,747,59,605,83,1,
MICHIGAN,Metamora Township,4515,7,0,0,0,7,8,0,7,1,0,
MICHIGAN,Metro Police Authority of Genesee County,21186,28,0,3,3,22,184,16,147,21,0,
MICHIGAN,Midland,42712,52,1,17,1,33,280,22,248,10,0,
MICHIGAN,Milan,5990,6,0,4,0,2,46,7,36,3,0,
MICHIGAN,Milford,16974,8,0,2,0,6,48,4,39,5,0,
MICHIGAN,Millington,1014,3,0,1,0,2,1,0,1,0,0,
MICHIGAN,Montrose Township,7605,5,0,4,0,1,36,9,22,5,0,
MICHIGAN,Morenci,2206,0,0,0,0,0,10,2,8,0,0,
MICHIGAN,Morrice,999,0,0,0,0,0,0,0,0,0,0,
MICHIGAN,Mount Morris,3069,17,0,1,2,14,115,6,103,6,0,
MICHIGAN,Mount Morris Township,19494,187,0,15,7,165,351,71,213,67,6,
MICHIGAN,Mount Pleasant,20577,88,0,20,1,67,211,18,176,17,1,
MICHIGAN,Napoleon Township,6683,2,0,0,0,2,30,3,23,4,0,
MICHIGAN,Negaunee,4661,8,0,5,0,3,15,2,12,1,0,
MICHIGAN,Newaygo,2564,10,0,0,0,10,55,3,49,3,0,
MICHIGAN,New Baltimore,11961,5,0,3,0,2,48,2,42,4,0,
MICHIGAN,New Buffalo,1688,1,1,0,0,0,1,0,1,0,0,
MICHIGAN,New Era,456,0,0,0,0,0,0,0,0,0,0,
MICHIGAN,New Lothrop,581,0,0,0,0,0,5,3,2,0,0,
MICHIGAN,Niles,11566,55,0,13,3,39,217,26,173,18,4,
MICHIGAN,Northfield Township,8461,6,1,0,0,5,47,4,33,10,1,
MICHIGAN,Northville,5932,1,0,0,0,1,36,5,29,2,1,
MICHIGAN,Northville Township,30866,15,0,3,2,10,223,9,194,20,0,
MICHIGAN,Norton Shores,25001,48,0,10,1,37,471,43,377,51,2,
MICHIGAN,Novi,66366,66,1,8,3,54,435,28,355,52,0,
MICHIGAN,Oakland Township,20306,6,0,1,0,5,35,3,29,3,0,
MICHIGAN,Oak Park,28858,115,1,8,14,92,603,188,290,125,4,
MICHIGAN,Ontwa Township-Edwardsburg,6821,10,0,4,1,5,48,9,32,7,0,
MICHIGAN,Orchard Lake,2198,4,0,0,3,1,13,0,13,0,0,
MICHIGAN,Orion Township,35833,13,0,1,1,11,145,9,112,24,2,
MICHIGAN,Oscoda Township,7211,20,2,4,0,14,29,4,24,1,0,
MICHIGAN,Otisville,804,0,0,0,0,0,2,0,2,0,0,
MICHIGAN,Otsego,4036,9,1,7,0,1,34,5,26,3,0,
MICHIGAN,Owendale,257,0,0,0,0,0,0,0,0,0,0,
MICHIGAN,Owosso,14543,82,0,16,2,64,156,30,118,8,3,
MICHIGAN,Oxford,3437,2,0,0,0,2,9,0,6,3,0,
MICHIGAN,Oxford Township,19165,16,1,4,1,10,41,5,29,7,1,
MICHIGAN,Paw Paw,3398,16,0,6,0,10,150,6,137,7,0,
MICHIGAN,Peck,597,0,0,0,0,0,1,0,1,0,0,
MICHIGAN,Pentwater,902,0,0,0,0,0,6,0,6,0,0,
MICHIGAN,Perry,2145,0,0,0,0,0,7,0,6,1,0,
MICHIGAN,Petoskey,5839,7,0,0,0,7,33,6,24,3,0,
MICHIGAN,Pigeon,1192,0,0,0,0,0,0,0,0,0,0,
MICHIGAN,Pinckney,2340,1,0,0,0,1,11,1,9,1,0,
MICHIGAN,Pittsfield Township,39244,104,1,11,9,83,713,35,618,60,0,
MICHIGAN,Plainwell,3734,10,0,5,0,5,44,6,34,4,1,
MICHIGAN,Pleasant Ridge,2562,2,0,0,1,1,13,1,10,2,0,
MICHIGAN,Plymouth,9095,5,0,1,0,4,88,4,67,17,0,
MICHIGAN,Plymouth Township,26824,13,0,1,1,11,175,9,143,23,0,
MICHIGAN,Pontiac,61644,607,13,29,39,526,1012,198,614,200,6,
MICHIGAN,Portage,49416,137,0,24,10,103,1470,133,1258,79,6,
MICHIGAN,Port Austin,652,0,0,0,0,0,6,2,4,0,0,
MICHIGAN,Port Huron,28204,170,0,26,2,142,424,74,322,28,9,
MICHIGAN,Portland,3791,2,0,1,0,1,15,2,12,1,0,
MICHIGAN,Potterville,3104,2,0,1,0,1,3,0,3,0,0,
MICHIGAN,Raisin Township,8038,7,0,3,0,4,31,20,10,1,0,
MICHIGAN,Reading,1082,3,0,0,0,3,2,0,2,0,0,
MICHIGAN,Redford Township,47067,256,2,24,21,209,895,131,470,294,8,
MICHIGAN,Reed City,2532,12,1,4,1,6,41,4,37,0,0,
MICHIGAN,"Richfield Township, Genesee County",8930,6,0,2,0,4,48,6,36,6,1,
MICHIGAN,"Richfield Township, Roscommon County",3601,4,0,0,0,4,10,0,8,2,0,
MICHIGAN,Richland,939,2,0,0,0,2,11,2,9,0,0,
MICHIGAN,"Richland Township, Saginaw County",3871,2,0,0,0,2,14,1,9,4,0,
MICHIGAN,Richmond,5820,5,0,1,0,4,35,5,26,4,0,
MICHIGAN,Riverview,11821,24,0,2,1,21,111,12,88,11,0,
MICHIGAN,Rochester,12706,3,0,0,0,3,48,1,42,5,0,
MICHIGAN,Rochester Hills,75960,70,1,5,0,64,404,39,320,45,1,
MICHIGAN,Rockford,6183,6,0,2,0,4,49,1,44,4,2,
MICHIGAN,Rockwood,3104,4,0,0,0,4,13,0,10,3,0,
MICHIGAN,Rogers City,2927,1,0,1,0,0,5,0,5,0,0,
MICHIGAN,Romeo,3721,2,0,0,0,2,11,0,11,0,0,
MICHIGAN,Romulus,24567,216,2,17,24,173,507,53,331,123,6,
MICHIGAN,Roosevelt Park,4120,11,0,0,2,9,232,8,219,5,0,
MICHIGAN,Roseville,46358,242,1,33,18,190,1535,135,1198,202,9,
MICHIGAN,Rothbury,446,0,0,0,0,0,6,0,5,1,0,
MICHIGAN,Royal Oak,57257,71,0,4,7,60,459,37,353,69,1,
MICHIGAN,Saginaw,42880,944,19,57,58,810,840,230,484,126,27,
MICHIGAN,Saginaw Township,40864,71,2,13,8,48,583,71,467,45,2,
MICHIGAN,Saline,9015,19,0,4,1,14,91,6,69,16,0,
MICHIGAN,Sandusky,2679,4,0,1,0,3,30,1,29,0,0,
MICHIGAN,Saugatuck-Douglas,2301,0,0,0,0,0,10,2,8,0,0,
MICHIGAN,Sault Ste. Marie,13310,54,0,20,1,33,147,9,132,6,0,
MICHIGAN,Schoolcraft,1437,2,0,0,0,2,22,0,19,3,0,
MICHIGAN,Scottville,1357,3,0,0,0,3,11,2,9,0,0,
MICHIGAN,Shelby,2177,1,0,1,0,0,9,0,8,1,0,
MICHIGAN,Shelby Township,79985,128,0,28,5,95,434,36,329,69,1,
MICHIGAN,Shepherd,1505,0,0,0,0,0,10,1,9,0,0,
MICHIGAN,Somerset Township,4585,0,0,0,0,0,35,4,29,2,0,
MICHIGAN,Southfield,75454,372,1,45,30,296,1826,306,1107,413,9,
MICHIGAN,Southgate,28702,128,0,9,9,110,579,52,443,84,0,
MICHIGAN,South Haven,4013,27,0,3,0,24,199,17,176,6,1,
MICHIGAN,South Lyon,12010,7,0,4,0,3,35,3,25,7,0,
MICHIGAN,Sparta,4279,8,0,2,0,6,33,3,27,3,0,
MICHIGAN,Spring Arbor Township,8501,11,0,1,0,10,30,5,20,5,0,
MICHIGAN,Springfield Township,14762,4,0,0,0,4,58,4,47,7,0,
MICHIGAN,Springport Township,2119,0,0,0,0,0,9,2,6,1,0,
MICHIGAN,Stanton,1382,1,0,0,0,1,3,0,3,0,0,
MICHIGAN,St. Charles,1943,9,0,0,1,8,6,0,6,0,0,
MICHIGAN,St. Clair,6019,4,0,1,0,3,27,6,20,1,0,
MICHIGAN,St. Clair Shores,57157,106,0,11,12,83,609,200,320,89,0,
MICHIGAN,Sterling Heights,133058,305,1,41,20,243,1387,102,1050,235,7,
MICHIGAN,St. Ignace,2290,1,0,0,0,1,12,0,11,1,1,
MICHIGAN,St. Johns,7699,13,0,6,0,7,40,13,24,3,1,
MICHIGAN,St. Joseph,7689,34,0,2,1,31,118,9,104,5,0,
MICHIGAN,St. Joseph Township,9723,12,0,3,1,8,74,17,51,6,1,
MICHIGAN,St. Louis,7014,13,0,4,0,9,38,7,28,3,0,
MICHIGAN,Stockbridge,1287,5,0,1,0,4,13,2,9,2,0,
MICHIGAN,Sumpter Township,9449,26,0,0,1,25,64,14,40,10,0,
MICHIGAN,Sylvan Lake,1698,1,0,0,0,1,13,1,11,1,0,
MICHIGAN,Tawas City,1848,10,0,0,0,10,15,0,15,0,0,
MICHIGAN,Taylor,60602,508,3,30,46,429,1222,180,831,211,6,
MICHIGAN,Tecumseh,8571,10,0,3,0,7,29,4,24,1,0,
MICHIGAN,Thomas Township,11854,32,0,2,1,29,84,8,71,5,0,
MICHIGAN,Three Oaks,1381,2,0,0,0,2,7,0,6,1,0,
MICHIGAN,Tittabawassee Township,10947,10,0,4,0,6,36,3,26,7,0,
MICHIGAN,Trenton,17698,6,1,2,0,3,96,1,76,19,1,
MICHIGAN,Troy,87422,101,0,22,16,63,1116,72,948,96,2,
MICHIGAN,Tuscarora Township,3143,4,0,0,0,4,41,1,40,0,0,
MICHIGAN,Ubly,831,3,0,3,0,0,3,1,2,0,0,
MICHIGAN,Unadilla Township,3320,2,0,1,0,1,12,3,7,2,0,
MICHIGAN,Utica,5090,16,0,4,2,10,128,8,115,5,0,
MICHIGAN,Van Buren Township,29591,97,0,12,0,85,612,41,502,69,1,
MICHIGAN,Vassar,2688,53,0,1,0,52,40,12,24,4,0,
MICHIGAN,Vernon,721,2,0,2,0,0,1,0,1,0,0,
MICHIGAN,Vicksburg,3964,13,0,1,1,11,77,11,63,3,0,
MICHIGAN,Walker,25308,56,1,17,3,35,619,13,553,53,2,
MICHIGAN,Walled Lake,7321,10,0,1,0,9,59,9,21,29,0,
MICHIGAN,Warren,135843,736,7,104,48,577,2111,278,1355,478,21,
MICHIGAN,Waterford Township,69066,193,1,22,6,164,573,127,343,103,2,
MICHIGAN,Watervliet,1645,9,0,2,0,7,10,2,7,1,0,
MICHIGAN,Wayne,16891,117,1,14,9,93,220,31,130,59,6,
MICHIGAN,West Bloomfield Township,64892,53,0,5,6,42,341,25,289,27,1,
MICHIGAN,West Branch,2361,1,0,1,0,0,9,0,8,1,0,
MICHIGAN,Westland,81727,367,3,45,30,289,1108,161,758,189,11,
MICHIGAN,Whitehall,3169,4,0,1,0,3,34,3,29,2,1,
MICHIGAN,White Lake Township,31222,13,0,0,0,13,136,6,127,3,1,
MICHIGAN,White Pigeon,1723,6,0,0,0,6,36,4,27,5,0,
MICHIGAN,Williamston,3758,2,0,0,1,1,10,1,5,4,0,
MICHIGAN,Wixom,17120,31,1,8,2,20,166,27,115,24,0,
MICHIGAN,Wolverine Lake,4414,3,0,0,0,3,11,3,8,0,0,
MICHIGAN,Woodhaven,12447,14,0,1,3,10,192,7,163,22,0,
MICHIGAN,Wyandotte,23778,57,2,6,2,47,196,11,168,17,1,
MICHIGAN,Wyoming,77684,366,3,61,37,265,1666,213,1277,176,6,
MICHIGAN,Yale,1888,8,0,0,0,8,12,5,7,0,1,
MICHIGAN,Ypsilanti,19021,125,0,23,16,86,452,72,307,73,2,
MICHIGAN,Zeeland,5621,5,0,3,0,2,31,6,20,5,1,
MINNESOTA ,Ada,1690,0,0,0,0,0,0,0,0,0,0,
MINNESOTA ,Adrian,1177,0,0,0,0,0,1,1,0,0,0,
MINNESOTA ,Aitkin,2149,1,0,1,0,0,29,9,17,3,0,
MINNESOTA ,Akeley,432,0,0,0,0,0,5,0,5,0,0,
MINNESOTA ,Albany,2848,8,0,4,0,4,7,0,7,0,0,
MINNESOTA ,Albert Lea,18194,38,0,2,5,31,271,57,195,19,1,
MINNESOTA ,Alexandria,15136,44,0,11,1,32,230,16,206,8,0,
MINNESOTA ,Annandale,3451,3,1,2,0,0,20,0,20,0,0,
MINNESOTA ,Anoka,18022,44,0,5,4,35,214,36,167,11,5,
MINNESOTA ,Appleton,1358,2,0,0,0,2,1,0,1,0,0,
MINNESOTA ,Apple Valley,55028,118,0,11,9,98,918,57,815,46,0,
MINNESOTA ,Arlington,2326,0,0,0,0,0,6,0,5,1,1,
MINNESOTA ,Atwater,1073,0,0,0,0,0,0,0,0,0,0,
MINNESOTA ,Audubon,561,0,0,0,0,0,1,0,1,0,0,
MINNESOTA ,Austin,26160,50,0,11,6,33,419,44,344,31,3,
MINNESOTA ,Avon,1713,0,0,0,0,0,5,0,5,0,0,
MINNESOTA ,Babbitt,1370,2,0,1,0,1,1,1,0,0,0,
MINNESOTA ,Bagley,1311,2,0,0,1,1,2,0,2,0,0,
MINNESOTA ,Barnesville,2767,2,0,0,0,2,12,3,7,2,0,
MINNESOTA ,Battle Lake,929,0,0,0,0,0,3,1,2,0,0,
MINNESOTA ,Baxter,9249,16,0,5,0,11,285,7,277,1,0,
MINNESOTA ,Bayport,3712,1,0,1,0,0,15,0,15,0,0,
MINNESOTA ,Becker,5132,4,0,2,0,2,16,2,14,0,0,
MINNESOTA ,Belgrade/Brooten,1380,1,0,0,0,1,4,0,4,0,0,
MINNESOTA ,Belle Plaine,7433,10,0,6,0,4,30,4,24,2,1,
MINNESOTA ,Bemidji,15853,129,0,33,13,83,727,56,642,29,3,
MINNESOTA ,Benson,3425,7,0,0,0,7,2,0,1,1,0,
MINNESOTA ,Big Lake,12904,17,0,9,0,8,44,3,38,3,0,
MINNESOTA ,Blackduck,810,1,0,1,0,0,4,2,2,0,0,
MINNESOTA ,Blaine,74913,67,2,12,10,43,1057,97,908,52,4,
MINNESOTA ,Bloomington,86598,270,1,48,36,185,3000,190,2617,193,13,
MINNESOTA ,Blue Earth,3161,12,0,2,0,10,6,0,3,3,0,
MINNESOTA ,Braham,1792,0,0,0,0,0,2,0,2,0,0,
MINNESOTA ,Brainerd,14615,63,0,10,6,47,260,27,226,7,1,
MINNESOTA ,Breckenridge,3301,21,0,4,0,17,8,0,6,2,0,
MINNESOTA ,Breezy Point,2814,0,0,0,0,0,4,4,0,0,0,
MINNESOTA ,Breitung Township,526,1,0,0,0,1,10,1,9,0,0,
MINNESOTA ,Brooklyn Center,31058,211,0,35,61,115,835,107,499,229,2,
MINNESOTA ,Brooklyn Park,80665,235,4,38,61,132,1999,211,1479,309,9,
MINNESOTA ,Brownton,708,0,0,0,0,0,4,0,4,0,0,
MINNESOTA ,Buffalo,16627,9,0,2,0,7,70,3,66,1,0,
MINNESOTA ,Buffalo Lake,630,0,0,0,0,0,0,0,0,0,0,
MINNESOTA ,Burnsville,64860,136,5,29,11,91,1225,66,1078,81,2,
MINNESOTA ,Caledonia,2775,0,0,0,0,0,0,0,0,0,0,
MINNESOTA ,Callaway,183,0,0,0,0,0,4,0,4,0,0,
MINNESOTA ,Cambridge,10802,7,0,1,1,5,183,2,176,5,0,
MINNESOTA ,Canby,1681,0,0,0,0,0,2,0,2,0,0,
MINNESOTA ,Cannon Falls,4196,6,0,1,0,5,44,5,34,5,0,
MINNESOTA ,Centennial Lakes,12219,8,0,1,1,6,89,7,77,5,1,
MINNESOTA ,Champlin,22532,26,0,11,1,14,256,24,218,14,2,
MINNESOTA ,Chaska,29431,25,0,4,1,20,187,22,152,13,2,
MINNESOTA ,Chatfield,2991,0,0,0,0,0,0,0,0,0,0,
MINNESOTA ,Chisholm,4663,13,0,2,2,9,73,4,62,7,0,
MINNESOTA ,Clearbrook,466,0,0,0,0,0,0,0,0,0,0,
MINNESOTA ,Cleveland,773,0,0,0,0,0,0,0,0,0,0,
MINNESOTA ,Cloquet,12570,22,2,0,0,20,66,4,60,2,1,
MINNESOTA ,Cold Spring/Richmond,5797,7,0,3,0,4,32,1,28,3,0,
MINNESOTA ,Columbia Heights,23341,75,0,16,17,42,510,40,366,104,2,
MINNESOTA ,Coon Rapids,63308,134,4,29,17,84,1038,120,828,90,7,
MINNESOTA ,Corcoran,8276,1,0,0,0,1,42,3,37,2,0,
MINNESOTA ,Cottage Grove,43131,17,0,7,4,6,294,26,251,17,0,
MINNESOTA ,Crookston,7205,30,0,11,0,19,66,12,43,11,1,
MINNESOTA ,Crosby,2354,0,0,0,0,0,5,1,4,0,0,
MINNESOTA ,Crosslake,2442,1,0,0,0,1,14,1,12,1,0,
MINNESOTA ,Crystal,21477,60,1,5,11,43,478,37,397,44,3,
MINNESOTA ,Cuyuna,331,0,0,0,0,0,0,0,0,0,0,
MINNESOTA ,Dawson/Boyd,1564,3,0,0,0,3,6,1,5,0,0,
MINNESOTA ,Dayton,11273,2,0,1,0,1,47,5,39,3,1,
MINNESOTA ,Deephaven,3691,0,0,0,0,0,13,4,9,0,0,
MINNESOTA ,Deer River,903,1,0,0,0,1,11,0,11,0,0,
MINNESOTA ,Deerwood,578,1,0,0,0,1,0,0,0,0,0,
MINNESOTA ,Detroit Lakes,9969,17,0,4,1,12,154,22,128,4,1,
MINNESOTA ,Dilworth,4828,11,0,2,1,8,299,24,266,9,1,
MINNESOTA ,Duluth,88003,193,7,41,33,112,2600,242,2249,109,22,
MINNESOTA ,Dundas,1774,0,0,0,0,0,18,2,14,2,0,
MINNESOTA ,Eagan,66956,69,0,17,4,48,1185,104,1030,51,0,
MINNESOTA ,East Grand Forks,8859,10,0,0,0,10,25,4,17,4,0,
MINNESOTA ,East Range,3634,2,0,2,0,0,0,0,0,0,0,
MINNESOTA ,Eden Prairie,61511,45,1,18,5,21,787,43,717,27,2,
MINNESOTA ,Eden Valley,1072,0,0,0,0,0,0,0,0,0,0,
MINNESOTA ,Edina,53347,39,0,4,5,30,795,126,580,89,2,
MINNESOTA ,Elko New Market,5126,0,0,0,0,0,0,0,0,0,0,
MINNESOTA ,Elk River,27826,25,0,9,2,14,280,43,222,15,0,
MINNESOTA ,Ely,3211,4,0,0,0,4,22,1,20,1,0,
MINNESOTA ,Eveleth,3417,7,0,0,0,7,79,17,53,9,0,
MINNESOTA ,Fairfax,1202,0,0,0,0,0,5,1,4,0,0,
MINNESOTA ,Fairmont,10173,30,0,6,1,23,142,13,122,7,0,
MINNESOTA ,Faribault,24708,76,1,14,2,59,279,23,250,6,1,
MINNESOTA ,Farmington,23995,19,0,9,1,9,80,11,64,5,0,
MINNESOTA ,Fergus Falls,14245,29,0,1,1,27,337,30,293,14,0,
MINNESOTA ,Floodwood,517,0,0,0,0,0,4,0,4,0,0,
MINNESOTA ,Foley,2711,4,0,1,0,3,38,2,36,0,1,
MINNESOTA ,Forest Lake,20680,25,0,4,1,20,305,32,251,22,0,
MINNESOTA ,Fosston,1368,5,0,2,0,3,35,1,34,0,0,
MINNESOTA ,Frazee,1301,0,0,0,0,0,2,0,2,0,0,
MINNESOTA ,Fridley,30355,75,0,8,7,60,935,47,822,66,1,
MINNESOTA ,Fulda,1322,2,0,0,0,2,7,0,6,1,0,
MINNESOTA ,Gaylord,2341,3,0,1,0,2,44,5,38,1,0,
MINNESOTA ,Gibbon,788,3,0,1,0,2,3,1,2,0,0,
MINNESOTA ,Gilbert,1656,10,0,1,0,9,31,0,30,1,0,
MINNESOTA ,Glencoe,5652,5,0,2,0,3,29,3,25,1,0,
MINNESOTA ,Glenwood,2630,3,0,0,0,3,17,0,16,1,0,
MINNESOTA ,Glyndon,1376,0,0,0,0,0,4,0,4,0,0,
MINNESOTA ,Golden Valley,20806,14,0,2,0,12,205,23,177,5,0,
MINNESOTA ,Goodview,4077,0,0,0,0,0,1,0,1,0,0,
MINNESOTA ,Grand Rapids,11333,10,0,1,0,9,117,2,115,0,0,
MINNESOTA ,Granite Falls,2670,8,0,1,0,7,15,1,13,1,0,
MINNESOTA ,Hallock,863,0,0,0,0,0,1,1,0,0,0,
MINNESOTA ,Hastings,22112,25,0,11,2,12,221,20,192,9,3,
MINNESOTA ,Hawley,2299,2,0,0,0,2,11,2,7,2,0,
MINNESOTA ,Hector,981,1,0,0,0,1,1,0,0,1,0,
MINNESOTA ,Henderson,982,0,0,0,0,0,0,0,0,0,0,
MINNESOTA ,Henning,860,0,0,0,0,0,2,0,2,0,0,
MINNESOTA ,Hermantown,10196,8,0,2,1,5,261,19,238,4,0,
MINNESOTA ,Heron Lake,587,0,0,0,0,0,2,0,2,0,0,
MINNESOTA ,Hibbing,15915,10,0,2,1,7,106,2,96,8,0,
MINNESOTA ,Hill City,608,1,0,1,0,0,2,0,2,0,0,
MINNESOTA ,Hokah,544,0,0,0,0,0,0,0,0,0,0,
MINNESOTA ,Hopkins,18454,52,0,9,11,32,239,37,168,34,6,
MINNESOTA ,Houston,978,0,0,0,0,0,2,0,2,0,0,
MINNESOTA ,Howard Lake,2220,0,0,0,0,0,6,3,3,0,0,
MINNESOTA ,Hutchinson,14730,32,0,9,1,22,176,14,152,10,2,
MINNESOTA ,International Falls,5542,39,0,5,0,34,48,6,40,2,2,
MINNESOTA ,Inver Grove Heights,36212,60,0,20,3,37,505,63,408,34,1,
MINNESOTA ,Isanti,7540,6,0,0,0,6,37,4,32,1,0,
MINNESOTA ,Isle,830,3,0,1,0,2,29,2,26,1,0,
MINNESOTA ,Janesville,2484,3,0,0,0,3,10,0,10,0,0,
MINNESOTA ,Jordan,6781,6,0,0,1,5,28,4,22,2,0,
MINNESOTA ,Kasson,7208,7,0,4,0,3,30,7,21,2,0,
MINNESOTA ,Kenyon,1874,0,0,0,0,0,0,0,0,0,0,
MINNESOTA ,La Crescent,5279,4,0,0,0,4,23,3,20,0,0,
MINNESOTA ,Lake City,5336,4,0,1,0,3,48,9,34,5,0,
MINNESOTA ,Lake Crystal,2487,3,0,0,0,3,8,3,5,0,0,
MINNESOTA ,Lakefield,1712,1,0,0,0,1,0,0,0,0,0,
MINNESOTA ,Lake Park,716,1,0,0,0,1,4,0,4,0,0,
MINNESOTA ,Lakes Area,10781,11,0,5,0,6,71,4,64,3,2,
MINNESOTA ,Lake Shore,1139,0,0,0,0,0,3,0,3,0,0,
MINNESOTA ,Lakeville,78436,60,2,23,1,34,448,42,378,28,1,
MINNESOTA ,Lamberton,779,0,0,0,0,0,4,0,4,0,0,
MINNESOTA ,Le Center,2520,3,0,0,0,3,0,0,0,0,0,
MINNESOTA ,Lester Prairie,1902,0,0,0,0,0,5,0,5,0,0,
MINNESOTA ,Le Sueur,4226,3,0,1,0,2,8,0,8,0,0,
MINNESOTA ,Lewiston,1501,0,0,0,0,0,3,0,3,0,0,
MINNESOTA ,Lino Lakes,22685,8,1,2,0,5,150,23,125,2,0,
MINNESOTA ,Litchfield,6512,16,0,4,0,12,70,8,60,2,0,
MINNESOTA ,Little Falls,9088,9,0,3,1,5,168,8,157,3,3,
MINNESOTA ,Long Prairie,3722,9,0,2,0,7,30,1,25,4,0,
MINNESOTA ,Lonsdale,5016,2,0,1,0,1,15,3,11,1,0,
MINNESOTA ,Madelia,2367,1,0,1,0,0,8,0,8,0,0,
MINNESOTA ,Madison Lake,1318,1,0,0,0,1,7,3,3,1,0,
MINNESOTA ,Mankato,46137,118,2,30,6,80,1204,127,1014,63,4,
MINNESOTA ,Maple Grove,71622,81,0,17,12,52,1263,103,1134,26,4,
MINNESOTA ,Mapleton,2144,2,0,0,0,2,5,2,3,0,0,
MINNESOTA ,Maplewood,39638,180,2,25,32,121,1076,160,811,105,7,
MINNESOTA ,Marshall,13924,38,0,10,1,27,100,13,82,5,0,
MINNESOTA ,McGregor,379,0,0,0,0,0,0,0,0,0,0,
MINNESOTA ,Medina,7104,1,0,0,0,1,46,11,34,1,0,
MINNESOTA ,Melrose,3612,4,0,0,0,4,7,0,4,3,0,
MINNESOTA ,Menahga,1347,0,0,0,0,0,0,0,0,0,0,
MINNESOTA ,Mendota Heights,11501,22,0,6,1,15,101,18,76,7,1,
MINNESOTA ,Milaca,3066,3,0,1,0,2,38,1,32,5,0,
MINNESOTA ,Minneapolis,423282,4911,76,377,1574,2884,21769,2619,12603,6547,112,
MINNESOTA ,Minneota,1344,2,0,1,0,1,6,0,5,1,0,
MINNESOTA ,Minnesota Lake,657,0,0,0,0,0,1,1,0,0,0,
MINNESOTA ,Minnetonka,51935,60,0,9,7,44,851,98,713,40,3,
MINNESOTA ,Minnetrista,11072,5,0,1,1,3,38,2,33,3,1,
MINNESOTA ,Montevideo,5180,0,0,0,0,0,0,0,0,0,0,
MINNESOTA ,Montgomery,3595,1,0,0,0,1,0,0,0,0,0,
MINNESOTA ,Moorhead,45424,166,4,27,12,123,761,131,530,100,7,
MINNESOTA ,Morgan,874,0,0,0,0,0,0,0,0,0,0,
MINNESOTA ,Motley,691,1,0,1,0,0,8,0,6,2,0,
MINNESOTA ,Mounds View,12730,24,0,3,3,18,137,10,113,14,0,
MINNESOTA ,Mountain Lake,1929,7,0,2,0,5,4,1,3,0,0,
MINNESOTA ,Nashwauk,955,2,0,1,0,1,2,1,1,0,0,
MINNESOTA ,New Brighton,22022,20,0,4,4,12,269,19,205,45,2,
MINNESOTA ,New Hope,20319,35,1,6,18,10,398,41,314,43,1,
MINNESOTA ,New Prague,8267,4,0,3,0,1,52,2,50,0,0,
MINNESOTA ,New Richland,1211,4,0,2,0,2,11,0,11,0,0,
MINNESOTA ,New Ulm,13858,10,0,1,0,9,141,8,129,4,1,
MINNESOTA ,New York Mills,1356,1,0,0,0,1,4,0,4,0,0,
MINNESOTA ,Nisswa,2175,0,0,0,0,0,14,0,14,0,0,
MINNESOTA ,North Branch,12137,13,0,2,0,11,19,4,14,1,0,
MINNESOTA ,Northfield,21099,32,0,7,0,25,285,22,261,2,1,
MINNESOTA ,North Mankato,14021,21,1,9,1,10,119,13,104,2,1,
MINNESOTA ,North St. Paul,12762,24,0,1,1,22,211,28,167,16,0,
MINNESOTA ,Oakdale,28214,51,0,6,13,32,497,43,425,29,0,
MINNESOTA ,Oak Park Heights,4625,18,0,11,0,7,96,12,83,1,1,
MINNESOTA ,Olivia,2270,1,0,1,0,0,15,3,11,1,0,
MINNESOTA ,Onamia,850,12,0,0,0,12,15,0,13,2,0,
MINNESOTA ,Orono,18943,10,0,5,0,5,93,11,79,3,0,
MINNESOTA ,Osakis,1747,0,0,0,0,0,3,1,2,0,0,
MINNESOTA ,Osseo,2472,1,0,0,0,1,47,3,39,5,0,
MINNESOTA ,Owatonna,26573,40,0,10,2,28,218,29,166,23,5,
MINNESOTA ,Parkers Prairie,1031,0,0,0,0,0,2,1,1,0,0,
MINNESOTA ,Park Rapids,4348,18,0,1,0,17,92,4,83,5,0,
MINNESOTA ,Paynesville,2616,4,0,0,0,4,4,0,4,0,0,
MINNESOTA ,Pelican Rapids,2599,2,0,0,0,2,4,0,3,1,0,
MINNESOTA ,Pequot Lakes,2486,0,0,0,0,0,0,0,0,0,0,
MINNESOTA ,Perham,3718,0,0,0,0,0,14,0,14,0,0,
MINNESOTA ,Pierz,1473,2,0,1,0,1,38,2,36,0,0,
MINNESOTA ,Pillager,524,0,0,0,0,0,0,0,0,0,0,
MINNESOTA ,Pine River,935,2,0,0,0,2,10,0,10,0,0,
MINNESOTA ,Plainview,3541,2,0,0,0,2,6,1,2,3,0,
MINNESOTA ,Plymouth,76577,39,0,3,10,26,784,103,636,45,2,
MINNESOTA ,Preston,1326,0,0,0,0,0,8,1,7,0,0,
MINNESOTA ,Princeton,5418,3,0,0,0,3,130,11,114,5,0,
MINNESOTA ,Prior Lake,28163,30,1,9,2,18,302,18,269,15,3,
MINNESOTA ,Proctor,3078,3,0,0,0,3,19,2,16,1,0,
MINNESOTA ,Ramsey,28813,18,2,3,1,12,149,31,114,4,2,
MINNESOTA ,Red Wing,16819,34,1,7,0,26,362,38,316,8,2,
MINNESOTA ,Redwood Falls,5044,15,0,5,0,10,60,4,55,1,0,
MINNESOTA ,Renville,1254,3,0,0,0,3,12,2,10,0,0,
MINNESOTA ,Rice,2250,0,0,0,0,0,6,0,4,2,0,
MINNESOTA ,Richfield,36287,97,1,17,21,58,893,79,686,128,2,
MINNESOTA ,Robbinsdale,13771,53,1,13,7,32,244,27,186,31,1,
MINNESOTA ,Rochester,122694,189,5,32,32,120,1679,213,1354,112,5,
MINNESOTA ,Rogers,13716,18,0,6,0,12,211,29,178,4,1,
MINNESOTA ,Roseau,2677,9,0,0,0,9,13,3,9,1,0,
MINNESOTA ,Rosemount,28220,16,0,4,1,11,141,25,107,9,1,
MINNESOTA ,Roseville,35507,142,0,18,45,79,3017,209,2716,92,8,
MINNESOTA ,Royalton,1279,3,0,0,0,3,34,1,31,2,0,
MINNESOTA ,Rushford,1861,0,0,0,0,0,0,0,0,0,0,
MINNESOTA ,Sartell,19845,13,0,4,1,8,247,11,235,1,0,
MINNESOTA ,Sauk Centre,4626,3,0,0,0,3,52,1,51,0,0,
MINNESOTA ,Sauk Rapids,13736,12,1,5,1,5,177,20,143,14,0,
MINNESOTA ,Savage,33140,26,0,2,4,20,237,28,194,15,1,
MINNESOTA ,Sebeka,740,0,0,0,0,0,0,0,0,0,0,
MINNESOTA ,Shakopee,48239,56,0,23,4,29,559,40,489,30,0,
MINNESOTA ,Sherburn,1047,1,0,0,0,1,4,1,3,0,0,
MINNESOTA ,Silver Bay,1796,4,0,0,0,4,3,0,3,0,0,
MINNESOTA ,Slayton,1965,0,0,0,0,0,16,2,11,3,0,
MINNESOTA ,Sleepy Eye,3495,4,0,1,0,3,19,14,1,4,0,
MINNESOTA ,South Lake Minnetonka,11961,4,0,2,0,2,40,6,33,1,0,
MINNESOTA ,South St. Paul,20648,72,0,7,3,62,273,30,210,33,4,
MINNESOTA ,Springfield,1980,1,0,1,0,0,7,0,7,0,0,
MINNESOTA ,Spring Lake Park,7007,20,0,7,2,11,127,10,110,7,0,
MINNESOTA ,St. Anthony,12658,15,0,1,5,9,325,44,237,44,0,
MINNESOTA ,Staples,3042,5,0,0,0,5,47,6,36,5,0,
MINNESOTA ,Starbuck,1420,0,0,0,0,0,0,0,0,0,0,
MINNESOTA ,St. Charles,4042,2,0,0,0,2,40,3,36,1,0,
MINNESOTA ,St. Cloud,71492,292,0,61,36,195,2084,178,1788,118,15,
MINNESOTA ,St. Francis,8534,19,0,6,0,13,69,12,54,3,1,
MINNESOTA ,Stillwater,19185,16,0,8,1,7,166,11,147,8,2,
MINNESOTA ,St. James,4669,7,0,2,0,5,26,4,18,4,0,
MINNESOTA ,St. Joseph,6699,8,0,4,0,4,30,3,22,5,1,
MINNESOTA ,St. Louis Park,49592,89,0,14,8,67,1650,159,1371,120,1,
MINNESOTA ,St. Paul,304051,1878,26,200,362,1290,8617,1424,5727,1466,166,
MINNESOTA ,St. Paul Park,5315,16,0,5,1,10,45,3,33,9,0,
MINNESOTA ,St. Peter,12362,9,1,3,0,5,69,7,61,1,0,
MINNESOTA ,Thief River Falls,8816,8,0,5,0,3,123,12,111,0,1,
MINNESOTA ,Two Harbors,3498,0,0,0,0,0,21,2,18,1,0,
MINNESOTA ,Tyler,1093,0,0,0,0,0,0,0,0,0,0,
MINNESOTA ,Verndale,509,0,0,0,0,0,1,0,1,0,0,
MINNESOTA ,Virginia,8253,34,0,5,3,26,177,15,153,9,2,
MINNESOTA ,Wabasha,2604,2,0,0,1,1,43,4,27,12,0,
MINNESOTA ,Wadena,4327,4,0,2,0,2,65,3,60,2,0,
MINNESOTA ,Waite Park,8413,11,0,2,1,8,345,11,328,6,2,
MINNESOTA ,Walker,984,0,0,0,0,0,10,0,10,0,0,
MINNESOTA ,Walnut Grove,732,0,0,0,0,0,0,0,0,0,0,
MINNESOTA ,Waseca,9219,18,0,3,0,15,89,13,74,2,0,
MINNESOTA ,Waterville,1754,2,0,0,0,2,1,0,1,0,0,
MINNESOTA ,Wayzata,6232,7,0,0,1,6,71,13,55,3,0,
MINNESOTA ,Wells,2396,6,0,0,0,6,1,0,0,1,0,
MINNESOTA ,Westbrook,727,0,0,0,0,0,0,0,0,0,0,
MINNESOTA ,West Concord,834,1,0,1,0,0,0,0,0,0,0,
MINNESOTA ,West Hennepin,5225,5,0,2,0,3,19,1,18,0,0,
MINNESOTA ,West St. Paul,22128,36,0,10,7,19,952,157,740,55,5,
MINNESOTA ,White Bear Lake,23106,20,0,4,2,14,306,36,234,36,1,
MINNESOTA ,Willmar,21437,94,0,28,1,65,277,24,236,17,1,
MINNESOTA ,Windom,4793,12,0,3,0,9,32,7,23,2,0,
MINNESOTA ,Winnebago,1381,0,0,0,0,0,9,0,9,0,0,
MINNESOTA ,Winona,26045,49,0,15,1,33,598,54,519,25,0,
MINNESOTA ,Winsted,2219,4,0,0,0,4,17,7,7,3,0,
MINNESOTA ,Winthrop,1328,0,0,0,0,0,3,0,3,0,0,
MINNESOTA ,Woodbury,80940,80,1,15,8,56,955,106,832,17,2,
MINNESOTA ,Worthington,13523,38,0,7,0,31,125,16,101,8,3,
MINNESOTA ,Wyoming,8143,5,0,0,0,5,46,3,40,3,1,
MINNESOTA ,Zumbrota,4101,2,0,0,0,2,16,3,13,0,1,
MISSISSIPPI,Ackerman,1558,1,0,1,0,0,17,9,8,0,0,
MISSISSIPPI,Amory,6346,40,0,4,0,36,159,32,121,6,1,
MISSISSIPPI,Batesville,7272,25,1,2,3,19,346,32,264,50,4,
MISSISSIPPI,Bay Springs,1579,5,0,0,0,5,14,4,9,1,0,
MISSISSIPPI,Bay St. Louis,10901,13,1,1,3,8,257,60,171,26,1,
MISSISSIPPI,Booneville,9075,22,2,7,1,12,331,31,283,17,0,
MISSISSIPPI,Brandon,25905,23,4,3,2,14,97,10,82,5,0,
MISSISSIPPI,Bruce,1579,6,0,1,0,5,4,1,3,0,0,
MISSISSIPPI,Byram,12526,12,1,6,2,3,120,16,74,30,0,
MISSISSIPPI,Cleveland,10165,39,2,2,4,31,289,19,243,27,1,
MISSISSIPPI,Clinton,26285,18,0,7,3,8,317,14,261,42,4,
MISSISSIPPI,Corinth,14142,50,0,10,9,31,444,98,318,28,4,
MISSISSIPPI,Ellisville,4513,3,0,1,1,1,64,23,31,10,0,
MISSISSIPPI,Forest,5232,37,0,2,13,22,46,14,26,6,0,
MISSISSIPPI,Fulton,4537,7,0,1,0,6,74,3,70,1,0,
MISSISSIPPI,Gautier,19023,47,0,5,7,35,366,44,271,51,0,
MISSISSIPPI,Guntown,2433,2,0,0,0,2,27,12,12,3,0,
MISSISSIPPI,Hattiesburg,48307,107,6,19,16,66,1674,179,1388,107,5,
MISSISSIPPI,Heidelberg,609,1,0,0,0,1,10,2,8,0,1,
MISSISSIPPI,Hernando,18579,17,2,7,2,6,88,11,73,4,1,
MISSISSIPPI,Horn Lake,26378,29,1,0,5,23,369,46,287,36,1,
MISSISSIPPI,Iuka,3056,5,0,1,0,4,33,7,24,2,0,
MISSISSIPPI,Kosciusko,6765,12,1,1,2,8,110,28,78,4,0,
MISSISSIPPI,Laurel,16922,178,4,17,16,141,641,121,457,63,13,
MISSISSIPPI,Long Beach,17053,14,0,2,1,11,169,19,140,10,0,
MISSISSIPPI,Lucedale,3119,14,0,0,0,14,111,15,95,1,3,
MISSISSIPPI,Madison,28064,16,2,1,0,13,109,4,104,1,0,
MISSISSIPPI,Magee,3913,22,1,6,1,14,90,36,47,7,0,
MISSISSIPPI,Mathiston,862,0,0,0,0,0,5,2,3,0,0,
MISSISSIPPI,Mendenhall,2127,4,0,1,0,3,21,7,12,2,0,
MISSISSIPPI,New Albany,7733,6,0,0,1,5,88,23,64,1,0,
MISSISSIPPI,Olive Branch,47178,94,0,7,16,71,641,36,479,126,0,
MISSISSIPPI,Oxford,27529,35,1,10,2,22,510,37,458,15,1,
MISSISSIPPI,Pascagoula,21455,70,1,18,12,39,1045,110,824,111,3,
MISSISSIPPI,Pass Christian,6435,0,0,0,0,0,52,1,49,2,0,
MISSISSIPPI,Petal,11505,15,1,6,0,8,45,17,24,4,0,
MISSISSIPPI,Philadelphia,6867,36,0,5,1,30,171,27,133,11,0,
MISSISSIPPI,Picayune,11860,22,2,4,1,15,320,33,254,33,1,
MISSISSIPPI,Pontotoc,5966,15,0,4,0,11,112,14,93,5,2,
MISSISSIPPI,Poplarville,2816,7,0,1,1,5,36,8,22,6,0,
MISSISSIPPI,Puckett,348,0,0,0,0,0,0,0,0,0,0,
MISSISSIPPI,Purvis,1958,1,0,0,1,0,19,2,16,1,0,
MISSISSIPPI,Quitman,1947,0,0,0,0,0,28,2,26,0,0,
MISSISSIPPI,Raymond,1864,1,0,0,0,1,12,5,7,0,0,
MISSISSIPPI,Richland,7486,4,0,1,0,3,77,23,43,11,1,
MISSISSIPPI,Ridgeland,24407,78,4,9,11,54,337,40,260,37,0,
MISSISSIPPI,Seminary,291,0,0,0,0,0,1,1,0,0,0,
MISSISSIPPI,Senatobia,8263,19,0,1,0,18,133,7,119,7,0,
MISSISSIPPI,Smithville,513,0,0,0,0,0,8,0,7,1,0,
MISSISSIPPI,Southaven,57537,175,1,12,18,144,1165,98,928,139,2,
MISSISSIPPI,Starkville,25344,21,3,0,1,17,516,199,295,22,2,
MISSISSIPPI,Tunica,861,1,1,0,0,0,5,1,3,1,0,
MISSISSIPPI,Tupelo,37593,147,4,27,27,89,1420,426,894,100,6,
MISSISSIPPI,Union,1992,5,0,0,0,5,11,0,11,0,0,
MISSISSIPPI,Vardaman,1041,3,0,0,0,3,2,1,1,0,1,
MISSISSIPPI,Vicksburg,19785,122,4,4,15,99,754,95,580,79,6,
MISSISSIPPI,Walnut,675,3,0,0,0,3,6,2,4,0,0,
MISSISSIPPI,Water Valley,3384,18,1,1,0,16,98,6,84,8,0,
MISSISSIPPI,Waveland,6923,5,0,0,0,5,183,9,166,8,0,
MISSISSIPPI,Waynesboro,4521,42,5,5,2,30,74,12,55,7,2,
MISSISSIPPI,Wesson,1785,4,0,1,0,3,19,5,12,2,0,
MISSISSIPPI,West Point,9665,49,2,2,1,44,201,28,139,34,0,
MISSISSIPPI,Wiggins,4257,13,1,4,0,8,133,15,114,4,1,
MISSOURI,Adrian,1763,3,1,0,1,1,15,4,10,1,0,
MISSOURI,Advance,1331,2,0,1,0,1,11,3,8,0,0,
MISSOURI,Alma,391,0,0,0,0,0,0,0,0,0,0,
MISSOURI,Arcadia,605,0,0,0,0,0,0,0,0,0,0,
MISSOURI,Archie,1259,2,0,0,0,2,4,0,3,1,0,
MISSOURI,Ash Grove,1501,7,0,1,0,6,14,4,9,1,0,
MISSOURI,Ashland,5076,10,0,1,0,9,21,4,15,2,0,
MISSOURI,Auxvasse,1017,2,0,0,0,2,14,2,11,1,0,
MISSOURI,Ava,3247,1,0,0,0,1,8,0,6,2,0,
MISSOURI,Ballwin,30171,17,1,2,2,12,146,13,125,8,0,
MISSOURI,Bates City,229,1,0,0,1,0,6,1,5,0,0,
MISSOURI,Battlefield,6285,10,0,1,0,9,30,6,23,1,0,
MISSOURI,Bellefontaine Neighbors,10263,97,2,1,6,88,282,18,185,79,2,
MISSOURI,Belton,26058,87,0,20,12,55,488,23,415,50,0,
MISSOURI,Berkeley,7970,202,8,9,20,165,516,78,254,184,2,
MISSOURI,Bernie,1827,1,0,0,0,1,10,0,9,1,0,
MISSOURI,Bethany,2928,6,0,2,0,4,15,3,11,1,0,
MISSOURI,Billings,1207,0,0,0,0,0,6,0,5,1,0,
MISSOURI,Blue Springs,61096,144,3,30,13,98,1496,105,1198,193,1,
MISSOURI,Bolivar,11523,20,0,11,1,8,118,13,97,8,0,
MISSOURI,Bonne Terre,6413,15,0,5,0,10,50,5,35,10,0,
MISSOURI,Boonville,7848,22,0,2,0,20,149,22,116,11,0,
MISSOURI,Bourbon,1518,1,0,1,0,0,12,1,11,0,0,
MISSOURI,Bowling Green,4460,2,0,0,0,2,30,5,23,2,0,
MISSOURI,Branson,12982,62,0,11,6,45,781,28,709,44,1,
MISSOURI,Branson West,501,3,0,2,0,1,73,0,72,1,0,
MISSOURI,Brentwood,8021,12,0,0,4,8,312,16,279,17,0,
MISSOURI,Bridgeton,11206,73,1,2,5,65,645,24,527,94,1,
MISSOURI,Brookfield,4063,5,0,2,0,3,27,4,21,2,0,
MISSOURI,Buckner,2855,10,0,2,0,8,34,3,20,11,0,
MISSOURI,Butler,4268,58,0,3,0,55,122,19,95,8,3,
MISSOURI,Byrnes Mill,3188,16,0,1,0,15,13,4,7,2,0,
MISSOURI,Cabool,2052,5,0,1,0,4,0,0,0,0,0,
MISSOURI,Camdenton,4088,9,0,4,0,5,110,12,96,2,0,
MISSOURI,Cameron,6827,28,0,10,1,17,107,17,86,4,0,
MISSOURI,Campbell,1501,1,0,1,0,0,11,3,5,3,1,
MISSOURI,Canton,2724,0,0,0,0,0,12,4,8,0,0,
MISSOURI,Cape Girardeau,40753,254,3,21,13,217,1001,121,787,93,6,
MISSOURI,Carl Junction,8446,23,0,6,0,17,54,6,41,7,0,
MISSOURI,Carrollton,3471,8,0,4,0,4,24,1,18,5,1,
MISSOURI,Carterville,1852,4,0,0,0,4,28,7,18,3,0,
MISSOURI,Carthage,15549,27,0,4,0,23,200,24,160,16,1,
MISSOURI,Caruthersville,5129,63,1,0,9,53,188,39,138,11,3,
MISSOURI,Center,539,0,0,0,0,0,0,0,0,0,0,
MISSOURI,Centralia,4785,2,0,0,0,2,50,3,42,5,0,
MISSOURI,Charleston,4447,36,1,1,0,34,69,8,48,13,0,
MISSOURI,Chesterfield,48907,47,1,5,5,36,629,53,533,43,0,
MISSOURI,Chillicothe,9215,32,0,7,1,24,69,13,43,13,1,
MISSOURI,Claycomo,1357,6,0,2,1,3,53,2,26,25,2,
MISSOURI,Clayton,17501,18,0,2,4,12,139,18,95,26,0,
MISSOURI,Clinton,9486,70,0,7,1,62,197,26,157,14,0,
MISSOURI,Cole Camp,1189,0,0,0,0,0,2,0,2,0,0,
MISSOURI,Columbia,130354,453,13,50,52,338,3021,434,2093,494,30,
MISSOURI,Concordia,2336,0,0,0,0,0,8,2,6,0,0,
MISSOURI,Corder,425,0,0,0,0,0,0,0,0,0,0,
MISSOURI,Cottleville,6164,1,0,0,0,1,3,1,2,0,0,
MISSOURI,Country Club Hills,987,16,0,1,1,14,29,5,13,11,0,
MISSOURI,Crestwood,12103,12,0,1,1,10,180,11,156,13,0,
MISSOURI,Creve Coeur,18340,30,0,3,4,23,315,21,252,42,0,
MISSOURI,Crocker,912,2,0,0,0,2,0,0,0,0,0,
MISSOURI,Desloge,4883,6,0,2,0,4,155,6,142,7,1,
MISSOURI,De Soto,6509,35,0,3,4,28,221,11,194,16,1,
MISSOURI,Des Peres,9070,6,0,0,1,5,385,8,369,8,0,
MISSOURI,Dexter,7856,23,0,3,0,20,221,11,208,2,0,
MISSOURI,Doniphan,1808,4,0,1,0,3,47,10,36,1,1,
MISSOURI,East Lynne,290,0,0,0,0,0,0,0,0,0,0,
MISSOURI,East Prairie,2848,5,0,0,0,5,20,0,15,5,0,
MISSOURI,Edmundson,837,4,0,0,1,3,105,1,44,60,0,
MISSOURI,Eldon,4663,14,0,0,0,14,19,3,13,3,1,
MISSOURI,El Dorado Springs,3626,13,0,3,1,9,51,8,36,7,1,
MISSOURI,Ellisville,9742,14,0,0,1,13,71,7,59,5,0,
MISSOURI,Emma,203,0,0,0,0,0,0,0,0,0,0,
MISSOURI,Eureka,13566,18,0,1,2,15,117,7,106,4,2,
MISSOURI,Excelsior Springs,10621,35,0,8,3,24,254,20,189,45,0,
MISSOURI,Farmington,18574,60,0,11,1,48,511,21,464,26,2,
MISSOURI,Ferguson,17835,127,6,5,22,94,624,99,364,161,2,
MISSOURI,Festus,13693,25,0,3,0,22,141,9,115,17,0,
MISSOURI,Florissant,50695,173,2,29,24,118,929,75,548,306,4,
MISSOURI,Foristell,639,0,0,0,0,0,26,0,23,3,0,
MISSOURI,Forsyth,2799,7,0,0,0,7,40,0,37,3,0,
MISSOURI,Fredericktown,4547,9,0,2,1,6,118,12,98,8,0,
MISSOURI,Frontenac,4068,2,0,0,0,2,79,10,60,9,0,
MISSOURI,Fulton,12431,26,0,2,2,22,135,15,106,14,3,
MISSOURI,Galena,483,1,0,0,0,1,6,2,4,0,0,
MISSOURI,Garden City,1562,1,0,0,0,1,7,2,4,1,0,
MISSOURI,Gladstone,27404,103,0,19,11,73,465,44,316,105,0,
MISSOURI,Glendale,6011,1,0,1,0,0,22,0,19,3,0,
MISSOURI,Goodman,1311,0,0,0,0,0,0,0,0,0,0,
MISSOURI,Grain Valley,16930,30,0,10,1,19,208,19,129,60,1,
MISSOURI,Grandview,25200,170,2,28,21,119,953,158,553,242,1,
MISSOURI,Greenwood,6156,5,0,3,0,2,24,4,20,0,0,
MISSOURI,Hannibal,16762,60,0,5,1,54,403,28,354,21,4,
MISSOURI,Hardin,556,0,0,0,0,0,1,0,1,0,0,
MISSOURI,Harrisonville,9762,54,1,13,1,39,172,12,149,11,1,
MISSOURI,Hawk Point,752,0,0,0,0,0,0,0,0,0,0,
MISSOURI,Hazelwood,24678,121,3,14,17,87,622,64,389,169,7,
MISSOURI,Herculaneum,5436,11,0,0,0,11,67,2,50,15,0,
MISSOURI,Hermann,2187,5,0,0,0,5,14,2,11,1,0,
MISSOURI,Hillsboro,3506,7,0,1,0,6,39,4,32,3,0,
MISSOURI,Hillsdale,1171,7,0,0,0,7,19,3,8,8,0,
MISSOURI,Holden,2294,5,0,0,0,5,17,8,9,0,4,
MISSOURI,Hollister,4693,11,0,1,0,10,56,2,50,4,0,
MISSOURI,Holts Summit,5493,6,0,2,0,4,1,1,0,0,0,
MISSOURI,Houston,2221,13,0,5,0,8,102,8,91,3,0,
MISSOURI,Iberia,728,0,0,0,0,0,0,0,0,0,0,
MISSOURI,Independence,120271,687,11,108,91,477,4238,490,2768,980,18,
MISSOURI,Indian Point,598,1,0,0,0,1,5,1,4,0,0,
MISSOURI,Ironton,1441,0,0,0,0,0,8,1,5,2,0,
MISSOURI,Jackson,15842,13,0,5,2,6,164,19,128,17,1,
MISSOURI,Jefferson City,42561,142,0,40,13,89,868,60,761,47,9,
MISSOURI,Jonesburg,788,9,0,0,0,9,1,1,0,0,0,
MISSOURI,Joplin,53533,300,0,48,28,224,2206,223,1766,217,27,
MISSOURI,Kansas City,511535,7914,141,382,1299,6092,23920,2508,12555,8857,89,
MISSOURI,Kearney,11267,24,0,8,0,16,69,4,57,8,0,
MISSOURI,Kennett,9996,57,1,11,11,34,398,61,320,17,10,
MISSOURI,Kimberling City,2410,1,0,0,0,1,2,1,1,0,0,
MISSOURI,Kimmswick,135,0,0,0,0,0,2,1,1,0,0,
MISSOURI,Kirksville,17472,73,1,10,3,59,338,45,274,19,5,
MISSOURI,Kirkwood,29082,62,0,6,4,52,406,24,348,34,3,
MISSOURI,Knob Noster,2928,0,0,0,0,0,4,1,2,1,0,
MISSOURI,Ladue,8847,4,0,0,0,4,75,10,53,12,0,
MISSOURI,Lake Lotawana,2586,0,0,0,0,0,23,1,12,10,0,
MISSOURI,Lake Ozark,2241,4,0,0,0,4,10,0,10,0,0,
MISSOURI,Lakeshire,1501,2,0,0,0,2,8,1,6,1,0,
MISSOURI,Lake St. Louis,19334,11,0,1,1,9,117,8,103,6,0,
MISSOURI,Lake Tapawingo,771,0,0,0,0,0,4,0,1,3,0,
MISSOURI,Lake Winnebago,1809,0,0,0,0,0,4,2,2,0,0,
MISSOURI,Lamar,4314,4,0,1,0,3,156,39,110,7,0,
MISSOURI,La Plata,1236,1,0,0,0,1,2,1,1,0,0,
MISSOURI,Laurie,1085,2,0,1,0,1,13,0,13,0,0,
MISSOURI,Lawson,2521,2,0,0,0,2,12,2,9,1,0,
MISSOURI,Lebanon,15567,65,0,16,4,45,320,17,271,32,2,
MISSOURI,Lee's Summit,105053,157,1,31,10,115,2410,135,1966,309,3,
MISSOURI,Lexington,4561,10,0,3,1,6,51,5,40,6,0,
MISSOURI,Liberal,639,3,0,0,0,3,5,0,5,0,0,
MISSOURI,Liberty,30986,63,0,12,4,47,487,24,409,54,3,
MISSOURI,Lincoln,1220,2,0,0,0,2,16,3,9,4,0,
MISSOURI,Linn,1438,2,0,1,0,1,5,0,4,1,0,
MISSOURI,Lone Jack,1821,3,0,0,0,3,17,2,15,0,0,
MISSOURI,Louisiana,3262,5,0,1,0,4,29,5,22,2,0,
MISSOURI,Macon,5509,13,0,3,0,10,85,32,49,4,0,
MISSOURI,Malden,3468,20,0,1,2,17,59,10,48,1,1,
MISSOURI,Manchester,17912,8,1,3,1,3,233,4,223,6,0,
MISSOURI,Mansfield,1315,3,0,0,1,2,9,0,8,1,0,
MISSOURI,Maplewood,7971,52,0,4,4,44,542,36,467,39,0,
MISSOURI,Marble Hill,1373,2,0,0,0,2,14,5,9,0,0,
MISSOURI,Marceline,2105,2,0,0,0,2,15,4,11,0,0,
MISSOURI,Marionville,2095,1,0,0,0,1,15,2,10,3,0,
MISSOURI,Marshall,13591,19,0,6,2,11,138,14,114,10,1,
MISSOURI,Marshfield,7967,11,0,4,0,7,199,21,164,14,0,
MISSOURI,Maryland Heights,27351,46,1,11,4,30,364,33,249,82,0,
MISSOURI,Maryville,10208,18,1,4,0,13,177,21,139,17,2,
MISSOURI,Matthews,498,4,0,0,0,4,28,2,25,1,0,
MISSOURI,Milan,1740,2,0,1,0,1,11,1,9,1,1,
MISSOURI,Moberly,13206,42,0,6,1,35,135,28,98,9,2,
MISSOURI,Moline Acres,2077,24,2,1,0,21,52,11,28,13,0,
MISSOURI,Monett,10133,13,0,2,0,11,142,26,106,10,1,
MISSOURI,Moscow Mills,4236,7,0,2,0,5,16,3,12,1,0,
MISSOURI,Mound City,1017,1,0,0,1,0,21,1,18,2,1,
MISSOURI,Mountain Grove,4759,13,0,5,0,8,73,11,52,10,0,
MISSOURI,Mount Vernon,4592,1,0,0,0,1,83,7,68,8,0,
MISSOURI,Napoleon,208,0,0,0,0,0,0,0,0,0,0,
MISSOURI,Neosho,13581,37,0,10,0,27,291,26,239,26,3,
MISSOURI,Nevada,8277,45,0,10,4,31,395,41,312,42,3,
MISSOURI,New Madrid,2576,12,0,0,2,10,45,3,39,3,1,
MISSOURI,Nixa,26094,12,0,5,0,7,158,3,150,5,0,
MISSOURI,Noel,2195,4,1,0,0,3,18,4,8,6,0,
MISSOURI,Normandy,8593,67,2,3,4,58,223,25,135,63,4,
MISSOURI,North Kansas City,5920,42,0,3,7,32,445,10,320,115,5,
MISSOURI,Oak Grove,9157,6,0,2,1,3,124,2,105,17,0,
MISSOURI,Oakview Village,361,0,0,0,0,0,0,0,0,0,0,
MISSOURI,Odessa,5648,3,0,1,1,1,15,2,11,2,0,
MISSOURI,O'Fallon,94911,56,0,17,1,38,455,29,392,34,5,
MISSOURI,Olivette,8961,4,0,0,0,4,79,5,60,14,0,
MISSOURI,Oregon,837,0,0,0,0,0,0,0,0,0,0,
MISSOURI,Oronogo,3014,0,0,0,0,0,6,1,5,0,0,
MISSOURI,Osage Beach,4911,13,1,3,0,9,128,4,117,7,0,
MISSOURI,Overland,15358,81,3,1,12,65,335,20,239,76,1,
MISSOURI,Owensville,2792,8,0,0,0,8,22,0,22,0,0,
MISSOURI,Ozark,23432,19,0,9,0,10,160,9,136,15,0,
MISSOURI,Pacific,7647,14,1,1,0,12,86,10,67,9,1,
MISSOURI,Pagedale,2491,45,3,2,7,33,90,14,54,22,3,
MISSOURI,Palmyra,3594,0,0,0,0,0,41,9,29,3,1,
MISSOURI,Park Hills,8812,13,0,5,0,8,182,8,154,20,0,
MISSOURI,Parkville,9377,11,0,2,1,8,69,17,41,11,1,
MISSOURI,Peculiar,6253,9,0,4,0,5,61,3,52,6,0,
MISSOURI,Perry,689,0,0,0,0,0,4,0,4,0,0,
MISSOURI,Perryville,8489,25,0,4,0,21,76,6,61,9,0,
MISSOURI,Pevely,6069,14,0,1,3,10,67,8,53,6,0,
MISSOURI,Piedmont,1852,16,0,4,0,12,23,5,18,0,0,
MISSOURI,Pineville,837,3,0,2,0,1,36,4,27,5,0,
MISSOURI,Platte City,4846,7,0,1,2,4,50,4,42,4,0,
MISSOURI,Platte Woods,393,0,0,0,0,0,0,0,0,0,0,
MISSOURI,Pleasant Hill,8641,9,0,3,0,6,62,9,50,3,0,
MISSOURI,Pleasant Valley,2718,2,0,2,0,0,26,2,14,10,0,
MISSOURI,Poplar Bluff,16108,6,2,2,0,2,34,5,24,5,0,
MISSOURI,Portageville,2713,8,0,0,0,8,24,5,18,1,1,
MISSOURI,Potosi,2539,10,0,2,0,8,139,12,120,7,1,
MISSOURI,Prairie Home,263,0,0,0,0,0,0,0,0,0,0,
MISSOURI,Raymore,26124,39,0,9,1,29,290,18,247,25,1,
MISSOURI,Raytown,28817,249,3,20,45,181,1077,159,612,306,6,
MISSOURI,Reeds Spring,1278,0,0,0,0,0,0,0,0,0,0,
MISSOURI,Republic,20578,26,0,3,0,23,218,20,182,16,1,
MISSOURI,Richland,1737,7,0,2,0,5,29,8,15,6,0,
MISSOURI,Richmond,5942,19,0,4,0,15,105,16,85,4,0,
MISSOURI,Richmond Heights,8987,36,0,1,9,26,663,17,590,56,0,
MISSOURI,Riverside,4563,28,0,4,1,23,215,7,186,22,0,
MISSOURI,Riverview,2306,43,5,2,5,31,65,7,29,29,0,
MISSOURI,Rock Hill,4618,19,0,0,0,19,38,1,32,5,0,
MISSOURI,Rogersville,5559,4,0,2,0,2,51,17,32,2,1,
MISSOURI,Rolla,20591,77,0,13,4,60,523,69,415,39,4,
MISSOURI,Salem,4736,9,0,4,0,5,80,8,69,3,0,
MISSOURI,Savannah,5078,6,0,1,0,5,24,5,18,1,0,
MISSOURI,Scott City,4350,13,1,1,0,11,35,2,29,4,1,
MISSOURI,Sedalia,22201,121,2,19,3,97,585,92,441,52,0,
MISSOURI,Seligman,906,1,0,1,0,0,10,1,8,1,0,
MISSOURI,Seneca,2312,12,0,11,0,1,29,4,22,3,0,
MISSOURI,Seymour,1930,1,0,0,0,1,18,2,15,1,0,
MISSOURI,Shelbina,1554,6,0,3,0,3,17,1,15,1,1,
MISSOURI,Shrewsbury,6192,11,0,2,0,9,628,2,602,24,1,
MISSOURI,Sikeston,16026,165,0,8,3,154,581,57,487,37,13,
MISSOURI,Smithville,10888,20,0,6,1,13,77,6,61,10,0,
MISSOURI,Sparta,1970,2,0,0,0,2,11,2,9,0,0,
MISSOURI,Springfield,170527,2009,10,178,211,1610,7136,1239,5118,779,29,
MISSOURI,St. Ann,12547,51,1,7,6,37,152,18,100,34,2,
MISSOURI,St. Charles,72143,97,3,13,13,68,640,39,507,94,2,
MISSOURI,St. Clair,4689,17,0,2,0,15,122,11,100,11,0,
MISSOURI,Steele,1681,8,0,1,3,4,51,8,40,3,0,
MISSOURI,Steelville,1435,2,0,0,0,2,28,2,23,3,2,
MISSOURI,Ste. Genevieve,5051,6,0,0,1,5,23,3,16,4,1,
MISSOURI,St. James,3898,13,0,4,1,8,77,8,63,6,0,
MISSOURI,St. John,6405,39,0,1,5,33,125,18,78,29,0,
MISSOURI,St. Joseph,70139,511,3,125,38,345,2701,376,1946,379,12,
MISSOURI,St. Louis,277294,3791,150,161,692,2788,15825,2273,9462,4090,93,
MISSOURI,St. Peters,59993,124,1,16,8,99,635,37,541,57,1,
MISSOURI,Strafford,2751,7,0,2,0,5,60,3,48,9,0,
MISSOURI,Sugar Creek,3171,13,0,3,5,5,113,6,83,24,0,
MISSOURI,Sullivan,6800,40,2,6,1,31,347,18,310,19,4,
MISSOURI,Sunrise Beach,530,0,0,0,0,0,10,0,9,1,0,
MISSOURI,Sunset Hills,8995,7,0,0,2,5,110,3,95,12,1,
MISSOURI,Sweet Springs,1307,5,0,1,0,4,8,1,6,1,0,
MISSOURI,Thayer,1906,2,0,1,0,1,18,1,15,2,0,
MISSOURI,Town and Country,11523,3,0,0,1,2,143,7,129,7,0,
MISSOURI,Trenton,5635,16,0,3,1,12,33,6,24,3,0,
MISSOURI,Troy,15240,22,0,3,1,18,149,35,100,14,2,
MISSOURI,Union,13209,52,0,9,1,42,307,12,263,32,2,
MISSOURI,University City,33799,101,2,10,13,76,532,27,429,76,2,
MISSOURI,Van Buren,765,2,0,1,0,1,2,1,1,0,0,
MISSOURI,Versailles,2674,3,0,3,0,0,120,2,117,1,0,
MISSOURI,Vinita Park,8727,150,6,12,34,98,460,71,289,100,3,
MISSOURI,Walnut Grove,637,0,0,0,0,0,5,1,4,0,0,
MISSOURI,Warrensburg,19785,62,1,12,2,47,519,28,450,41,3,
MISSOURI,Warrenton,9556,3,0,0,0,3,63,3,56,4,0,
MISSOURI,Warsaw,2367,6,0,2,1,3,96,17,67,12,0,
MISSOURI,Warson Woods,1970,0,0,0,0,0,9,0,9,0,0,
MISSOURI,Washburn,414,0,0,0,0,0,0,0,0,0,0,
MISSOURI,Washington,15707,40,1,7,1,31,195,12,168,15,3,
MISSOURI,Waverly,804,0,0,0,0,0,0,0,0,0,0,
MISSOURI,Waynesville,5463,24,0,9,0,15,52,2,38,12,0,
MISSOURI,Webb City,13406,30,0,10,1,19,285,25,242,18,0,
MISSOURI,Webster Groves,23271,28,0,1,3,24,151,19,101,31,1,
MISSOURI,Wellsville,1012,0,0,0,0,0,11,0,8,3,0,
MISSOURI,Wentzville,48377,53,1,3,1,48,360,21,311,28,1,
MISSOURI,Weston,1829,0,0,0,0,0,22,3,16,3,0,
MISSOURI,West Plains,12734,46,0,11,3,32,230,23,188,19,2,
MISSOURI,Wheaton,679,0,0,0,0,0,1,1,0,0,0,
MISSOURI,Willard,6573,13,0,0,1,12,29,0,24,5,0,
MISSOURI,Willow Springs,2231,2,0,2,0,0,12,0,9,3,0,
MISSOURI,Winfield,1629,11,0,1,0,10,5,0,5,0,0,
MISSOURI,Winona,991,8,0,0,0,8,7,0,7,0,0,
MISSOURI,Woodson Terrace,3845,9,0,2,2,5,69,3,34,32,0,
MISSOURI,Wright City,5529,8,0,1,1,6,27,4,21,2,0,
MONTANA,Baker,1802,4,0,1,0,3,3,0,2,1,0,
MONTANA,Belgrade,13184,45,1,8,1,35,152,7,128,17,0,
MONTANA,Billings,122105,911,9,96,105,701,3765,445,2808,512,37,
MONTANA,Bozeman,58509,254,0,50,7,197,1027,84,886,57,13,
MONTANA,Bridger,732,0,0,0,0,0,1,0,1,0,0,
MONTANA,Chinook,1155,6,0,2,0,4,5,0,4,1,0,
MONTANA,Colstrip,2044,0,0,0,0,0,2,0,1,1,1,
MONTANA,Columbia Falls,5838,16,0,3,0,13,93,0,92,1,2,
MONTANA,Columbus,1919,5,0,0,0,5,37,1,33,3,0,
MONTANA,Conrad,2434,6,1,1,0,4,18,1,16,1,0,
MONTANA,Cut Bank,3004,31,1,4,1,25,140,4,123,13,1,
MONTANA,Deer Lodge,3032,14,0,0,0,14,23,3,18,2,0,
MONTANA,Dillon,4278,18,0,6,0,12,15,1,14,0,0,
MONTANA,East Helena,2206,3,0,0,0,3,37,4,30,3,0,
MONTANA,Ennis,1092,0,0,0,0,0,5,0,5,0,0,
MONTANA,Eureka,1585,3,0,0,0,3,6,0,3,3,0,
MONTANA,Glasgow,3175,16,0,2,1,13,35,4,29,2,0,
MONTANA,Glendive,4774,32,0,2,0,30,44,5,36,3,0,
MONTANA,Great Falls,60414,347,0,54,28,265,2070,240,1698,132,15,
MONTANA,Hamilton,5463,18,0,1,1,16,129,6,121,2,2,
MONTANA,Hardin,3677,7,0,1,0,6,24,2,20,2,0,
MONTANA,Havre,9328,54,0,13,2,39,307,24,253,30,5,
MONTANA,Helena,35238,181,1,41,10,129,910,82,779,49,3,
MONTANA,Hot Springs,636,3,0,0,0,3,4,0,4,0,0,
MONTANA,Kalispell,31754,93,0,14,2,77,707,40,626,41,4,
MONTANA,Laurel,7185,39,0,3,0,36,259,7,241,11,0,
MONTANA,Lewistown,6210,40,0,13,0,27,75,6,63,6,2,
MONTANA,Libby,3306,5,0,1,0,4,25,1,23,1,0,
MONTANA,Livingston,9057,54,0,11,0,43,120,7,110,3,2,
MONTANA,Manhattan,2115,4,0,2,0,2,17,1,15,1,0,
MONTANA,Miles City,8464,26,0,5,0,21,63,6,53,4,0,
MONTANA,Missoula,78911,471,2,84,36,349,2864,255,2453,156,21,
MONTANA,Plains,1261,0,0,0,0,0,5,0,5,0,0,
MONTANA,Polson,5770,57,1,2,1,53,180,12,148,20,3,
MONTANA,Red Lodge,2736,5,0,1,0,4,11,1,7,3,0,
MONTANA,Ronan City,2243,12,0,2,0,10,61,5,48,8,0,
MONTANA,Sidney,6031,28,0,6,1,21,42,9,29,4,1,
MONTANA,Stevensville,2278,1,0,0,0,1,17,0,17,0,0,
MONTANA,St. Ignatius,836,4,0,3,0,1,78,3,60,15,0,
MONTANA,Thompson Falls,1519,5,0,1,0,4,8,0,7,1,0,
MONTANA,Troy,935,6,0,0,0,6,16,1,15,0,1,
MONTANA,West Yellowstone,1206,1,0,0,0,1,8,4,4,0,0,
MONTANA,Whitefish,9648,12,0,0,0,12,105,2,96,7,0,
MONTANA,Wolf Point,2479,12,0,0,0,12,12,2,8,2,0,
NEBRASKA,Alliance,8024,19,0,2,0,17,71,16,51,4,0,
NEBRASKA,Aurora,4717,3,0,1,0,2,17,4,12,1,0,
NEBRASKA,Beatrice,12272,10,1,3,0,6,101,16,75,10,2,
NEBRASKA,Bellevue,63510,63,0,46,7,10,719,62,578,79,5,
NEBRASKA,Blair,8018,10,0,2,0,8,58,8,43,7,1,
NEBRASKA,Boys Town,696,4,0,2,0,2,7,0,7,0,0,
NEBRASKA,Broken Bow,3552,3,0,1,0,2,5,1,4,0,0,
NEBRASKA,Chadron,5134,11,0,2,0,9,98,1,89,8,0,
NEBRASKA,Columbus,24595,21,0,11,1,9,228,23,189,16,1,
NEBRASKA,Cozad,3917,4,0,1,0,3,12,1,10,1,0,
NEBRASKA,Crete,7463,15,0,8,0,7,189,7,171,11,0,
NEBRASKA,Falls City,4016,5,0,3,0,2,30,1,22,7,0,
NEBRASKA,Fremont,27767,50,0,20,3,27,525,104,388,33,3,
NEBRASKA,Gordon,1427,2,0,0,0,2,22,1,16,5,0,
NEBRASKA,Gothenburg,3414,0,0,0,0,0,9,3,6,0,0,
NEBRASKA,Grand Island,52488,193,0,38,17,138,924,127,745,52,6,
NEBRASKA,Hastings,24815,79,0,28,1,50,498,34,424,40,1,
NEBRASKA,Kearney,34525,104,1,34,6,63,561,58,466,37,4,
NEBRASKA,Laurel,940,0,0,0,0,0,0,0,0,0,0,
NEBRASKA,La Vista,16205,8,0,5,0,3,192,37,126,29,1,
NEBRASKA,Lexington,10867,14,0,2,1,11,147,8,137,2,0,
NEBRASKA,Lincoln,295808,1029,8,188,120,713,7235,776,5513,946,70,
NEBRASKA,McCook,7200,3,0,1,0,2,75,11,63,1,1,
NEBRASKA,Milford,2231,4,0,3,0,1,6,0,5,1,1,
NEBRASKA,Minden,3140,2,0,1,0,1,16,3,12,1,0,
NEBRASKA,Nebraska City,7483,9,0,5,0,4,75,6,66,3,1,
NEBRASKA,Norfolk,26234,53,0,15,3,35,300,18,262,20,2,
NEBRASKA,North Platte,22268,33,0,11,0,22,575,33,514,28,4,
NEBRASKA,Ogallala,4618,8,1,1,1,5,79,11,65,3,0,
NEBRASKA,Omaha,480235,1772,19,222,225,1306,15184,1133,10874,3177,88,
NEBRASKA,O'Neill,3576,4,0,2,0,2,5,0,3,2,1,
NEBRASKA,Papillion,23597,8,0,6,1,1,237,10,211,16,1,
NEBRASKA,Pierce,1812,0,0,0,0,0,5,2,3,0,0,
NEBRASKA,Plattsmouth,6879,1,0,0,0,1,52,4,44,4,0,
NEBRASKA,Ralston,6374,7,0,5,1,1,77,13,43,21,0,
NEBRASKA,Schuyler,6529,8,1,3,1,3,22,1,21,0,0,
NEBRASKA,Scottsbluff,15306,90,0,12,1,77,426,36,372,18,8,
NEBRASKA,Seward,7664,6,0,3,0,3,50,2,42,6,0,
NEBRASKA,Sidney,6448,8,0,0,0,8,96,5,83,8,4,
NEBRASKA,South Sioux City,13801,25,1,4,3,17,366,14,309,43,1,
NEBRASKA,St. Paul,2430,2,0,0,0,2,10,0,9,1,0,
NEBRASKA,Valentine,2632,6,0,3,0,3,23,1,19,3,0,
NEBRASKA,Valley,3301,0,0,0,0,0,9,0,9,0,0,
NEBRASKA,Wahoo,5040,5,0,2,0,3,27,3,23,1,0,
NEBRASKA,Waterloo,903,3,0,0,0,3,2,0,2,0,0,
NEBRASKA,Wayne,6232,8,0,4,1,3,34,3,29,2,1,
NEBRASKA,York,8220,16,0,9,0,7,135,8,120,7,2,
NEVADA,Boulder City,14800,27,0,7,4,16,106,17,78,11,1,
NEVADA,Elko,20861,83,2,19,4,58,300,57,201,42,4,
NEVADA,Fallon,9661,20,0,0,1,19,111,5,99,7,0,
NEVADA,Henderson,343619,936,8,107,180,641,5893,778,3870,1245,33,
NEVADA,Las Vegas Metropolitan Police Department,1716565,7378,106,886,1113,5273,45021,7922,26856,10243,196,
NEVADA,Mesquite,23559,29,0,9,3,17,237,51,160,26,2,
NEVADA,North Las Vegas,293100,1140,35,97,329,679,5749,959,2737,2053,37,
NEVADA,Reno,278313,1474,23,192,263,996,6805,869,4967,969,13,
NEVADA,Sparks,110807,437,5,93,62,277,2863,334,2177,352,10,
NEVADA,West Wendover,4494,38,0,4,4,30,69,11,46,12,0,
NEVADA,Winnemucca,8216,57,2,15,2,38,109,29,72,8,1,
NEW HAMPSHIRE,Alexandria,1768,1,0,0,0,1,4,0,4,0,0,
NEW HAMPSHIRE,Allenstown,4769,8,0,6,0,2,24,1,22,1,1,
NEW HAMPSHIRE,Alstead,1927,1,0,1,0,0,0,0,0,0,0,
NEW HAMPSHIRE,Alton,6087,6,0,2,0,4,34,2,32,0,0,
NEW HAMPSHIRE,Amherst,11922,1,0,0,0,1,111,2,109,0,0,
NEW HAMPSHIRE,Andover,2439,5,0,4,0,1,13,0,9,4,0,
NEW HAMPSHIRE,Antrim,2712,3,0,3,0,0,23,1,21,1,0,
NEW HAMPSHIRE,Ashland,1971,1,0,1,0,0,44,2,38,4,0,
NEW HAMPSHIRE,Atkinson,7434,1,0,1,0,0,7,1,4,2,0,
NEW HAMPSHIRE,Auburn,6239,1,0,0,0,1,16,3,12,1,0,
NEW HAMPSHIRE,Barnstead,5053,1,0,0,0,1,30,4,23,3,0,
NEW HAMPSHIRE,Barrington,9625,2,0,1,0,1,29,3,19,7,1,
NEW HAMPSHIRE,Bartlett,3372,3,0,1,0,2,27,5,20,2,1,
NEW HAMPSHIRE,Bath,1117,0,0,0,0,0,3,0,2,1,0,
NEW HAMPSHIRE,Bedford,23893,2,0,0,0,2,206,1,196,9,0,
NEW HAMPSHIRE,Belmont,7458,5,0,2,0,3,58,5,47,6,0,
NEW HAMPSHIRE,Bennington,1507,2,0,1,0,1,8,1,7,0,0,
NEW HAMPSHIRE,Berlin,9477,12,0,2,0,10,166,6,155,5,1,
NEW HAMPSHIRE,Bethlehem,2558,0,0,0,0,0,13,0,11,2,0,
NEW HAMPSHIRE,Bow,8437,3,0,0,0,3,33,2,29,2,0,
NEW HAMPSHIRE,Bradford,1736,0,0,0,0,0,2,0,2,0,1,
NEW HAMPSHIRE,Brentwood,4742,2,0,0,0,2,15,0,15,0,0,
NEW HAMPSHIRE,Bridgewater,1191,1,0,0,1,0,5,1,3,1,0,
NEW HAMPSHIRE,Bristol,3290,4,0,2,0,2,71,4,58,9,0,
NEW HAMPSHIRE,Brookline,5816,2,0,1,0,1,19,2,16,1,1,
NEW HAMPSHIRE,Campton,3451,5,0,3,0,2,27,2,20,5,0,
NEW HAMPSHIRE,Canaan,3809,1,0,1,0,0,11,1,10,0,0,
NEW HAMPSHIRE,Candia,4228,0,0,0,0,0,14,0,12,2,0,
NEW HAMPSHIRE,Canterbury,2481,1,0,1,0,0,26,4,21,1,0,
NEW HAMPSHIRE,Carroll,836,0,0,0,0,0,6,0,6,0,0,
NEW HAMPSHIRE,Center Harbor,1047,2,0,0,0,2,3,2,1,0,0,
NEW HAMPSHIRE,Charlestown,4985,2,0,0,0,2,20,1,14,5,0,
NEW HAMPSHIRE,Chester,5327,1,0,0,0,1,11,2,8,1,0,
NEW HAMPSHIRE,Chesterfield,3683,4,0,3,0,1,14,2,11,1,0,
NEW HAMPSHIRE,Chichester,2807,6,0,0,0,6,30,0,25,5,0,
NEW HAMPSHIRE,Claremont,13165,25,0,4,5,16,246,20,209,17,6,
NEW HAMPSHIRE,Colebrook,2112,2,0,2,0,0,8,1,6,1,0,
NEW HAMPSHIRE,Concord,44827,81,3,18,16,44,551,22,477,52,7,
NEW HAMPSHIRE,Conway,10441,21,1,8,0,12,224,9,206,9,1,
NEW HAMPSHIRE,Cornish,1658,0,0,0,0,0,3,1,2,0,0,
NEW HAMPSHIRE,Danbury,1310,0,0,0,0,0,11,5,6,0,0,
NEW HAMPSHIRE,Danville,4631,3,0,1,0,2,1,0,1,0,0,
NEW HAMPSHIRE,Deerfield,4992,1,0,0,0,1,8,0,7,1,0,
NEW HAMPSHIRE,Deering,1931,1,0,1,0,0,4,1,3,0,0,
NEW HAMPSHIRE,Derry,34207,37,0,22,2,13,246,16,210,20,3,
NEW HAMPSHIRE,Dover,33696,16,0,10,0,6,265,20,238,7,0,
NEW HAMPSHIRE,Dublin,1596,0,0,0,0,0,4,1,3,0,0,
NEW HAMPSHIRE,Dunbarton,3159,1,0,0,0,1,8,1,7,0,0,
NEW HAMPSHIRE,Durham,14718,6,1,5,0,0,33,0,31,2,1,
NEW HAMPSHIRE,East Kingston,2436,0,0,0,0,0,6,0,6,0,0,
NEW HAMPSHIRE,Enfield,4495,5,0,2,0,3,13,3,10,0,0,
NEW HAMPSHIRE,Epping,7692,8,0,3,0,5,144,6,133,5,0,
NEW HAMPSHIRE,Epsom,5019,2,0,1,0,1,20,2,17,1,0,
NEW HAMPSHIRE,Exeter,16203,6,0,5,0,1,88,4,75,9,0,
NEW HAMPSHIRE,Farmington,6880,13,0,6,0,7,48,3,40,5,2,
NEW HAMPSHIRE,Fitzwilliam,2482,2,0,1,0,1,8,5,2,1,0,
NEW HAMPSHIRE,Francestown,1653,1,0,1,0,0,0,0,0,0,0,
NEW HAMPSHIRE,Franconia,1147,0,0,0,0,0,5,2,3,0,0,
NEW HAMPSHIRE,Franklin,8805,8,0,0,1,7,111,5,101,5,0,
NEW HAMPSHIRE,Fremont,4883,2,0,0,0,2,19,3,15,1,0,
NEW HAMPSHIRE,Gilford,7926,1,0,0,0,1,92,4,84,4,0,
NEW HAMPSHIRE,Gilmanton,4110,1,0,1,0,0,19,4,15,0,0,
NEW HAMPSHIRE,Goffstown,18517,7,0,3,1,3,85,1,77,7,2,
NEW HAMPSHIRE,Gorham,2676,2,0,0,0,2,46,2,42,2,0,
NEW HAMPSHIRE,Goshen,816,0,0,0,0,0,0,0,0,0,0,
NEW HAMPSHIRE,Grafton,1425,0,0,0,0,0,2,0,2,0,0,
NEW HAMPSHIRE,Grantham,3502,0,0,0,0,0,4,1,3,0,0,
NEW HAMPSHIRE,Greenfield,1698,0,0,0,0,0,6,0,6,0,0,
NEW HAMPSHIRE,Greenland,4118,1,0,1,0,0,67,0,65,2,0,
NEW HAMPSHIRE,Greenville,2006,1,0,0,0,1,4,1,3,0,0,
NEW HAMPSHIRE,Groton,585,0,0,0,0,0,1,0,0,1,0,
NEW HAMPSHIRE,Hampstead,9164,5,0,2,0,3,33,1,29,3,0,
NEW HAMPSHIRE,Hampton,16477,17,0,8,1,8,122,8,100,14,0,
NEW HAMPSHIRE,Hampton Falls,2395,1,0,0,0,1,13,2,11,0,0,
NEW HAMPSHIRE,Hancock,1757,0,0,0,0,0,5,0,5,0,0,
NEW HAMPSHIRE,Hanover,12421,0,0,0,0,0,56,2,52,2,1,
NEW HAMPSHIRE,Harrisville,1008,0,0,0,0,0,1,0,0,1,0,
NEW HAMPSHIRE,Haverhill,4605,4,0,2,1,1,57,3,47,7,0,
NEW HAMPSHIRE,Hebron,665,0,0,0,0,0,4,0,4,0,0,
NEW HAMPSHIRE,Henniker,6244,9,0,1,1,7,24,1,22,1,0,
NEW HAMPSHIRE,Hillsborough,5998,9,1,3,1,4,42,5,36,1,0,
NEW HAMPSHIRE,Hinsdale,4025,23,0,2,0,21,110,8,101,1,2,
NEW HAMPSHIRE,Holderness,2036,2,0,1,0,1,19,1,18,0,0,
NEW HAMPSHIRE,Hollis,8846,1,0,0,0,1,29,2,23,4,0,
NEW HAMPSHIRE,Hooksett,15454,11,0,4,1,6,88,3,82,3,0,
NEW HAMPSHIRE,Hopkinton,6143,0,0,0,0,0,14,0,14,0,0,
NEW HAMPSHIRE,Hudson,25672,19,0,3,5,11,304,25,264,15,3,
NEW HAMPSHIRE,Jackson,1083,0,0,0,0,0,5,0,5,0,0,
NEW HAMPSHIRE,Jaffrey,5562,13,0,6,1,6,55,12,41,2,1,
NEW HAMPSHIRE,Keene,22874,41,0,19,6,16,497,20,456,21,4,
NEW HAMPSHIRE,Kensington,2092,0,0,0,0,0,5,0,3,2,0,
NEW HAMPSHIRE,Kingston,6328,1,0,0,0,1,14,3,10,1,0,
NEW HAMPSHIRE,Laconia,17217,25,1,11,8,5,436,12,399,25,1,
NEW HAMPSHIRE,Lancaster,3243,1,0,1,0,0,22,1,18,3,0,
NEW HAMPSHIRE,Lebanon,15709,15,0,6,4,5,252,10,217,25,2,
NEW HAMPSHIRE,Lee,4618,0,0,0,0,0,30,3,27,0,0,
NEW HAMPSHIRE,Lincoln,1649,0,0,0,0,0,19,1,17,1,0,
NEW HAMPSHIRE,Lisbon,1643,0,0,0,0,0,4,0,4,0,0,
NEW HAMPSHIRE,Litchfield,8514,1,0,1,0,0,13,1,10,2,0,
NEW HAMPSHIRE,Littleton,6047,6,0,4,1,1,81,2,77,2,1,
NEW HAMPSHIRE,Londonderry,26974,11,0,5,2,4,120,8,100,12,2,
NEW HAMPSHIRE,Loudon,5769,0,0,0,0,0,23,2,19,2,0,
NEW HAMPSHIRE,Lyme,1738,0,0,0,0,0,2,0,0,2,0,
NEW HAMPSHIRE,Lyndeborough,1704,0,0,0,0,0,10,0,10,0,0,
NEW HAMPSHIRE,Madbury,1961,0,0,0,0,0,2,0,2,0,0,
NEW HAMPSHIRE,Madison,2759,1,0,0,0,1,9,1,7,1,0,
NEW HAMPSHIRE,Manchester,115464,388,2,60,67,259,1903,107,1622,174,12,
NEW HAMPSHIRE,Marlborough,2194,2,0,1,0,1,7,1,4,2,0,
NEW HAMPSHIRE,Mason,1460,0,0,0,0,0,6,0,6,0,0,
NEW HAMPSHIRE,Meredith,6810,7,0,1,2,4,35,3,32,0,2,
NEW HAMPSHIRE,Merrimack,29650,0,0,0,0,0,102,4,93,5,1,
NEW HAMPSHIRE,Middleton,1858,0,0,0,0,0,3,0,3,0,0,
NEW HAMPSHIRE,Milford,16517,6,0,3,0,3,74,1,66,7,0,
NEW HAMPSHIRE,Milton,4591,4,0,2,0,2,33,0,24,9,0,
NEW HAMPSHIRE,Mont Vernon,2701,0,0,0,0,0,6,1,5,0,0,
NEW HAMPSHIRE,Moultonborough,5314,4,0,0,0,4,24,6,14,4,0,
NEW HAMPSHIRE,Nashua,90938,146,0,49,13,84,1147,30,1038,79,6,
NEW HAMPSHIRE,New Boston,6205,1,0,1,0,0,10,1,8,1,0,
NEW HAMPSHIRE,Newbury,2300,0,0,0,0,0,11,2,8,1,0,
NEW HAMPSHIRE,New Castle,1001,0,0,0,0,0,0,0,0,0,0,
NEW HAMPSHIRE,New Durham,2813,0,0,0,0,0,7,0,7,0,0,
NEW HAMPSHIRE,Newfields,1774,0,0,0,0,0,5,0,4,1,0,
NEW HAMPSHIRE,New Hampton,2444,1,0,0,0,1,18,2,14,2,0,
NEW HAMPSHIRE,Newington,825,1,0,0,1,0,122,1,121,0,0,
NEW HAMPSHIRE,New Ipswich,5417,3,0,2,0,1,37,1,29,7,0,
NEW HAMPSHIRE,Newmarket,9490,5,0,3,0,2,36,0,34,2,0,
NEW HAMPSHIRE,Newport,6446,24,0,11,0,13,41,5,27,9,0,
NEW HAMPSHIRE,Newton,4830,0,0,0,0,0,11,1,9,1,0,
NEW HAMPSHIRE,Northfield,5068,8,0,3,3,2,40,3,36,1,0,
NEW HAMPSHIRE,North Hampton,4532,1,0,0,0,1,41,2,37,2,0,
NEW HAMPSHIRE,Northumberland,2115,0,0,0,0,0,7,3,4,0,0,
NEW HAMPSHIRE,Northwood,4700,6,0,2,0,4,17,2,15,0,0,
NEW HAMPSHIRE,Nottingham,5449,2,0,2,0,0,7,2,5,0,0,
NEW HAMPSHIRE,Orford,1247,1,0,1,0,0,9,0,9,0,0,
NEW HAMPSHIRE,Ossipee,4630,5,0,3,0,2,41,5,32,4,0,
NEW HAMPSHIRE,Pelham,14606,5,0,0,0,5,74,7,60,7,0,
NEW HAMPSHIRE,Pembroke,7635,7,0,2,1,4,23,3,17,3,0,
NEW HAMPSHIRE,Peterborough,6529,3,0,1,0,2,28,1,26,1,0,
NEW HAMPSHIRE,Piermont,773,0,0,0,0,0,3,0,3,0,0,
NEW HAMPSHIRE,Pittsburg,843,1,0,1,0,0,3,1,2,0,0,
NEW HAMPSHIRE,Pittsfield,4152,6,0,0,0,6,31,1,27,3,0,
NEW HAMPSHIRE,Plainfield,2569,1,0,1,0,0,8,1,7,0,0,
NEW HAMPSHIRE,Plaistow,7826,3,0,0,1,2,61,3,52,6,0,
NEW HAMPSHIRE,Plymouth,6598,9,0,7,0,2,109,7,96,6,0,
NEW HAMPSHIRE,Portsmouth,22969,43,0,9,2,32,295,7,265,23,3,
NEW HAMPSHIRE,Raymond,11056,6,0,3,0,3,34,3,28,3,1,
NEW HAMPSHIRE,Rindge,6630,3,0,1,0,2,49,3,43,3,3,
NEW HAMPSHIRE,Rochester,33831,26,0,12,4,10,387,20,338,29,1,
NEW HAMPSHIRE,Rollinsford,2665,2,0,1,0,1,12,2,8,2,0,
NEW HAMPSHIRE,Roxbury,223,0,0,0,0,0,0,0,0,0,0,
NEW HAMPSHIRE,Rumney,1500,0,0,0,0,0,3,2,1,0,0,
NEW HAMPSHIRE,Rye,5622,0,0,0,0,0,20,3,16,1,0,
NEW HAMPSHIRE,Salem,31962,34,1,8,15,10,629,20,582,27,3,
NEW HAMPSHIRE,Sanbornton,3075,1,0,1,0,0,14,2,11,1,0,
NEW HAMPSHIRE,Sandown,6689,4,0,1,0,3,12,0,10,2,0,
NEW HAMPSHIRE,Sandwich,1563,0,0,0,0,0,9,0,9,0,0,
NEW HAMPSHIRE,Seabrook,8409,14,0,4,3,7,206,6,194,6,0,
NEW HAMPSHIRE,Somersworth,12270,22,0,12,4,6,310,6,293,11,1,
NEW HAMPSHIRE,South Hampton,897,0,0,0,0,0,3,0,3,0,0,
NEW HAMPSHIRE,Springfield,1338,0,0,0,0,0,3,0,2,1,0,
NEW HAMPSHIRE,Strafford,4362,0,0,0,0,0,5,2,3,0,0,
NEW HAMPSHIRE,Stratham,7776,1,0,0,0,1,26,0,24,2,0,
NEW HAMPSHIRE,Sugar Hill,688,0,0,0,0,0,0,0,0,0,0,
NEW HAMPSHIRE,Sunapee,3480,1,0,1,0,0,19,0,18,1,0,
NEW HAMPSHIRE,Sutton,2060,0,0,0,0,0,0,0,0,0,0,
NEW HAMPSHIRE,Swanzey,7478,15,0,6,1,8,33,5,25,3,0,
NEW HAMPSHIRE,Tamworth,2942,1,0,1,0,0,9,1,7,1,0,
NEW HAMPSHIRE,Thornton,2883,1,0,0,0,1,6,0,5,1,0,
NEW HAMPSHIRE,Tilton,4180,7,0,3,0,4,101,5,93,3,0,
NEW HAMPSHIRE,Troy,2207,4,0,3,0,1,11,2,7,2,0,
NEW HAMPSHIRE,Tuftonboro,2673,2,0,1,0,1,18,1,14,3,0,
NEW HAMPSHIRE,Wakefield,6414,1,0,0,0,1,26,2,21,3,0,
NEW HAMPSHIRE,Walpole,3716,2,0,1,0,1,4,0,4,0,0,
NEW HAMPSHIRE,Warner,2974,0,0,0,0,0,6,0,6,0,0,
NEW HAMPSHIRE,Warren,835,0,0,0,0,0,0,0,0,0,0,
NEW HAMPSHIRE,Washington,1209,4,0,0,0,4,1,0,1,0,0,
NEW HAMPSHIRE,Waterville Valley,519,1,0,0,0,1,7,0,6,1,0,
NEW HAMPSHIRE,Weare,9235,9,0,4,0,5,15,0,14,1,0,
NEW HAMPSHIRE,Webster,1984,2,0,1,0,1,17,0,14,3,0,
NEW HAMPSHIRE,Wentworth,850,0,0,0,0,0,2,0,2,0,0,
NEW HAMPSHIRE,Whitefield,2540,1,0,0,0,1,3,0,2,1,0,
NEW HAMPSHIRE,Wilmot,1485,0,0,0,0,0,3,0,3,0,1,
NEW HAMPSHIRE,Wilton,3995,1,0,0,0,1,19,0,15,4,0,
NEW HAMPSHIRE,Winchester,4285,19,0,6,1,12,49,9,31,9,0,
NEW HAMPSHIRE,Windham,16158,3,0,1,0,2,36,7,23,6,0,
NEW HAMPSHIRE,Wolfeboro,6681,3,0,2,0,1,38,0,35,3,1,
NEW HAMPSHIRE,Woodstock,1442,0,0,0,0,0,5,0,4,1,0,
NEW JERSEY,Aberdeen Township,19211,30,0,4,1,25,165,9,144,12,1,
NEW JERSEY,Absecon,9135,18,0,3,4,11,198,43,141,14,0,
NEW JERSEY,Allendale,6926,0,0,0,0,0,8,0,8,0,0,
NEW JERSEY,Allenhurst,465,0,0,0,0,0,13,1,11,1,0,
NEW JERSEY,Allentown,1721,1,0,0,0,1,11,2,9,0,0,
NEW JERSEY,Alpha,2355,3,0,1,0,2,21,4,16,1,0,
NEW JERSEY,Alpine,1783,2,0,1,0,1,21,15,5,1,0,
NEW JERSEY,Andover Township,5524,2,0,1,0,1,11,1,10,0,0,
NEW JERSEY,Atlantic City,38480,685,7,67,179,432,2400,236,1972,192,10,
NEW JERSEY,Atlantic Highlands,4373,6,0,0,1,5,20,1,19,0,0,
NEW JERSEY,Audubon,8911,7,0,0,3,4,323,24,289,10,2,
NEW JERSEY,Avalon,1211,2,0,1,0,1,121,5,113,3,0,
NEW JERSEY,Avon-by-the-Sea,1935,2,0,0,1,1,29,5,24,0,0,
NEW JERSEY,Barnegat Township,26713,17,0,1,0,16,21,2,19,0,0,
NEW JERSEY,Barrington,7227,2,0,0,1,1,84,7,65,12,0,
NEW JERSEY,Bay Head,999,0,0,0,0,0,11,2,9,0,0,
NEW JERSEY,Beach Haven,1104,1,0,0,0,1,152,5,147,0,0,
NEW JERSEY,Beachwood,11523,11,0,0,1,10,84,6,70,8,0,
NEW JERSEY,Bedminster Township,8360,2,0,1,1,0,32,11,18,3,0,
NEW JERSEY,Belleville,38062,95,0,10,15,70,768,53,567,148,0,
NEW JERSEY,Bellmawr,11991,7,0,1,2,4,191,26,145,20,0,
NEW JERSEY,Belmar,5792,7,0,0,2,5,108,6,101,1,0,
NEW JERSEY,Belvidere,2542,0,0,0,0,0,27,8,18,1,0,
NEW JERSEY,Bergenfield,28879,14,0,0,2,12,67,10,54,3,0,
NEW JERSEY,Berkeley Heights Township,13607,6,0,0,0,6,88,13,72,3,0,
NEW JERSEY,Berkeley Township,46319,61,0,8,2,51,274,33,228,13,1,
NEW JERSEY,Berlin,7717,1,0,0,0,1,99,8,91,0,0,
NEW JERSEY,Berlin Township,6131,8,0,0,2,6,202,16,182,4,0,
NEW JERSEY,Bernards Township,28921,3,0,0,0,3,51,20,29,2,0,
NEW JERSEY,Bernardsville,8018,3,0,0,1,2,48,7,39,2,0,
NEW JERSEY,Beverly,2520,6,0,0,0,6,32,8,21,3,1,
NEW JERSEY,Blairstown Township,5777,4,0,0,0,4,9,2,7,0,1,
NEW JERSEY,Bloomfield,55161,68,0,0,22,46,806,49,633,124,0,
NEW JERSEY,Bloomingdale,7711,12,0,2,1,9,27,3,22,2,0,
NEW JERSEY,Bogota,10126,5,0,0,1,4,46,8,34,4,0,
NEW JERSEY,Boonton,9023,2,0,0,0,2,80,5,69,6,1,
NEW JERSEY,Boonton Township,4521,0,0,0,0,0,16,1,15,0,0,
NEW JERSEY,Bordentown City,4031,4,0,0,0,4,33,17,16,0,0,
NEW JERSEY,Bordentown Township,12126,9,0,2,0,7,121,16,90,15,0,
NEW JERSEY,Bradley Beach,4198,0,0,0,0,0,87,36,47,4,0,
NEW JERSEY,Brick Township,78685,108,0,16,6,86,844,93,736,15,3,
NEW JERSEY,Bridgeton,26634,245,6,12,94,133,934,80,805,49,3,
NEW JERSEY,Bridgewater Township,46946,11,0,5,3,3,468,40,412,16,0,
NEW JERSEY,Brielle,4903,1,0,0,0,1,15,3,12,0,0,
NEW JERSEY,Brigantine,7567,8,0,1,0,7,57,7,48,2,0,
NEW JERSEY,Brooklawn,1855,8,0,1,3,4,223,5,209,9,0,
NEW JERSEY,Burlington City,10125,38,0,0,9,29,270,24,219,27,0,
NEW JERSEY,Burlington Township,24155,41,0,5,6,30,229,32,168,29,0,
NEW JERSEY,Butler,8346,3,0,0,1,2,42,6,34,2,0,
NEW JERSEY,Caldwell,8976,6,0,2,1,3,29,5,20,4,0,
NEW JERSEY,Camden County Police Department,72435,1000,19,57,183,741,2202,298,1176,728,38,
NEW JERSEY,Cape May,2755,4,0,1,0,3,73,5,67,1,0,
NEW JERSEY,Carlstadt,6461,4,0,0,0,4,101,3,88,10,0,
NEW JERSEY,Carney's Point Township,8641,5,0,0,1,4,77,9,53,15,1,
NEW JERSEY,Carteret,25827,81,2,5,11,63,326,41,245,40,0,
NEW JERSEY,Cedar Grove Township,13705,2,0,1,0,1,87,18,63,6,0,
NEW JERSEY,Chatham,9505,2,0,0,1,1,48,12,29,7,2,
NEW JERSEY,Chatham Township,11424,3,0,0,0,3,36,6,30,0,0,
NEW JERSEY,Cherry Hill Township,79950,139,1,11,54,73,2720,112,2459,149,0,
NEW JERSEY,Chester,1718,0,0,0,0,0,10,1,9,0,0,
NEW JERSEY,Chesterfield Township,9299,2,0,0,0,2,7,0,7,0,0,
NEW JERSEY,Chester Township,7875,0,0,0,0,0,13,4,9,0,0,
NEW JERSEY,Cinnaminson Township,17639,18,0,2,2,14,358,72,261,25,0,
NEW JERSEY,Clark Township,15754,15,0,2,3,10,398,28,357,13,0,
NEW JERSEY,Clayton,9191,13,1,0,1,11,69,21,44,4,0,
NEW JERSEY,Clementon,5629,13,0,0,2,11,118,16,97,5,1,
NEW JERSEY,Cliffside Park,26105,33,0,4,7,22,168,21,132,15,1,
NEW JERSEY,Clifton,89870,149,1,9,40,99,2036,275,1553,208,2,
NEW JERSEY,Clinton,2786,0,0,0,0,0,10,0,10,0,0,
NEW JERSEY,Clinton Township,13018,10,0,0,3,7,72,13,54,5,0,
NEW JERSEY,Closter,8724,1,0,0,0,1,104,7,97,0,0,
NEW JERSEY,Collingswood,14528,18,0,0,5,13,441,31,309,101,0,
NEW JERSEY,Colts Neck Township,9898,1,0,0,0,1,67,16,45,6,0,
NEW JERSEY,Cranbury Township,4068,1,0,1,0,0,39,6,30,3,0,
NEW JERSEY,Cranford Township,24232,3,0,2,1,0,197,48,134,15,0,
NEW JERSEY,Deal,885,0,0,0,0,0,28,11,14,3,1,
NEW JERSEY,Delaware Township,4580,1,0,0,0,1,11,0,10,1,0,
NEW JERSEY,Delran Township,18437,15,0,2,4,9,293,13,254,26,0,
NEW JERSEY,Demarest,4913,0,0,0,0,0,26,7,19,0,0,
NEW JERSEY,Denville Township,17546,3,0,0,0,3,75,18,51,6,0,
NEW JERSEY,Dover,18844,42,0,5,8,29,164,12,137,15,1,
NEW JERSEY,Dumont,18765,3,0,0,0,3,54,5,46,3,0,
NEW JERSEY,Dunellen,8561,8,0,0,2,6,71,6,60,5,1,
NEW JERSEY,Eastampton Township,6524,13,1,0,0,12,41,5,32,4,0,
NEW JERSEY,East Brunswick Township,50487,64,0,1,12,51,591,53,511,27,4,
NEW JERSEY,East Greenwich Township,12888,6,0,1,0,5,91,5,76,10,0,
NEW JERSEY,East Hanover Township,11398,1,0,0,1,0,164,14,145,5,0,
NEW JERSEY,East Newark,2437,3,0,0,1,2,28,15,8,5,0,
NEW JERSEY,East Orange,71138,346,5,26,82,233,1389,76,880,433,5,
NEW JERSEY,East Windsor Township,30343,22,0,1,4,17,247,14,213,20,0,
NEW JERSEY,Eatontown,13470,36,0,6,3,27,248,18,221,9,0,
NEW JERSEY,Edgewater,15063,6,0,2,2,2,193,5,173,15,0,
NEW JERSEY,Edgewater Park Township,9005,11,0,1,2,8,141,41,78,22,0,
NEW JERSEY,Edison Township,109086,191,1,11,50,129,2047,205,1712,130,5,
NEW JERSEY,Egg Harbor City,4386,8,0,0,1,7,76,12,60,4,0,
NEW JERSEY,Egg Harbor Township,47892,70,0,8,10,52,802,127,643,32,4,
NEW JERSEY,Elizabeth,138500,566,5,44,156,361,3681,205,2643,833,4,
NEW JERSEY,Elk Township,4590,1,0,0,0,1,32,10,20,2,0,
NEW JERSEY,Elmer,1376,0,0,0,0,0,13,3,9,1,0,
NEW JERSEY,Elmwood Park,21682,48,0,6,10,32,487,26,426,35,0,
NEW JERSEY,Emerson,7402,0,0,0,0,0,7,0,7,0,0,
NEW JERSEY,Englewood,30405,70,0,4,18,48,328,85,206,37,0,
NEW JERSEY,Englewood Cliffs,5434,3,0,0,1,2,82,15,60,7,0,
NEW JERSEY,Englishtown,2340,2,0,0,0,2,17,0,17,0,0,
NEW JERSEY,Essex Fells,2160,0,0,0,0,0,28,13,12,3,0,
NEW JERSEY,Evesham Township,49011,40,0,7,12,21,662,38,602,22,7,
NEW JERSEY,Ewing Township,34718,87,1,15,19,52,824,84,664,76,1,
NEW JERSEY,"Fairfield Township, Essex County",8150,2,1,0,0,1,71,2,69,0,0,
NEW JERSEY,Fair Haven,6063,1,0,0,0,1,11,3,6,2,0,
NEW JERSEY,Fair Lawn,36579,16,0,2,0,14,343,42,279,22,0,
NEW JERSEY,Fairview,15232,17,0,0,3,14,151,11,131,9,0,
NEW JERSEY,Fanwood,7790,1,0,1,0,0,57,20,34,3,0,
NEW JERSEY,Flemington,4914,3,0,1,0,2,127,8,117,2,0,
NEW JERSEY,Florence Township,12929,19,0,3,3,13,43,6,32,5,0,
NEW JERSEY,Florham Park,14942,4,0,1,0,3,86,16,65,5,0,
NEW JERSEY,Fort Lee,40445,53,0,6,14,33,445,62,323,60,1,
NEW JERSEY,Franklin,5047,0,0,0,0,0,26,2,24,0,0,
NEW JERSEY,Franklin Lakes,11251,3,0,1,0,2,42,12,29,1,0,
NEW JERSEY,"Franklin Township, Gloucester County",16963,20,1,3,1,15,137,36,94,7,2,
NEW JERSEY,"Franklin Township, Hunterdon County",3297,1,0,0,0,1,10,1,9,0,0,
NEW JERSEY,"Franklin Township, Somerset County",69921,55,1,9,13,32,791,77,643,71,0,
NEW JERSEY,Freehold Borough,12403,34,0,3,9,22,156,16,128,12,0,
NEW JERSEY,Freehold Township,35576,56,0,3,5,48,537,20,497,20,0,
NEW JERSEY,Frenchtown,1509,1,0,0,0,1,6,1,4,1,0,
NEW JERSEY,Galloway Township,37910,49,1,7,1,40,511,98,372,41,0,
NEW JERSEY,Garfield,33129,66,1,7,14,44,580,28,449,103,1,
NEW JERSEY,Garwood,5558,0,0,0,0,0,62,0,61,1,0,
NEW JERSEY,Gibbsboro,2287,5,0,0,0,5,29,3,26,0,0,
NEW JERSEY,Glassboro,24793,38,1,2,8,27,267,24,224,19,1,
NEW JERSEY,Glen Ridge,8195,2,0,0,0,2,98,19,76,3,0,
NEW JERSEY,Glen Rock,12331,2,0,0,0,2,76,8,59,9,0,
NEW JERSEY,Gloucester Township,67786,46,2,2,1,41,777,45,649,83,1,
NEW JERSEY,Green Brook Township,7485,3,0,2,0,1,45,8,32,5,0,
NEW JERSEY,"Greenwich Township, Warren County",5515,1,0,0,1,0,163,4,157,2,0,
NEW JERSEY,Guttenberg,11426,24,1,1,9,13,109,22,84,3,0,
NEW JERSEY,Hackensack,46667,115,0,9,19,87,945,121,739,85,2,
NEW JERSEY,Hackettstown,10090,1,0,0,0,1,52,5,44,3,0,
NEW JERSEY,Haddonfield,12856,5,0,0,2,3,197,33,155,9,0,
NEW JERSEY,Haddon Heights,7682,0,0,0,0,0,38,13,23,2,0,
NEW JERSEY,Haddon Township,15817,28,0,0,8,20,554,77,447,30,1,
NEW JERSEY,Hamburg,3354,5,0,1,0,4,20,3,17,0,2,
NEW JERSEY,"Hamilton Township, Atlantic County",28528,33,3,4,3,23,693,47,616,30,4,
NEW JERSEY,"Hamilton Township, Mercer County",93487,172,1,20,38,113,2195,156,1859,180,4,
NEW JERSEY,Hammonton,14832,19,0,0,2,17,176,14,146,16,0,
NEW JERSEY,Hanover Township,14968,17,0,0,1,16,173,14,155,4,0,
NEW JERSEY,Hardyston Township,8510,5,0,0,0,5,18,6,12,0,0,
NEW JERSEY,Harrington Park,5193,0,0,0,0,0,11,2,9,0,0,
NEW JERSEY,Harrison,21337,50,0,0,13,37,374,68,281,25,1,
NEW JERSEY,Harrison Township,14161,10,0,2,0,8,65,13,49,3,0,
NEW JERSEY,Hasbrouck Heights,12272,3,0,0,1,2,58,2,55,1,0,
NEW JERSEY,Haworth,3391,1,0,0,1,0,10,1,8,1,0,
NEW JERSEY,Hawthorne,19899,5,0,0,0,5,173,8,150,15,0,
NEW JERSEY,Hazlet Township,20663,17,1,1,1,14,279,33,242,4,3,
NEW JERSEY,Helmetta,2484,1,0,0,0,1,8,1,7,0,0,
NEW JERSEY,High Bridge,3612,0,0,0,0,0,36,5,31,0,0,
NEW JERSEY,Highland Park,15260,23,0,4,3,16,186,17,161,8,1,
NEW JERSEY,Highlands,4240,5,0,0,0,5,21,0,10,11,0,
NEW JERSEY,Hightstown,5970,6,0,0,0,6,39,4,34,1,0,
NEW JERSEY,Hillsborough Township,45555,28,0,1,0,27,178,35,135,8,0,
NEW JERSEY,Hillsdale,10264,0,0,0,0,0,27,0,26,1,0,
NEW JERSEY,Hillside Township,22351,44,0,4,13,27,709,51,494,164,4,
NEW JERSEY,Hi-Nella,949,6,0,1,0,5,3,2,1,0,0,
NEW JERSEY,Hoboken,57293,108,1,1,36,70,1022,68,894,60,0,
NEW JERSEY,Holmdel Township,17407,4,0,0,3,1,102,16,82,4,0,
NEW JERSEY,Hopatcong,14721,11,0,2,0,9,26,4,21,1,0,
NEW JERSEY,Hopewell Township,17740,12,0,2,0,10,143,24,118,1,0,
NEW JERSEY,Howell Township,53988,45,1,7,4,33,430,50,363,17,2,
NEW JERSEY,Independence Township,5539,3,1,1,0,1,4,2,2,0,0,
NEW JERSEY,Interlaken,815,0,0,0,0,0,1,0,1,0,0,
NEW JERSEY,Irvington,60900,270,5,26,149,90,1572,74,853,645,0,
NEW JERSEY,Island Heights,1755,1,0,0,0,1,1,0,1,0,0,
NEW JERSEY,Jackson Township,62326,25,1,5,1,18,267,27,220,20,3,
NEW JERSEY,Jamesburg,5851,2,0,0,0,2,21,4,17,0,0,
NEW JERSEY,Jersey City,297922,1673,7,88,515,1063,6045,613,4547,885,6,
NEW JERSEY,Keansburg,9617,17,0,2,3,12,123,11,106,6,0,
NEW JERSEY,Kenilworth,8394,2,0,1,0,1,71,5,60,6,0,
NEW JERSEY,Keyport,7072,13,1,0,3,9,113,11,98,4,0,
NEW JERSEY,Kinnelon,10250,1,0,0,0,1,36,6,29,1,0,
NEW JERSEY,Lacey Township,30787,24,0,1,1,22,293,23,263,7,0,
NEW JERSEY,Lakehurst,2791,4,0,0,0,4,74,1,73,0,1,
NEW JERSEY,Lakewood Township,144876,218,2,22,27,167,847,127,673,47,7,
NEW JERSEY,Lambertville,4166,1,0,1,0,0,19,1,16,2,0,
NEW JERSEY,Lavallette,1905,3,0,1,0,2,11,0,11,0,0,
NEW JERSEY,Lawnside,3502,12,0,1,4,7,241,23,203,15,0,
NEW JERSEY,"Lawrence Township, Mercer County",32040,9,0,6,3,0,586,37,507,42,1,
NEW JERSEY,Lebanon Township,6224,0,0,0,0,0,18,0,17,1,0,
NEW JERSEY,Leonia,9507,3,0,0,0,3,46,11,32,3,0,
NEW JERSEY,Lincoln Park,11211,2,0,1,0,1,68,22,39,7,0,
NEW JERSEY,Lindenwold,22184,89,1,5,25,58,469,77,339,53,3,
NEW JERSEY,Linwood,6961,1,0,0,1,0,50,8,41,1,0,
NEW JERSEY,Little Egg Harbor Township,22244,11,0,1,1,9,229,24,197,8,5,
NEW JERSEY,Little Falls Township,14758,15,0,1,1,13,83,10,66,7,1,
NEW JERSEY,Little Silver,6029,2,0,1,0,1,36,6,28,2,0,
NEW JERSEY,Livingston Township,31715,25,0,3,5,17,271,52,214,5,0,
NEW JERSEY,Loch Arbour,222,0,0,0,0,0,10,0,10,0,0,
NEW JERSEY,Lodi,26296,42,0,5,7,30,355,30,299,26,2,
NEW JERSEY,Logan Township,6227,4,0,0,0,4,103,6,86,11,1,
NEW JERSEY,Long Beach Township,3220,5,0,1,0,4,52,1,50,1,0,
NEW JERSEY,Long Branch,33113,80,1,10,13,56,539,65,439,35,0,
NEW JERSEY,Long Hill Township,8804,2,0,1,0,1,28,3,25,0,0,
NEW JERSEY,Longport,872,0,0,0,0,0,10,1,5,4,0,
NEW JERSEY,Lopatcong Township,9660,8,0,0,1,7,54,2,47,5,0,
NEW JERSEY,Lower Alloways Creek Township,1742,0,0,0,0,0,3,2,0,1,0,
NEW JERSEY,Lower Township,21848,34,0,8,2,24,157,21,117,19,0,
NEW JERSEY,Lumberton Township,12917,11,0,3,1,7,197,14,162,21,0,
NEW JERSEY,Lyndhurst Township,22705,14,0,2,5,7,246,12,216,18,1,
NEW JERSEY,Madison,16643,2,0,0,1,1,68,1,66,1,0,
NEW JERSEY,Magnolia,4455,10,0,0,3,7,136,10,117,9,0,
NEW JERSEY,Mahwah Township,25873,16,0,2,1,13,110,10,92,8,0,
NEW JERSEY,Manalapan Township,40430,14,0,0,0,14,262,67,181,14,0,
NEW JERSEY,Manasquan,5860,5,0,3,2,0,57,6,51,0,1,
NEW JERSEY,Manchester Township,47488,29,2,9,1,17,214,20,186,8,1,
NEW JERSEY,"Mansfield Township, Burlington County",9024,15,0,3,0,12,51,10,30,11,0,
NEW JERSEY,"Mansfield Township, Warren County",7911,2,0,0,2,0,89,9,78,2,0,
NEW JERSEY,Mantua Township,15851,10,1,0,2,7,317,48,256,13,0,
NEW JERSEY,Manville,10998,11,0,5,3,3,106,4,96,6,1,
NEW JERSEY,Maple Shade Township,20132,71,0,13,7,51,440,47,345,48,3,
NEW JERSEY,Maplewood Township,25786,13,0,2,6,5,360,40,257,63,0,
NEW JERSEY,Margate City,5117,3,0,2,0,1,64,9,50,5,0,
NEW JERSEY,Marlboro Township,41344,29,1,1,2,25,362,51,291,20,0,
NEW JERSEY,Matawan,9757,0,0,0,0,0,2,0,0,2,0,
NEW JERSEY,Maywood,10230,15,0,0,3,12,143,12,122,9,0,
NEW JERSEY,Medford Lakes,4300,1,0,1,0,0,17,0,16,1,0,
NEW JERSEY,Medford Township,25176,20,0,7,1,12,165,28,131,6,1,
NEW JERSEY,Merchantville,3908,3,0,0,1,2,72,28,39,5,0,
NEW JERSEY,Metuchen,15279,7,0,2,1,4,151,16,125,10,0,
NEW JERSEY,Middlesex Borough,14731,3,0,0,1,2,58,18,35,5,0,
NEW JERSEY,Middle Township,20144,53,0,8,4,41,388,40,331,17,3,
NEW JERSEY,Middletown Township,66307,40,1,4,5,30,424,46,363,15,0,
NEW JERSEY,Midland Park,7110,3,0,0,1,2,47,3,39,5,1,
NEW JERSEY,Millburn Township,22415,1,0,0,1,0,510,39,456,15,0,
NEW JERSEY,Milltown,7103,5,0,2,0,3,91,8,80,3,0,
NEW JERSEY,Millville,27340,124,4,13,34,73,1068,135,881,52,4,
NEW JERSEY,Monmouth Beach,3212,1,0,0,1,0,7,0,6,1,0,
NEW JERSEY,"Monroe Township, Gloucester County",38785,48,0,6,4,38,392,78,272,42,2,
NEW JERSEY,"Monroe Township, Middlesex County",49652,6,0,0,0,6,130,30,89,11,0,
NEW JERSEY,Montclair,40656,48,0,5,9,34,340,91,218,31,0,
NEW JERSEY,Montgomery Township,24343,8,0,1,2,5,96,20,65,11,0,
NEW JERSEY,Montvale,9915,5,0,0,0,5,93,5,85,3,0,
NEW JERSEY,Montville Township,23015,4,0,0,2,2,147,46,95,6,0,
NEW JERSEY,Moorestown Township,21647,14,1,2,2,9,226,50,171,5,0,
NEW JERSEY,Morris Plains,6827,4,0,0,1,3,77,8,69,0,0,
NEW JERSEY,Morristown,21172,56,0,8,12,36,169,7,146,16,1,
NEW JERSEY,Morris Township,24191,6,0,0,1,5,136,18,109,9,0,
NEW JERSEY,Mountainside,7053,1,0,0,1,0,24,5,16,3,0,
NEW JERSEY,Mount Arlington,6070,0,0,0,0,0,9,0,9,0,0,
NEW JERSEY,Mount Ephraim,4756,6,1,0,3,2,259,8,235,16,0,
NEW JERSEY,Mount Holly Township,10213,26,0,1,3,22,163,16,138,9,0,
NEW JERSEY,Mount Laurel Township,46978,92,0,14,16,62,961,65,817,79,1,
NEW JERSEY,Mount Olive Township,30034,17,0,10,1,6,154,15,132,7,1,
NEW JERSEY,Mullica Township,5801,5,0,0,0,5,42,13,27,2,1,
NEW JERSEY,Neptune City,4571,7,0,1,0,6,118,7,106,5,0,
NEW JERSEY,Neptune Township,27969,81,0,5,15,61,912,73,816,23,1,
NEW JERSEY,Netcong,3855,7,0,1,0,6,18,0,16,2,0,
NEW JERSEY,Newark,309708,1800,39,126,442,1193,6062,472,2884,2706,12,
NEW JERSEY,New Brunswick,57259,400,9,26,159,206,1504,168,1237,99,6,
NEW JERSEY,New Milford,17261,2,0,0,0,2,84,3,81,0,0,
NEW JERSEY,New Providence,13717,6,0,1,2,3,35,1,32,2,0,
NEW JERSEY,Newton,8206,12,0,2,0,10,61,0,58,3,0,
NEW JERSEY,North Bergen Township,59532,129,2,15,29,83,462,25,372,65,0,
NEW JERSEY,North Brunswick Township,45184,62,0,1,19,42,634,38,542,54,0,
NEW JERSEY,North Caldwell,6685,1,0,0,1,0,43,18,24,1,0,
NEW JERSEY,Northfield,8427,0,0,0,0,0,91,10,73,8,0,
NEW JERSEY,North Haledon,8732,5,0,1,1,3,25,6,17,2,0,
NEW JERSEY,North Hanover Township,8024,3,0,1,0,2,10,4,3,3,0,
NEW JERSEY,North Plainfield,23071,35,0,9,15,11,337,30,277,30,0,
NEW JERSEY,Northvale,4945,2,0,1,0,1,29,1,27,1,0,
NEW JERSEY,North Wildwood,3574,13,0,2,0,11,114,5,107,2,0,
NEW JERSEY,Norwood,5890,2,0,0,2,0,19,7,12,0,0,
NEW JERSEY,Nutley Township,30014,14,0,3,2,9,197,25,153,19,0,
NEW JERSEY,Oakland,12944,4,0,0,2,2,44,9,33,2,0,
NEW JERSEY,Ocean City,11247,13,0,0,1,12,232,2,228,2,0,
NEW JERSEY,Ocean Gate,2056,6,0,0,0,6,10,1,9,0,0,
NEW JERSEY,Oceanport,6174,3,0,0,0,3,23,3,20,0,0,
NEW JERSEY,"Ocean Township, Monmouth County",27835,52,4,12,8,28,945,85,838,22,0,
NEW JERSEY,"Ocean Township, Ocean County",9314,2,0,0,0,2,28,0,26,2,0,
NEW JERSEY,Ogdensburg,2307,0,0,0,0,0,0,0,0,0,0,
NEW JERSEY,Old Bridge Township,70143,48,0,0,4,44,491,29,416,46,0,
NEW JERSEY,Old Tappan,6282,3,0,2,0,1,12,2,9,1,0,
NEW JERSEY,Oradell,8354,4,0,0,0,4,14,2,12,0,0,
NEW JERSEY,Orange City,34349,156,2,20,49,85,601,53,402,146,0,
NEW JERSEY,Oxford Township,2472,1,0,0,0,1,12,4,8,0,0,
NEW JERSEY,Palisades Park,20477,5,0,1,2,2,141,29,99,13,0,
NEW JERSEY,Palmyra,7508,11,0,3,0,8,144,4,122,18,1,
NEW JERSEY,Paramus,26745,8,2,0,3,3,1310,55,1218,37,0,
NEW JERSEY,Park Ridge,9855,4,0,1,0,3,22,4,18,0,0,
NEW JERSEY,Parsippany-Troy Hills Township,57606,30,0,8,2,20,494,85,384,25,2,
NEW JERSEY,Passaic,69938,503,1,12,111,379,1285,114,988,183,2,
NEW JERSEY,Paterson,158903,1555,10,59,393,1093,3736,572,2353,811,14,
NEW JERSEY,Paulsboro,6429,46,0,2,5,39,94,9,68,17,0,
NEW JERSEY,Pemberton Township,27062,80,0,7,7,66,251,37,199,15,7,
NEW JERSEY,Pennington,2917,2,0,0,0,2,15,3,12,0,0,
NEW JERSEY,Pennsauken Township,38189,96,0,0,27,69,1663,225,1194,244,1,
NEW JERSEY,Penns Grove,4872,28,2,2,3,21,75,23,39,13,0,
NEW JERSEY,Pennsville Township,12794,10,0,5,1,4,291,6,279,6,0,
NEW JERSEY,Pequannock Township,15964,1,0,0,0,1,90,7,78,5,0,
NEW JERSEY,Perth Amboy,56409,221,3,12,22,184,772,94,585,93,3,
NEW JERSEY,Phillipsburg,15363,24,0,5,9,10,273,22,232,19,4,
NEW JERSEY,Pine Beach,2264,3,0,0,0,3,2,2,0,0,0,
NEW JERSEY,Pine Hill,11028,25,1,0,3,21,149,30,94,25,3,
NEW JERSEY,Piscataway Township,62342,67,0,0,10,57,436,46,337,53,1,
NEW JERSEY,Pitman,9105,2,0,1,0,1,26,1,24,1,0,
NEW JERSEY,Plainfield,55975,230,0,8,58,164,901,76,753,72,1,
NEW JERSEY,Pleasantville,20619,83,1,6,15,61,304,124,148,32,0,
NEW JERSEY,Pohatcong Township,3288,1,0,0,1,0,144,4,138,2,0,
NEW JERSEY,Point Pleasant,20068,15,0,5,1,9,88,18,69,1,0,
NEW JERSEY,Point Pleasant Beach,5062,14,0,0,0,14,105,5,91,9,0,
NEW JERSEY,Princeton ,30838,15,0,0,5,10,221,24,195,2,0,
NEW JERSEY,Prospect Park,6310,6,0,0,0,6,82,25,51,6,0,
NEW JERSEY,Rahway,30512,55,0,9,10,36,247,31,179,37,3,
NEW JERSEY,Ramsey,15009,3,0,1,2,0,152,7,137,8,2,
NEW JERSEY,Randolph Township,27159,1,0,0,0,1,79,11,66,2,0,
NEW JERSEY,Raritan,8857,3,0,2,0,1,76,18,56,2,0,
NEW JERSEY,Raritan Township,25018,5,1,0,0,4,30,4,24,2,0,
NEW JERSEY,Readington Township,16307,4,0,0,0,4,72,13,55,4,0,
NEW JERSEY,Red Bank,12737,26,1,9,3,13,148,6,135,7,1,
NEW JERSEY,Ridgefield,11650,6,0,0,1,5,83,3,68,12,0,
NEW JERSEY,Ridgefield Park,13401,11,0,0,2,9,140,13,119,8,0,
NEW JERSEY,Ridgewood,26864,12,0,0,2,10,157,16,129,12,0,
NEW JERSEY,Ringwood,11623,4,0,0,1,3,21,4,16,1,0,
NEW JERSEY,Riverdale,4196,3,0,1,0,2,126,3,120,3,0,
NEW JERSEY,River Edge,12236,2,0,0,1,1,94,13,76,5,0,
NEW JERSEY,Riverside Township,8076,20,0,2,0,18,85,6,70,9,0,
NEW JERSEY,Riverton,2789,0,0,0,0,0,58,2,55,1,0,
NEW JERSEY,River Vale Township,10412,3,0,0,0,3,30,5,25,0,0,
NEW JERSEY,Robbinsville Township,15669,5,0,4,0,1,174,26,144,4,0,
NEW JERSEY,Rochelle Park Township,5970,9,0,0,5,4,77,6,67,4,1,
NEW JERSEY,Rockaway,6744,1,0,0,0,1,22,3,19,0,0,
NEW JERSEY,Rockaway Township,27294,10,0,0,3,7,256,21,226,9,1,
NEW JERSEY,Roseland,6268,1,0,0,0,1,47,11,22,14,0,
NEW JERSEY,Roselle,22740,44,0,8,6,30,254,31,167,56,0,
NEW JERSEY,Roselle Park,14212,5,0,0,1,4,101,8,88,5,0,
NEW JERSEY,Roxbury Township,23773,0,0,0,0,0,167,17,139,11,1,
NEW JERSEY,Rumson,7127,3,0,0,0,3,25,5,19,1,0,
NEW JERSEY,Runnemede,8528,7,1,0,1,5,165,17,143,5,0,
NEW JERSEY,Rutherford,19285,11,0,1,3,7,155,18,119,18,3,
NEW JERSEY,Saddle Brook Township,14730,1,0,0,1,0,197,10,177,10,0,
NEW JERSEY,Saddle River,3442,4,0,2,0,2,30,12,18,0,0,
NEW JERSEY,Scotch Plains Township,24820,10,0,1,1,8,128,24,82,22,0,
NEW JERSEY,Sea Bright,1421,3,0,0,0,3,3,0,1,2,0,
NEW JERSEY,Sea Girt,1832,1,0,0,0,1,11,0,6,5,0,
NEW JERSEY,Sea Isle City,2128,3,0,1,0,2,72,11,60,1,0,
NEW JERSEY,Seaside Heights,2564,14,0,0,2,12,103,6,92,5,0,
NEW JERSEY,Seaside Park,1516,0,0,0,0,0,6,1,5,0,0,
NEW JERSEY,Secaucus,21121,32,0,5,10,17,768,71,670,27,0,
NEW JERSEY,Shrewsbury,4141,1,0,0,0,1,83,3,76,4,0,
NEW JERSEY,Somerdale,5693,14,0,0,1,13,301,10,284,7,0,
NEW JERSEY,Somers Point,10468,34,0,4,2,28,233,21,199,13,2,
NEW JERSEY,Somerville,15122,11,1,4,2,4,113,29,79,5,0,
NEW JERSEY,South Amboy,10781,15,1,3,2,9,150,25,97,28,2,
NEW JERSEY,South Brunswick Township,47468,48,0,4,2,42,375,44,295,36,3,
NEW JERSEY,South Hackensack Township,2762,16,0,3,2,11,54,3,43,8,1,
NEW JERSEY,South Harrison Township,3534,0,0,0,0,0,3,1,1,1,0,
NEW JERSEY,South Orange Village,18532,10,0,3,1,6,273,23,219,31,0,
NEW JERSEY,South Plainfield,24605,29,0,0,8,21,475,25,427,23,0,
NEW JERSEY,South River,16237,8,0,0,3,5,16,2,13,1,0,
NEW JERSEY,South Toms River,3858,5,0,0,0,5,32,10,22,0,0,
NEW JERSEY,Sparta Township,20390,8,0,0,1,7,117,10,107,0,0,
NEW JERSEY,Spotswood,8238,13,0,2,1,10,59,4,54,1,1,
NEW JERSEY,"Springfield Township, Burlington County",3255,1,0,0,0,1,14,1,7,6,0,
NEW JERSEY,"Springfield Township, Union County",17125,11,0,0,3,8,159,23,123,13,0,
NEW JERSEY,Spring Lake,2740,1,0,0,0,1,31,8,23,0,0,
NEW JERSEY,Spring Lake Heights,4818,0,0,0,0,0,7,0,7,0,0,
NEW JERSEY,Stafford Township,31546,13,0,1,1,11,243,21,217,5,0,
NEW JERSEY,Stanhope,3595,3,0,2,0,1,4,0,3,1,0,
NEW JERSEY,Stone Harbor,791,0,0,0,0,0,54,13,41,0,0,
NEW JERSEY,Stratford,7163,6,0,0,2,4,83,9,67,7,0,
NEW JERSEY,Summit,22731,13,0,7,0,6,166,18,137,11,0,
NEW JERSEY,Surf City,1333,1,0,0,0,1,11,0,10,1,0,
NEW JERSEY,Swedesboro,2811,0,0,0,0,0,19,5,10,4,0,
NEW JERSEY,Teaneck Township,42771,41,2,7,8,24,341,49,274,18,4,
NEW JERSEY,Tenafly,15451,1,0,0,0,1,72,16,47,9,0,
NEW JERSEY,Tewksbury Township,5899,5,0,1,0,4,15,2,12,1,0,
NEW JERSEY,Toms River Township,102734,138,1,29,10,98,1151,78,1020,53,5,
NEW JERSEY,Totowa,10941,14,0,1,4,9,210,7,185,18,0,
NEW JERSEY,Trenton,91236,936,20,53,334,529,2088,317,1322,449,18,
NEW JERSEY,Union Township,62290,56,4,1,17,34,1018,58,867,93,2,
NEW JERSEY,Ventnor City,9236,10,0,1,1,8,213,20,185,8,0,
NEW JERSEY,Vernon Township,22851,1,0,0,0,1,39,1,35,3,0,
NEW JERSEY,Verona,14552,9,0,0,1,8,82,16,58,8,0,
NEW JERSEY,Vineland,60848,266,2,16,56,192,1634,212,1374,48,8,
NEW JERSEY,Voorhees Township,31899,25,0,0,8,17,506,64,403,39,3,
NEW JERSEY,Waldwick,10332,2,0,0,0,2,36,1,34,1,0,
NEW JERSEY,Wallington,12075,9,0,0,2,7,184,10,162,12,0,
NEW JERSEY,Wall Township,26547,23,1,0,4,18,335,30,290,15,0,
NEW JERSEY,Wanaque,11213,4,0,0,1,3,21,0,21,0,0,
NEW JERSEY,Warren Township,16655,3,0,1,0,2,57,26,30,1,0,
NEW JERSEY,Washington,7353,3,0,0,0,3,51,5,41,5,0,
NEW JERSEY,"Washington Township, Morris County",18629,6,0,1,0,5,66,7,57,2,0,
NEW JERSEY,"Washington Township, Warren County",6878,2,0,0,0,2,61,4,56,1,0,
NEW JERSEY,Watchung,6594,1,0,0,0,1,277,10,259,8,0,
NEW JERSEY,Waterford Township,10678,1,0,0,0,1,70,11,56,3,0,
NEW JERSEY,Wayne Township,53295,50,0,0,7,43,992,51,910,31,3,
NEW JERSEY,Weehawken Township,17617,28,1,3,4,20,251,14,221,16,0,
NEW JERSEY,Westampton Township,9224,24,0,4,3,17,166,17,132,17,1,
NEW JERSEY,West Amwell Township,3026,1,0,0,0,1,13,1,12,0,0,
NEW JERSEY,West Caldwell Township,10975,4,0,0,1,3,80,4,71,5,0,
NEW JERSEY,West Deptford Township,23053,23,0,1,3,19,248,34,192,22,1,
NEW JERSEY,Westfield,31111,5,0,0,1,4,173,19,141,13,0,
NEW JERSEY,West Long Branch,8545,4,0,0,1,3,98,3,90,5,0,
NEW JERSEY,West Milford Township,24725,23,0,1,1,21,85,7,70,8,0,
NEW JERSEY,West New York,51260,152,0,24,31,97,750,64,625,61,0,
NEW JERSEY,West Orange,48638,68,1,2,17,48,689,104,524,61,1,
NEW JERSEY,Westwood,11441,6,0,0,1,5,29,6,20,3,0,
NEW JERSEY,Wharton,7539,4,0,0,1,3,59,2,57,0,1,
NEW JERSEY,Wildwood,5118,20,0,3,3,14,250,11,217,22,2,
NEW JERSEY,Wildwood Crest,3052,9,0,3,0,6,52,14,38,0,0,
NEW JERSEY,Willingboro Township,32211,112,3,19,18,72,418,59,322,37,4,
NEW JERSEY,Winfield Township,1414,0,0,0,0,0,14,2,12,0,0,
NEW JERSEY,Winslow Township,40970,48,0,0,15,33,403,41,320,42,1,
NEW JERSEY,Woodbury,10317,22,0,3,3,16,184,23,141,20,0,
NEW JERSEY,Woodcliff Lake,6256,0,0,0,0,0,46,7,35,4,0,
NEW JERSEY,Woodland Park,13331,10,0,3,0,7,132,19,101,12,0,
NEW JERSEY,Wood-Ridge,10449,3,0,0,0,3,60,5,47,8,0,
NEW JERSEY,Woodstown,3743,7,0,1,1,5,17,4,11,2,0,
NEW JERSEY,Woolwich Township,14573,0,0,0,0,0,76,4,64,8,0,
NEW JERSEY,Wyckoff Township,17594,1,0,0,0,1,87,17,68,2,0,
NEW MEXICO,Alamogordo,31401,105,0,7,1,97,894,107,740,47,5,
NEW MEXICO,Albuquerque,558745,6603,103,349,890,5261,25863,4316,15864,5683,52,
NEW MEXICO,Anthony,8733,7,0,0,0,7,21,7,6,8,0,
NEW MEXICO,Artesia,12152,60,0,17,2,41,262,53,195,14,3,
NEW MEXICO,Aztec,6109,28,1,1,0,26,89,15,61,13,0,
NEW MEXICO,Bayard,2046,11,1,0,0,10,40,15,22,3,1,
NEW MEXICO,Belen,7508,87,0,1,1,85,318,71,198,49,0,
NEW MEXICO,Bernalillo,9144,44,0,1,2,41,120,23,90,7,1,
NEW MEXICO,Bloomfield,7330,52,0,6,1,45,107,17,74,16,5,
NEW MEXICO,Bosque Farms,4094,6,0,1,0,5,27,1,23,3,0,
NEW MEXICO,Capitan,1391,3,0,0,0,3,9,3,5,1,0,
NEW MEXICO,Carlsbad,31243,164,1,11,4,148,872,102,641,129,7,
NEW MEXICO,Clayton,2559,13,0,0,0,13,28,5,19,4,0,
NEW MEXICO,Corrales,8653,20,1,4,1,14,34,10,18,6,0,
NEW MEXICO,Edgewood,6113,24,0,3,0,21,76,17,48,11,0,
NEW MEXICO,Eunice,2904,14,0,1,0,13,77,40,25,12,0,
NEW MEXICO,Farmington,46150,439,2,56,33,348,1135,168,848,119,15,
NEW MEXICO,Gallup,20019,301,7,15,50,229,780,142,559,79,7,
NEW MEXICO,Grants,8953,38,0,6,6,26,145,35,81,29,0,
NEW MEXICO,Hatch,1575,9,0,2,0,7,24,2,18,4,1,
NEW MEXICO,Hobbs,38972,308,8,26,20,254,1462,339,979,144,2,
NEW MEXICO,Hurley,1221,0,0,0,0,0,0,0,0,0,0,
NEW MEXICO,Jal,2075,0,0,0,0,0,3,1,0,2,0,
NEW MEXICO,Las Cruces,115977,835,14,67,67,687,5652,855,3993,804,10,
NEW MEXICO,Las Vegas,12816,84,1,3,5,75,188,32,142,14,2,
NEW MEXICO,Lordsburg,2164,18,0,1,1,16,7,1,3,3,0,
NEW MEXICO,Los Alamos,19609,11,0,2,0,9,78,7,59,12,0,
NEW MEXICO,Los Lunas,19707,115,1,7,12,95,574,112,375,87,2,
NEW MEXICO,Milan,2456,5,0,1,0,4,23,5,13,5,0,
NEW MEXICO,Peralta,3452,5,0,0,0,5,25,8,11,6,1,
NEW MEXICO,Portales,11772,92,1,6,5,80,338,176,126,36,11,
NEW MEXICO,Questa,1797,7,0,0,1,6,8,3,2,3,0,
NEW MEXICO,Raton,5961,28,0,3,3,22,60,27,24,9,0,
NEW MEXICO,Red River,535,0,0,0,0,0,1,0,1,0,0,
NEW MEXICO,Rio Rancho,112817,359,8,42,9,300,1511,213,1153,145,5,
NEW MEXICO,Roswell,46677,396,6,38,20,332,1171,200,879,92,24,
NEW MEXICO,Santa Clara,1598,3,0,1,0,2,19,3,12,4,0,
NEW MEXICO,Santa Fe,89652,755,4,58,80,613,4623,873,3031,719,27,
NEW MEXICO,Santa Rosa,2743,13,0,0,0,13,25,6,14,5,0,
NEW MEXICO,Sunland Park,17996,59,0,6,4,49,104,15,72,17,3,
NEW MEXICO,Taos,6406,60,0,1,2,57,383,71,273,39,3,
NEW MEXICO,Truth or Consequences,5985,49,1,3,1,44,148,36,89,23,1,
NEW MEXICO,Tularosa,2614,3,0,0,0,3,10,3,6,1,0,
NEW YORK,Addison Town and Village,2325,2,0,0,0,2,12,2,9,1,0,
NEW YORK,Afton Village,781,0,0,0,0,0,0,0,0,0,0,
NEW YORK,Akron Village,2874,1,0,0,0,1,2,0,2,0,0,
NEW YORK,Albany,102095,834,9,74,183,568,2908,319,2298,291,28,
NEW YORK,Alexandria Bay Village,948,0,0,0,0,0,3,0,3,0,0,
NEW YORK,Alfred Village,4709,5,0,1,0,4,17,4,12,1,0,
NEW YORK,Allegany Village,1543,1,0,0,0,1,9,0,9,0,0,
NEW YORK,Altamont Village,1630,0,0,0,0,0,5,0,5,0,0,
NEW YORK,Amherst Town,126184,131,0,11,14,106,2597,116,2175,306,3,
NEW YORK,Amityville Village,9615,1,0,0,1,0,110,1,105,4,0,
NEW YORK,Andover Village,889,0,0,0,0,0,0,0,0,0,0,
NEW YORK,Ardsley Village,4865,2,0,1,0,1,36,2,33,1,0,
NEW YORK,Attica Village,2436,0,0,0,0,0,1,1,0,0,0,
NEW YORK,Auburn,25699,63,0,13,5,45,345,29,301,15,2,
NEW YORK,Baldwinsville Village,7584,9,0,4,1,4,43,2,38,3,0,
NEW YORK,Ballston Spa Village,4874,2,0,0,0,2,33,1,31,1,,
NEW YORK,Batavia,15400,58,0,6,9,43,278,24,244,10,3,
NEW YORK,Bath Village,5521,17,0,1,1,15,65,18,45,2,0,
NEW YORK,Beacon,15267,17,1,0,4,12,100,8,84,8,0,
NEW YORK,Bedford Town,16196,4,0,0,0,4,38,4,27,7,0,
NEW YORK,Belmont Village,832,0,0,0,0,0,1,0,1,0,0,
NEW YORK,Bethlehem Town,34933,11,1,4,1,5,336,33,298,5,3,
NEW YORK,Binghamton,46378,247,3,27,34,183,1583,196,1293,94,19,
NEW YORK,Black River,1229,0,0,0,0,0,1,1,0,0,0,
NEW YORK,Blasdell Village,2533,6,0,2,1,3,44,11,24,9,0,
NEW YORK,Blooming Grove Town,12729,13,0,3,0,10,74,5,59,10,4,
NEW YORK,Bolivar Village,1002,0,0,0,0,0,5,1,4,0,0,
NEW YORK,Boonville Village,1999,0,0,0,0,0,14,0,14,0,0,
NEW YORK,Brant Town,1929,0,0,0,0,0,8,0,5,3,0,
NEW YORK,Brewster,2498,1,0,0,0,1,4,0,4,0,0,
NEW YORK,Briarcliff Manor Village,7249,0,0,0,0,0,15,1,13,1,,
NEW YORK,Brighton Town,35835,28,0,7,5,16,762,33,545,184,1,
NEW YORK,Brockport Village,7110,4,0,2,0,2,22,2,19,1,0,
NEW YORK,Bronxville Village,6332,0,0,0,0,0,32,8,21,3,0,
NEW YORK,Brookville,2946,1,0,0,1,0,14,1,11,2,0,
NEW YORK,Brownville Village ,937,0,0,0,0,0,0,0,0,0,0,
NEW YORK,Buchanan Village,2191,0,0,0,0,0,7,2,4,1,0,
NEW YORK,Buffalo,273728,1933,34,119,432,1348,10428,1199,7044,2185,91,
NEW YORK,Cairo Town,6671,0,0,0,0,0,25,1,24,0,0,
NEW YORK,Cambridge Village,1793,0,0,0,0,0,7,0,7,0,0,
NEW YORK,Camillus Town and Village,25096,13,0,2,3,8,189,17,155,17,0,
NEW YORK,Canajoharie Village,2045,3,0,0,1,2,14,3,11,0,0,
NEW YORK,Canandaigua,10461,26,0,9,1,16,156,16,133,7,0,
NEW YORK,Canastota Village,4433,9,0,1,1,7,21,3,16,2,1,
NEW YORK,Canisteo Village,2155,1,0,0,0,1,13,2,11,0,0,
NEW YORK,Canton Village,6962,1,0,0,0,1,33,2,31,0,0,
NEW YORK,Cape Vincent Village,726,0,0,0,0,0,1,0,1,0,0,
NEW YORK,Carroll Town,3379,0,0,0,0,0,9,0,7,2,0,
NEW YORK,Carthage Village,3247,5,0,2,0,3,13,3,9,1,0,
NEW YORK,Catskill Village,3752,4,0,1,0,3,62,4,57,1,0,
NEW YORK,Cayuga Heights Village,3877,0,0,0,0,0,8,0,8,0,0,
NEW YORK,Cazenovia Village,2729,0,0,0,0,0,25,1,24,0,0,
NEW YORK,Central Square Village,1833,0,0,0,0,0,53,0,52,1,0,
NEW YORK,Centre Island Village,390,0,0,0,0,0,0,0,0,0,0,
NEW YORK,Cheektowaga Town,78864,162,2,12,36,112,2539,200,2026,313,3,
NEW YORK,Chester Town,8608,1,0,0,0,1,3,0,3,0,0,
NEW YORK,Chester Village,3969,3,0,0,1,2,26,1,24,1,0,
NEW YORK,Chittenango Village,4784,3,0,0,0,3,16,0,16,0,0,
NEW YORK,Cicero Town,28678,13,0,2,1,10,283,20,236,27,2,
NEW YORK,Clarkstown Town,80087,76,0,5,13,58,1464,47,1386,31,7,
NEW YORK,Clayton Village,1690,0,0,0,0,0,15,5,10,0,0,
NEW YORK,Clyde Village,2129,2,0,1,1,0,4,0,4,0,0,
NEW YORK,Cohoes,18240,34,0,3,9,22,201,17,168,16,2,
NEW YORK,Colchester Town,1782,1,0,1,0,0,2,0,2,0,0,
NEW YORK,Colonie Town,81226,92,0,3,20,69,2798,188,2546,64,6,
NEW YORK,Corfu Village,686,0,0,0,0,0,0,0,0,0,0,
NEW YORK,Corning,10621,17,0,0,0,17,253,34,213,6,0,
NEW YORK,Cornwall-on-Hudson Village,2990,0,0,0,0,0,6,1,5,0,0,
NEW YORK,Cornwall Town,9583,0,0,0,0,0,14,1,13,0,0,
NEW YORK,Cortland,17197,39,0,7,2,30,508,56,444,8,3,
NEW YORK,Coxsackie Village,2705,0,0,0,0,0,0,0,0,0,0,
NEW YORK,Crawford Town,9000,7,0,1,0,6,38,3,34,1,1,
NEW YORK,Croton-on-Hudson Village,8100,1,0,0,0,1,57,2,52,3,0,
NEW YORK,Cuba Town,3099,3,0,0,0,3,21,1,19,1,0,
NEW YORK,Dansville Village,4319,3,0,0,0,3,84,7,75,2,0,
NEW YORK,Deerpark Town,7349,6,0,0,0,6,26,2,21,3,0,
NEW YORK,Delhi Village,3298,1,0,1,0,0,17,1,16,0,0,
NEW YORK,Depew Village,14805,21,0,2,4,15,229,21,182,26,1,
NEW YORK,DeWitt Town,25054,53,0,3,8,42,889,81,746,62,0,
NEW YORK,Dobbs Ferry Village,11254,32,0,0,1,31,159,17,130,12,1,
NEW YORK,Dryden Village,1837,2,0,1,0,1,11,1,10,0,0,
NEW YORK,Dunkirk,12348,34,0,0,3,31,237,19,214,4,1,
NEW YORK,Durham Town,2614,0,0,0,0,0,0,0,0,0,0,
NEW YORK,East Aurora-Aurora Town,13841,11,0,3,1,7,92,5,78,9,0,
NEW YORK,Eastchester Town,19936,4,0,0,2,2,113,8,96,9,0,
NEW YORK,East Fishkill Town,29607,8,0,2,0,6,120,6,104,10,1,
NEW YORK,East Greenbush Town,16371,19,0,0,1,18,221,8,198,15,0,
NEW YORK,East Rochester Village,6104,9,0,0,0,9,75,7,53,15,0,
NEW YORK,Eden Town,7490,6,0,0,0,6,17,2,12,3,0,
NEW YORK,Ellicott Town,5270,4,0,0,1,3,155,17,136,2,0,
NEW YORK,Ellicottville,1302,1,0,1,0,0,19,3,16,0,0,
NEW YORK,Elmira,26130,143,1,5,22,115,1081,112,949,20,7,
NEW YORK,Elmira Heights Village,3752,8,0,2,1,5,35,7,26,2,0,
NEW YORK,Elmira Town,5541,0,0,0,0,0,1,0,1,0,0,
NEW YORK,Elmsford Village,5054,1,0,1,0,0,6,2,4,0,0,
NEW YORK,Endicott Village,13072,38,0,9,5,24,378,49,321,8,2,
NEW YORK,Evans Town,15049,14,0,2,4,8,161,21,123,17,1,
NEW YORK,Fairport Village,5318,6,0,0,2,4,24,0,22,2,0,
NEW YORK,Fallsburg Town,14365,13,0,1,0,12,69,24,40,5,0,
NEW YORK,Fishkill Town,20101,3,0,0,1,2,132,7,119,6,0,
NEW YORK,Fishkill Village,2133,1,0,0,1,0,40,1,39,0,0,
NEW YORK,Floral Park Village,15799,20,0,1,2,17,68,7,52,9,0,
NEW YORK,Florida Village,2846,0,0,0,0,0,2,1,1,0,0,
NEW YORK,Fort Plain Village,1984,0,0,0,0,0,5,0,5,0,0,
NEW YORK,Frankfort Town,4547,8,0,3,0,5,31,6,20,5,0,
NEW YORK,Frankfort Village,2278,1,0,0,0,1,4,0,4,0,0,
NEW YORK,Franklinville Village,1637,0,0,0,0,0,2,0,2,0,0,
NEW YORK,Freeport Village,43583,71,1,1,20,49,399,11,338,50,1,
NEW YORK,Friendship Town,1919,0,0,0,0,0,2,0,2,0,0,
NEW YORK,Fulton City,11207,22,0,2,1,19,122,7,111,4,1,
NEW YORK,Garden City Village,22857,6,0,0,3,3,180,10,165,5,1,
NEW YORK,Gates Town,28603,45,0,4,18,23,848,58,684,106,1,
NEW YORK,Geddes Town,10158,10,0,1,2,7,195,29,147,19,0,
NEW YORK,Geneseo Village,7776,5,0,0,0,5,113,10,102,1,0,
NEW YORK,Geneva,12289,37,0,7,8,22,345,42,295,8,0,
NEW YORK,Glen Cove,27767,31,0,3,3,25,130,10,113,7,0,
NEW YORK,Glen Park Village,445,0,0,0,0,0,0,0,0,0,0,
NEW YORK,Glens Falls,14416,23,0,3,2,18,95,10,82,3,1,
NEW YORK,Glenville Town,22040,16,1,2,4,9,252,18,232,2,0,
NEW YORK,Gloversville,14767,37,0,1,4,32,199,27,162,10,6,
NEW YORK,Goshen Town,8546,4,0,0,0,4,25,0,25,0,0,
NEW YORK,Goshen Village,5729,5,0,1,0,4,13,1,12,0,0,
NEW YORK,Gouverneur Village,3617,11,0,4,0,7,209,16,188,5,1,
NEW YORK,Gowanda Village,2436,5,0,0,0,5,18,1,17,0,0,
NEW YORK,Granville Village,2412,0,0,0,0,0,23,4,17,2,0,
NEW YORK,Greece Town,93943,133,0,8,33,92,1779,168,1213,398,7,
NEW YORK,Greenwich Village,1664,0,0,0,0,0,5,1,3,1,0,
NEW YORK,Greenwood Lake Village,2968,2,0,1,0,1,1,0,1,0,0,
NEW YORK,Groton Village,2086,0,0,0,0,0,5,0,5,0,0,
NEW YORK,Guilderland Town,35409,39,0,6,6,27,586,55,522,9,0,
NEW YORK,Hamburg Town,47687,25,1,2,7,15,711,64,593,54,2,
NEW YORK,Hamburg Village,9742,4,0,0,1,3,42,0,39,3,0,
NEW YORK,Hamilton Village,4099,0,0,0,0,0,0,0,0,0,0,
NEW YORK,Hancock Village,900,0,0,0,0,0,1,1,0,0,0,
NEW YORK,Harriman Village,2593,0,0,0,0,0,4,0,3,1,0,
NEW YORK,Harrison Town,31718,2,0,0,0,2,151,19,130,2,0,
NEW YORK,Hastings-on-Hudson Village,8229,1,0,0,1,0,31,1,25,5,0,
NEW YORK,Haverstraw Town,38750,61,0,2,3,56,343,18,306,19,0,
NEW YORK,Hempstead Village,58013,266,3,3,80,180,637,95,416,126,4,
NEW YORK,Herkimer Village,7218,86,1,4,9,72,610,61,546,3,0,
NEW YORK,Highlands Town,9153,0,0,0,0,0,0,0,0,0,0,
NEW YORK,Holley Village,1719,0,0,0,0,0,12,2,10,0,0,
NEW YORK,Homer Village,3042,1,0,1,0,0,26,3,23,0,0,
NEW YORK,Hoosick Falls Village,3134,4,0,0,0,4,15,2,10,3,0,
NEW YORK,Hudson,5750,19,0,2,3,14,90,3,86,1,0,
NEW YORK,Hudson Falls Village,7363,14,0,0,1,13,24,4,20,0,0,
NEW YORK,Hunter Town,3017,0,0,0,0,0,20,2,18,0,0,
NEW YORK,Hyde Park Town,21180,12,0,1,3,8,81,10,58,13,0,
NEW YORK,Ilion Village,7533,22,0,3,2,17,159,19,132,8,2,
NEW YORK,Independence Town,1071,1,0,0,0,1,2,0,2,0,0,
NEW YORK,Inlet Town,361,0,0,0,0,0,2,0,2,0,0,
NEW YORK,Interlaken Village,610,0,0,0,0,0,0,0,0,0,0,
NEW YORK,Irondequoit Town,49336,65,5,6,13,41,857,100,522,235,0,
NEW YORK,Irvington Village,6348,4,0,0,2,2,22,4,17,1,0,
NEW YORK,Ithaca,33646,66,1,6,16,43,1082,111,955,16,3,
NEW YORK,Jamestown,27735,172,5,22,24,121,642,124,500,18,13,
NEW YORK,Johnson City Village,14748,48,0,7,5,36,589,66,505,18,4,
NEW YORK,Jordan Village,1196,1,0,1,0,0,1,0,1,0,0,
NEW YORK,Kenmore Village,14830,21,0,0,8,13,227,23,157,47,1,
NEW YORK,Kensington Village,1187,1,0,0,0,1,1,0,1,0,0,
NEW YORK,Kent Town,12826,5,0,0,1,4,51,4,46,1,0,
NEW YORK,Kings Point Village,5626,0,0,0,0,0,12,3,6,3,0,
NEW YORK,Kingston,23704,83,1,19,20,43,390,39,345,6,3,
NEW YORK,Lackawanna,19484,77,1,9,8,59,304,36,232,36,0,
NEW YORK,Lake Placid Village,2276,1,0,0,0,1,30,8,21,1,0,
NEW YORK,Lakewood-Busti,7370,3,0,1,0,2,236,25,206,5,0,
NEW YORK,Lancaster Town,39290,17,0,3,0,14,376,18,322,36,1,
NEW YORK,Larchmont Village,6454,2,0,0,0,2,64,7,53,4,2,
NEW YORK,Le Roy Village,4233,8,0,0,0,8,47,1,44,2,0,
NEW YORK,Lewisboro Town,11836,1,0,0,0,1,3,2,1,0,0,
NEW YORK,Lewiston Town and Village,15616,7,0,1,1,5,103,12,75,16,2,
NEW YORK,Liberty Village,5167,41,0,7,4,30,99,10,87,2,1,
NEW YORK,Little Falls,4495,2,0,0,1,1,20,3,17,0,0,
NEW YORK,Lloyd Town,11090,9,0,1,2,6,102,4,96,2,0,
NEW YORK,Long Beach,34527,27,1,1,2,23,36,5,30,1,0,
NEW YORK,Lowville Village,3324,1,0,0,0,1,7,0,7,0,0,
NEW YORK,Lynbrook Village,19976,15,0,0,2,13,94,7,76,11,0,
NEW YORK,Malone Village,5370,17,0,2,0,15,107,18,86,3,1,
NEW YORK,Mamaroneck Town,12234,1,0,0,0,1,66,4,59,3,0,
NEW YORK,Mamaroneck Village,19356,21,0,4,2,15,246,15,225,6,0,
NEW YORK,Manlius Town,25064,12,0,0,2,10,314,21,280,13,0,
NEW YORK,Marcellus Village,1743,0,0,0,0,0,8,1,7,0,0,
NEW YORK,Marlborough Town,8826,1,0,1,0,0,23,2,17,4,0,
NEW YORK,Massena Village,10028,15,1,2,1,11,216,20,193,3,1,
NEW YORK,Medina Village,5872,19,0,1,2,16,53,11,37,5,1,
NEW YORK,Middleport Village,1684,0,0,0,0,0,5,0,5,0,0,
NEW YORK,Middletown,30110,93,2,5,16,70,363,23,322,18,5,
NEW YORK,Monroe Village,9473,8,0,0,3,5,83,5,77,1,1,
NEW YORK,Montgomery Town,9464,3,0,0,0,3,42,0,40,2,0,
NEW YORK,Montgomery Village,3745,0,0,0,0,0,41,0,37,4,0,
NEW YORK,Monticello Village,7216,8,0,0,1,7,117,40,73,4,0,
NEW YORK,Mount Hope Town,6445,2,0,0,0,2,22,1,20,1,0,
NEW YORK,Mount Vernon,70390,383,2,18,75,288,1027,97,737,193,5,
NEW YORK,Nassau Village,1074,0,0,0,0,0,6,2,4,0,0,
NEW YORK,Newark Village,8931,33,1,2,5,25,227,21,200,6,1,
NEW YORK,New Berlin Town,1578,0,0,0,0,0,3,0,3,0,0,
NEW YORK,Newburgh,28061,276,3,25,56,192,538,108,378,52,,
NEW YORK,Newburgh Town,31634,35,0,1,8,26,749,62,670,17,2,
NEW YORK,New Hartford Town and Village,20546,21,0,3,5,13,701,11,683,7,0,
NEW YORK,New Paltz Town and Village,15926,9,0,1,0,8,107,6,100,1,0,
NEW YORK,New Rochelle,84960,114,0,2,36,76,939,22,869,48,3,
NEW YORK,New Windsor Town,27811,27,0,7,1,19,234,13,217,4,2,
NEW YORK,New York,8299271,55690,325,1943,15559,37863,196549,12842,167230,16477,826,
NEW YORK,New York Mills Village,3165,3,0,0,0,3,46,5,36,5,0,
NEW YORK,Niagara Falls,47296,237,3,4,44,186,1328,155,1035,138,8,
NEW YORK,Niagara Town,7671,12,0,0,1,11,278,28,243,7,0,
NEW YORK,Niskayuna Town,23797,20,0,1,3,16,503,36,456,11,0,
NEW YORK,Norfolk Town ,4286,0,0,0,0,0,2,0,2,0,0,
NEW YORK,North Greenbush Town,13240,9,0,0,1,8,186,11,171,4,0,
NEW YORK,North Hornell Village,783,0,0,0,0,0,0,0,0,0,0,
NEW YORK,Northport Village,7254,1,0,0,1,0,31,0,31,0,0,
NEW YORK,North Tonawanda,29898,46,0,6,5,35,325,37,253,35,2,
NEW YORK,Northville Village,995,0,0,0,0,0,16,4,11,1,,
NEW YORK,Norwood Village ,1537,1,0,0,0,1,13,2,11,0,0,
NEW YORK,Ogdensburg,9125,40,0,4,5,31,414,64,345,5,1,
NEW YORK,Ogden Town,20082,8,0,2,2,4,113,6,97,10,0,
NEW YORK,Old Brookville Village,2086,0,0,0,0,0,8,2,5,1,0,
NEW YORK,Old Westbury Village,5033,1,0,0,1,0,21,7,8,6,0,
NEW YORK,Olean,13564,47,0,2,14,31,514,46,456,12,2,
NEW YORK,Oneida,10021,40,0,11,6,23,348,53,289,6,0,
NEW YORK,Oneonta City,16232,13,0,5,2,6,119,16,100,3,0,
NEW YORK,Orangetown Town,41682,24,0,0,3,21,233,10,220,3,0,
NEW YORK,Orchard Park Town,29778,20,0,5,5,10,299,23,239,37,0,
NEW YORK,Oriskany Village,1346,0,0,0,0,0,8,2,6,0,0,
NEW YORK,Oswego City,17058,58,1,7,8,42,606,133,450,23,2,
NEW YORK,Owego Village,4258,8,0,6,0,2,40,3,37,0,0,
NEW YORK,Oyster Bay Cove Village,4154,0,0,0,0,0,9,1,8,0,0,
NEW YORK,Palmyra Village,3261,2,0,1,1,0,44,7,33,4,0,
NEW YORK,Peekskill,25484,53,1,2,6,44,248,21,215,12,0,
NEW YORK,Pelham Manor Village,5482,8,0,0,4,4,206,9,183,14,0,
NEW YORK,Pelham Village,7084,3,0,0,1,2,23,3,19,1,0,
NEW YORK,Perry Village,3568,8,0,2,0,6,40,8,31,1,0,
NEW YORK,Phelps Village,1851,0,0,0,0,0,6,0,6,0,0,
NEW YORK,Philmont Village,1472,0,0,0,0,0,1,0,1,0,0,
NEW YORK,Phoenix Village,2194,0,0,0,0,0,11,2,8,1,0,
NEW YORK,Piermont Village,2764,1,0,0,0,1,5,1,4,0,0,
NEW YORK,Plattekill Town,10344,4,0,1,0,3,37,4,33,0,0,
NEW YORK,Plattsburgh City,19883,26,0,5,4,17,367,16,337,14,2,
NEW YORK,Pleasantville Village,7177,6,0,0,1,5,44,2,42,0,0,
NEW YORK,Port Chester Village,30260,23,0,0,11,12,292,24,256,12,0,
NEW YORK,Port Jervis,8508,35,0,3,4,28,131,11,116,4,0,
NEW YORK,Portville Village,879,0,0,0,0,0,5,1,4,0,0,
NEW YORK,Port Washington,19888,25,0,5,3,17,161,9,149,3,,
NEW YORK,Potsdam Village,8421,2,0,1,0,1,80,7,72,1,0,
NEW YORK,Poughkeepsie,31843,205,2,20,33,150,521,78,403,40,3,
NEW YORK,Poughkeepsie Town,40746,72,0,11,20,41,1055,52,981,22,8,
NEW YORK,Pound Ridge Town,4884,0,0,0,0,0,29,1,25,3,0,
NEW YORK,Pulaski Village,2302,1,0,1,0,0,12,2,10,0,0,
NEW YORK,Quogue Village,1710,0,0,0,0,0,11,3,7,1,0,
NEW YORK,Ramapo Town,110136,83,1,4,12,66,694,63,603,28,5,
NEW YORK,Rensselaer City,9343,5,0,0,1,4,114,17,89,8,0,
NEW YORK,Rhinebeck Village,2544,1,0,0,0,1,16,1,15,0,0,
NEW YORK,Riverhead Town,35693,36,1,2,8,25,901,35,847,19,0,
NEW YORK,Rochester,206093,1200,27,38,316,819,6779,834,3701,2244,108,
NEW YORK,Rockville Centre Village,25472,6,0,0,1,5,120,9,91,20,1,
NEW YORK,Rome,31577,75,0,12,5,58,649,86,546,17,2,
NEW YORK,Rosendale Town,5665,1,0,1,0,0,15,0,15,0,0,
NEW YORK,Rotterdam Town,30518,12,0,1,0,11,503,27,462,14,0,
NEW YORK,Rye,16094,2,0,1,0,1,41,4,27,10,0,
NEW YORK,Rye Brook Village,9708,2,0,0,1,1,64,7,49,8,0,
NEW YORK,Sackets Harbor Village,1361,0,0,0,0,0,0,0,0,0,0,
NEW YORK,Salamanca,5735,22,0,2,6,14,80,17,59,4,0,
NEW YORK,Sands Point Village,2743,1,0,0,0,1,7,2,4,1,0,
NEW YORK,Saratoga Springs,28546,53,1,16,9,27,490,67,416,7,1,
NEW YORK,Saugerties Town,19468,10,0,2,0,8,101,12,76,13,1,
NEW YORK,Scarsdale Village,17602,1,0,0,1,0,60,9,45,6,0,
NEW YORK,Schenectady,68610,443,7,39,69,328,2147,275,1721,151,19,
NEW YORK,Schodack Town,11318,8,0,2,1,5,32,7,23,2,0,
NEW YORK,Scotia Village,7207,9,0,0,3,6,110,13,93,4,0,
NEW YORK,Seneca Falls Town,8788,11,0,2,0,9,249,17,226,6,0,
NEW YORK,Shandaken Town,2819,0,0,0,0,0,7,2,5,0,0,
NEW YORK,Shawangunk Town,13376,0,0,0,0,0,5,0,3,2,0,
NEW YORK,Shelter Island Town,3305,1,0,0,0,1,15,3,12,0,0,
NEW YORK,Sherrill,2966,0,0,0,0,0,4,1,2,1,0,
NEW YORK,Sidney Village,3645,6,0,0,3,3,61,12,48,1,0,
NEW YORK,Skaneateles Village,2512,0,0,0,0,0,20,0,19,1,0,
NEW YORK,Somerset Town,1975,1,0,0,0,1,1,0,1,0,0,
NEW YORK,Southampton Town,59965,35,0,2,4,29,455,40,399,16,0,
NEW YORK,Southampton Village,4657,2,0,0,0,2,68,3,59,6,0,
NEW YORK,South Glens Falls Village,3709,4,0,1,0,3,45,4,40,1,1,
NEW YORK,Southold Town,21344,11,0,0,0,11,191,11,171,9,1,
NEW YORK,Spring Valley Village,32973,119,1,14,36,68,716,126,578,12,1,
NEW YORK,Stillwater Town,7936,1,0,0,1,0,32,1,31,0,0,
NEW YORK,St. Johnsville Village,1692,0,0,0,0,0,8,0,6,2,0,
NEW YORK,Stony Point Town,14706,12,1,0,0,11,55,3,49,3,0,
NEW YORK,Suffern Village,11317,14,0,2,6,6,85,3,79,3,0,
NEW YORK,Syracuse,145175,1111,22,85,194,810,6147,1047,3830,1270,22,
NEW YORK,Tarrytown Village,11651,4,0,0,2,2,48,7,38,3,2,
NEW YORK,Theresa Village,743,0,0,0,0,0,1,0,0,1,0,
NEW YORK,Tonawanda,14825,25,2,5,1,17,168,18,133,17,1,
NEW YORK,Tonawanda Town,56110,46,0,1,13,32,905,104,629,172,2,
NEW YORK,Troy,50372,237,1,22,54,160,1397,197,1057,143,14,
NEW YORK,Trumansburg Village,1655,1,0,1,0,0,12,1,11,0,0,
NEW YORK,Tuckahoe Village,6846,2,0,0,0,2,7,3,3,1,0,
NEW YORK,Tupper Lake Village,3312,5,0,2,1,2,88,21,60,7,0,
NEW YORK,Tuxedo Park Village,620,0,0,0,0,0,0,0,0,0,0,
NEW YORK,Ulster Town,12590,10,0,0,0,10,244,6,235,3,0,
NEW YORK,Utica,63098,333,5,24,60,244,1861,186,1583,92,10,
NEW YORK,Vernon Village,1149,0,0,0,0,0,4,0,4,0,0,
NEW YORK,Vestal Town,32289,15,0,1,2,12,845,43,796,6,2,
NEW YORK,Wallkill Town,31330,16,0,0,6,10,349,17,328,4,1,
NEW YORK,Wappingers Falls Village,6027,0,0,0,0,0,41,0,40,1,0,
NEW YORK,Warsaw Village,3626,3,1,0,0,2,12,0,12,0,0,
NEW YORK,Warwick Town,19314,8,0,0,1,7,55,3,51,1,0,
NEW YORK,Washingtonville Village,5633,5,0,2,0,3,36,2,34,0,0,
NEW YORK,Waterford Town and Village,8072,2,0,1,1,0,24,5,16,3,0,
NEW YORK,Watertown,24029,144,0,40,9,95,944,93,822,29,6,
NEW YORK,Watervliet,10108,36,1,7,9,19,215,37,161,17,0,
NEW YORK,Wayland Village,1692,0,0,0,0,0,0,0,0,0,0,
NEW YORK,Webb Town,1809,0,0,0,0,0,10,2,7,1,0,
NEW YORK,Webster Town and Village,45084,26,0,2,4,20,410,23,333,54,1,
NEW YORK,Weedsport Village,1755,0,0,0,0,0,1,0,1,0,0,
NEW YORK,Wellsville Village,4544,5,0,0,1,4,84,6,76,2,0,
NEW YORK,West Carthage Village,1750,0,0,0,0,0,3,1,2,0,0,
NEW YORK,Westhampton Beach Village,2198,4,0,1,0,3,13,1,11,1,0,
NEW YORK,West Seneca Town,44982,56,1,3,10,42,769,73,593,103,3,
NEW YORK,White Plains,61923,69,1,3,11,54,1090,56,1005,29,2,
NEW YORK,Whitesboro Village,3561,0,0,0,0,0,38,0,38,0,0,
NEW YORK,Whitestown Town,8666,0,0,0,0,0,36,7,27,2,0,
NEW YORK,Willing Town,1249,0,0,0,0,0,0,0,0,0,0,
NEW YORK,Windham Town,1731,0,0,0,0,0,3,0,3,0,0,
NEW YORK,Wolcott Village,1570,0,0,0,0,0,0,0,0,0,0,
NEW YORK,Woodstock Town,6208,0,0,0,0,0,12,0,12,0,0,
NEW YORK,Yonkers,206557,644,4,19,131,490,2096,244,1533,319,24,
NEW YORK,Yorktown Town,34899,13,0,2,0,11,208,12,185,11,0,
NEW YORK,Yorkville Village,2566,5,0,1,0,4,112,9,98,5,0,
NEW YORK,Youngstown Village,1826,0,0,0,0,0,1,0,1,0,0,
NORTH CAROLINA,Aberdeen,9795,24,0,0,0,24,320,49,256,15,3,
NORTH CAROLINA,Ahoskie,4580,32,1,3,4,24,186,40,132,14,0,
NORTH CAROLINA,Angier,7902,12,0,2,0,10,66,11,50,5,3,
NORTH CAROLINA,Archdale,12143,13,0,3,2,8,136,19,108,9,0,
NORTH CAROLINA,Asheville,95219,758,12,82,108,556,3709,573,2815,321,30,
NORTH CAROLINA,Atlantic Beach,1418,11,0,1,3,7,51,16,32,3,2,
NORTH CAROLINA,Ayden,5126,13,2,0,2,9,76,11,59,6,0,
NORTH CAROLINA,Banner Elk,1155,0,0,0,0,0,2,0,2,0,0,
NORTH CAROLINA,Beaufort,4920,15,0,4,0,11,85,12,70,3,1,
NORTH CAROLINA,Beech Mountain,656,1,0,0,0,1,3,0,3,0,0,
NORTH CAROLINA,Belmont,15672,60,0,2,10,48,444,39,382,23,1,
NORTH CAROLINA,Benson,4542,34,0,2,1,31,127,25,97,5,1,
NORTH CAROLINA,Bessemer City,5685,26,5,4,2,15,85,35,42,8,0,
NORTH CAROLINA,Beulaville,1145,6,0,1,1,4,37,6,30,1,0,
NORTH CAROLINA,Biltmore Forest,1448,0,0,0,0,0,9,1,7,1,0,
NORTH CAROLINA,Biscoe,1853,4,1,0,1,2,70,5,64,1,0,
NORTH CAROLINA,Black Mountain,8564,5,0,0,0,5,101,11,83,7,0,
NORTH CAROLINA,Blowing Rock,1347,2,0,1,0,1,38,21,16,1,0,
NORTH CAROLINA,Boiling Spring Lakes,6903,20,0,3,1,16,99,33,63,3,1,
NORTH CAROLINA,Boone,20024,18,0,8,1,9,182,25,149,8,0,
NORTH CAROLINA,Broadway,1367,0,0,0,0,0,19,7,11,1,0,
NORTH CAROLINA,Bryson City,1495,9,0,0,1,8,23,0,20,3,0,
NORTH CAROLINA,Bunn,373,0,0,0,0,0,8,0,8,0,0,
NORTH CAROLINA,Burgaw,3528,7,0,0,0,7,51,4,45,2,0,
NORTH CAROLINA,Burlington,60906,580,4,48,70,458,1879,315,1345,219,26,
NORTH CAROLINA,Butner,8156,20,0,1,1,18,107,14,79,14,0,
NORTH CAROLINA,Canton,4417,7,0,0,0,7,83,17,57,9,0,
NORTH CAROLINA,Carolina Beach,6917,23,1,5,1,16,128,15,104,9,1,
NORTH CAROLINA,Carrboro,21045,38,1,5,4,28,406,60,292,54,2,
NORTH CAROLINA,Cary,181793,129,3,12,23,91,2395,161,2019,215,8,
NORTH CAROLINA,Caswell Beach,397,0,0,0,0,0,0,0,0,0,0,
NORTH CAROLINA,Chadbourn,1538,6,0,0,0,6,62,16,44,2,1,
NORTH CAROLINA,Chapel Hill,63906,110,1,8,29,72,1607,217,1271,119,4,
NORTH CAROLINA,Charlotte-Mecklenburg,1003130,7355,109,250,1308,5688,37169,4284,25261,7624,164,
NORTH CAROLINA,Cherryville,6342,11,2,1,1,7,190,73,102,15,1,
NORTH CAROLINA,China Grove,4612,7,0,0,2,5,51,13,33,5,0,
NORTH CAROLINA,Clayton,31494,53,0,6,6,41,404,17,335,52,0,
NORTH CAROLINA,Cleveland,888,2,1,0,0,1,9,1,6,2,0,
NORTH CAROLINA,Clinton,8300,47,1,2,4,40,272,34,219,19,3,
NORTH CAROLINA,Coats,2300,5,0,0,0,5,47,10,31,6,0,
NORTH CAROLINA,Columbus,1109,0,0,0,0,0,17,3,14,0,0,
NORTH CAROLINA,Concord,111922,178,6,12,28,132,1237,127,923,187,4,
NORTH CAROLINA,Cornelius,33699,35,1,7,4,23,349,55,269,25,4,
NORTH CAROLINA,Cramerton,5556,6,0,0,2,4,69,8,47,14,1,
NORTH CAROLINA,Creedmoor,5066,16,0,6,1,9,81,22,51,8,0,
NORTH CAROLINA,Dallas,6225,16,1,2,3,10,113,32,68,13,0,
NORTH CAROLINA,Davidson,14332,6,0,0,1,5,64,13,44,7,0,
NORTH CAROLINA,Drexel,1761,0,0,0,0,0,1,0,0,1,0,
NORTH CAROLINA,Dunn,8633,78,3,6,10,59,441,124,285,32,1,
NORTH CAROLINA,Durham,300208,1859,37,172,483,1167,11407,1352,8182,1873,35,
NORTH CAROLINA,Eden,15307,63,0,4,6,53,388,59,317,12,3,
NORTH CAROLINA,Edenton,4495,17,3,0,0,14,86,18,59,9,0,
NORTH CAROLINA,Elizabeth City,19064,65,3,6,9,47,455,96,303,56,3,
NORTH CAROLINA,Elon,11585,9,0,3,0,6,36,8,24,4,0,
NORTH CAROLINA,Emerald Isle,4007,6,0,1,1,4,82,18,60,4,0,
NORTH CAROLINA,Erwin,4812,21,0,1,0,20,113,21,88,4,0,
NORTH CAROLINA,Fairmont,2208,23,0,0,3,20,99,23,70,6,0,
NORTH CAROLINA,Farmville,4576,63,0,2,3,58,96,17,69,10,0,
NORTH CAROLINA,Fayetteville,209945,1386,26,69,212,1079,6497,813,4932,752,56,
NORTH CAROLINA,Fletcher,8219,6,1,1,1,3,110,34,69,7,0,
NORTH CAROLINA,Forest City,7391,39,0,7,4,28,391,96,284,11,3,
NORTH CAROLINA,Four Oaks,2624,4,0,2,0,2,15,0,13,2,0,
NORTH CAROLINA,Franklin,4377,11,0,4,0,7,127,34,85,8,1,
NORTH CAROLINA,Franklinton,2806,8,2,0,2,4,92,19,70,3,0,
NORTH CAROLINA,Fuquay-Varina,47436,33,0,6,5,22,275,30,230,15,1,
NORTH CAROLINA,Garner,36720,131,1,11,17,102,1655,124,1397,134,5,
NORTH CAROLINA,Gastonia,85112,723,4,32,105,582,2991,436,2202,353,22,
NORTH CAROLINA,Gibsonville,9619,17,0,5,1,11,89,16,68,5,2,
NORTH CAROLINA,Goldsboro,33444,360,15,10,61,274,1961,328,1525,108,6,
NORTH CAROLINA,Graham,18772,65,3,9,12,41,353,60,237,56,4,
NORTH CAROLINA,Granite Falls,4908,10,0,4,0,6,146,35,106,5,0,
NORTH CAROLINA,Greensboro,304306,2811,43,80,528,2160,10295,1468,7024,1803,90,
NORTH CAROLINA,Greenville,90871,412,9,17,49,337,2648,247,2227,174,13,
NORTH CAROLINA,Havelock,16574,34,0,2,4,28,261,61,198,2,2,
NORTH CAROLINA,Haw River,2381,12,0,3,4,5,66,6,54,6,1,
NORTH CAROLINA,Henderson,14791,265,4,7,29,225,858,135,690,33,3,
NORTH CAROLINA,Hendersonville,15561,41,1,5,5,30,476,92,354,30,5,
NORTH CAROLINA,Hickory,44682,182,1,11,25,145,1262,183,961,118,7,
NORTH CAROLINA,Highlands,1122,0,0,0,0,0,19,3,16,0,0,
NORTH CAROLINA,High Point,117629,535,3,15,92,425,2889,404,1777,708,40,
NORTH CAROLINA,Hillsborough,9788,37,2,2,5,28,443,22,395,26,0,
NORTH CAROLINA,Holden Beach,945,1,0,0,0,1,14,4,10,0,0,
NORTH CAROLINA,Holly Ridge,5523,3,0,1,0,2,46,13,32,1,0,
NORTH CAROLINA,Hudson,3761,2,0,1,0,1,49,4,40,5,0,
NORTH CAROLINA,Huntersville,65752,94,1,12,13,68,897,166,627,104,4,
NORTH CAROLINA,Jefferson,1638,2,0,1,0,1,25,3,19,3,0,
NORTH CAROLINA,Jonesville,2332,4,0,0,0,4,153,79,67,7,0,
NORTH CAROLINA,Kannapolis,60725,102,6,20,14,62,1084,122,830,132,3,
NORTH CAROLINA,Kenansville,762,2,0,0,0,2,21,5,14,2,0,
NORTH CAROLINA,Kernersville,28522,65,2,2,7,54,898,99,750,49,5,
NORTH CAROLINA,Kill Devil Hills,7817,17,0,2,3,12,117,25,90,2,0,
NORTH CAROLINA,King,7680,6,0,0,2,4,92,3,84,5,1,
NORTH CAROLINA,Kings Mountain,12045,78,2,7,5,64,273,70,186,17,0,
NORTH CAROLINA,Kinston,19298,185,4,15,16,150,958,192,719,47,13,
NORTH CAROLINA,Kitty Hawk,3714,9,0,0,1,8,61,16,45,0,0,
NORTH CAROLINA,Knightdale,20557,40,0,4,5,31,601,36,491,74,1,
NORTH CAROLINA,Laurinburg,14994,284,9,11,24,240,756,244,450,62,6,
NORTH CAROLINA,Leland,33162,32,0,11,4,17,326,81,232,13,0,
NORTH CAROLINA,Lenoir,18201,47,0,9,9,29,586,166,380,40,8,
NORTH CAROLINA,Lexington,19899,87,3,8,17,59,601,128,408,65,7,
NORTH CAROLINA,Lincolnton,12478,45,0,7,8,30,265,20,236,9,1,
NORTH CAROLINA,Louisburg,3340,12,1,1,0,10,184,5,175,4,1,
NORTH CAROLINA,Lowell,3839,5,0,0,1,4,56,8,38,10,0,
NORTH CAROLINA,Lumberton,19087,320,10,14,57,239,1898,388,1355,155,4,
NORTH CAROLINA,Madison,2165,1,0,0,0,1,43,10,32,1,3,
NORTH CAROLINA,Maggie Valley,1751,8,2,0,0,6,89,21,55,13,1,
NORTH CAROLINA,Marion,7435,18,0,0,2,16,238,82,135,21,1,
NORTH CAROLINA,Marshville,2701,18,0,0,1,17,61,12,42,7,0,
NORTH CAROLINA,Matthews,31422,58,0,6,20,32,834,110,666,58,0,
NORTH CAROLINA,Maxton,2116,5,1,0,0,4,21,3,15,3,2,
NORTH CAROLINA,Mayodan,2464,2,0,2,0,0,193,7,184,2,0,
NORTH CAROLINA,Maysville,848,2,0,1,0,1,9,2,7,0,0,
NORTH CAROLINA,Mebane,20920,64,0,4,7,53,672,38,597,37,1,
NORTH CAROLINA,Middlesex,945,0,0,0,0,0,11,3,8,0,0,
NORTH CAROLINA,Mint Hill,28259,28,0,1,4,23,236,42,149,45,0,
NORTH CAROLINA,Monroe,38903,254,3,28,32,191,1297,167,1031,99,7,
NORTH CAROLINA,Mooresville,54823,119,2,31,12,74,1180,76,1038,66,2,
NORTH CAROLINA,Morehead City,9960,36,0,5,1,30,306,17,281,8,0,
NORTH CAROLINA,Morrisville,32336,32,1,2,10,19,787,49,679,59,1,
NORTH CAROLINA,Mount Airy,10590,33,1,7,0,25,258,56,183,19,4,
NORTH CAROLINA,Mount Holly,18581,20,1,2,3,14,306,166,106,34,0,
NORTH CAROLINA,Mount Olive,4280,13,0,0,0,13,126,12,104,10,0,
NORTH CAROLINA,Murfreesboro,2327,13,0,0,3,10,37,5,30,2,0,
NORTH CAROLINA,Nags Head,3130,8,0,0,0,8,107,26,79,2,0,
NORTH CAROLINA,New Bern,32548,118,4,11,14,89,526,89,421,16,0,
NORTH CAROLINA,Newport,4536,13,0,1,1,11,66,14,50,2,0,
NORTH CAROLINA,Newton,13479,54,1,5,3,45,257,60,183,14,2,
NORTH CAROLINA,North Topsail Beach,1090,0,0,0,0,0,16,6,9,1,0,
NORTH CAROLINA,North Wilkesboro,4323,11,0,5,0,6,89,19,63,7,0,
NORTH CAROLINA,Ocean Isle Beach,1019,1,0,0,0,1,31,8,21,2,0,
NORTH CAROLINA,Oxford,9032,76,1,4,11,60,324,29,283,12,2,
NORTH CAROLINA,Pembroke,2836,26,8,7,8,3,225,85,105,35,3,
NORTH CAROLINA,Pinehurst,18716,11,0,4,0,7,52,10,38,4,0,
NORTH CAROLINA,Pine Knoll Shores,1440,0,0,0,0,0,9,1,8,0,0,
NORTH CAROLINA,Pine Level,2353,0,0,0,0,0,8,2,4,2,0,
NORTH CAROLINA,Pineville,11330,82,0,3,22,57,992,131,765,96,2,
NORTH CAROLINA,Pittsboro,4934,5,0,1,1,3,151,12,131,8,0,
NORTH CAROLINA,Plymouth,3169,59,4,4,2,49,111,31,74,6,0,
NORTH CAROLINA,Raeford,4538,5,0,1,1,3,65,4,58,3,0,
NORTH CAROLINA,Raleigh,488085,2386,25,176,423,1762,13760,1362,10049,2349,36,
NORTH CAROLINA,Ranlo,4713,15,0,1,1,13,36,14,15,7,1,
NORTH CAROLINA,Red Springs,3161,28,3,6,1,18,138,27,94,17,0,
NORTH CAROLINA,Reidsville,14584,87,0,9,6,72,399,48,307,44,4,
NORTH CAROLINA,Richlands,2457,2,0,1,0,1,28,3,22,3,0,
NORTH CAROLINA,Roanoke Rapids,14497,130,1,8,17,104,490,78,376,36,4,
NORTH CAROLINA,Rockingham,8786,54,5,4,5,40,337,62,248,27,0,
NORTH CAROLINA,Rocky Mount,54223,415,7,21,85,302,2158,401,1545,212,26,
NORTH CAROLINA,Rolesville,11884,4,0,2,2,0,52,4,40,8,0,
NORTH CAROLINA,Rowland,890,3,0,0,1,2,30,15,14,1,0,
NORTH CAROLINA,Roxboro,8235,83,1,6,7,69,289,46,234,9,0,
NORTH CAROLINA,Rutherfordton,3701,11,1,0,0,10,123,24,90,9,1,
NORTH CAROLINA,Salisbury,36564,351,11,21,53,266,1458,147,1010,301,1,
NORTH CAROLINA,Saluda,646,2,0,0,0,2,9,2,5,2,0,
NORTH CAROLINA,Selma,7244,76,0,3,8,65,173,42,113,18,1,
NORTH CAROLINA,Shallotte,5548,18,0,2,1,15,233,15,214,4,1,
NORTH CAROLINA,Sharpsburg,1755,9,0,2,2,5,22,8,13,1,0,
NORTH CAROLINA,Shelby,22028,230,5,11,17,197,536,107,378,51,5,
NORTH CAROLINA,Siler City,8142,39,0,9,5,25,175,30,127,18,1,
NORTH CAROLINA,Smithfield,12852,63,1,1,8,53,458,43,388,27,2,
NORTH CAROLINA,Snow Hill,1467,3,0,1,1,1,31,11,19,1,1,
NORTH CAROLINA,Southern Pines,17092,63,0,3,10,50,347,45,262,40,4,
NORTH CAROLINA,Southern Shores,3150,1,0,0,0,1,35,17,17,1,1,
NORTH CAROLINA,Southport,4494,4,0,0,0,4,48,7,40,1,0,
NORTH CAROLINA,Spring Lake,11459,62,0,3,3,56,387,78,240,69,0,
NORTH CAROLINA,Spruce Pine,2189,2,0,2,0,0,33,6,23,4,0,
NORTH CAROLINA,Stallings,17564,9,0,3,0,6,118,21,88,9,0,
NORTH CAROLINA,Stantonsburg,757,4,0,1,0,3,7,3,4,0,0,
NORTH CAROLINA,Star,824,3,0,0,1,2,20,2,18,0,0,
NORTH CAROLINA,Sunset Beach,4660,5,0,0,0,5,45,9,36,0,0,
NORTH CAROLINA,Surf City,5120,15,0,4,1,10,91,9,78,4,0,
NORTH CAROLINA,Swansboro,4273,2,0,0,0,2,80,9,69,2,0,
NORTH CAROLINA,Sylva,2697,14,1,1,1,11,116,24,86,6,0,
NORTH CAROLINA,Tabor City,3636,11,0,2,2,7,56,9,37,10,1,
NORTH CAROLINA,Tarboro,10920,73,2,1,9,61,294,37,251,6,1,
NORTH CAROLINA,Taylorsville,2258,0,0,0,0,0,27,6,19,2,0,
NORTH CAROLINA,Thomasville,27525,91,5,2,25,59,632,132,431,69,6,
NORTH CAROLINA,Troutman,4057,7,0,1,0,6,135,31,98,6,0,
NORTH CAROLINA,Troy,2985,9,2,2,1,4,48,14,33,1,1,
NORTH CAROLINA,Tryon,1620,2,0,1,0,1,25,6,17,2,0,
NORTH CAROLINA,Valdese,4703,5,0,0,0,5,93,19,69,5,0,
NORTH CAROLINA,Wadesboro,4909,100,3,3,9,85,361,85,233,43,2,
NORTH CAROLINA,Wake Forest,55872,82,2,3,5,72,729,58,624,47,2,
NORTH CAROLINA,Wallace,3492,14,0,1,2,11,112,16,87,9,0,
NORTH CAROLINA,Warsaw,2738,9,0,1,1,7,83,16,56,11,1,
NORTH CAROLINA,Washington,9616,50,4,5,8,33,325,31,278,16,1,
NORTH CAROLINA,Waxhaw,23893,14,0,3,1,10,101,13,85,3,1,
NORTH CAROLINA,Waynesville,10813,54,2,11,2,39,304,28,266,10,3,
NORTH CAROLINA,Weaverville,4732,3,0,0,0,3,148,11,134,3,1,
NORTH CAROLINA,Weldon,1365,1,0,0,0,1,37,7,28,2,1,
NORTH CAROLINA,Wendell,16281,22,0,1,2,19,175,41,111,23,3,
NORTH CAROLINA,West Jefferson,1340,1,0,0,0,1,60,4,56,0,0,
NORTH CAROLINA,Whispering Pines,5431,0,0,0,0,0,14,4,10,0,0,
NORTH CAROLINA,Whiteville,4654,25,0,6,5,14,371,73,271,27,1,
NORTH CAROLINA,Wilkesboro,3652,13,0,2,1,10,192,23,162,7,1,
NORTH CAROLINA,Williamston,4994,58,3,1,8,46,320,58,254,8,0,
NORTH CAROLINA,Wilmington,125101,604,7,57,91,449,4397,452,3555,390,8,
NORTH CAROLINA,Wilson,47825,277,12,13,30,222,1149,137,900,112,14,
NORTH CAROLINA,Wilson's Mills,2915,22,0,0,2,20,32,5,24,3,0,
NORTH CAROLINA,Windsor,3153,14,1,2,0,11,38,5,32,1,1,
NORTH CAROLINA,Winston-Salem,254041,2057,29,117,247,1664,7421,1448,5073,900,70,
NORTH CAROLINA,Winterville,10926,9,0,1,1,7,79,8,66,5,0,
NORTH CAROLINA,Woodfin,8031,14,0,1,2,11,87,29,46,12,0,
NORTH CAROLINA,Wrightsville Beach,2405,5,0,0,2,3,88,16,71,1,0,
NORTH CAROLINA,Yadkinville,3025,9,0,3,0,6,57,5,51,1,0,
NORTH CAROLINA,Youngsville,2368,0,0,0,0,0,52,2,48,2,0,
NORTH CAROLINA,Zebulon,10356,34,1,0,7,26,254,38,192,24,2,
NORTH DAKOTA,Beulah,3027,3,0,1,0,2,16,1,14,1,0,
NORTH DAKOTA,Bismarck,75546,210,1,34,46,129,1813,187,1452,174,5,
NORTH DAKOTA,Bowman,1394,1,0,0,0,1,9,3,6,0,0,
NORTH DAKOTA,Carrington,1987,1,0,0,0,1,4,1,3,0,0,
NORTH DAKOTA,Dickinson,24910,74,2,10,2,60,425,44,346,35,0,
NORTH DAKOTA,Fargo,135682,676,6,139,105,426,5016,1006,3529,481,15,
NORTH DAKOTA,Grafton,4027,2,0,0,0,2,24,1,19,4,2,
NORTH DAKOTA,Grand Forks,58848,211,3,43,16,149,1343,151,1103,89,1,
NORTH DAKOTA,Jamestown,15651,16,0,3,1,12,194,20,149,25,1,
NORTH DAKOTA,Lincoln,4479,3,0,0,0,3,20,3,12,5,0,
NORTH DAKOTA,Lisbon,2164,2,0,1,0,1,19,1,16,2,1,
NORTH DAKOTA,Mandan,24711,71,0,18,2,51,638,81,471,86,5,
NORTH DAKOTA,Minot,47041,150,1,25,21,103,660,113,442,105,16,
NORTH DAKOTA,Rolla,1148,1,0,0,0,1,18,2,15,1,0,
NORTH DAKOTA,Stanley,2133,4,1,0,0,3,30,1,26,3,0,
NORTH DAKOTA,Steele,648,0,0,0,0,0,7,0,4,3,0,
NORTH DAKOTA,Tioga,2060,3,0,0,0,3,16,0,15,1,0,
NORTH DAKOTA,Valley City,6541,10,0,0,1,9,62,6,49,7,0,
NORTH DAKOTA,Wahpeton,7995,19,0,11,0,8,175,15,144,16,2,
NORTH DAKOTA,Watford City,5949,18,0,4,0,14,96,4,79,13,0,
NORTH DAKOTA,West Fargo,40915,67,1,22,5,39,415,95,282,38,2,
NORTH DAKOTA,Williston,27211,119,0,21,5,93,630,93,475,62,1,
NORTH DAKOTA,Wishek,837,1,0,0,0,1,0,0,0,0,0,
OHIO,Ada,5293,10,0,0,1,9,33,6,26,1,0,
OHIO,Akron,188223,1544,24,213,155,1152,5562,714,4071,777,41,
OHIO,Alliance,21490,59,0,8,1,50,443,50,373,20,4,
OHIO,Amberley Village,3790,2,0,0,0,2,32,6,26,0,0,
OHIO,American Township,12432,3,0,0,1,2,233,6,222,5,0,
OHIO,Amherst,12996,31,0,2,3,26,130,5,123,2,0,
OHIO,Archbold,4426,6,0,1,0,5,31,1,26,4,1,
OHIO,Ashland,18552,32,0,13,5,14,263,27,231,5,1,
OHIO,Ashtabula,17723,33,0,7,11,15,163,39,109,15,3,
OHIO,Ashville,4831,3,2,1,0,0,24,11,11,2,0,
OHIO,Athens,25104,24,0,3,4,17,242,22,204,16,0,
OHIO,Aurora,17869,3,0,0,0,3,68,3,64,1,0,
OHIO,Austintown,35491,36,1,13,5,17,491,43,384,64,0,
OHIO,Avon,25562,19,0,1,2,16,229,7,219,3,0,
OHIO,Avon Lake,26167,5,0,1,0,4,76,12,59,5,0,
OHIO,Bainbridge Township,12921,0,0,0,0,0,130,2,126,2,1,
OHIO,Barberton,24375,74,0,16,6,52,506,44,439,23,7,
OHIO,Barnesville,3878,3,0,1,0,2,8,1,7,0,0,
OHIO,Batavia,2011,1,0,1,0,0,16,1,15,0,1,
OHIO,"Bath Township, Summit County",9940,7,0,1,0,6,152,5,147,0,0,
OHIO,Bay Village,15838,8,1,1,0,6,52,5,44,3,0,
OHIO,Bazetta Township,5871,6,0,0,0,6,94,5,86,3,0,
OHIO,Beachwood,13758,6,0,0,0,6,307,11,274,22,1,
OHIO,Beavercreek,47389,35,1,9,8,17,945,45,813,87,1,
OHIO,Beaver Township,6659,5,0,0,0,5,49,7,40,2,0,
OHIO,Bedford,12761,8,0,0,0,8,69,13,30,26,0,
OHIO,Bedford Heights,10723,11,1,0,2,8,215,25,167,23,1,
OHIO,Bellaire,3731,19,1,7,3,8,21,1,20,0,1,
OHIO,Bellbrook,7439,3,0,2,0,1,34,0,30,4,0,
OHIO,Bellefontaine,14061,15,0,0,0,15,111,9,94,8,1,
OHIO,Bellville,1993,0,0,0,0,0,12,0,12,0,0,
OHIO,Belpre,6580,7,0,0,0,7,38,5,32,1,0,
OHIO,Berea,17886,4,0,0,0,4,67,10,56,1,1,
OHIO,Bethel,2671,1,0,0,0,1,28,2,23,3,0,
OHIO,Bexley,12436,15,0,4,6,5,300,50,209,41,0,
OHIO,Blanchester,4219,3,0,3,0,0,32,5,27,0,0,
OHIO,Blendon Township,7802,6,0,0,3,3,77,7,61,9,0,
OHIO,Blue Ash,13410,24,1,4,3,16,241,12,216,13,1,
OHIO,Boardman,39587,53,1,15,21,16,1217,99,1055,63,1,
OHIO,Botkins,1182,2,0,0,0,2,15,0,15,0,0,
OHIO,Bowling Green,30287,21,0,5,2,14,290,21,262,7,0,
OHIO,Bratenahl,1396,4,0,0,1,3,3,0,3,0,0,
OHIO,Brecksville,14045,1,0,0,0,1,43,0,39,4,0,
OHIO,Brewster,2101,0,0,0,0,0,11,3,8,0,0,
OHIO,Bridgeport,1522,0,0,0,0,0,0,0,0,0,0,
OHIO,Brimfield Township,11438,7,0,1,0,6,245,8,231,6,0,
OHIO,Broadview Heights,19709,1,0,0,1,0,20,0,19,1,0,
OHIO,Brook Park,18054,10,0,0,0,10,104,11,62,31,0,
OHIO,Brookville,5894,4,0,2,0,2,52,10,32,10,0,
OHIO,Brunswick,34952,23,0,8,0,15,134,6,125,3,0,
OHIO,Bryan,8571,5,0,0,0,5,64,4,60,0,0,
OHIO,Bucyrus,11495,13,0,9,0,4,158,9,144,5,1,
OHIO,Butler Township,8195,36,1,13,2,20,538,30,369,139,0,
OHIO,Cadiz,2950,4,0,0,1,3,10,0,8,2,1,
OHIO,Cambridge,9932,9,0,5,0,4,196,10,186,0,0,
OHIO,Canal Fulton,5339,7,0,2,0,5,39,8,30,1,0,
OHIO,Canfield,7588,4,0,3,0,1,26,3,21,2,0,
OHIO,Canton,68725,771,2,91,79,599,2374,534,1690,150,5,
OHIO,Carrollton,3098,2,0,0,0,2,9,1,8,0,0,
OHIO,Celina,10870,5,0,3,0,2,106,1,104,1,1,
OHIO,Centerville,26281,10,0,2,2,6,265,12,219,34,0,
OHIO,Chagrin Falls,4092,3,0,0,0,3,23,1,21,1,0,
OHIO,Champion Township,9303,7,0,2,0,5,70,9,58,3,0,
OHIO,Chardon,5238,0,0,0,0,0,24,0,24,0,0,
OHIO,Cheviot,8504,27,0,5,1,21,176,9,122,45,0,
OHIO,Chillicothe,21848,45,0,12,5,28,1014,91,884,39,4,
OHIO,Cincinnati,311599,2635,68,178,722,1667,11932,1709,7463,2760,0,
OHIO,Circleville,14623,41,1,6,0,34,249,15,231,3,3,
OHIO,Clayton,13195,12,0,1,2,9,152,15,107,30,0,
OHIO,Clearcreek Township,19749,7,0,4,0,3,80,9,55,16,4,
OHIO,Cleveland,362762,5663,109,511,1412,3631,16057,3121,8777,4159,190,
OHIO,Cleveland Heights,43853,110,3,17,21,69,570,73,331,166,1,
OHIO,Clinton Township,4205,6,0,1,2,3,101,0,101,0,0,
OHIO,Coitsville Township,1242,4,0,1,0,3,22,6,16,0,0,
OHIO,Coldwater,4693,0,0,0,0,0,12,0,12,0,0,
OHIO,Colerain Township,58402,147,1,20,30,96,1127,85,900,142,6,
OHIO,Columbiana,6819,5,0,1,1,3,21,2,18,1,0,
OHIO,Columbus,915447,3981,112,1137,803,1929,24290,3703,15618,4969,17,
OHIO,Cortland,7051,4,0,0,0,4,34,4,29,1,0,
OHIO,Crestline,4439,6,0,0,0,6,5,0,5,0,0,
OHIO,Cuyahoga Falls,50639,88,0,14,5,69,935,63,827,45,1,
OHIO,Dayton,134857,1806,40,157,341,1268,5845,1159,2892,1794,46,
OHIO,Deer Park,5309,6,0,3,0,3,40,7,29,4,0,
OHIO,Defiance,17042,37,0,10,0,27,201,21,177,3,0,
OHIO,Delaware,46369,68,1,13,7,47,459,34,399,26,5,
OHIO,Delhi Township,28332,38,0,11,6,21,351,15,304,32,2,
OHIO,Delphos,7045,6,0,3,0,3,44,4,38,2,0,
OHIO,Delta,3298,3,0,0,0,3,19,1,18,0,0,
OHIO,Dover,12917,20,0,8,0,12,81,10,69,2,2,
OHIO,Dublin,48784,53,0,6,6,41,447,50,333,64,1,
OHIO,East Canton,1506,0,0,0,0,0,18,2,16,0,0,
OHIO,East Cleveland,13336,188,5,12,33,138,400,74,200,126,7,
OHIO,Eastlake,17269,44,0,7,1,36,288,8,263,17,1,
OHIO,East Liverpool,9631,24,0,5,2,17,86,15,69,2,0,
OHIO,East Palestine,4630,4,0,0,0,4,56,8,46,2,0,
OHIO,Eaton,8271,10,0,5,1,4,108,8,91,9,0,
OHIO,Elmwood Place,2045,33,0,3,4,26,64,9,42,13,1,
OHIO,Elyria,53263,155,2,25,15,113,788,112,633,43,7,
OHIO,Englewood,13175,17,0,5,2,10,352,24,307,21,1,
OHIO,Euclid,48176,105,7,20,28,50,595,49,405,141,5,
OHIO,Evendale,2617,6,0,0,0,6,142,4,136,2,0,
OHIO,Fairborn,34779,95,0,28,9,58,450,62,313,75,5,
OHIO,Fairfax,1735,1,0,0,1,0,265,1,260,4,0,
OHIO,Fairfield,44296,74,0,9,4,61,661,42,547,72,3,
OHIO,Fairfield Township,22989,34,1,6,8,19,442,13,420,9,0,
OHIO,Findlay,40089,126,2,37,11,76,655,58,581,16,1,
OHIO,Forest Park,19730,56,1,11,9,35,333,8,235,90,1,
OHIO,Fostoria,13038,22,0,13,2,7,93,16,70,7,1,
OHIO,Franklin,11642,22,0,6,2,14,290,20,246,24,1,
OHIO,Franklin Township,10301,11,0,3,5,3,93,14,52,27,3,
OHIO,Fredericktown,2609,0,0,0,0,0,11,0,11,0,2,
OHIO,Fremont,15782,43,1,2,5,35,357,24,321,12,0,
OHIO,Gahanna,34979,81,1,10,10,60,644,48,499,97,5,
OHIO,Galion,10243,25,0,5,0,20,54,10,37,7,1,
OHIO,Gallipolis,3274,14,0,2,1,11,119,10,106,3,0,
OHIO,Garfield Heights,28876,134,2,16,24,92,540,83,361,96,5,
OHIO,Genoa Township,28085,4,0,2,2,0,76,8,67,1,0,
OHIO,Georgetown,4458,6,1,1,0,4,41,7,33,1,0,
OHIO,Germantown,5810,6,0,2,0,4,45,8,33,4,1,
OHIO,Girard,9434,23,0,1,1,21,130,19,106,5,0,
OHIO,"Goshen Township, Clermont County",16502,12,2,0,1,9,50,7,37,6,0,
OHIO,"Goshen Township, Mahoning County",3072,4,0,1,0,3,45,8,32,5,0,
OHIO,Grafton,5754,1,0,0,0,1,14,0,14,0,0,
OHIO,Grandview Heights,9050,1,0,1,0,0,193,27,157,9,0,
OHIO,Greenfield,4334,4,0,1,0,3,21,6,12,3,0,
OHIO,Greenhills,3630,14,0,1,1,12,44,3,40,1,1,
OHIO,Green Township,59412,67,1,8,12,46,713,73,577,63,1,
OHIO,Grove City,43284,56,0,19,9,28,1148,57,1004,87,4,
OHIO,Groveport,5742,8,0,2,2,4,59,3,48,8,0,
OHIO,Hamilton,62860,197,2,34,27,134,1293,210,962,121,13,
OHIO,"Hamilton Township, Warren County",28313,9,0,3,0,6,107,6,90,11,0,
OHIO,Harrison,13559,15,0,3,3,9,100,3,94,3,0,
OHIO,Hartville,3402,1,0,0,0,1,31,4,26,1,0,
OHIO,Heath,10781,14,0,6,4,4,475,34,432,9,2,
OHIO,Hebron,2403,5,0,3,0,2,22,4,18,0,1,
OHIO,Hicksville,3420,5,0,2,1,2,15,0,14,1,0,
OHIO,Highland Heights,8554,0,0,0,0,0,38,0,36,2,0,
OHIO,Hilliard,37305,45,0,12,6,27,347,35,270,42,4,
OHIO,Hillsboro,6660,5,0,2,0,3,88,3,79,6,0,
OHIO,Hinckley Township,8176,4,0,1,0,3,24,5,19,0,0,
OHIO,Holland,1785,1,0,0,0,1,282,1,279,2,0,
OHIO,Howland Township,17051,15,0,1,1,13,196,16,172,8,0,
OHIO,Hubbard,7551,14,0,3,0,11,98,9,81,8,0,
OHIO,Hubbard Township,5280,7,0,0,0,7,27,3,23,1,0,
OHIO,Huber Heights,43269,82,0,19,9,54,778,67,609,102,0,
OHIO,Hudson,22932,8,0,2,1,5,109,4,101,4,0,
OHIO,Huron,6613,6,0,1,0,5,18,0,17,1,0,
OHIO,Independence,7510,12,1,1,3,7,90,1,88,1,0,
OHIO,Ironton,10068,27,0,3,2,22,48,14,32,2,0,
OHIO,Jackson,6190,18,0,3,4,11,125,9,111,5,1,
OHIO,"Jackson Township, Stark County",42924,91,0,24,11,56,845,62,743,40,2,
OHIO,Jefferson,3173,6,0,3,0,3,21,4,15,2,0,
OHIO,Johnstown,5351,9,0,0,0,9,33,1,31,1,0,
OHIO,Kent,27524,35,0,0,5,30,350,38,284,28,0,
OHIO,Kenton,7802,18,0,7,1,10,113,14,88,11,3,
OHIO,Kettering,56562,24,0,10,7,7,849,88,677,84,3,
OHIO,Lakemore,2899,17,0,0,2,15,61,10,49,2,0,
OHIO,Lakewood,49272,70,0,7,8,55,562,54,441,67,2,
OHIO,Lancaster,41687,169,5,36,7,121,886,81,754,51,9,
OHIO,Lawrence Township,8193,4,0,1,0,3,22,4,17,1,1,
OHIO,Lebanon,21985,26,2,4,2,18,239,13,200,26,0,
OHIO,Liberty Township,11877,22,0,8,3,11,181,9,155,17,1,
OHIO,Lima,34552,262,6,46,27,183,1164,232,848,84,10,
OHIO,Lisbon,2516,1,0,1,0,0,12,2,8,2,0,
OHIO,Lockland,3448,39,0,6,7,26,76,13,47,16,0,
OHIO,Lodi,2789,2,0,1,0,1,13,1,11,1,0,
OHIO,London,10623,13,1,2,0,10,77,10,65,2,0,
OHIO,Lorain,65374,380,2,20,35,323,1014,169,753,92,9,
OHIO,Lordstown,3320,6,0,0,1,5,19,3,15,1,0,
OHIO,Loudonville,2772,3,0,0,0,3,6,0,5,1,0,
OHIO,Louisville,9761,9,0,0,0,9,74,19,52,3,0,
OHIO,Loveland,13108,11,0,2,2,7,55,2,49,4,1,
OHIO,Lyndhurst,13634,17,0,4,6,7,145,2,138,5,0,
OHIO,Madeira,9400,0,0,0,0,0,35,1,33,1,0,
OHIO,Madison,3409,2,0,0,0,2,19,1,18,0,0,
OHIO,"Madison Township, Franklin County",19179,9,2,2,1,4,66,8,51,7,0,
OHIO,Marion,35373,158,0,36,9,113,467,85,348,34,5,
OHIO,Martins Ferry,6024,21,1,1,0,19,24,2,20,2,1,
OHIO,Marysville,29393,29,0,13,2,14,318,15,292,11,0,
OHIO,Mason,35923,13,0,7,0,6,190,2,188,0,1,
OHIO,Massillon,32569,103,2,21,7,73,592,64,488,40,5,
OHIO,Maumee,13558,22,0,6,3,13,330,24,289,17,0,
OHIO,Mayfield Heights,19792,4,0,0,1,3,59,3,56,0,0,
OHIO,Mayfield Village,3311,0,0,0,0,0,22,0,20,2,0,
OHIO,McConnelsville,1633,5,0,0,0,5,19,4,15,0,0,
OHIO,Mechanicsburg,1681,0,0,0,0,0,6,0,4,2,0,
OHIO,Medina,25827,26,0,8,2,16,199,20,172,7,1,
OHIO,Mentor,46765,54,0,10,1,43,635,21,593,21,0,
OHIO,Mentor-on-the-Lake,7070,3,0,1,0,2,45,2,41,2,1,
OHIO,Miamisburg,19781,29,0,3,7,19,291,34,203,54,1,
OHIO,"Miami Township, Clermont County",44929,38,2,11,0,25,350,18,310,22,0,
OHIO,"Miami Township, Montgomery County",30666,56,1,15,20,20,664,49,533,82,2,
OHIO,Middleport,2140,4,0,0,0,4,9,2,7,0,0,
OHIO,Mifflin Township,2505,1,0,0,0,1,6,1,3,2,0,
OHIO,Milford,6404,3,0,1,1,1,60,2,56,2,1,
OHIO,Mogadore,3796,0,0,0,0,0,43,5,35,3,0,
OHIO,Monroe,18069,20,0,2,4,14,276,11,239,26,0,
OHIO,Montgomery,10784,4,0,0,0,4,71,3,62,6,0,
OHIO,Montpelier,3869,7,0,3,0,4,82,9,70,3,1,
OHIO,Montville Township,13415,8,0,0,0,8,36,3,32,1,0,
OHIO,Moraine,6636,39,0,3,7,29,425,35,342,48,2,
OHIO,Mount Gilead,3543,2,0,0,1,1,11,1,10,0,0,
OHIO,Mount Healthy,6809,32,3,3,7,19,165,28,116,21,2,
OHIO,Mount Orab,4348,10,0,1,0,9,25,2,19,4,0,
OHIO,Munroe Falls,4941,0,0,0,0,0,4,2,2,0,0,
OHIO,Napoleon,8714,19,0,8,1,10,158,27,129,2,1,
OHIO,Navarre,1795,2,0,1,0,1,11,3,8,0,0,
OHIO,Nelsonville,4492,7,0,2,0,5,115,24,84,7,1,
OHIO,New Albany,11423,11,0,1,1,9,133,10,113,10,1,
OHIO,Newark,51394,145,2,16,16,111,836,118,627,91,13,
OHIO,Newburgh Heights,1804,7,0,0,0,7,5,1,4,0,0,
OHIO,Newcomerstown,3626,8,0,1,0,7,35,8,25,2,0,
OHIO,New Franklin,13763,12,0,1,2,9,44,7,34,3,2,
OHIO,New Lebanon,3778,6,0,2,1,3,38,8,30,0,1,
OHIO,New Philadelphia,17362,20,0,2,1,17,89,11,76,2,0,
OHIO,New Richmond,2783,2,0,0,0,2,4,1,3,0,0,
OHIO,Niles,18202,53,1,10,12,30,507,70,421,16,0,
OHIO,North Canton,17577,10,0,4,1,5,192,9,180,3,0,
OHIO,North College Hill,9401,86,1,7,17,61,298,19,231,48,2,
OHIO,Northfield,3537,2,0,2,0,0,35,4,31,0,0,
OHIO,North Olmsted,31532,20,1,3,1,15,315,12,274,29,2,
OHIO,Northwood,5226,9,0,2,2,5,102,9,89,4,0,
OHIO,Norton,11314,15,0,6,0,9,185,21,149,15,0,
OHIO,Norwalk,17164,7,0,3,0,4,105,6,96,3,0,
OHIO,Norwood,19057,46,0,1,7,38,601,47,492,62,1,
OHIO,Oak Harbor,2792,1,0,1,0,0,34,1,32,1,0,
OHIO,Oakwood Village,3480,2,0,0,0,2,29,1,26,2,0,
OHIO,Oberlin,7438,12,0,4,1,7,101,3,98,0,0,
OHIO,Obetz,7542,8,1,0,1,6,83,3,75,5,2,
OHIO,Olmsted Falls,8638,0,0,0,0,0,27,1,26,0,0,
OHIO,Olmsted Township,14535,5,1,1,0,3,29,5,19,5,1,
OHIO,Ontario,6650,10,0,2,0,8,230,3,222,5,0,
OHIO,Orange Village,3548,3,0,0,0,3,38,2,32,4,0,
OHIO,Oregon,19639,38,1,7,2,28,826,37,770,19,1,
OHIO,Orrville,8409,9,0,2,1,6,25,2,20,3,0,
OHIO,Ottawa Hills,4781,1,0,0,0,1,36,9,17,10,0,
OHIO,Painesville,20713,38,1,2,1,34,121,21,92,8,0,
OHIO,Parma,78967,94,0,23,8,63,561,54,433,74,4,
OHIO,Parma Heights,20484,6,0,0,0,6,68,11,45,12,1,
OHIO,Paulding,3523,1,0,1,0,0,8,0,8,0,0,
OHIO,Peninsula,515,3,0,0,0,3,8,1,7,0,0,
OHIO,Pepper Pike,6883,0,0,0,0,0,37,4,30,3,0,
OHIO,Perkins Township,12607,13,0,1,1,11,335,2,329,4,0,
OHIO,Perrysburg,25302,7,0,5,0,2,113,3,107,3,0,
OHIO,Perrysburg Township,13762,5,0,1,0,4,167,14,151,2,2,
OHIO,"Perry Township, Franklin County",3743,1,0,0,0,1,6,2,3,1,1,
OHIO,"Perry Township, Stark County",28114,23,0,2,4,17,213,49,160,4,0,
OHIO,Pickerington,25959,35,0,10,9,16,285,28,238,19,1,
OHIO,Pierce Township,15431,16,0,6,1,9,150,11,133,6,1,
OHIO,Pioneer,1404,1,0,1,0,0,21,3,18,0,0,
OHIO,Piqua,20861,109,0,26,4,79,624,88,516,20,4,
OHIO,Plain City,4406,1,0,0,0,1,5,0,4,1,0,
OHIO,Poland Township,12019,6,0,1,2,3,43,11,32,0,0,
OHIO,Pomeroy,1513,1,0,0,0,1,1,0,1,0,0,
OHIO,Port Clinton,5905,20,0,8,1,11,60,8,49,3,1,
OHIO,Portsmouth,17343,124,3,15,9,97,669,118,509,42,1,
OHIO,Powell,14572,3,0,0,0,3,131,6,117,8,0,
OHIO,Ravenna,11182,15,0,2,3,10,199,12,182,5,3,
OHIO,Reading,11118,17,1,2,2,12,237,25,192,20,0,
OHIO,Reynoldsburg,41277,198,1,32,29,136,990,57,814,119,5,
OHIO,Richmond Heights,10509,8,1,2,3,2,95,16,67,12,1,
OHIO,Rocky River,21256,5,0,1,0,4,89,2,85,2,0,
OHIO,Ross Township,8897,14,0,1,0,13,39,2,30,7,1,
OHIO,Salem,11661,27,0,5,2,20,159,9,145,5,1,
OHIO,Sandusky,23981,93,3,12,12,66,621,95,495,31,4,
OHIO,Sebring,4121,4,0,0,3,1,68,13,55,0,1,
OHIO,Seven Hills,11526,10,0,3,0,7,102,10,85,7,0,
OHIO,Sharon Township,2292,0,0,0,0,0,7,0,5,2,0,
OHIO,Sharonville,13811,44,0,6,2,36,260,19,191,50,0,
OHIO,Shawnee Township,12438,12,0,2,0,10,80,15,63,2,1,
OHIO,Sheffield Lake,8969,19,0,0,0,19,40,9,29,2,0,
OHIO,Shelby,9255,25,0,7,0,18,105,16,88,1,1,
OHIO,Sidney,20230,63,1,21,2,39,421,37,363,21,3,
OHIO,Solon,23736,13,0,5,1,7,190,16,170,4,1,
OHIO,South Bloomfield,2859,1,0,0,0,1,14,2,11,1,0,
OHIO,South Euclid,21255,44,3,7,17,17,388,25,320,43,0,
OHIO,South Zanesville,1904,0,0,0,0,0,19,3,15,1,0,
OHIO,Springboro,19591,9,1,1,1,6,118,8,82,28,0,
OHIO,Springdale,11096,53,1,7,9,36,375,22,309,44,0,
OHIO,Springfield,57911,794,4,43,138,609,2615,518,1641,456,62,
OHIO,"Springfield Township, Hamilton County",35232,58,1,7,14,36,480,47,362,71,2,
OHIO,"Springfield Township, Mahoning County",6704,5,0,1,0,4,29,8,21,0,1,
OHIO,"Springfield Township, Summit County",14090,34,1,2,2,29,654,21,608,25,1,
OHIO,St. Bernard,3909,8,0,1,1,6,123,7,95,21,0,
OHIO,St. Clairsville,4938,0,0,0,0,0,7,0,7,0,0,
OHIO,St. Clair Township,7592,4,0,0,0,4,68,2,66,0,0,
OHIO,Steubenville,18037,22,1,0,4,17,519,31,473,15,0,
OHIO,Stow,33791,39,2,14,1,22,593,24,559,10,3,
OHIO,Streetsboro,17957,18,0,1,3,14,303,8,288,7,1,
OHIO,Strongsville,45600,33,0,9,3,21,585,23,544,18,0,
OHIO,Struthers,9877,28,0,5,3,20,106,22,68,16,0,
OHIO,Sugarcreek Township,9729,8,0,3,0,5,227,8,205,14,0,
OHIO,Sylvania,19034,12,0,2,2,8,141,12,121,8,1,
OHIO,Sylvania Township,31726,23,0,1,3,19,473,30,417,26,0,
OHIO,Tallmadge,18287,20,0,3,2,15,174,22,143,9,0,
OHIO,Toledo,263668,2745,32,260,283,2170,7204,1274,4863,1067,133,
OHIO,Toronto,5155,15,0,2,0,13,6,0,6,0,1,
OHIO,Trenton,13995,12,0,1,1,10,22,4,13,5,0,
OHIO,Trotwood,22895,160,6,12,18,124,645,106,339,200,10,
OHIO,Troy,27008,38,0,16,4,18,301,36,245,20,1,
OHIO,Twinsburg,19500,11,0,2,0,9,108,5,102,1,1,
OHIO,Uhrichsville,5122,32,1,5,0,26,74,17,54,3,0,
OHIO,Union,6977,6,0,3,1,2,78,2,72,4,1,
OHIO,Uniontown,7213,7,0,2,0,5,103,4,96,3,0,
OHIO,University Heights,13098,17,0,0,5,12,141,8,118,15,0,
OHIO,Upper Arlington,35410,10,0,3,5,2,283,29,209,45,1,
OHIO,Upper Sandusky,6632,10,1,6,0,3,140,3,136,1,0,
OHIO,Urbana,11166,14,0,8,2,4,187,4,180,3,1,
OHIO,Vandalia,14854,25,0,9,1,15,263,36,179,48,0,
OHIO,Van Wert,11018,26,0,5,0,21,358,37,315,6,1,
OHIO,Vermilion,10722,5,0,1,1,3,60,4,55,1,0,
OHIO,Vienna Township,4046,2,0,0,0,2,13,1,9,3,0,
OHIO,Village of Leesburg,1284,4,0,0,0,4,15,4,11,0,0,
OHIO,Wadsworth,24925,34,0,17,4,13,243,10,232,1,1,
OHIO,Walton Hills,1991,1,0,0,0,1,6,0,3,3,0,
OHIO,Wapakoneta,9731,9,0,1,1,7,107,7,100,0,0,
OHIO,Washington Court House,14403,22,0,5,2,15,166,30,128,8,4,
OHIO,Waterville,5998,8,0,2,0,6,35,5,30,0,1,
OHIO,Waverly,4100,3,0,0,1,2,26,0,25,1,0,
OHIO,Weathersfield,8005,26,0,4,1,21,109,9,95,5,1,
OHIO,Wellston,5470,14,0,3,1,10,55,3,50,2,0,
OHIO,West Carrollton,12798,45,0,9,2,34,211,32,139,40,2,
OHIO,West Chester Township,63335,61,1,14,0,46,1034,82,859,93,0,
OHIO,Westerville,37540,83,0,15,8,60,648,36,575,37,1,
OHIO,West Jefferson,4607,2,0,0,0,2,49,2,43,4,0,
OHIO,Westlake,34189,10,0,5,0,5,222,15,200,7,0,
OHIO,Whitehall,19603,206,1,27,58,120,1168,101,974,93,3,
OHIO,Whitehouse,5082,1,0,0,0,1,8,1,7,0,1,
OHIO,Wickliffe,12600,16,0,4,2,10,97,1,88,8,0,
OHIO,Willoughby,24261,26,0,3,1,22,226,17,203,6,1,
OHIO,Willowick,14089,9,0,0,2,7,41,1,40,0,0,
OHIO,Wintersville,3646,4,0,1,0,3,39,2,34,3,0,
OHIO,Woodlawn,3853,27,0,3,2,22,92,5,76,11,0,
OHIO,Wooster,26966,77,0,34,3,40,557,67,473,17,4,
OHIO,Worthington,14402,24,0,1,5,18,179,15,151,13,0,
OHIO,Wyoming,8643,8,0,2,0,6,52,8,40,4,0,
OHIO,Xenia,25820,72,0,26,6,40,377,46,297,34,1,
OHIO,Yellow Springs,3723,8,1,3,1,3,48,7,40,1,1,
OHIO,Youngstown,58850,405,11,25,53,316,1620,333,1007,280,17,
OHIO,Zanesville,24610,82,0,20,5,57,699,135,526,38,7,
OKLAHOMA,Achille,421,1,0,0,0,1,1,1,0,0,0,
OKLAHOMA,Ada,16655,78,1,12,4,61,321,73,225,23,0,
OKLAHOMA,Adair,743,1,0,0,0,1,17,9,6,2,0,
OKLAHOMA,Afton,734,0,0,0,0,0,9,3,6,0,1,
OKLAHOMA,Allen,808,2,0,0,0,2,17,5,6,6,0,
OKLAHOMA,Altus,18613,54,2,11,3,38,269,62,193,14,3,
OKLAHOMA,Alva,4969,7,1,1,0,5,35,6,26,3,0,
OKLAHOMA,Amber,453,0,0,0,0,0,5,1,3,1,0,
OKLAHOMA,Anadarko,5449,33,0,6,0,27,137,48,80,9,1,
OKLAHOMA,Antlers,2185,11,0,2,0,9,60,5,51,4,2,
OKLAHOMA,Apache,991,1,0,1,0,0,5,3,2,0,1,
OKLAHOMA,Arapaho,657,0,0,0,0,0,0,0,0,0,0,
OKLAHOMA,Arcadia,176,0,0,0,0,0,2,1,1,0,0,
OKLAHOMA,Ardmore,24886,284,2,19,6,257,773,107,592,74,12,
OKLAHOMA,Arkoma,1864,16,0,2,1,13,50,19,23,8,0,
OKLAHOMA,Atoka,2969,29,0,2,0,27,151,30,113,8,1,
OKLAHOMA,Avant,303,0,0,0,0,0,0,0,0,0,0,
OKLAHOMA,Barnsdall,1005,0,0,0,0,0,6,2,3,1,0,
OKLAHOMA,Bartlesville,38361,141,1,38,11,91,815,189,565,61,11,
OKLAHOMA,Beaver,1258,3,0,1,0,2,5,1,3,1,0,
OKLAHOMA,Beggs,1190,7,0,2,0,5,17,9,7,1,0,
OKLAHOMA,Bennington,317,4,0,1,1,2,6,3,3,0,0,
OKLAHOMA,Bernice,436,1,0,0,0,1,7,1,4,2,0,
OKLAHOMA,Bethany,20221,42,0,11,8,23,310,128,173,9,4,
OKLAHOMA,Binger,435,1,0,0,0,1,9,0,8,1,0,
OKLAHOMA,Bixby,31380,50,0,7,1,42,219,48,148,23,1,
OKLAHOMA,Blackwell,6073,27,1,11,0,15,130,70,54,6,5,
OKLAHOMA,Blair,710,1,0,1,0,0,4,1,3,0,0,
OKLAHOMA,Blanchard,9919,11,0,2,0,9,68,15,43,10,0,
OKLAHOMA,Boise City,1092,0,0,0,0,0,7,2,3,2,0,
OKLAHOMA,Bokchito,606,3,0,0,0,3,17,3,12,2,0,
OKLAHOMA,Bokoshe,407,3,0,0,0,3,3,3,0,0,0,
OKLAHOMA,Boley,1086,1,0,1,0,0,3,0,3,0,0,
OKLAHOMA,Boswell,583,0,0,0,0,0,0,0,0,0,0,
OKLAHOMA,Bristow,4260,22,0,4,1,17,79,13,54,12,1,
OKLAHOMA,Broken Arrow,121004,270,4,42,10,214,1453,193,1128,132,3,
OKLAHOMA,Broken Bow,4224,35,0,3,4,28,173,51,109,13,4,
OKLAHOMA,Burns Flat,1887,1,0,1,0,0,5,2,3,0,0,
OKLAHOMA,Butler,205,0,0,0,0,0,0,0,0,0,0,
OKLAHOMA,Cache,3200,11,0,2,0,9,20,4,13,3,0,
OKLAHOMA,Caddo,1067,0,0,0,0,0,5,2,2,1,1,
OKLAHOMA,Calera,3059,4,0,2,0,2,42,8,27,7,1,
OKLAHOMA,Calumet,504,1,0,0,0,1,0,0,0,0,0,
OKLAHOMA,Calvin,315,0,0,0,0,0,0,0,0,0,0,
OKLAHOMA,Caney,192,0,0,0,0,0,4,2,2,0,0,
OKLAHOMA,Canton,449,4,0,0,0,4,4,0,3,1,0,
OKLAHOMA,Carnegie,1358,2,0,1,0,1,9,1,7,1,0,
OKLAHOMA,Carney,571,1,0,0,0,1,0,0,0,0,0,
OKLAHOMA,Cashion,938,2,0,0,0,2,5,1,3,1,0,
OKLAHOMA,Catoosa,7544,16,0,1,1,14,116,27,60,29,0,
OKLAHOMA,Cement,413,0,0,0,0,0,0,0,0,0,0,
OKLAHOMA,Chandler,2946,13,0,5,1,7,49,9,34,6,0,
OKLAHOMA,Chattanooga,409,0,0,0,0,0,2,1,1,0,0,
OKLAHOMA,Checotah,3104,6,0,0,1,5,53,9,37,7,1,
OKLAHOMA,Chelsea,1998,1,0,0,0,1,19,4,13,2,0,
OKLAHOMA,Cherokee,1438,9,0,0,0,9,29,8,21,0,0,
OKLAHOMA,Chickasha,16979,53,1,14,3,35,314,86,203,25,3,
OKLAHOMA,Choctaw,12253,21,2,5,1,13,148,17,113,18,0,
OKLAHOMA,Chouteau,2158,10,1,0,0,9,35,5,24,6,0,
OKLAHOMA,Claremore,20645,60,0,14,0,46,335,62,256,17,3,
OKLAHOMA,Clayton,556,0,0,0,0,0,4,0,3,1,0,
OKLAHOMA,Cleveland,3230,11,2,2,1,6,59,5,54,0,0,
OKLAHOMA,Clinton,8345,38,1,7,5,25,124,28,80,16,1,
OKLAHOMA,Coalgate,1663,2,0,0,0,2,14,1,13,0,0,
OKLAHOMA,Colbert,1090,3,0,1,0,2,20,5,9,6,0,
OKLAHOMA,Colcord,762,2,0,1,0,1,10,1,9,0,2,
OKLAHOMA,Collinsville,9763,9,0,6,0,3,73,13,50,10,0,
OKLAHOMA,Comanche,1413,2,0,0,0,2,16,4,11,1,0,
OKLAHOMA,Cordell,2699,3,0,0,0,3,7,1,6,0,0,
OKLAHOMA,Covington,468,0,0,0,0,0,8,2,6,0,0,
OKLAHOMA,Coweta,11170,17,0,4,1,12,64,12,42,10,0,
OKLAHOMA,Crescent,1397,2,0,0,0,2,7,1,5,1,0,
OKLAHOMA,Cushing,8416,23,0,3,3,17,202,31,160,11,1,
OKLAHOMA,Cyril,789,4,0,0,0,4,6,4,2,0,0,
OKLAHOMA,Davenport,851,4,0,0,0,4,2,1,0,1,0,
OKLAHOMA,Davis,2789,16,0,1,1,14,70,20,40,10,1,
OKLAHOMA,Del City,21151,111,1,9,12,89,666,61,542,63,2,
OKLAHOMA,Depew,414,5,0,3,1,1,9,1,7,1,0,
OKLAHOMA,Dewar,760,0,0,0,0,0,6,2,3,1,0,
OKLAHOMA,Dewey,3432,9,0,2,2,5,53,11,37,5,0,
OKLAHOMA,Dibble,992,0,0,0,0,0,5,1,3,1,0,
OKLAHOMA,Dickson,1358,4,0,1,0,3,11,2,7,2,0,
OKLAHOMA,Disney,227,1,0,1,0,0,0,0,0,0,0,
OKLAHOMA,Drumright,2527,4,0,1,1,2,56,11,37,8,0,
OKLAHOMA,Duke,392,0,0,0,0,0,2,2,0,0,0,
OKLAHOMA,Duncan,23345,82,0,16,4,62,484,91,375,18,4,
OKLAHOMA,Durant,20850,56,1,15,9,31,648,83,531,34,2,
OKLAHOMA,Earlsboro,612,1,0,0,0,1,8,2,5,1,0,
OKLAHOMA,Edmond,99249,164,2,37,10,115,1346,208,1087,51,3,
OKLAHOMA,Eldorado,313,0,0,0,0,0,2,1,1,0,0,
OKLAHOMA,Elgin,3631,0,0,0,0,0,3,0,2,1,0,
OKLAHOMA,Elk City,11201,25,1,8,2,14,116,31,79,6,2,
OKLAHOMA,El Reno,19965,41,1,9,2,29,271,66,184,21,5,
OKLAHOMA,Enid,50382,271,0,52,16,203,1201,318,806,77,11,
OKLAHOMA,Erick,961,3,0,0,1,2,4,1,3,0,0,
OKLAHOMA,Eufaula,2855,7,0,1,0,6,56,7,38,11,1,
OKLAHOMA,Fairfax,1094,3,0,1,0,2,20,7,13,0,0,
OKLAHOMA,Fairland,1106,1,0,0,0,1,7,1,5,1,0,
OKLAHOMA,Fairview,2635,4,0,3,0,1,16,8,6,2,0,
OKLAHOMA,Fletcher,1256,0,0,0,0,0,2,0,1,1,0,
OKLAHOMA,Fort Cobb,499,0,0,0,0,0,6,2,4,0,0,
OKLAHOMA,Fort Gibson,3837,10,0,0,1,9,38,11,23,4,0,
OKLAHOMA,Fort Towson,496,0,0,0,0,0,0,0,0,0,0,
OKLAHOMA,Frederick,3403,11,0,6,0,5,94,38,49,7,4,
OKLAHOMA,Gans,255,0,0,0,0,0,0,0,0,0,0,
OKLAHOMA,Garber,713,2,0,1,0,1,10,6,4,0,0,
OKLAHOMA,Geary,975,10,0,2,0,8,42,24,18,0,0,
OKLAHOMA,Geronimo,1166,0,0,0,0,0,10,3,6,1,0,
OKLAHOMA,Glenpool,14568,16,0,8,0,8,217,44,162,11,0,
OKLAHOMA,Goodwell,910,0,0,0,0,0,2,0,0,2,0,
OKLAHOMA,Gore,994,2,0,1,0,1,3,2,1,0,0,
OKLAHOMA,Grandfield,896,6,0,2,0,4,2,0,2,0,0,
OKLAHOMA,Granite,1628,2,0,2,0,0,4,0,3,1,1,
OKLAHOMA,Grove,7409,22,0,6,0,16,225,38,163,24,1,
OKLAHOMA,Guthrie,11609,19,0,7,1,11,194,21,151,22,2,
OKLAHOMA,Guymon,12090,24,0,8,2,14,123,39,76,8,0,
OKLAHOMA,Harrah,6615,12,0,1,1,10,74,22,39,13,0,
OKLAHOMA,Hartshorne,1879,7,0,0,0,7,35,11,21,3,0,
OKLAHOMA,Haskell,1708,7,0,1,0,6,27,13,12,2,0,
OKLAHOMA,Haworth,284,7,0,0,0,7,28,15,12,1,0,
OKLAHOMA,Healdton,2354,5,0,0,0,5,18,6,7,5,2,
OKLAHOMA,Heavener,3039,9,0,1,0,8,32,4,25,3,0,
OKLAHOMA,Hennessey,2183,1,0,0,0,1,5,1,4,0,0,
OKLAHOMA,Henryetta,5604,22,2,1,0,19,62,18,36,8,0,
OKLAHOMA,Hinton,4898,1,0,0,0,1,19,5,9,5,0,
OKLAHOMA,Hobart,3341,16,1,0,0,15,42,12,29,1,0,
OKLAHOMA,Holdenville,5917,16,0,3,1,12,90,40,40,10,3,
OKLAHOMA,Hollis,1701,5,0,1,0,4,29,13,14,2,1,
OKLAHOMA,Hominy,3266,7,0,3,0,4,65,29,31,5,0,
OKLAHOMA,Hooker,1689,0,0,0,0,0,4,0,3,1,0,
OKLAHOMA,Howe,646,0,0,0,0,0,2,1,1,0,0,
OKLAHOMA,Hugo,5200,14,0,1,0,13,115,19,77,19,1,
OKLAHOMA,Hulbert,493,0,0,0,0,0,2,0,0,2,0,
OKLAHOMA,Hydro,896,0,0,0,0,0,4,0,3,1,0,
OKLAHOMA,Idabel,6966,11,1,0,2,8,148,36,108,4,0,
OKLAHOMA,Inola,1894,3,0,0,0,3,7,2,4,1,0,
OKLAHOMA,Jay,2471,26,0,8,0,18,91,23,56,12,0,
OKLAHOMA,Jenks,28063,42,0,6,2,34,324,36,275,13,0,
OKLAHOMA,Jennings,292,0,0,0,0,0,1,0,1,0,0,
OKLAHOMA,Jones,3266,6,0,0,1,5,21,13,7,1,1,
OKLAHOMA,Kansas,754,4,0,0,0,4,4,1,3,0,0,
OKLAHOMA,Kellyville,1037,3,0,2,0,1,5,2,3,0,0,
OKLAHOMA,Kiefer,2280,0,0,0,0,0,16,0,13,3,0,
OKLAHOMA,Kingfisher,5102,28,0,8,0,20,85,10,72,3,1,
OKLAHOMA,Kingston,1491,3,0,1,0,2,15,5,7,3,0,
OKLAHOMA,Kiowa,601,3,0,0,0,3,5,2,2,1,0,
OKLAHOMA,Konawa,1260,6,0,1,0,5,20,5,14,1,0,
OKLAHOMA,Krebs,2065,6,0,1,1,4,26,13,11,2,0,
OKLAHOMA,Lahoma,522,0,0,0,0,0,0,0,0,0,0,
OKLAHOMA,Langley,654,1,1,0,0,0,30,5,21,4,0,
OKLAHOMA,Laverne,1180,0,0,0,0,0,11,4,4,3,0,
OKLAHOMA,Lawton,90209,740,9,129,65,537,2393,840,1345,208,38,
OKLAHOMA,Lexington,2038,5,0,0,0,5,10,1,8,1,0,
OKLAHOMA,Lindsay,2868,9,0,0,0,9,57,19,31,7,1,
OKLAHOMA,Locust Grove,1398,9,0,1,0,8,60,22,30,8,2,
OKLAHOMA,Lone Grove,5252,14,0,5,0,9,45,12,28,5,1,
OKLAHOMA,Luther,1618,7,1,3,0,3,6,1,4,1,0,
OKLAHOMA,Madill,4070,3,0,1,0,2,55,2,51,2,0,
OKLAHOMA,Mangum,2732,5,0,0,0,5,31,8,21,2,1,
OKLAHOMA,Mannford,3356,4,0,0,0,4,9,4,3,2,0,
OKLAHOMA,Marble City,192,0,0,0,0,0,1,1,0,0,0,
OKLAHOMA,Marietta,2843,7,0,2,2,3,36,6,26,4,0,
OKLAHOMA,Marlow,4531,4,0,1,0,3,56,15,32,9,0,
OKLAHOMA,Maud,875,1,0,1,0,0,11,2,7,2,0,
OKLAHOMA,Maysville,1084,5,0,1,0,4,7,0,6,1,0,
OKLAHOMA,McAlester,18134,67,1,5,7,54,430,72,320,38,1,
OKLAHOMA,McCurtain,368,0,0,0,0,0,0,0,0,0,0,
OKLAHOMA,McLoud,4530,17,0,3,3,11,37,7,26,4,0,
OKLAHOMA,Medford,876,1,0,0,0,1,3,0,2,1,0,
OKLAHOMA,Medicine Park,479,0,0,0,0,0,4,1,3,0,0,
OKLAHOMA,Meeker,1025,3,0,1,0,2,6,0,6,0,0,
OKLAHOMA,Miami,12836,66,1,7,1,57,368,64,280,24,3,
OKLAHOMA,Midwest City,57961,201,4,22,21,154,1206,152,922,132,9,
OKLAHOMA,Moore,63609,121,1,24,9,87,962,141,715,106,4,
OKLAHOMA,Mooreland,1128,0,0,0,0,0,1,0,0,1,0,
OKLAHOMA,Morris,1326,4,0,1,0,3,10,5,4,1,0,
OKLAHOMA,Mounds,982,6,0,0,0,6,3,2,1,0,0,
OKLAHOMA,Mountain View,733,5,0,1,0,4,7,4,3,0,0,
OKLAHOMA,Muldrow,3366,27,0,4,0,23,68,19,38,11,4,
OKLAHOMA,Muskogee,36898,364,4,35,21,304,1088,235,770,83,10,
OKLAHOMA,Mustang,24424,34,1,14,3,16,163,33,116,14,0,
OKLAHOMA,Nash,186,0,0,0,0,0,0,0,0,0,0,
OKLAHOMA,Newcastle,15096,19,1,3,0,15,126,32,74,20,0,
OKLAHOMA,Newkirk,2180,1,0,1,0,0,26,3,22,1,0,
OKLAHOMA,Nichols Hills,3812,3,0,0,0,3,33,6,23,4,0,
OKLAHOMA,Nicoma Park,2281,7,0,0,0,7,31,5,19,7,0,
OKLAHOMA,Ninnekah,815,4,0,0,0,4,3,1,1,1,0,
OKLAHOMA,Noble,7989,15,0,3,0,12,84,25,46,13,1,
OKLAHOMA,Norman,130681,340,1,51,24,264,2962,459,2205,298,4,
OKLAHOMA,North Enid,992,3,0,0,0,3,11,2,8,1,0,
OKLAHOMA,Nowata,3563,11,0,1,0,10,60,17,41,2,2,
OKLAHOMA,Oilton,892,1,0,0,0,1,10,3,4,3,0,
OKLAHOMA,Okarche,1188,1,0,0,0,1,5,0,4,1,0,
OKLAHOMA,Okeene,1036,0,0,0,0,0,4,3,1,0,0,
OKLAHOMA,Okemah,3049,20,1,1,0,18,80,22,53,5,0,
OKLAHOMA,Oklahoma City,709456,4796,73,517,707,3499,20528,4133,13840,2555,120,
OKLAHOMA,Okmulgee,11405,45,0,7,4,34,367,93,240,34,1,
OKLAHOMA,Olustee,463,0,0,0,0,0,1,0,1,0,0,
OKLAHOMA,Oologah,1349,2,0,2,0,0,13,2,9,2,0,
OKLAHOMA,Owasso,42134,52,1,16,2,33,594,53,508,33,3,
OKLAHOMA,Pauls Valley,6059,15,0,3,1,11,139,32,95,12,0,
OKLAHOMA,Pawhuska,2908,12,0,2,0,10,46,14,29,3,1,
OKLAHOMA,Pawnee,1948,6,0,0,0,6,26,6,15,5,0,
OKLAHOMA,Perkins,3288,5,1,2,0,2,29,8,13,8,1,
OKLAHOMA,Perry,4404,5,0,0,0,5,55,15,34,6,2,
OKLAHOMA,Piedmont,9293,7,0,2,0,5,22,1,18,3,0,
OKLAHOMA,Pocola,4615,7,2,0,0,5,21,4,14,3,1,
OKLAHOMA,Ponca City,24286,140,2,21,10,107,608,142,395,71,5,
OKLAHOMA,Porum,610,4,0,0,0,4,8,3,4,1,2,
OKLAHOMA,Poteau,9161,27,0,4,1,22,269,53,206,10,3,
OKLAHOMA,Prague,2410,6,0,0,1,5,17,5,11,1,0,
OKLAHOMA,Pryor Creek,9697,42,3,10,2,27,218,21,179,18,0,
OKLAHOMA,Purcell,6938,17,1,2,1,13,143,26,106,11,2,
OKLAHOMA,Quinton,844,3,0,0,0,3,26,13,11,2,0,
OKLAHOMA,Ramona,549,0,0,0,0,0,13,6,6,1,1,
OKLAHOMA,Ratliff City,64,1,0,0,0,1,4,0,4,0,0,
OKLAHOMA,Rattan,281,0,0,0,0,0,0,0,0,0,0,
OKLAHOMA,Red Oak,529,1,0,0,0,1,0,0,0,0,0,
OKLAHOMA,Ringling,871,0,0,0,0,0,0,0,0,0,0,
OKLAHOMA,Roland,3992,14,0,2,1,11,47,5,38,4,0,
OKLAHOMA,Rush Springs,1012,1,0,0,0,1,4,0,4,0,0,
OKLAHOMA,Salina,1102,4,0,0,0,4,19,5,11,3,1,
OKLAHOMA,Sallisaw,8688,44,1,2,0,41,274,33,227,14,0,
OKLAHOMA,Sand Springs,20133,49,1,5,4,39,556,49,457,50,0,
OKLAHOMA,Sapulpa,23322,43,1,6,4,32,325,64,239,22,2,
OKLAHOMA,Sawyer,340,1,0,0,1,0,10,4,2,4,0,
OKLAHOMA,Sayre,4790,4,0,0,0,4,33,13,16,4,0,
OKLAHOMA,Seiling,800,0,0,0,0,0,0,0,0,0,0,
OKLAHOMA,Seminole,7308,27,0,3,0,24,158,24,109,25,1,
OKLAHOMA,Shady Point,1001,1,0,0,0,1,6,3,2,1,0,
OKLAHOMA,Shattuck,1199,0,0,0,0,0,0,0,0,0,0,
OKLAHOMA,Shawnee,31966,160,1,29,14,116,909,146,674,89,2,
OKLAHOMA,Skiatook,8861,26,1,3,2,20,100,19,77,4,1,
OKLAHOMA,Snyder,1243,3,0,0,0,3,20,6,11,3,0,
OKLAHOMA,South Coffeyville,685,0,0,0,0,0,11,2,9,0,0,
OKLAHOMA,Sparks,124,0,0,0,0,0,0,0,0,0,0,
OKLAHOMA,Spavinaw,358,0,0,0,0,0,12,4,7,1,1,
OKLAHOMA,Spencer,3860,20,0,2,0,18,53,12,28,13,0,
OKLAHOMA,Sperry,1153,10,0,2,1,7,26,5,18,3,1,
OKLAHOMA,Spiro,2192,5,0,0,0,5,26,3,19,4,0,
OKLAHOMA,Sterling,668,2,0,0,0,2,0,0,0,0,0,
OKLAHOMA,Stigler,2778,9,0,2,0,7,48,8,39,1,1,
OKLAHOMA,Stillwater,49910,91,0,21,6,64,774,104,621,49,4,
OKLAHOMA,Stilwell,3795,22,0,2,1,19,126,16,104,6,4,
OKLAHOMA,Stratford,1415,5,0,1,0,4,12,5,7,0,0,
OKLAHOMA,Stringtown,437,1,0,0,0,1,1,1,0,0,0,
OKLAHOMA,Stroud,2860,3,0,0,0,3,63,24,35,4,1,
OKLAHOMA,Sulphur,4863,9,0,0,0,9,70,18,41,11,2,
OKLAHOMA,Tahlequah,17037,31,0,2,1,28,391,16,364,11,0,
OKLAHOMA,Talala,262,2,0,0,0,2,3,1,2,0,0,
OKLAHOMA,Talihina,936,4,0,1,0,3,34,13,20,1,1,
OKLAHOMA,Tecumseh,6344,16,2,5,0,9,111,22,82,7,0,
OKLAHOMA,Thackerville,408,0,0,0,0,0,10,4,5,1,1,
OKLAHOMA,The Village,9302,24,0,1,2,21,205,23,173,9,2,
OKLAHOMA,Thomas,1133,5,0,1,0,4,3,2,1,0,0,
OKLAHOMA,Tishomingo,3050,5,0,0,0,5,60,39,18,3,1,
OKLAHOMA,Tonkawa,2992,9,0,1,0,8,49,12,35,2,2,
OKLAHOMA,Tryon,392,0,0,0,0,0,1,0,0,1,0,
OKLAHOMA,Tulsa,411310,3874,39,435,406,2994,14920,3073,9862,1985,54,
OKLAHOMA,Tupelo,324,1,0,0,0,1,0,0,0,0,0,
OKLAHOMA,Tushka,428,0,0,0,0,0,3,1,2,0,0,
OKLAHOMA,Tuttle,8714,10,0,3,0,7,33,8,22,3,1,
OKLAHOMA,Tyrone,713,0,0,0,0,0,4,1,2,1,0,
OKLAHOMA,Union City,2100,1,0,0,0,1,8,0,5,3,0,
OKLAHOMA,Valley Brook,641,1,0,0,0,1,19,8,9,2,1,
OKLAHOMA,Valliant,800,2,0,2,0,0,17,1,12,4,0,
OKLAHOMA,Velma,584,0,0,0,0,0,4,2,1,1,0,
OKLAHOMA,Verden,516,1,0,0,1,0,6,3,3,0,0,
OKLAHOMA,Verdigris,5879,6,0,1,0,5,24,2,20,2,1,
OKLAHOMA,Vian,1392,12,1,1,0,10,33,4,29,0,0,
OKLAHOMA,Vici,577,1,1,0,0,0,6,3,3,0,0,
OKLAHOMA,Vinita,5349,9,0,3,0,6,102,18,69,15,2,
OKLAHOMA,Wagoner,8630,37,0,3,1,33,194,58,123,13,4,
OKLAHOMA,Walters,2341,6,0,0,0,6,34,10,16,8,0,
OKLAHOMA,Warner,1610,8,0,5,0,3,25,5,15,5,0,
OKLAHOMA,Warr Acres,10482,40,0,6,6,28,363,37,297,29,1,
OKLAHOMA,Washington,734,0,0,0,0,0,1,0,0,1,0,
OKLAHOMA,Watonga,2582,8,0,1,1,6,27,11,16,0,1,
OKLAHOMA,Watts,280,0,0,0,0,0,1,0,1,0,0,
OKLAHOMA,Waukomis,1317,2,0,0,0,2,11,4,7,0,0,
OKLAHOMA,Waurika,1839,4,0,0,0,4,12,5,7,0,0,
OKLAHOMA,Waynoka,695,1,0,1,0,0,0,0,0,0,0,
OKLAHOMA,Weatherford,12009,5,0,1,0,4,49,7,41,1,0,
OKLAHOMA,Webbers Falls,342,0,0,0,0,0,10,1,6,3,0,
OKLAHOMA,Weleetka,796,1,0,1,0,0,9,3,3,3,1,
OKLAHOMA,Wellston,695,1,0,0,0,1,12,6,5,1,0,
OKLAHOMA,West Siloam Springs,1066,0,0,0,0,0,48,5,42,1,1,
OKLAHOMA,Westville,1405,7,0,1,0,6,48,24,17,7,1,
OKLAHOMA,Wetumka,1137,12,0,1,1,10,50,7,40,3,1,
OKLAHOMA,Wewoka,3069,15,0,0,0,15,17,1,13,3,0,
OKLAHOMA,Wilburton,2295,5,0,0,0,5,29,5,24,0,0,
OKLAHOMA,Wilson,1433,1,0,0,1,0,18,6,9,3,1,
OKLAHOMA,Wister,1066,2,0,0,0,2,13,4,9,0,0,
OKLAHOMA,Woodward,11641,33,2,5,1,25,165,52,103,10,1,
OKLAHOMA,Wright City,595,0,0,0,0,0,8,1,7,0,0,
OKLAHOMA,Wyandotte,492,2,0,0,1,1,5,0,4,1,0,
OKLAHOMA,Wynnewood,1926,8,0,0,0,8,12,4,6,2,1,
OKLAHOMA,Wynona,381,0,0,0,0,0,0,0,0,0,0,
OKLAHOMA,Yale,1072,6,0,3,0,3,20,7,12,1,6,
OKLAHOMA,Yukon,27315,46,0,13,1,32,324,43,258,23,1,
OREGON,Albany,57179,112,0,22,21,69,1047,94,905,48,22,
OREGON,Ashland,20949,53,0,2,10,41,370,43,309,18,2,
OREGON,Astoria,9918,32,2,9,4,17,162,38,114,10,6,
OREGON,Banks,1796,2,0,0,0,2,10,3,6,1,0,
OREGON,Beaverton,96762,353,1,64,62,226,2575,340,2016,219,20,
OREGON,Bend,106241,179,3,24,24,128,1447,137,1222,88,22,
OREGON,Boardman,4421,12,0,6,0,6,40,5,34,1,1,
OREGON,Brookings,6643,9,0,2,1,6,88,9,76,3,0,
OREGON,Canby,17861,38,0,11,2,25,161,10,136,15,2,
OREGON,Cannon Beach,1504,4,0,0,1,3,29,1,27,1,0,
OREGON,Carlton,2226,2,0,0,0,2,16,2,11,3,0,
OREGON,Central Point,19199,33,1,11,2,19,187,27,145,15,1,
OREGON,Columbia City,1941,0,0,0,0,0,5,1,4,0,0,
OREGON,Coos Bay,15469,97,1,9,8,79,690,147,481,62,10,
OREGON,Coquille,3982,5,0,0,3,2,42,8,27,7,0,
OREGON,Cornelius,15792,51,0,10,5,36,253,15,227,11,4,
OREGON,Corvallis,61474,113,1,23,20,69,1544,181,1305,58,35,
OREGON,Cottage Grove,10627,29,1,4,4,20,208,16,176,16,3,
OREGON,Dallas,17869,47,1,4,5,37,372,24,330,18,6,
OREGON,Eagle Point,9869,20,0,0,0,20,155,10,142,3,0,
OREGON,Eugene,178057,566,2,82,126,356,5797,847,4377,573,122,
OREGON,Florence,9468,8,0,3,1,4,202,18,174,10,1,
OREGON,Forest Grove,26992,91,0,21,5,65,369,55,287,27,5,
OREGON,Gaston,664,1,0,0,0,1,5,0,5,0,0,
OREGON,Gervais,2531,8,0,0,0,8,9,1,5,3,0,
OREGON,Gladstone,11810,23,1,5,4,13,198,16,154,28,5,
OREGON,Grants Pass,39113,158,1,21,33,103,1136,187,854,95,13,
OREGON,Gresham,109452,449,6,63,93,287,2656,349,1612,695,15,
OREGON,Hermiston,19504,62,2,9,6,45,629,30,568,31,7,
OREGON,Hillsboro,107978,343,0,52,66,225,2623,188,2234,201,34,
OREGON,Hood River,8340,11,0,2,2,7,189,8,172,9,1,
OREGON,Hubbard,3351,3,0,1,1,1,25,4,20,1,0,
OREGON,Independence,10337,29,0,3,0,26,99,22,69,8,4,
OREGON,Jacksonville,2911,3,0,1,1,1,14,0,13,1,0,
OREGON,Keizer,38310,56,0,0,9,47,732,57,631,44,5,
OREGON,King City,4901,2,0,0,1,1,37,3,31,3,0,
OREGON,Klamath Falls,21911,106,3,14,18,71,589,77,407,105,3,
OREGON,La Grande,12963,33,0,7,4,22,346,50,280,16,5,
OREGON,Lake Oswego,39627,26,1,11,3,11,436,80,313,43,5,
OREGON,Lebanon,20144,29,0,4,3,22,212,15,171,26,2,
OREGON,Lincoln City,10061,50,1,10,5,34,196,39,147,10,2,
OREGON,Madras,7830,34,0,5,6,23,185,24,144,17,4,
OREGON,Manzanita,653,0,0,0,0,0,6,2,3,1,0,
OREGON,McMinnville,34443,78,0,12,9,57,492,52,402,38,2,
OREGON,Medford,84766,417,3,54,76,284,3248,246,2830,172,32,
OREGON,Milton-Freewater,6920,15,0,2,0,13,123,31,74,18,3,
OREGON,Milwaukie,21745,42,0,10,3,29,332,34,245,53,4,
OREGON,Molalla,10057,13,0,4,0,9,70,7,57,6,2,
OREGON,Monmouth,11311,15,0,0,4,11,107,10,86,11,2,
OREGON,Myrtle Creek,3509,9,0,3,0,6,89,7,78,4,0,
OREGON,Newberg-Dundee,26302,38,0,17,3,18,266,22,223,21,6,
OREGON,Newport,10553,26,1,8,3,14,282,29,239,14,5,
OREGON,North Bend,9970,16,0,5,0,11,322,40,257,25,5,
OREGON,North Plains,3357,6,0,3,1,2,37,5,29,3,1,
OREGON,Oakridge,3126,5,0,3,1,1,21,7,12,2,2,
OREGON,Oregon City,37213,86,0,18,6,62,493,43,402,48,13,
OREGON,Pendleton,17380,71,0,18,4,49,466,45,381,40,7,
OREGON,Philomath,5846,5,0,2,1,2,47,3,42,2,1,
OREGON,Phoenix,4404,10,0,2,2,6,146,6,137,3,1,
OREGON,Pilot Rock,1297,4,0,3,0,1,11,2,7,2,0,
OREGON,Portland,623066,4487,67,317,1105,2998,34432,4532,24432,5468,260,
OREGON,Prineville,12047,29,0,5,0,24,88,6,74,8,0,
OREGON,Rainier,1932,2,0,0,1,1,42,6,30,6,0,
OREGON,Redmond,38159,83,1,17,9,56,895,77,733,85,13,
OREGON,Reedsport,4321,14,0,0,2,12,62,11,48,3,3,
OREGON,Rogue River,2339,5,0,0,2,3,60,6,51,3,0,
OREGON,Roseburg,23922,52,1,13,16,22,901,66,772,63,13,
OREGON,Salem,177936,947,8,66,158,715,4988,787,3498,703,110,
OREGON,Sandy,13042,8,0,2,2,4,198,15,159,24,0,
OREGON,Seaside,7161,16,0,2,3,11,271,23,240,8,2,
OREGON,Sherwood,19804,26,0,6,4,16,301,14,273,14,1,
OREGON,Springfield,60830,186,1,30,17,138,1698,166,1413,119,20,
OREGON,Stayton,8222,24,0,1,1,22,162,19,132,11,1,
OREGON,St. Helens,14616,40,0,5,1,34,135,32,93,10,2,
OREGON,Sunriver,2024,3,0,0,0,3,26,6,19,1,0,
OREGON,Sutherlin,8692,26,0,1,1,24,142,12,121,9,4,
OREGON,Sweet Home,10325,18,1,4,2,11,276,36,228,12,5,
OREGON,Talent,6339,17,0,1,0,16,52,4,47,1,3,
OREGON,The Dalles,15712,58,1,4,15,38,402,45,325,32,10,
OREGON,Tigard,55784,177,0,20,51,106,1932,206,1620,106,11,
OREGON,Tillamook,5187,19,0,3,4,12,122,14,106,2,2,
OREGON,Tualatin,27219,60,0,10,12,38,714,63,586,65,2,
OREGON,Umatilla,7884,17,1,4,1,11,77,8,55,14,1,
OREGON,Warrenton,6245,24,0,5,5,14,280,13,258,9,2,
OREGON,West Linn,26382,15,0,3,2,10,205,26,167,12,0,
OREGON,Winston,5692,5,0,3,0,2,108,13,89,6,0,
OREGON,Woodburn,30138,83,0,20,19,44,872,42,704,126,5,
OREGON,Yamhill,1154,1,0,1,0,0,8,1,7,0,0,
PENNSYLVANIA,Abbottstown,1047,2,0,1,0,1,2,0,2,0,0,
PENNSYLVANIA,"Abington Township, Montgomery County",58429,73,0,8,29,36,1208,28,1106,74,4,
PENNSYLVANIA,"Adams Township, Butler County",15861,2,0,0,0,2,5,0,5,0,0,
PENNSYLVANIA,"Adams Township, Cambria County",5625,0,0,0,0,0,7,3,1,3,0,
PENNSYLVANIA,Alburtis,2572,0,0,0,0,0,9,0,9,0,0,
PENNSYLVANIA,Aldan,4198,12,0,2,0,10,40,6,31,3,0,
PENNSYLVANIA,"Allegheny Township, Blair County",6518,11,1,3,0,7,242,12,230,0,0,
PENNSYLVANIA,"Allegheny Township, Westmoreland County",8165,0,0,0,0,0,19,3,16,0,0,
PENNSYLVANIA,Allegheny Valley Regional,4470,1,0,0,0,1,15,3,12,0,0,
PENNSYLVANIA,Allentown,124599,339,4,33,71,231,1955,151,1560,244,11,
PENNSYLVANIA,Altoona,42424,142,1,32,31,78,785,141,595,49,10,
PENNSYLVANIA,Ambler,6854,2,0,0,0,2,56,1,53,2,0,
PENNSYLVANIA,Ambridge,6850,95,0,2,1,92,89,7,76,6,0,
PENNSYLVANIA,Amity Township,13428,7,0,2,0,5,51,8,39,4,0,
PENNSYLVANIA,Apollo,1555,1,0,1,0,0,4,1,3,0,0,
PENNSYLVANIA,Archbald,7509,10,0,0,0,10,35,4,29,2,0,
PENNSYLVANIA,Armagh Township,4054,2,0,1,0,1,12,0,11,1,0,
PENNSYLVANIA,Arnold,4644,39,1,2,2,34,72,19,46,7,0,
PENNSYLVANIA,Ashland,2488,2,0,0,2,0,19,4,15,0,0,
PENNSYLVANIA,Ashley,2608,14,0,3,0,11,9,0,9,0,0,
PENNSYLVANIA,Aspinwall,2772,2,0,0,0,2,18,0,16,2,0,
PENNSYLVANIA,Aston Township,16565,7,0,0,0,7,117,11,99,7,0,
PENNSYLVANIA,Athens,3219,3,0,0,0,3,39,9,30,0,1,
PENNSYLVANIA,Athens Township,5109,2,0,1,1,0,82,5,77,0,0,
PENNSYLVANIA,Avalon,4532,5,0,0,0,5,27,3,22,2,0,
PENNSYLVANIA,Avoca,2531,0,0,0,0,0,7,0,7,0,0,
PENNSYLVANIA,Avonmore Borough,879,0,0,0,0,0,0,0,0,0,0,
PENNSYLVANIA,Baldwin Borough,20459,29,0,0,2,27,67,6,46,15,0,
PENNSYLVANIA,Baldwin Township,1896,0,0,0,0,0,14,0,11,3,0,
PENNSYLVANIA,Bally,1217,2,0,0,1,1,7,0,4,3,0,
PENNSYLVANIA,Bangor,5109,17,0,0,1,16,41,5,34,2,0,
PENNSYLVANIA,Beaver,7368,3,0,0,0,3,30,1,26,3,0,
PENNSYLVANIA,Beaver Falls,11696,23,4,1,4,14,131,8,112,11,1,
PENNSYLVANIA,Beaver Meadows,896,0,0,0,0,0,0,0,0,0,0,
PENNSYLVANIA,Beaver Valley Regional,10063,21,0,1,2,18,41,6,29,6,0,
PENNSYLVANIA,Bedford,2818,3,0,1,1,1,12,2,10,0,0,
PENNSYLVANIA,Bedminster Township,7469,0,0,0,0,0,28,0,28,0,0,
PENNSYLVANIA,Bell Acres,1451,0,0,0,0,0,3,0,3,0,0,
PENNSYLVANIA,Bellefonte,5888,0,0,0,0,0,0,0,0,0,0,
PENNSYLVANIA,Bellevue,7902,14,0,5,6,3,85,4,71,10,0,
PENNSYLVANIA,Bellwood,1758,0,0,0,0,0,1,0,1,0,0,
PENNSYLVANIA,Bensalem Township,62843,59,1,3,27,28,1808,56,1566,186,9,
PENNSYLVANIA,Bentleyville,2323,0,0,0,0,0,6,0,6,0,0,
PENNSYLVANIA,Benton ,822,0,0,0,0,0,1,0,1,0,0,
PENNSYLVANIA,Berlin,1947,1,0,0,0,1,9,0,9,0,0,
PENNSYLVANIA,Bern Township,6745,7,0,0,1,6,35,8,27,0,0,
PENNSYLVANIA,Bernville,901,0,0,0,0,0,0,0,0,0,0,
PENNSYLVANIA,Berwick,10243,6,0,1,2,3,108,6,99,3,1,
PENNSYLVANIA,Bessemer,1040,0,0,0,0,0,4,1,3,0,3,
PENNSYLVANIA,Bethel Park,32034,19,0,3,3,13,202,9,189,4,0,
PENNSYLVANIA,"Bethel Township, Berks County",4107,2,0,0,0,2,10,1,6,3,0,
PENNSYLVANIA,"Bethel Township, Delaware County",9648,6,0,0,0,6,47,7,36,4,0,
PENNSYLVANIA,Bethlehem,79194,163,2,32,22,107,1084,67,911,106,7,
PENNSYLVANIA,Bethlehem Township,26492,19,0,4,4,11,305,18,271,16,2,
PENNSYLVANIA,Biglerville,1251,0,0,0,0,0,5,2,3,0,0,
PENNSYLVANIA,Birdsboro,5093,2,0,0,0,2,39,0,36,3,0,
PENNSYLVANIA,Birmingham Township,4089,0,0,0,0,0,2,1,1,0,0,
PENNSYLVANIA,Blacklick Township,1865,0,0,0,0,0,0,0,0,0,0,
PENNSYLVANIA,Blairsville,3199,7,0,2,1,4,42,7,33,2,0,
PENNSYLVANIA,Blair Township,4642,0,0,0,0,0,33,7,26,0,0,
PENNSYLVANIA,Blakely,6654,12,0,1,0,11,45,1,43,1,0,
PENNSYLVANIA,Blawnox,1385,0,0,0,0,0,3,0,2,1,0,
PENNSYLVANIA,Bloomsburg Town,13256,43,0,3,1,39,142,9,132,1,1,
PENNSYLVANIA,Bonneauville,1797,1,0,0,0,1,5,1,4,0,0,
PENNSYLVANIA,Boswell,1198,0,0,0,0,0,0,0,0,0,0,
PENNSYLVANIA,Braddock Hills,1646,1,0,0,0,1,7,0,6,1,0,
PENNSYLVANIA,Bradford,7471,63,0,2,2,59,202,7,189,6,1,
PENNSYLVANIA,Bradford Township,4619,2,0,1,0,1,16,2,14,0,1,
PENNSYLVANIA,Branch Township,1764,0,0,0,0,0,0,0,0,0,0,
PENNSYLVANIA,"Brecknock Township, Berks County",4598,0,0,0,0,0,10,1,9,0,0,
PENNSYLVANIA,Brentwood,9588,17,0,2,4,11,132,8,105,19,2,
PENNSYLVANIA,Briar Creek Township,5123,1,0,0,0,1,24,0,22,2,1,
PENNSYLVANIA,Bridgeport,5411,8,0,1,3,4,84,3,67,14,2,
PENNSYLVANIA,Bridgeville,4566,13,0,1,0,12,38,4,32,2,0,
PENNSYLVANIA,Bridgewater,728,0,0,0,0,0,5,1,4,0,0,
PENNSYLVANIA,Brighton Township,8754,8,0,0,0,8,5,2,2,1,0,
PENNSYLVANIA,Bristol,9882,5,0,0,4,1,127,14,113,0,0,
PENNSYLVANIA,Bristol Township,53784,81,0,21,26,34,858,52,682,124,3,
PENNSYLVANIA,Brockway,2225,1,0,0,0,1,2,0,2,0,0,
PENNSYLVANIA,Brookhaven,8291,4,0,0,2,2,232,2,225,5,0,
PENNSYLVANIA,Brookville,3894,9,0,9,0,0,13,2,11,0,0,
PENNSYLVANIA,Brownsville,2077,6,0,0,2,4,26,0,24,2,1,
PENNSYLVANIA,Bryn Athyn,1311,0,0,0,0,0,11,1,10,0,0,
PENNSYLVANIA,Buckingham Township,20736,4,2,0,1,1,83,6,75,2,1,
PENNSYLVANIA,Buffalo Township,8228,5,0,0,0,5,5,2,2,1,0,
PENNSYLVANIA,Buffalo Valley Regional,12755,15,0,0,0,15,27,4,23,0,0,
PENNSYLVANIA,Bushkill Township,8702,11,0,0,0,11,36,4,30,2,0,
PENNSYLVANIA,Butler,12973,65,1,0,4,60,209,34,158,17,0,
PENNSYLVANIA,"Butler Township, Butler County",16682,20,1,3,0,16,246,10,233,3,0,
PENNSYLVANIA,"Butler Township, Luzerne County",10090,8,0,0,2,6,86,13,67,6,2,
PENNSYLVANIA,"Butler Township, Schuylkill County",5797,2,0,0,0,2,20,7,11,2,0,
PENNSYLVANIA,California,4945,20,0,0,0,20,58,11,45,2,1,
PENNSYLVANIA,Callery,346,0,0,0,0,0,1,0,1,0,0,
PENNSYLVANIA,Caln Township,15170,42,0,3,2,37,193,11,171,11,0,
PENNSYLVANIA,Cambria Township,5663,3,0,1,0,2,60,3,56,1,0,
PENNSYLVANIA,Cambridge Springs,2240,3,0,0,0,3,6,3,2,1,0,
PENNSYLVANIA,Camp Hill,8178,6,0,1,0,5,85,1,80,4,0,
PENNSYLVANIA,Canonsburg,9590,6,0,0,2,4,20,1,18,1,0,
PENNSYLVANIA,Canton,1709,1,0,1,0,0,5,0,5,0,0,
PENNSYLVANIA,Carbondale,11849,12,1,1,3,7,36,5,31,0,0,
PENNSYLVANIA,Carbondale Township,1148,0,0,0,0,0,2,0,2,0,0,
PENNSYLVANIA,Carlisle,23144,39,5,6,5,23,265,30,224,11,2,
PENNSYLVANIA,Carnegie,7757,3,0,0,1,2,90,7,82,1,0,
PENNSYLVANIA,Carrolltown,2156,1,0,1,0,0,5,1,4,0,0,
PENNSYLVANIA,"Carroll Township, Washington County",5294,1,0,0,0,1,12,1,10,1,0,
PENNSYLVANIA,"Carroll Township, York County",9891,3,0,0,0,3,22,1,20,1,0,
PENNSYLVANIA,Carroll Valley,4569,1,0,1,0,0,25,2,22,1,0,
PENNSYLVANIA,Castle Shannon,8039,2,0,0,0,2,26,2,20,4,0,
PENNSYLVANIA,Catasauqua,6455,10,0,0,3,7,77,13,63,1,0,
PENNSYLVANIA,Catawissa,1524,2,0,1,0,1,12,0,12,0,0,
PENNSYLVANIA,Cecil Township,15206,4,1,1,1,1,33,3,29,1,0,
PENNSYLVANIA,Center Township,12275,14,0,0,1,13,232,6,221,5,0,
PENNSYLVANIA,Centerville,5487,0,0,0,0,0,10,3,7,0,0,
PENNSYLVANIA,Central Berks Regional,13846,10,0,3,2,5,141,19,96,26,0,
PENNSYLVANIA,Central Bucks Regional,15599,9,0,0,1,8,126,11,109,6,1,
PENNSYLVANIA,Chambersburg,22366,104,2,2,8,92,392,53,320,19,4,
PENNSYLVANIA,Charleroi Regional,6706,9,4,1,3,1,50,7,40,3,1,
PENNSYLVANIA,Chartiers Township,9338,2,0,0,0,2,45,2,39,4,0,
PENNSYLVANIA,Cheltenham Township,38819,78,0,6,34,38,1911,47,1685,179,8,
PENNSYLVANIA,Cherry Tree,268,0,0,0,0,0,0,0,0,0,0,
PENNSYLVANIA,Chester,33944,282,20,20,66,176,675,113,422,140,2,
PENNSYLVANIA,Chester Township,4018,21,0,1,6,14,73,16,48,9,0,
PENNSYLVANIA,Chippewa Township,8029,7,0,1,3,3,169,2,164,3,0,
PENNSYLVANIA,Christiana,1096,0,0,0,0,0,2,0,2,0,0,
PENNSYLVANIA,Churchill,2998,1,0,0,0,1,8,2,3,3,0,
PENNSYLVANIA,Clairton,5877,25,1,0,2,22,69,7,59,3,1,
PENNSYLVANIA,Clarion,4435,5,0,0,0,5,30,2,28,0,0,
PENNSYLVANIA,Clarks Summit,6569,3,0,0,0,3,31,2,29,0,0,
PENNSYLVANIA,Clearfield Regional,13062,23,1,4,1,17,191,17,171,3,0,
PENNSYLVANIA,Cleona,4303,0,0,0,0,0,7,2,5,0,0,
PENNSYLVANIA,Clifton Heights,6778,23,0,1,1,21,74,8,57,9,0,
PENNSYLVANIA,Clymer,1720,0,0,0,0,0,5,1,4,0,0,
PENNSYLVANIA,Coal Township,9616,6,0,1,1,4,129,15,114,0,0,
PENNSYLVANIA,Coatesville,13256,82,1,9,19,53,242,21,174,47,2,
PENNSYLVANIA,Cochranton,1093,0,0,0,0,0,0,0,0,0,0,
PENNSYLVANIA,Collegeville,5458,4,0,2,1,1,34,2,31,1,0,
PENNSYLVANIA,Collier Township,8924,4,0,0,1,3,97,4,85,8,0,
PENNSYLVANIA,Collingdale,8813,25,3,2,3,17,155,7,123,25,0,
PENNSYLVANIA,Colonial Regional,18785,10,0,2,1,7,401,17,379,5,2,
PENNSYLVANIA,Columbia,10445,31,0,0,4,27,212,16,181,15,2,
PENNSYLVANIA,"Conemaugh Township, Cambria County",1884,0,0,0,0,0,5,1,2,2,0,
PENNSYLVANIA,"Conemaugh Township, Somerset County",6571,2,0,0,0,2,15,2,12,1,0,
PENNSYLVANIA,"Conewago Township, Adams County",8039,14,0,2,3,9,48,0,39,9,0,
PENNSYLVANIA,Conewango Township,3327,18,0,0,0,18,107,4,103,0,1,
PENNSYLVANIA,Conneaut Lake Regional,4572,1,0,1,0,0,39,11,19,9,0,
PENNSYLVANIA,Connellsville,8426,32,0,0,3,29,232,18,211,3,0,
PENNSYLVANIA,Conshohocken,9256,3,0,0,0,3,115,3,89,23,0,
PENNSYLVANIA,Conyngham,1817,1,0,0,0,1,14,0,14,0,0,
PENNSYLVANIA,Coopersburg,2495,2,0,0,1,1,28,0,28,0,0,
PENNSYLVANIA,Coplay,3546,3,0,0,1,2,14,1,12,1,0,
PENNSYLVANIA,Coraopolis,5279,20,1,1,2,16,50,4,42,4,0,
PENNSYLVANIA,Cornwall,6813,3,0,0,0,3,2,0,2,0,0,
PENNSYLVANIA,Corry,6034,10,1,0,0,9,49,2,47,0,0,
PENNSYLVANIA,Coudersport,2293,2,0,0,0,2,7,0,5,2,0,
PENNSYLVANIA,Courtdale,696,0,0,0,0,0,10,0,10,0,0,
PENNSYLVANIA,Covington Township,2251,0,0,0,0,0,17,0,16,1,0,
PENNSYLVANIA,Crafton,6242,14,0,1,1,12,130,2,119,9,0,
PENNSYLVANIA,Cranberry Township,34970,4,0,0,0,4,245,4,241,0,0,
PENNSYLVANIA,Crescent Township,2368,0,0,0,0,0,0,0,0,0,0,
PENNSYLVANIA,Cresson,1474,2,0,0,0,2,1,0,1,0,0,
PENNSYLVANIA,Cresson Township,2831,3,1,0,0,2,6,0,6,0,0,
PENNSYLVANIA,Croyle Township,2268,0,0,0,0,0,11,1,9,1,0,
PENNSYLVANIA,"Cumberland Township, Adams County",7175,2,0,1,0,1,33,7,25,1,0,
PENNSYLVANIA,"Cumberland Township, Greene County",6475,13,0,0,0,13,57,6,48,3,0,
PENNSYLVANIA,Curwensville,2481,4,0,2,0,2,6,0,6,0,0,
PENNSYLVANIA,Dallas,2691,1,0,0,0,1,12,3,9,0,1,
PENNSYLVANIA,Dallas Township,9265,4,0,2,1,1,21,3,16,2,0,
PENNSYLVANIA,Dalton,1294,1,0,1,0,0,14,0,14,0,0,
PENNSYLVANIA,Danville,4107,11,0,0,2,9,41,3,35,3,0,
PENNSYLVANIA,Darby,10586,88,2,5,13,68,278,26,163,89,1,
PENNSYLVANIA,Darby Township,9113,53,0,1,4,48,143,14,119,10,1,
PENNSYLVANIA,Delaware Water Gap,663,0,0,0,0,0,0,0,0,0,0,
PENNSYLVANIA,Delmont,2606,0,0,0,0,0,1,0,1,0,0,
PENNSYLVANIA,Derry,2569,3,0,3,0,0,7,1,4,2,0,
PENNSYLVANIA,"Derry Township, Dauphin County",25016,22,0,12,1,9,274,22,250,2,0,
PENNSYLVANIA,Dickson City,5995,16,1,2,1,12,159,7,150,2,0,
PENNSYLVANIA,Donegal Township,3085,2,0,0,0,2,11,0,10,1,0,
PENNSYLVANIA,Donora,4480,9,0,2,4,3,34,8,26,0,0,
PENNSYLVANIA,Dormont,7833,6,0,0,1,5,45,3,34,8,0,
PENNSYLVANIA,"Douglass Township, Berks County",3800,2,0,0,0,2,10,0,10,0,0,
PENNSYLVANIA,"Douglass Township, Montgomery County",10935,0,0,0,0,0,19,2,15,2,0,
PENNSYLVANIA,Downingtown,8421,8,0,0,3,5,176,4,158,14,0,
PENNSYLVANIA,Doylestown Township,18000,5,0,0,1,4,104,7,90,7,1,
PENNSYLVANIA,Dublin Borough,2302,1,0,0,0,1,6,0,6,0,0,
PENNSYLVANIA,DuBois,7263,15,0,1,0,14,102,6,95,1,1,
PENNSYLVANIA,Duncansville,1205,0,0,0,0,0,2,0,2,0,0,
PENNSYLVANIA,Dupont,2563,1,0,0,0,1,24,6,18,0,0,
PENNSYLVANIA,Duquesne,5016,34,0,2,5,27,59,5,47,7,6,
PENNSYLVANIA,Duryea,5089,10,0,0,1,9,25,2,22,1,0,
PENNSYLVANIA,East Brandywine Township,10410,5,0,0,0,5,11,2,7,2,0,
PENNSYLVANIA,East Cocalico Township,14775,3,0,0,0,3,72,3,64,5,0,
PENNSYLVANIA,East Conemaugh,1049,1,0,1,0,0,5,2,3,0,0,
PENNSYLVANIA,East Coventry Township,7188,4,1,1,0,2,43,0,41,2,0,
PENNSYLVANIA,East Earl Township,6827,2,0,2,0,0,34,2,29,3,0,
PENNSYLVANIA,Eastern Adams Regional,7966,16,0,1,0,15,20,0,19,1,0,
PENNSYLVANIA,Eastern Berks Regional,10246,7,0,1,0,6,73,9,58,6,1,
PENNSYLVANIA,Eastern Pike Regional,6124,4,0,0,0,4,140,4,132,4,0,
PENNSYLVANIA,East Fallowfield Township,7944,2,0,0,0,2,13,3,9,1,0,
PENNSYLVANIA,East Franklin Township,3723,0,0,0,0,0,0,0,0,0,0,
PENNSYLVANIA,East Greenville,3155,2,2,0,0,0,19,0,19,0,0,
PENNSYLVANIA,East Hempfield Township,27135,14,1,1,3,9,222,26,184,12,4,
PENNSYLVANIA,East Lampeter Township,26615,24,1,4,3,16,463,51,405,7,0,
PENNSYLVANIA,East Lansdowne,2679,17,6,1,2,8,110,7,93,10,0,
PENNSYLVANIA,East Marlborough Township,8072,0,0,0,0,0,3,0,3,0,0,
PENNSYLVANIA,East McKeesport,2458,7,0,0,0,7,25,6,17,2,0,
PENNSYLVANIA,East Norriton Township,14019,16,0,0,3,13,300,4,293,3,0,
PENNSYLVANIA,Easton,30064,59,0,4,8,47,358,13,281,64,1,
PENNSYLVANIA,East Pennsboro Township,21266,10,0,1,1,8,131,7,114,10,0,
PENNSYLVANIA,East Pikeland Township,8755,5,0,0,0,5,33,1,29,3,0,
PENNSYLVANIA,East Taylor Township,2349,1,0,0,0,1,4,0,4,0,0,
PENNSYLVANIA,Easttown Township,11076,9,0,0,2,7,47,1,45,1,0,
PENNSYLVANIA,East Vincent Township,7815,1,0,0,0,1,26,2,19,5,0,
PENNSYLVANIA,East Whiteland Township,15284,8,0,3,1,4,120,9,104,7,0,
PENNSYLVANIA,Ebensburg,3314,2,0,0,0,2,27,0,25,2,0,
PENNSYLVANIA,Economy,8922,2,0,0,0,2,110,1,109,0,0,
PENNSYLVANIA,Eddystone,2428,14,0,0,2,12,65,3,54,8,0,
PENNSYLVANIA,Edgewood,2991,1,0,0,0,1,67,0,54,13,0,
PENNSYLVANIA,Edgeworth,1612,0,0,0,0,0,3,0,3,0,0,
PENNSYLVANIA,Edinboro,6177,11,0,0,0,11,44,0,44,0,0,
PENNSYLVANIA,Edwardsville,4936,10,0,0,1,9,76,3,69,4,0,
PENNSYLVANIA,Elizabethtown,12112,10,0,0,1,9,78,2,75,1,1,
PENNSYLVANIA,Elizabeth Township,17011,22,1,5,4,12,87,11,74,2,2,
PENNSYLVANIA,Elkland,1779,1,0,0,0,1,32,0,31,1,0,
PENNSYLVANIA,Ellwood City,7398,7,1,0,0,6,60,1,57,2,0,
PENNSYLVANIA,Emlenton Borough,598,0,0,0,0,0,3,0,3,0,0,
PENNSYLVANIA,Emmaus,12146,9,0,0,0,9,106,7,94,5,0,
PENNSYLVANIA,Emporium,1836,0,0,0,0,0,23,1,21,1,0,
PENNSYLVANIA,Ephrata,34010,10,0,3,1,6,307,10,291,6,2,
PENNSYLVANIA,Erie,92379,347,5,38,62,242,1782,180,1520,82,20,
PENNSYLVANIA,Etna,3269,4,0,1,0,3,19,1,18,0,0,
PENNSYLVANIA,Everett,1740,0,0,0,0,0,5,1,4,0,0,
PENNSYLVANIA,Everson,731,0,0,0,0,0,0,0,0,0,0,
PENNSYLVANIA,"Exeter Township, Berks County",25633,23,0,3,3,17,401,11,377,13,0,
PENNSYLVANIA,"Fairview Township, Luzerne County",4728,1,0,0,0,1,13,2,10,1,0,
PENNSYLVANIA,"Fairview Township, York County",17752,28,0,1,3,24,116,12,97,7,0,
PENNSYLVANIA,Farrell,4129,54,2,11,5,36,51,16,32,3,1,
PENNSYLVANIA,Fawn Township,2101,1,0,0,0,1,6,0,5,1,0,
PENNSYLVANIA,Ferguson Township,18949,13,0,8,2,3,85,11,72,2,1,
PENNSYLVANIA,Findlay Township,6592,1,0,0,0,1,30,2,25,3,0,
PENNSYLVANIA,Fleetwood,4046,9,0,2,1,6,47,4,41,2,0,
PENNSYLVANIA,Folcroft,6717,36,2,1,0,33,152,4,135,13,0,
PENNSYLVANIA,Forest City,8384,1,0,0,0,1,6,0,3,3,0,
PENNSYLVANIA,Forest Hills,6825,7,0,0,2,5,55,5,44,6,0,
PENNSYLVANIA,Forks Township,16568,3,0,0,1,2,94,2,86,6,0,
PENNSYLVANIA,Forty Fort,4233,0,0,0,0,0,4,0,4,0,0,
PENNSYLVANIA,"Foster Township, McKean County",3861,2,0,1,1,0,46,0,46,0,1,
PENNSYLVANIA,"Foster Township, Schuylkill County",246,0,0,0,0,0,3,1,2,0,0,
PENNSYLVANIA,Fountain Hill,4789,4,0,0,0,4,36,5,30,1,0,
PENNSYLVANIA,Fox Chapel,5129,0,0,0,0,0,15,4,10,1,0,
PENNSYLVANIA,Frackville,4475,2,0,0,0,2,26,2,21,3,0,
PENNSYLVANIA,Franconia Township,13488,2,0,0,0,2,53,3,43,7,0,
PENNSYLVANIA,Franklin,5893,7,0,1,1,5,125,20,105,0,0,
PENNSYLVANIA,Franklin Park,14871,11,0,7,1,3,32,2,30,0,0,
PENNSYLVANIA,"Franklin Township, Beaver County",3806,0,0,0,0,0,20,0,20,0,0,
PENNSYLVANIA,"Franklin Township, Carbon County",4420,6,0,2,1,3,47,9,35,3,0,
PENNSYLVANIA,Frazer Township,1253,2,0,0,0,2,218,1,217,0,0,
PENNSYLVANIA,Freedom Township,2934,0,0,0,0,0,43,2,41,0,0,
PENNSYLVANIA,Freemansburg,2903,0,0,0,0,0,3,0,3,0,0,
PENNSYLVANIA,Gaines Township,603,2,0,0,0,2,2,0,2,0,0,
PENNSYLVANIA,Galeton,950,0,0,0,0,0,8,0,8,0,0,
PENNSYLVANIA,Gallitzin,1681,0,0,0,0,0,1,0,1,0,0,
PENNSYLVANIA,Gallitzin Township,1251,1,0,0,0,1,0,0,0,0,0,
PENNSYLVANIA,Geistown,2285,0,0,0,0,0,12,0,12,0,0,
PENNSYLVANIA,German Township,8421,13,0,0,0,13,6,0,5,1,0,
PENNSYLVANIA,Gettysburg,9011,13,0,5,1,7,57,7,50,0,0,
PENNSYLVANIA,Girard,2930,3,0,0,0,3,18,4,14,0,1,
PENNSYLVANIA,Glassport,4248,16,0,0,4,12,60,6,51,3,0,
PENNSYLVANIA,Glenolden,7151,8,0,3,0,5,156,4,140,12,0,
PENNSYLVANIA,Granville Township,4564,0,0,0,0,0,102,3,98,1,0,
PENNSYLVANIA,Great Bend,1790,1,0,0,0,1,4,1,3,0,0,
PENNSYLVANIA,Greenfield Township,2276,0,0,0,0,0,12,2,9,1,0,
PENNSYLVANIA,"Greenfield Township, Blair County",3668,5,0,2,0,3,17,5,12,0,0,
PENNSYLVANIA,Greensburg,14504,39,0,1,3,35,93,7,80,6,0,
PENNSYLVANIA,Green Tree,4698,1,0,0,1,0,14,1,12,1,0,
PENNSYLVANIA,Greenville,5468,20,0,0,3,17,52,9,37,6,0,
PENNSYLVANIA,Grove City,7747,13,0,3,0,10,38,1,36,1,0,
PENNSYLVANIA,Halifax,808,0,0,0,0,0,0,0,0,0,0,
PENNSYLVANIA,Hamburg,4537,13,0,4,1,8,58,10,44,4,0,
PENNSYLVANIA,Hampden Township,35576,8,0,3,0,5,85,5,78,2,1,
PENNSYLVANIA,Hampton Township,17771,2,0,0,0,2,62,5,56,1,0,
PENNSYLVANIA,Hanover,16616,18,0,0,1,17,417,8,385,24,3,
PENNSYLVANIA,"Hanover Township, Luzerne County",11534,29,0,1,3,25,94,10,77,7,1,
PENNSYLVANIA,"Hanover Township, Washington County",2392,0,0,0,0,0,6,1,5,0,0,
PENNSYLVANIA,Harmar Township,2990,4,0,3,1,0,68,0,63,5,0,
PENNSYLVANIA,Harmony Township,3096,5,0,1,1,3,15,1,11,3,0,
PENNSYLVANIA,Harrisburg,49985,381,15,27,82,257,996,167,586,243,3,
PENNSYLVANIA,Harrison Township,9671,10,1,0,0,9,66,10,52,4,1,
PENNSYLVANIA,Harrisville,793,0,0,0,0,0,0,0,0,0,0,
PENNSYLVANIA,Harveys Lake,2826,1,0,0,0,1,2,1,1,0,0,
PENNSYLVANIA,Hastings,2194,3,0,2,0,1,8,0,7,1,0,
PENNSYLVANIA,Hatboro,8265,6,1,3,1,1,42,2,38,2,0,
PENNSYLVANIA,Hatfield Township,19225,13,0,1,0,12,157,8,138,11,0,
PENNSYLVANIA,Haverford Township,50544,11,0,1,2,8,519,14,465,40,0,
PENNSYLVANIA,Hawley,1221,1,0,1,0,0,1,0,1,0,0,
PENNSYLVANIA,Hazleton,30079,70,0,4,11,55,148,30,90,28,1,
PENNSYLVANIA,Hegins Township,3350,0,0,0,0,0,2,0,2,0,0,
PENNSYLVANIA,Heidelberg,1224,0,0,0,0,0,2,1,0,1,0,
PENNSYLVANIA,Hellam Township,10944,11,0,0,2,9,31,4,21,6,0,
PENNSYLVANIA,Hellertown,6115,7,0,0,0,7,36,8,28,0,0,
PENNSYLVANIA,Hemlock Township,4788,0,0,0,0,0,144,4,135,5,1,
PENNSYLVANIA,"Hempfield Township, Mercer County",3626,27,0,2,0,25,76,5,71,0,0,
PENNSYLVANIA,Hermitage,16941,16,0,3,3,10,217,22,191,4,5,
PENNSYLVANIA,Highspire,2704,8,0,0,1,7,40,1,39,0,0,
PENNSYLVANIA,Hilltown Township,17863,6,0,1,0,5,129,7,115,7,0,
PENNSYLVANIA,Hollidaysburg,5463,5,0,0,0,5,30,5,25,0,0,
PENNSYLVANIA,Homer City,1713,0,0,0,0,0,0,0,0,0,0,
PENNSYLVANIA,Homestead,2844,22,2,1,3,16,252,7,237,8,2,
PENNSYLVANIA,Honesdale,4427,10,0,0,0,10,33,8,24,1,0,
PENNSYLVANIA,Honey Brook,1901,0,0,0,0,0,8,2,6,0,0,
PENNSYLVANIA,Hooversville,604,0,0,0,0,0,2,1,1,0,0,
PENNSYLVANIA,Hopewell Township,13248,8,0,3,1,4,61,3,57,1,0,
PENNSYLVANIA,Horsham Township,27268,7,0,1,1,5,228,17,194,17,1,
PENNSYLVANIA,Hughestown,1347,0,0,0,0,0,7,0,7,0,0,
PENNSYLVANIA,Hughesville,2104,2,0,1,0,1,9,0,9,0,0,
PENNSYLVANIA,Hulmeville ,980,0,0,0,0,0,0,0,0,0,0,
PENNSYLVANIA,Hummelstown,4493,22,0,0,0,22,28,0,28,0,0,
PENNSYLVANIA,Huntingdon,6928,3,0,0,0,3,48,3,43,2,0,
PENNSYLVANIA,"Independence Township, Beaver County",2203,2,0,0,0,2,8,0,7,1,0,
PENNSYLVANIA,Indiana,14378,12,1,5,0,6,111,16,95,0,0,
PENNSYLVANIA,Indiana Township,7284,4,0,0,0,4,9,1,8,0,0,
PENNSYLVANIA,Indian Lake,389,0,0,0,0,0,0,0,0,0,0,
PENNSYLVANIA,Ingram,3219,1,0,0,1,0,35,1,24,10,0,
PENNSYLVANIA,Irwin,4602,2,0,0,0,2,4,1,3,0,0,
PENNSYLVANIA,Ivyland,945,0,0,0,0,0,0,0,0,0,0,
PENNSYLVANIA,"Jackson Township, Butler County",6046,11,0,0,0,11,10,3,7,0,0,
PENNSYLVANIA,"Jackson Township, Cambria County",4117,0,0,0,0,0,3,0,3,0,0,
PENNSYLVANIA,"Jackson Township, Luzerne County",4523,0,0,0,0,0,3,0,3,0,0,
PENNSYLVANIA,Jeannette,8534,47,0,1,0,46,52,6,46,0,0,
PENNSYLVANIA,Jefferson Hills Borough,12096,19,0,0,1,18,68,2,61,5,1,
PENNSYLVANIA,"Jefferson Township, Lackawanna County",3890,0,0,0,0,0,0,0,0,0,0,
PENNSYLVANIA,"Jefferson Township, Mercer County",1852,0,0,0,0,0,5,0,5,0,0,
PENNSYLVANIA,"Jefferson Township, Washington County",1115,0,0,0,0,0,0,0,0,0,0,
PENNSYLVANIA,Jenkintown,4693,6,0,0,2,4,47,1,40,6,0,
PENNSYLVANIA,Jennerstown,662,0,0,0,0,0,0,0,0,0,0,
PENNSYLVANIA,Jermyn,2128,1,0,0,0,1,2,0,2,0,0,
PENNSYLVANIA,Jessup,4480,7,1,2,0,4,12,1,11,0,0,
PENNSYLVANIA,Jim Thorpe,4538,11,0,0,0,11,40,3,36,1,0,
PENNSYLVANIA,Johnsonburg,2305,0,0,0,0,0,33,5,26,2,0,
PENNSYLVANIA,Johnstown,20120,118,6,10,27,75,530,92,407,31,5,
PENNSYLVANIA,Kane,3458,0,0,0,0,0,33,10,23,0,0,
PENNSYLVANIA,Kennedy Township,8351,30,0,2,3,25,146,3,134,9,0,
PENNSYLVANIA,Kennett Square,6731,17,0,0,1,16,31,4,27,0,0,
PENNSYLVANIA,Kennett Township,9455,3,0,0,0,3,16,0,15,1,1,
PENNSYLVANIA,Kidder Township,1853,3,0,0,0,3,2,0,2,0,0,
PENNSYLVANIA,Kingston,14233,20,0,1,2,17,207,11,184,12,1,
PENNSYLVANIA,Kingston Township,7136,1,0,1,0,0,16,2,13,1,3,
PENNSYLVANIA,Kiskiminetas Township,5700,1,0,0,0,1,30,3,25,2,1,
PENNSYLVANIA,Kittanning,3877,7,0,0,0,7,22,9,12,1,1,
PENNSYLVANIA,Kline Township,1478,0,0,0,0,0,43,3,39,1,0,
PENNSYLVANIA,Knox,1069,0,0,0,0,0,5,1,4,0,0,
PENNSYLVANIA,Koppel,692,0,0,0,0,0,6,2,4,0,0,
PENNSYLVANIA,Kulpmont,2685,1,0,1,0,0,36,7,29,0,2,
PENNSYLVANIA,Kutztown,4166,7,0,2,1,4,20,2,17,1,0,
PENNSYLVANIA,"Lancaster Township, Butler County",3662,0,0,0,0,0,2,0,2,0,0,
PENNSYLVANIA,Lanesboro,492,0,0,0,0,0,0,0,0,0,0,
PENNSYLVANIA,Langhorne Manor ,1488,0,0,0,0,0,0,0,0,0,0,
PENNSYLVANIA,Lansdale,19027,18,0,1,9,8,192,11,171,10,0,
PENNSYLVANIA,Lansdowne,11071,15,1,0,4,10,178,12,146,20,1,
PENNSYLVANIA,Larksville,4264,1,0,0,0,1,9,1,7,1,0,
PENNSYLVANIA,Latimore Township,2699,0,0,0,0,0,8,0,7,1,0,
PENNSYLVANIA,Latrobe,7877,13,1,0,1,11,59,7,45,7,0,
PENNSYLVANIA,Laureldale,4292,5,0,0,1,4,34,4,23,7,0,
PENNSYLVANIA,Lawrence Park Township,3713,8,0,0,0,8,6,2,3,1,0,
PENNSYLVANIA,"Lawrence Township, Tioga County",2144,2,0,0,0,2,24,3,17,4,0,
PENNSYLVANIA,Lebanon,26241,40,0,5,8,27,295,36,235,24,0,
PENNSYLVANIA,Leechburg,2073,2,0,2,0,0,13,1,11,1,0,
PENNSYLVANIA,Leetsdale,1112,0,0,0,0,0,16,2,13,1,0,
PENNSYLVANIA,Leet Township,1547,2,0,0,0,2,4,1,3,0,0,
PENNSYLVANIA,Lehighton,5259,8,0,3,3,2,61,6,50,5,1,
PENNSYLVANIA,Lehigh Township,1871,0,0,0,0,0,6,2,3,1,0,
PENNSYLVANIA,"Lehigh Township, Northampton County",10731,5,0,0,0,5,49,9,37,3,0,
PENNSYLVANIA,Lehman Township,3428,5,0,0,0,5,12,1,9,2,1,
PENNSYLVANIA,Ligonier Valley Regional,7559,5,0,0,0,5,33,3,29,1,0,
PENNSYLVANIA,Linesville,936,1,1,0,0,0,6,1,5,0,0,
PENNSYLVANIA,Lititz,9820,1,0,0,0,1,43,1,40,2,0,
PENNSYLVANIA,Little Beaver Township ,1195,0,0,0,0,0,0,0,0,0,0,
PENNSYLVANIA,Littlestown,4893,2,0,1,0,1,34,2,32,0,0,
PENNSYLVANIA,Lock Haven,8586,24,0,4,1,19,132,19,109,4,0,
PENNSYLVANIA,Locust Township,2010,0,0,0,0,0,3,0,3,0,1,
PENNSYLVANIA,Logan Township,12101,0,0,0,0,0,168,10,152,6,1,
PENNSYLVANIA,Loretto,1161,0,0,0,0,0,0,0,0,0,0,
PENNSYLVANIA,Lower Allen Township,20469,16,0,8,1,7,308,17,289,2,2,
PENNSYLVANIA,Lower Burrell,11502,10,0,0,0,10,27,3,21,3,1,
PENNSYLVANIA,Lower Chichester Township,3366,15,0,0,0,15,90,6,73,11,1,
PENNSYLVANIA,Lower Frederick Township,4925,2,0,1,0,1,19,0,16,3,0,
PENNSYLVANIA,Lower Gwynedd Township,12255,9,0,0,0,9,164,7,154,3,0,
PENNSYLVANIA,Lower Heidelberg Township,6784,1,0,0,1,0,15,2,12,1,0,
PENNSYLVANIA,Lower Makefield Township,33400,10,1,0,0,9,191,18,151,22,1,
PENNSYLVANIA,Lower Merion Township,64290,46,2,1,13,30,1156,47,996,113,0,
PENNSYLVANIA,Lower Moreland Township,14124,12,1,1,3,7,110,7,93,10,1,
PENNSYLVANIA,Lower Pottsgrove Township,12891,14,0,0,3,11,166,8,150,8,1,
PENNSYLVANIA,Lower Providence Township,25975,7,0,0,2,5,142,20,111,11,0,
PENNSYLVANIA,Lower Salford Township,16255,3,0,0,1,2,59,2,55,2,0,
PENNSYLVANIA,Lower Saucon Township,11003,12,0,0,0,12,71,9,62,0,1,
PENNSYLVANIA,Lower Southampton Township,20374,12,0,1,7,4,227,11,201,15,1,
PENNSYLVANIA,Lower Swatara Township,9885,15,0,0,0,15,39,3,36,0,0,
PENNSYLVANIA,Lower Windsor Township,7598,10,0,1,2,7,36,3,32,1,0,
PENNSYLVANIA,Luzerne,2729,3,0,1,0,2,27,4,19,4,0,
PENNSYLVANIA,Luzerne Township,5127,0,0,0,0,0,0,0,0,0,0,
PENNSYLVANIA,Macungie,3266,4,0,0,0,4,0,0,0,0,0,
PENNSYLVANIA,Mahanoy City,3527,22,0,1,1,20,73,22,50,1,0,
PENNSYLVANIA,"Mahoning Township, Carbon County",4324,3,0,1,0,2,115,5,106,4,0,
PENNSYLVANIA,"Mahoning Township, Lawrence County",2624,1,0,0,0,1,0,0,0,0,0,
PENNSYLVANIA,"Mahoning Township, Montour County",4427,8,0,1,0,7,15,1,14,0,0,
PENNSYLVANIA,Main Township,1278,0,0,0,0,0,2,0,2,0,0,
PENNSYLVANIA,Malvern,3427,1,0,0,0,1,7,1,6,0,0,
PENNSYLVANIA,Manheim,4980,14,0,1,2,11,57,11,35,11,0,
PENNSYLVANIA,Manheim Township,63061,47,0,3,6,38,436,23,403,10,2,
PENNSYLVANIA,Manor,3502,1,0,0,0,1,1,0,1,0,0,
PENNSYLVANIA,"Manor Township, Armstrong County",5111,2,0,1,0,1,17,3,12,2,0,
PENNSYLVANIA,"Manor Township, Lancaster County",22068,21,0,4,4,13,56,10,40,6,0,
PENNSYLVANIA,Mansfield,3138,0,0,0,0,0,8,1,7,0,0,
PENNSYLVANIA,Marcus Hook,2425,7,0,1,0,6,29,5,21,3,2,
PENNSYLVANIA,Marlborough Township,3531,0,0,0,0,0,24,4,20,0,0,
PENNSYLVANIA,Marple Township,24044,7,0,0,2,5,250,5,235,10,0,
PENNSYLVANIA,Mars,1413,0,0,0,0,0,0,0,0,0,0,
PENNSYLVANIA,Martinsburg,1815,0,0,0,0,0,1,0,1,0,0,
PENNSYLVANIA,Marysville,2679,3,0,0,0,3,6,0,6,0,0,
PENNSYLVANIA,Masontown,3123,13,0,0,0,13,30,1,29,0,1,
PENNSYLVANIA,Mayfield,1762,0,0,0,0,0,0,0,0,0,0,
PENNSYLVANIA,McCandless,28350,31,0,1,0,30,197,6,188,3,0,
PENNSYLVANIA,McKeesport,18480,313,6,6,30,271,474,109,309,56,10,
PENNSYLVANIA,McSherrystown,3145,7,0,0,1,6,27,4,23,0,0,
PENNSYLVANIA,Meadville,17363,70,0,0,3,67,266,21,234,11,0,
PENNSYLVANIA,Mechanicsburg,10111,6,0,1,0,5,129,17,105,7,1,
PENNSYLVANIA,Media,5853,12,0,0,2,10,93,6,83,4,1,
PENNSYLVANIA,Mercer,1917,1,0,0,0,1,29,1,28,0,0,
PENNSYLVANIA,Meshoppen,1216,5,0,0,0,5,19,5,14,0,0,
PENNSYLVANIA,Meyersdale,1999,0,0,0,0,0,0,0,0,0,0,
PENNSYLVANIA,Middleburg,1316,9,0,0,1,8,10,3,7,0,0,
PENNSYLVANIA,"Middlesex Township, Butler County",7545,0,0,0,0,0,18,0,18,0,0,
PENNSYLVANIA,"Middlesex Township, Cumberland County",7230,16,0,6,1,9,84,3,76,5,0,
PENNSYLVANIA,Middletown,9629,24,0,0,1,23,51,3,48,0,1,
PENNSYLVANIA,Middletown Township,45516,7,1,1,2,3,204,6,159,39,1,
PENNSYLVANIA,Midland,2357,3,0,0,0,3,24,7,16,1,0,
PENNSYLVANIA,Mifflinburg,3430,5,0,1,0,4,19,5,14,0,1,
PENNSYLVANIA,Mifflin County Regional,17029,29,0,5,0,24,109,11,95,3,0,
PENNSYLVANIA,Milford,1136,0,0,0,0,0,12,0,12,0,0,
PENNSYLVANIA,Millbourne,1198,9,0,0,4,5,28,4,22,2,0,
PENNSYLVANIA,"Millcreek Township, Erie County",52803,91,0,6,6,79,371,32,326,13,1,
PENNSYLVANIA,"Millcreek Township, Lebanon County",5894,0,0,0,0,0,13,2,11,0,0,
PENNSYLVANIA,Millersburg,2515,2,0,0,0,2,12,1,11,0,0,
PENNSYLVANIA,Millersville,9785,1,0,0,0,1,46,1,43,2,0,
PENNSYLVANIA,Mill Hall,5129,2,0,2,0,0,0,0,0,0,0,
PENNSYLVANIA,Millvale,3212,6,0,0,0,6,19,2,17,0,0,
PENNSYLVANIA,Milton,6458,17,0,5,0,12,83,16,67,0,2,
PENNSYLVANIA,Minersville,4408,10,0,0,0,10,11,3,8,0,0,
PENNSYLVANIA,Mohnton,2916,1,0,1,0,0,9,0,8,1,0,
PENNSYLVANIA,Monaca,5447,7,0,1,0,6,40,6,29,5,0,
PENNSYLVANIA,Monessen,6678,71,0,0,6,65,134,27,95,12,1,
PENNSYLVANIA,Monongahela,11507,38,2,0,1,35,28,9,15,4,3,
PENNSYLVANIA,Monroeville,27753,34,0,1,6,27,671,27,597,47,3,
PENNSYLVANIA,Montgomery Township,26069,18,1,0,5,12,408,12,381,15,0,
PENNSYLVANIA,Montoursville,4640,3,0,0,0,3,68,1,67,0,0,
PENNSYLVANIA,Montour Township,2167,3,0,0,0,3,6,0,6,0,0,
PENNSYLVANIA,Montrose,1274,0,0,0,0,0,0,0,0,0,0,
PENNSYLVANIA,Moon Township,26389,20,1,5,1,13,158,12,138,8,0,
PENNSYLVANIA,Moosic,5994,29,0,1,0,28,57,2,52,3,0,
PENNSYLVANIA,Morrisville,9675,16,1,0,6,9,306,11,238,57,1,
PENNSYLVANIA,Morton,2750,5,0,0,0,5,29,1,26,2,0,
PENNSYLVANIA,Moscow,2015,0,0,0,0,0,15,0,15,0,0,
PENNSYLVANIA,Mount Carmel,5605,12,0,0,1,11,57,15,40,2,1,
PENNSYLVANIA,Mount Carmel Township,2437,0,0,0,0,0,6,2,4,0,1,
PENNSYLVANIA,Mount Holly Springs,2016,0,0,0,0,0,1,0,1,0,0,
PENNSYLVANIA,Mount Joy,8349,2,0,0,0,2,34,4,30,0,0,
PENNSYLVANIA,Mount Lebanon,32585,20,0,10,3,7,201,10,182,9,2,
PENNSYLVANIA,Mount Oliver,3221,30,1,2,6,21,100,9,79,12,1,
PENNSYLVANIA,Mount Pleasant,4134,0,0,0,0,0,1,1,0,0,0,
PENNSYLVANIA,Mount Pleasant Township,3349,6,1,1,0,4,12,3,9,0,0,
PENNSYLVANIA,Mount Union,2242,2,0,0,0,2,3,0,3,0,0,
PENNSYLVANIA,Muhlenberg Township,22172,14,0,0,3,11,355,18,313,24,1,
PENNSYLVANIA,Muncy,2384,2,0,0,0,2,21,4,17,0,0,
PENNSYLVANIA,Muncy Township,1186,1,0,0,0,1,22,1,20,1,0,
PENNSYLVANIA,Munhall,10255,12,0,1,1,10,141,15,111,15,0,
PENNSYLVANIA,Murrysville,20674,5,0,0,0,5,48,7,40,1,1,
PENNSYLVANIA,Nanticoke,10616,28,1,4,4,19,156,33,107,16,2,
PENNSYLVANIA,Nanty Glo,2419,0,0,0,0,0,3,0,3,0,0,
PENNSYLVANIA,Narberth,4487,0,0,0,0,0,45,1,41,3,0,
PENNSYLVANIA,Nazareth ,6068,3,0,0,0,3,43,4,37,2,0,
PENNSYLVANIA,Neshannock Township,9614,1,0,0,1,0,20,5,13,2,0,
PENNSYLVANIA,Nesquehoning,3346,2,0,0,0,2,29,3,26,0,0,
PENNSYLVANIA,Nether Providence Township,14449,4,0,0,0,4,78,5,64,9,0,
PENNSYLVANIA,New Beaver,1334,0,0,0,0,0,0,0,0,0,0,
PENNSYLVANIA,New Berlin,782,0,0,0,0,0,0,0,0,0,0,
PENNSYLVANIA,Newberry Township,16123,19,0,1,0,18,158,10,140,8,1,
PENNSYLVANIA,New Britain Township,12260,4,0,1,0,3,62,2,59,1,0,
PENNSYLVANIA,New Castle,21252,18,2,0,0,16,220,45,152,23,4,
PENNSYLVANIA,New Cumberland,7560,4,0,3,0,1,33,5,23,5,0,
PENNSYLVANIA,New Hanover Township,13694,5,0,2,0,3,45,10,31,4,3,
PENNSYLVANIA,New Holland,12898,3,0,0,0,3,98,12,85,1,2,
PENNSYLVANIA,New Hope,2637,4,0,0,0,4,41,1,39,1,1,
PENNSYLVANIA,New Kensington,11832,54,1,3,8,42,284,44,220,20,1,
PENNSYLVANIA,Newport Township,4467,5,0,0,1,4,3,0,1,2,0,
PENNSYLVANIA,New Sewickley Township,6990,9,0,5,1,3,35,0,32,3,1,
PENNSYLVANIA,Newtown,2255,0,0,0,0,0,8,0,7,1,0,
PENNSYLVANIA,"Newtown Township, Bucks County",22933,7,0,0,1,6,120,11,101,8,0,
PENNSYLVANIA,"Newtown Township, Delaware County",15345,4,0,0,1,3,53,0,49,4,0,
PENNSYLVANIA,Newville,1389,0,0,0,0,0,5,0,5,0,0,
PENNSYLVANIA,New Wilmington,2097,0,0,0,0,0,34,0,34,0,0,
PENNSYLVANIA,Norristown,35764,161,3,7,77,74,701,74,437,190,8,
PENNSYLVANIA,Northampton,10414,3,0,0,0,3,38,0,35,3,0,
PENNSYLVANIA,Northampton Township,39879,8,1,1,0,6,117,8,96,13,2,
PENNSYLVANIA,North Beaver ,3938,0,0,0,0,0,1,0,1,0,0,
PENNSYLVANIA,North Belle Vernon,1819,0,0,0,0,0,14,3,11,0,0,
PENNSYLVANIA,North Catasauqua,3030,0,0,0,0,0,16,3,11,2,0,
PENNSYLVANIA,North Cornwall Township,9763,10,0,3,0,7,108,6,98,4,0,
PENNSYLVANIA,North Coventry Township,8388,5,0,0,1,4,111,6,98,7,0,
PENNSYLVANIA,"North East, Erie County",4025,9,0,0,1,8,36,5,28,3,0,
PENNSYLVANIA,Northern Berks Regional,14165,8,0,3,1,4,83,13,62,8,0,
PENNSYLVANIA,Northern Lancaster County Regional,41609,16,2,1,2,11,162,15,133,14,1,
PENNSYLVANIA,Northern Regional,38548,16,1,5,1,9,117,8,104,5,0,
PENNSYLVANIA,Northern York County Regional,90901,68,2,4,4,58,363,34,307,22,2,
PENNSYLVANIA,North Fayette Township,15956,14,0,1,0,13,283,5,274,4,0,
PENNSYLVANIA,North Hopewell Township,3348,0,0,0,0,0,9,2,7,0,0,
PENNSYLVANIA,North Huntingdon Township,31761,12,0,1,0,11,259,9,240,10,1,
PENNSYLVANIA,North Londonderry Township,8965,4,0,2,1,1,40,5,33,2,0,
PENNSYLVANIA,North Middleton Township,12750,11,0,2,0,9,55,4,50,1,1,
PENNSYLVANIA,North Sewickley Township,5414,2,0,0,0,2,6,1,5,0,0,
PENNSYLVANIA,North Strabane Township,17077,11,0,0,3,8,45,5,36,4,0,
PENNSYLVANIA,Northumberland,3817,6,0,3,0,3,42,4,35,3,1,
PENNSYLVANIA,North Union Township,1420,0,0,0,0,0,0,0,0,0,0,
PENNSYLVANIA,North Versailles Township,9587,13,0,1,4,8,153,19,121,13,1,
PENNSYLVANIA,North Wales,3413,3,0,0,0,3,29,2,27,0,0,
PENNSYLVANIA,Northwest Lancaster County Regional,19987,7,0,0,1,6,39,4,32,3,0,
PENNSYLVANIA,North Woodbury,2396,0,0,0,0,0,1,0,1,0,0,
PENNSYLVANIA,Norwood,5874,10,0,1,1,8,29,1,22,6,0,
PENNSYLVANIA,Oakmont,6580,1,0,0,1,0,68,3,57,8,0,
PENNSYLVANIA,O'Hara Township,8875,2,0,0,0,2,18,1,16,1,0,
PENNSYLVANIA,Ohioville,3285,1,0,0,0,1,9,1,8,0,0,
PENNSYLVANIA,Oil City,9303,11,0,3,0,8,73,3,67,3,1,
PENNSYLVANIA,Old Forge,8654,12,0,0,1,11,43,5,33,5,0,
PENNSYLVANIA,Olyphant,5382,2,0,1,0,1,20,5,14,1,1,
PENNSYLVANIA,Orwigsburg,3004,1,0,0,0,1,23,1,21,1,0,
PENNSYLVANIA,Osceola Township,575,0,0,0,0,0,0,0,0,0,0,
PENNSYLVANIA,Otto Township,1457,0,0,0,0,0,8,2,5,1,0,
PENNSYLVANIA,Oxford,5885,16,0,2,2,12,43,4,26,13,0,
PENNSYLVANIA,Palmerton,5623,1,0,0,0,1,39,5,32,2,0,
PENNSYLVANIA,Palmer Township,22423,9,0,2,1,6,297,14,270,13,0,
PENNSYLVANIA,Parker,677,0,0,0,0,0,2,2,0,0,0,
PENNSYLVANIA,Parkesburg,5210,5,0,0,2,3,3,0,2,1,1,
PENNSYLVANIA,Parkside,2297,5,0,1,0,4,27,0,22,5,0,
PENNSYLVANIA,Parks Township,2395,0,0,0,0,0,0,0,0,0,0,
PENNSYLVANIA,Patterson Township,4316,3,0,0,0,3,10,1,9,0,0,
PENNSYLVANIA,Patton Township,15645,9,0,6,0,3,183,3,179,1,2,
PENNSYLVANIA,Penbrook,3234,13,0,1,1,11,28,2,17,9,0,
PENNSYLVANIA,Penndel,2517,2,0,1,1,0,9,2,4,3,0,
PENNSYLVANIA,Penn Hills,39203,145,1,23,17,104,413,53,292,68,8,
PENNSYLVANIA,Pennridge Regional,11231,9,0,4,1,4,56,12,37,7,1,
PENNSYLVANIA,"Penn Township, Butler County",4873,1,0,0,1,0,22,0,21,1,0,
PENNSYLVANIA,"Penn Township, Westmoreland County",20744,3,0,0,0,3,6,1,4,1,0,
PENNSYLVANIA,"Penn Township, York County",18414,50,0,0,10,40,187,7,168,12,2,
PENNSYLVANIA,Perkasie,9323,12,0,1,0,11,54,7,44,3,0,
PENNSYLVANIA,Perryopolis,1599,3,0,1,0,2,0,0,0,0,0,
PENNSYLVANIA,Peters Township,23367,35,0,1,0,34,68,6,58,4,0,
PENNSYLVANIA,Philadelphia,1549259,14078,262,714,4233,8869,70463,4942,49942,15579,723,
PENNSYLVANIA,Phoenixville,20316,17,0,3,2,12,90,3,81,6,0,
PENNSYLVANIA,Pine Creek Township,5839,0,0,0,0,0,6,1,4,1,0,
PENNSYLVANIA,Pine Grove,2065,0,0,0,0,0,1,0,0,1,0,
PENNSYLVANIA,Pitcairn,4644,22,0,2,1,19,32,10,22,0,0,
PENNSYLVANIA,Pittsburgh,317177,1355,36,164,394,761,7232,738,5406,1088,72,
PENNSYLVANIA,Pittston,7657,5,0,2,0,3,38,6,29,3,0,
PENNSYLVANIA,Pittston Township,3227,7,0,1,0,6,108,5,96,7,0,
PENNSYLVANIA,Plains Township,9911,6,1,0,0,5,129,6,113,10,1,
PENNSYLVANIA,Pleasant Hills,8268,1,0,1,0,0,98,2,89,7,1,
PENNSYLVANIA,Plum,26145,16,0,0,1,15,40,17,22,1,0,
PENNSYLVANIA,Plumstead Township,14391,3,0,0,0,3,76,10,62,4,0,
PENNSYLVANIA,Plymouth,5755,48,0,1,5,42,110,11,97,2,1,
PENNSYLVANIA,"Plymouth Township, Montgomery County",18484,19,0,5,6,8,1129,38,1063,28,2,
PENNSYLVANIA,Pocono Mountain Regional,42656,81,5,13,1,62,358,41,303,14,6,
PENNSYLVANIA,Pocono Township,10739,16,0,7,0,9,241,20,210,11,1,
PENNSYLVANIA,Point Marion,1098,2,0,0,0,2,7,4,3,0,0,
PENNSYLVANIA,Point Township,3779,2,0,0,0,2,28,2,22,4,0,
PENNSYLVANIA,Polk,620,0,0,0,0,0,1,0,1,0,0,
PENNSYLVANIA,Portage,2369,0,0,0,0,0,3,0,3,0,0,
PENNSYLVANIA,Port Allegany,2035,0,0,0,0,0,3,0,3,0,0,
PENNSYLVANIA,Portland,479,0,0,0,0,0,0,0,0,0,0,
PENNSYLVANIA,Port Vue,3534,0,0,0,0,0,1,1,0,0,0,
PENNSYLVANIA,Pottstown,23324,172,0,25,30,117,724,67,607,50,13,
PENNSYLVANIA,Pottsville,13361,44,0,8,4,32,180,22,152,6,1,
PENNSYLVANIA,Prospect,1082,0,0,0,0,0,0,0,0,0,0,
PENNSYLVANIA,Prospect Park,6357,11,0,0,0,11,50,0,45,5,0,
PENNSYLVANIA,"Pulaski Township, Lawrence County",3020,0,0,0,0,0,12,0,12,0,0,
PENNSYLVANIA,Punxsutawney,5563,9,0,8,0,1,34,3,31,0,1,
PENNSYLVANIA,Quakertown,9215,35,0,4,1,30,92,8,79,5,1,
PENNSYLVANIA,Quarryville,2866,1,0,0,0,1,18,0,17,1,0,
PENNSYLVANIA,Raccoon Township,2728,4,0,0,0,4,10,1,9,0,0,
PENNSYLVANIA,Radnor Township,33908,24,0,0,0,24,168,13,137,18,6,
PENNSYLVANIA,Ralpho Township,4171,0,0,0,0,0,10,1,9,0,1,
PENNSYLVANIA,Reading,97868,330,7,34,98,191,1404,228,953,223,12,
PENNSYLVANIA,Reading Township,5935,1,0,0,0,1,8,0,6,2,0,
PENNSYLVANIA,Reilly Township,640,0,0,0,0,0,0,0,0,0,0,
PENNSYLVANIA,Renovo,1044,7,0,3,0,4,36,6,27,3,1,
PENNSYLVANIA,Resa Regional,2216,1,0,0,0,1,16,2,14,0,0,
PENNSYLVANIA,Reserve Township,3113,2,0,0,1,1,10,2,6,2,0,
PENNSYLVANIA,Reynoldsville,2479,6,0,6,0,0,6,1,5,0,0,
PENNSYLVANIA,Rice Township,3775,6,0,0,0,6,9,0,9,0,0,
PENNSYLVANIA,"Richland Township, Bucks County",14295,10,0,1,3,6,168,7,154,7,1,
PENNSYLVANIA,"Richland Township, Cambria County",11912,12,0,5,1,6,342,7,332,3,1,
PENNSYLVANIA,Ridgway,3907,1,0,0,0,1,46,4,40,2,0,
PENNSYLVANIA,Ridley Park,7200,7,0,0,1,6,45,3,27,15,0,
PENNSYLVANIA,Ridley Township,30633,18,0,0,1,17,267,2,233,32,1,
PENNSYLVANIA,Riverside,2004,0,0,0,0,0,5,3,2,0,0,
PENNSYLVANIA,Roaring Brook Township,2361,0,0,0,0,0,2,1,1,0,1,
PENNSYLVANIA,Roaring Spring,2294,0,0,0,0,0,5,0,4,1,0,
PENNSYLVANIA,Robeson Township,7711,3,0,0,1,2,33,5,25,3,0,
PENNSYLVANIA,"Robinson Township, Allegheny County",15508,11,0,4,0,7,300,5,283,12,0,
PENNSYLVANIA,Rochester,3917,16,0,1,5,10,125,14,109,2,0,
PENNSYLVANIA,Rockledge,2615,1,0,0,1,0,21,3,13,5,1,
PENNSYLVANIA,Rockwood,822,0,0,0,0,0,0,0,0,0,0,
PENNSYLVANIA,Roseto,1552,0,0,0,0,0,4,2,2,0,0,
PENNSYLVANIA,Ross Township,32076,17,0,8,1,8,837,22,805,10,0,
PENNSYLVANIA,Rostraver Township,11433,5,0,1,2,2,296,9,284,3,0,
PENNSYLVANIA,Royersford,4913,7,0,0,2,5,20,1,17,2,0,
PENNSYLVANIA,Rural Valley,802,0,0,0,0,0,0,0,0,0,0,
PENNSYLVANIA,Rush Township,3495,0,0,0,0,0,9,0,9,0,0,
PENNSYLVANIA,Ryan Township,2853,0,0,0,0,0,0,0,0,0,0,
PENNSYLVANIA,"Sadsbury Township, Chester County",4636,4,0,1,0,3,19,1,16,2,0,
PENNSYLVANIA,"Salem Township, Luzerne County",4049,3,0,0,0,3,23,0,21,2,0,
PENNSYLVANIA,Salisbury Township,13547,13,0,0,1,12,76,7,64,5,0,
PENNSYLVANIA,Saltsburg,764,0,0,0,0,0,1,0,1,0,0,
PENNSYLVANIA,Sandy Lake,628,0,0,0,0,0,4,0,4,0,0,
PENNSYLVANIA,Sandy Township,11554,10,0,1,1,8,91,8,82,1,1,
PENNSYLVANIA,Sankertown,609,0,0,0,0,0,3,0,3,0,0,
PENNSYLVANIA,Saxonburg,1372,0,0,0,0,0,2,0,2,0,0,
PENNSYLVANIA,Saxton,2089,2,0,2,0,0,6,0,6,0,0,
PENNSYLVANIA,Sayre,6444,12,0,0,0,12,26,0,26,0,0,
PENNSYLVANIA,Schuylkill Haven,5263,7,0,0,0,7,43,3,39,1,0,
PENNSYLVANIA,"Schuylkill Township, Chester County",8906,1,1,0,0,0,31,2,27,2,0,
PENNSYLVANIA,Scottdale,4309,12,0,0,0,12,63,2,61,0,0,
PENNSYLVANIA,"Scott Township, Allegheny County",17233,14,0,4,0,10,146,12,123,11,1,
PENNSYLVANIA,"Scott Township, Columbia County",5670,3,0,2,0,1,73,1,71,1,0,
PENNSYLVANIA,"Scott Township, Lackawanna County",4649,1,0,0,1,0,1,0,1,0,0,
PENNSYLVANIA,Scranton,75683,213,7,70,24,112,1018,146,774,98,13,
PENNSYLVANIA,Selinsgrove,5513,2,0,0,0,2,14,4,10,0,0,
PENNSYLVANIA,Sewickley Heights,821,0,0,0,0,0,9,0,7,2,0,
PENNSYLVANIA,Shaler Township,26801,13,1,3,1,8,149,15,130,4,1,
PENNSYLVANIA,Shamokin,6761,31,0,1,2,28,47,15,32,0,2,
PENNSYLVANIA,Shamokin Dam,1636,2,0,1,0,1,9,0,9,0,0,
PENNSYLVANIA,Sharon,12709,83,6,7,8,62,186,33,147,6,2,
PENNSYLVANIA,Sharon Hill,5942,14,1,1,5,7,114,8,87,19,0,
PENNSYLVANIA,Sharpsburg,3025,8,0,0,0,8,22,3,16,3,2,
PENNSYLVANIA,Sharpsville,4114,12,0,1,2,9,26,6,20,0,0,
PENNSYLVANIA,Shenandoah,4248,9,0,1,0,8,58,13,45,0,1,
PENNSYLVANIA,"Shenango Township, Lawrence County",7604,2,0,0,0,2,35,2,32,1,0,
PENNSYLVANIA,"Shenango Township, Mercer County",4205,7,0,0,0,7,17,2,14,1,0,
PENNSYLVANIA,Shillington,5461,6,0,1,0,5,34,3,26,5,0,
PENNSYLVANIA,Shinglehouse,1059,0,0,0,0,0,1,0,1,0,0,
PENNSYLVANIA,Shippensburg,5631,6,0,0,0,6,59,4,48,7,1,
PENNSYLVANIA,Shippingport,152,0,0,0,0,0,1,0,1,0,0,
PENNSYLVANIA,Shiremanstown,1652,0,0,0,0,0,0,0,0,0,0,
PENNSYLVANIA,Silver Lake Township,1493,0,0,0,0,0,4,0,4,0,0,
PENNSYLVANIA,Silver Spring Township,21585,12,0,3,4,5,236,10,215,11,1,
PENNSYLVANIA,Sinking Spring,4274,3,0,0,1,2,24,3,19,2,0,
PENNSYLVANIA,Slate Belt Regional,13575,26,0,4,1,21,92,11,76,5,0,
PENNSYLVANIA,Slatington,4240,3,1,1,0,1,26,3,22,1,0,
PENNSYLVANIA,Slippery Rock,3735,0,0,0,0,0,16,2,14,0,0,
PENNSYLVANIA,Smethport,1370,0,0,0,0,0,0,0,0,0,0,
PENNSYLVANIA,Smith Township,5582,0,0,0,0,0,27,3,21,3,0,
PENNSYLVANIA,Solebury Township,8628,1,0,0,0,1,46,4,42,0,0,
PENNSYLVANIA,Somerset,5852,21,0,0,0,21,26,5,20,1,0,
PENNSYLVANIA,Souderton,7305,5,0,2,0,3,60,6,48,6,0,
PENNSYLVANIA,South Abington Township,12573,17,0,0,0,17,54,4,48,2,1,
PENNSYLVANIA,South Annville Township,3453,0,0,0,0,0,18,2,16,0,0,
PENNSYLVANIA,South Beaver Township,2623,0,0,0,0,0,10,2,7,1,0,
PENNSYLVANIA,South Buffalo Township,2647,3,0,0,0,3,12,0,12,0,3,
PENNSYLVANIA,South Coatesville,1747,7,0,1,1,5,19,2,14,3,0,
PENNSYLVANIA,Southern Armstrong Regional,6761,8,0,0,0,8,7,4,3,0,2,
PENNSYLVANIA,Southern Chester County Regional,15511,15,1,5,2,7,26,9,15,2,1,
PENNSYLVANIA,Southern Clarion County Regional,3121,4,0,1,0,3,14,3,11,0,0,
PENNSYLVANIA,Southern Regional York County,13651,10,0,1,1,8,98,6,80,12,1,
PENNSYLVANIA,South Fayette Township,18472,10,0,1,0,9,50,4,44,2,0,
PENNSYLVANIA,South Greensburg,2102,2,0,0,0,2,31,2,28,1,0,
PENNSYLVANIA,South Heidelberg Township,14489,5,0,0,0,5,57,1,56,0,0,
PENNSYLVANIA,South Heights,374,0,0,0,0,0,0,0,0,0,0,
PENNSYLVANIA,South Lebanon Township,10598,0,0,0,0,0,17,1,16,0,0,
PENNSYLVANIA,South Londonderry Township,8798,2,0,0,0,2,31,2,27,2,0,
PENNSYLVANIA,South Park Township,13630,5,0,1,0,4,57,2,50,5,0,
PENNSYLVANIA,South Pymatuning Township,2576,2,0,1,0,1,16,2,14,0,0,
PENNSYLVANIA,South Strabane Township,9603,8,0,1,1,6,441,5,427,9,0,
PENNSYLVANIA,Southwest Greensburg,2158,5,0,0,0,5,15,2,12,1,0,
PENNSYLVANIA,"Southwest Regional, Fayette County",1466,0,0,0,0,0,6,1,5,0,0,
PENNSYLVANIA,South Williamsport,7304,3,0,0,0,3,47,1,41,5,1,
PENNSYLVANIA,Springdale,3233,5,0,1,1,3,24,8,15,1,0,
PENNSYLVANIA,Springettsbury Township,27604,36,2,9,6,19,540,24,504,12,0,
PENNSYLVANIA,"Springfield Township, Bucks County",5182,0,0,0,0,0,18,4,10,4,0,
PENNSYLVANIA,"Springfield Township, Delaware County",24806,25,0,4,5,16,764,2,744,18,0,
PENNSYLVANIA,"Springfield Township, Montgomery County",21044,9,1,0,2,6,168,3,141,24,1,
PENNSYLVANIA,Spring Garden Township,13649,18,0,2,1,15,160,21,128,11,2,
PENNSYLVANIA,"Spring Township, Berks County",28506,21,1,1,1,18,324,15,297,12,0,
PENNSYLVANIA,"Spring Township, Centre County",8057,3,0,0,1,2,8,2,6,0,0,
PENNSYLVANIA,State College,57580,88,0,43,6,39,440,28,401,11,2,
PENNSYLVANIA,St. Clair Borough,3627,3,0,0,0,3,16,2,14,0,0,
PENNSYLVANIA,Steelton,6322,53,1,1,4,47,93,4,63,26,0,
PENNSYLVANIA,St. Marys City,12293,15,0,2,1,12,76,9,67,0,0,
PENNSYLVANIA,Stoneboro,925,0,0,0,0,0,5,0,5,0,0,
PENNSYLVANIA,Stonycreek Township,2662,11,0,3,1,7,24,8,16,0,0,
PENNSYLVANIA,Stowe Township,6116,31,2,0,0,29,113,11,83,19,0,
PENNSYLVANIA,Strasburg,3088,0,0,0,0,0,8,0,7,1,0,
PENNSYLVANIA,Stroud Area Regional,34162,53,2,1,12,38,749,46,679,24,1,
PENNSYLVANIA,Sugarcreek,4683,7,0,1,0,6,18,3,15,0,0,
PENNSYLVANIA,"Sugarloaf Township, Luzerne County",3979,5,0,0,0,5,27,2,24,1,0,
PENNSYLVANIA,Sugar Notch,998,0,0,0,0,0,1,0,1,0,0,
PENNSYLVANIA,Summerhill Township,2237,0,0,0,0,0,13,1,12,0,0,
PENNSYLVANIA,Summit Hill,3139,1,0,1,0,0,1,1,0,0,0,
PENNSYLVANIA,Summit Township,2088,0,0,0,0,0,0,0,0,0,0,
PENNSYLVANIA,Sunbury,9485,5,0,2,0,3,23,1,22,0,1,
PENNSYLVANIA,"Susquehanna Township, Dauphin County",27762,59,2,8,9,40,289,34,230,25,2,
PENNSYLVANIA,Swarthmore,6535,6,0,0,0,6,43,2,40,1,0,
PENNSYLVANIA,Swatara Township,29394,45,1,4,14,26,812,40,703,69,3,
PENNSYLVANIA,Swissvale,8188,26,0,0,6,20,157,12,104,41,3,
PENNSYLVANIA,Swoyersville,5037,8,0,2,0,6,33,5,26,2,0,
PENNSYLVANIA,Tamaqua,6920,11,0,0,1,10,62,7,47,8,0,
PENNSYLVANIA,Tarentum,7227,13,0,2,1,10,79,14,61,4,1,
PENNSYLVANIA,Tatamy,1480,0,0,0,0,0,1,1,0,0,0,
PENNSYLVANIA,Telford,4886,4,0,0,0,4,33,0,31,2,0,
PENNSYLVANIA,Throop,4115,6,0,1,0,5,18,3,15,0,0,
PENNSYLVANIA,"Tinicum Township, Bucks County",3803,4,0,0,0,4,10,3,6,1,0,
PENNSYLVANIA,"Tinicum Township, Delaware County",3951,13,0,3,4,6,72,6,60,6,0,
PENNSYLVANIA,Titusville,5133,15,0,0,1,14,15,5,10,0,0,
PENNSYLVANIA,Towamencin Township,17925,6,1,0,2,3,106,8,94,4,0,
PENNSYLVANIA,Towanda,2766,4,0,0,0,4,37,8,29,0,0,
PENNSYLVANIA,Tower City,1432,0,0,0,0,0,0,0,0,0,0,
PENNSYLVANIA,Trafford,3220,5,0,0,0,5,23,2,20,1,0,
PENNSYLVANIA,Trainer,1954,6,0,0,0,6,25,2,22,1,0,
PENNSYLVANIA,Troy,1236,0,0,0,0,0,1,0,1,0,0,
PENNSYLVANIA,Tullytown,2241,3,0,1,1,1,37,3,34,0,0,
PENNSYLVANIA,Tulpehocken Township,5642,1,0,0,0,1,1,0,1,0,0,
PENNSYLVANIA,Tunkhannock,1729,4,0,0,0,4,17,2,13,2,0,
PENNSYLVANIA,"Tunkhannock Township, Wyoming County",7050,2,0,1,1,0,38,4,34,0,1,
PENNSYLVANIA,Turtle Creek,4870,1,0,0,0,1,2,1,0,1,0,
PENNSYLVANIA,Tyrone,5282,6,0,2,1,3,68,13,55,0,1,
PENNSYLVANIA,Union City,2846,0,0,0,0,0,18,0,17,1,0,
PENNSYLVANIA,Uniontown,9451,81,5,5,9,62,311,32,270,9,2,
PENNSYLVANIA,"Union Township, Lawrence County",4849,9,0,0,2,7,120,14,98,8,0,
PENNSYLVANIA,"Union Township, Schuylkill County",1233,0,0,0,0,0,0,0,0,0,0,
PENNSYLVANIA,Upland,3028,39,0,1,2,36,29,5,18,6,0,
PENNSYLVANIA,Upper Allen Township,24279,19,0,5,1,13,82,11,64,7,0,
PENNSYLVANIA,Upper Burrell Township,2117,1,0,0,0,1,11,0,10,1,0,
PENNSYLVANIA,Upper Chichester Township,16747,28,0,3,3,22,239,27,171,41,0,
PENNSYLVANIA,Upper Darby Township,84668,181,4,6,113,58,2398,55,2057,286,1,
PENNSYLVANIA,Upper Dublin Township,27382,11,1,2,4,4,215,8,199,8,0,
PENNSYLVANIA,Upper Gwynedd Township,17273,5,0,0,1,4,98,11,84,3,1,
PENNSYLVANIA,Upper Macungie Township,29196,6,0,3,0,3,155,13,138,4,0,
PENNSYLVANIA,Upper Makefield Township,8818,0,0,0,0,0,11,1,9,1,0,
PENNSYLVANIA,Upper Merion Township,36408,45,0,0,21,24,1367,26,1293,48,1,
PENNSYLVANIA,Upper Moreland Township,26020,28,1,4,5,18,550,18,511,21,3,
PENNSYLVANIA,Upper Nazareth Township,8497,7,0,1,0,6,20,0,20,0,0,
PENNSYLVANIA,Upper Pottsgrove Township,6323,5,0,0,0,5,19,3,14,2,0,
PENNSYLVANIA,"Upper Providence Township, Delaware County",10762,3,0,1,0,2,14,1,12,1,0,
PENNSYLVANIA,"Upper Providence Township, Montgomery County",25114,13,0,3,1,9,304,8,286,10,1,
PENNSYLVANIA,Upper Saucon Township,17864,4,1,2,0,1,90,10,78,2,0,
PENNSYLVANIA,Upper Southampton Township,15057,9,0,0,2,7,48,5,36,7,1,
PENNSYLVANIA,Upper St. Clair Township,20399,5,0,0,0,5,245,3,241,1,0,
PENNSYLVANIA,Upper Uwchlan Township,13625,0,0,0,0,0,37,2,35,0,0,
PENNSYLVANIA,Uwchlan Township,19649,16,0,1,0,15,126,9,114,3,1,
PENNSYLVANIA,Valley Township,7965,8,0,0,0,8,25,3,18,4,0,
PENNSYLVANIA,Verona,2366,2,0,1,1,0,80,6,74,0,0,
PENNSYLVANIA,Versailles,1409,2,1,0,1,0,18,7,10,1,1,
PENNSYLVANIA,Walker Township,1008,0,0,0,0,0,0,0,0,0,0,
PENNSYLVANIA,Walnutport,2090,0,0,0,0,0,0,0,0,0,0,
PENNSYLVANIA,Warminster Township,33195,20,0,3,6,11,258,8,216,34,0,
PENNSYLVANIA,Warren,9042,47,0,2,0,45,119,5,112,2,0,
PENNSYLVANIA,Warrington Township,26355,6,0,1,3,2,196,6,181,9,0,
PENNSYLVANIA,"Warwick Township, Bucks County",14703,3,0,2,0,1,54,9,42,3,0,
PENNSYLVANIA,"Washington Township, Fayette County",3659,0,0,0,0,0,18,4,14,0,0,
PENNSYLVANIA,"Washington Township, Franklin County",15574,12,0,1,2,9,189,10,170,9,1,
PENNSYLVANIA,"Washington Township, Northampton County",5153,4,0,0,0,4,30,2,28,0,0,
PENNSYLVANIA,"Washington Township, Westmoreland County",6773,0,0,0,0,0,5,0,5,0,0,
PENNSYLVANIA,Watsontown,2207,1,0,0,0,1,15,0,14,1,0,
PENNSYLVANIA,Waverly Township,1846,0,0,0,0,0,9,1,8,0,0,
PENNSYLVANIA,Waymart,1287,0,0,0,0,0,0,0,0,0,0,
PENNSYLVANIA,Waynesboro,11078,15,0,3,0,12,112,16,80,16,1,
PENNSYLVANIA,Waynesburg,3644,5,0,1,0,4,13,4,9,0,2,
PENNSYLVANIA,Wayne Township,2404,0,0,0,0,0,3,0,2,1,0,
PENNSYLVANIA,Weatherly,2553,17,1,6,2,8,125,8,107,10,0,
PENNSYLVANIA,Weissport,412,0,0,0,0,0,0,0,0,0,0,
PENNSYLVANIA,Wellsboro,3413,4,0,4,0,0,20,3,16,1,0,
PENNSYLVANIA,Wesleyville,3125,8,0,2,0,6,103,8,95,0,0,
PENNSYLVANIA,West Brandywine Township,11756,8,0,0,0,8,45,6,34,5,0,
PENNSYLVANIA,West Brownsville,969,0,0,0,0,0,11,0,11,0,0,
PENNSYLVANIA,West Caln Township,8968,8,1,1,0,6,36,2,28,6,0,
PENNSYLVANIA,West Chester,20004,43,0,4,8,31,250,28,211,11,1,
PENNSYLVANIA,West Conshohocken,1495,1,0,0,0,1,20,1,19,0,0,
PENNSYLVANIA,West Deer Township,12062,13,0,0,0,13,39,4,35,0,0,
PENNSYLVANIA,West Earl Township,12547,4,0,2,0,2,34,3,31,0,1,
PENNSYLVANIA,West Fallowfield Township,2471,0,0,0,0,0,2,1,1,0,0,
PENNSYLVANIA,Westfield,1092,0,0,0,0,0,10,1,8,1,0,
PENNSYLVANIA,West Goshen Township,23889,69,1,0,3,65,251,25,216,10,1,
PENNSYLVANIA,West Hazleton,5171,18,0,0,2,16,31,4,26,1,0,
PENNSYLVANIA,West Hempfield Township,20178,11,0,4,0,7,125,11,107,7,0,
PENNSYLVANIA,West Hills Regional,9795,9,1,2,1,5,101,11,83,7,0,
PENNSYLVANIA,West Homestead,1782,9,0,0,1,8,36,6,23,7,0,
PENNSYLVANIA,West Kittanning,1149,0,0,0,0,0,0,0,0,0,0,
PENNSYLVANIA,West Lampeter Township,17320,9,0,1,1,7,88,4,84,0,1,
PENNSYLVANIA,West Leechburg,1235,0,0,0,0,0,0,0,0,0,0,
PENNSYLVANIA,West Manchester Township,19209,16,0,3,1,12,570,5,549,16,1,
PENNSYLVANIA,West Manheim Township,10755,0,0,0,0,0,52,1,50,1,0,
PENNSYLVANIA,West Mead Township,4917,2,0,0,0,2,0,0,0,0,0,
PENNSYLVANIA,West Mifflin,18705,71,2,7,6,56,494,44,422,28,3,
PENNSYLVANIA,West Newton,2587,4,0,0,0,4,17,1,14,2,0,
PENNSYLVANIA,West Norriton Township,16257,19,0,0,3,16,277,10,251,16,0,
PENNSYLVANIA,West Nottingham Township,2875,0,0,0,0,0,0,0,0,0,0,
PENNSYLVANIA,West Penn Township,4564,2,0,1,0,1,24,6,17,1,0,
PENNSYLVANIA,West Pikeland Township,4039,2,0,1,0,1,8,0,7,1,0,
PENNSYLVANIA,West Pike Run,1514,0,0,0,0,0,0,0,0,0,0,
PENNSYLVANIA,West Pottsgrove Township,3784,2,0,0,1,1,158,6,145,7,0,
PENNSYLVANIA,West Reading,4542,20,0,0,1,19,115,8,94,13,0,
PENNSYLVANIA,West Sadsbury Township,2440,3,0,1,0,2,36,0,31,5,0,
PENNSYLVANIA,West Shore Regional,7894,9,0,1,3,5,68,7,55,6,0,
PENNSYLVANIA,Westtown-East Goshen Regional,29610,5,2,0,0,3,104,7,95,2,1,
PENNSYLVANIA,West View,6359,2,0,0,0,2,61,2,54,5,1,
PENNSYLVANIA,West Vincent Township,6907,0,0,0,0,0,6,0,4,2,0,
PENNSYLVANIA,West Whiteland Township,20960,20,0,5,1,14,258,13,237,8,4,
PENNSYLVANIA,West York,5073,16,0,4,2,10,73,5,62,6,1,
PENNSYLVANIA,Whitehall,14475,14,0,1,0,13,75,5,54,16,0,
PENNSYLVANIA,Whitehall Township,29090,62,2,10,6,44,682,46,606,30,2,
PENNSYLVANIA,White Haven Borough,1183,1,0,0,0,1,22,5,15,2,0,
PENNSYLVANIA,Whitemarsh Township,19963,7,0,0,1,6,142,7,111,24,1,
PENNSYLVANIA,Whitpain Township,20451,3,0,0,1,2,135,9,115,11,0,
PENNSYLVANIA,Wiconisco Township,1152,0,0,0,0,0,0,0,0,0,0,
PENNSYLVANIA,Wilkes-Barre,44254,191,4,19,25,143,689,73,567,49,5,
PENNSYLVANIA,Wilkes-Barre Township,3218,8,0,0,3,5,372,9,352,11,1,
PENNSYLVANIA,Wilkinsburg,13646,80,2,9,20,49,333,73,165,95,3,
PENNSYLVANIA,Williamsburg,1188,0,0,0,0,0,0,0,0,0,0,
PENNSYLVANIA,Willistown Township,11380,10,0,1,0,9,28,1,26,1,0,
PENNSYLVANIA,Wilson,8100,8,0,2,2,4,129,11,109,9,1,
PENNSYLVANIA,Windber,4684,35,0,0,0,35,15,0,14,1,0,
PENNSYLVANIA,Womelsdorf,2883,1,0,0,0,1,2,0,2,0,0,
PENNSYLVANIA,Woodward Township,2440,0,0,0,0,0,2,1,1,0,0,
PENNSYLVANIA,Worthington,572,0,0,0,0,0,0,0,0,0,0,
PENNSYLVANIA,Wright Township,5747,1,0,0,0,1,22,1,21,0,0,
PENNSYLVANIA,Wyoming Area Regional,18059,23,0,0,0,23,94,4,87,3,1,
PENNSYLVANIA,Wyomissing,11141,8,0,0,2,6,200,5,183,12,0,
PENNSYLVANIA,Yardley,2575,0,0,0,0,0,8,2,6,0,1,
PENNSYLVANIA,Yeadon,12319,27,0,0,12,15,232,17,145,70,0,
PENNSYLVANIA,York,44893,238,5,18,68,147,836,139,601,96,11,
PENNSYLVANIA,York County Regional,71232,127,1,5,10,111,364,33,308,23,3,
PENNSYLVANIA,Youngsville,1664,1,0,0,0,1,10,2,8,0,0,
PENNSYLVANIA,Zelienople,3754,0,0,0,0,0,0,0,0,0,0,
PENNSYLVANIA,Zerbe Township,1761,0,0,0,0,0,1,1,0,0,0,
RHODE ISLAND,Barrington,17286,13,0,1,0,12,121,8,110,3,0,
RHODE ISLAND,Bristol,22262,6,0,1,0,5,48,3,40,5,0,
RHODE ISLAND,Burrillville,16728,7,0,2,0,5,51,8,33,10,2,
RHODE ISLAND,Central Falls,22881,74,0,11,8,55,230,19,162,49,3,
RHODE ISLAND,Charlestown,8172,12,0,2,1,9,34,6,21,7,0,
RHODE ISLAND,Coventry,36388,25,0,7,0,18,350,22,319,9,5,
RHODE ISLAND,Cranston,83815,78,1,17,13,47,882,69,734,79,11,
RHODE ISLAND,Cumberland,37213,22,0,8,0,14,199,19,151,29,3,
RHODE ISLAND,East Greenwich,14957,5,0,0,2,3,90,5,76,9,0,
RHODE ISLAND,East Providence,47555,35,0,18,4,13,324,29,258,37,2,
RHODE ISLAND,Foster,4569,1,0,0,0,1,11,3,7,1,1,
RHODE ISLAND,Glocester,10427,5,0,1,0,4,12,3,9,0,1,
RHODE ISLAND,Hopkinton,8527,4,1,2,0,1,29,5,20,4,0,
RHODE ISLAND,Jamestown,5550,3,0,1,0,2,16,2,14,0,0,
RHODE ISLAND,Johnston,30172,36,0,10,3,23,296,31,200,65,1,
RHODE ISLAND,Lincoln,23308,20,0,6,1,13,259,18,214,27,0,
RHODE ISLAND,Little Compton,3592,1,0,1,0,0,22,1,18,3,0,
RHODE ISLAND,Middletown,16680,20,0,5,2,13,132,13,109,10,1,
RHODE ISLAND,Narragansett,14591,12,1,5,0,6,59,4,52,3,1,
RHODE ISLAND,Newport,24957,44,0,13,1,30,372,58,295,19,2,
RHODE ISLAND,North Kingstown,28212,18,0,7,0,11,220,13,194,13,2,
RHODE ISLAND,North Providence,34355,36,0,10,5,21,218,15,161,42,3,
RHODE ISLAND,North Smithfield,12796,8,0,1,1,6,145,4,134,7,1,
RHODE ISLAND,Pawtucket,76400,235,3,43,43,146,1155,136,834,185,5,
RHODE ISLAND,Portsmouth,17579,2,0,1,0,1,61,7,50,4,1,
RHODE ISLAND,Providence,193679,536,12,40,108,376,3211,227,2576,408,1,
RHODE ISLAND,Richmond,8282,4,0,1,1,2,23,3,16,4,1,
RHODE ISLAND,Smithfield,22414,8,0,3,1,4,208,9,194,5,2,
RHODE ISLAND,Tiverton,16175,11,0,2,0,9,110,15,88,7,0,
RHODE ISLAND,Warren,11286,13,0,6,0,7,83,12,63,8,1,
RHODE ISLAND,Warwick,84297,67,2,15,8,42,967,85,811,71,7,
RHODE ISLAND,Westerly,23540,15,0,3,0,12,215,12,181,22,0,
RHODE ISLAND,West Greenwich,6835,1,0,0,0,1,28,5,20,3,0,
RHODE ISLAND,West Warwick,31675,63,0,20,5,38,177,28,121,28,6,
RHODE ISLAND,Woonsocket,43776,171,2,26,35,108,657,81,495,81,16,
SOUTH CAROLINA,Abbeville,4863,18,0,2,1,15,64,10,50,4,0,
SOUTH CAROLINA,Aiken,33221,189,4,19,20,146,1315,113,1131,71,4,
SOUTH CAROLINA,Allendale,2430,55,0,1,4,50,119,25,83,11,0,
SOUTH CAROLINA,Anderson,30150,169,1,17,13,138,1720,146,1461,113,15,
SOUTH CAROLINA,Andrews,2532,18,0,0,2,16,96,13,80,3,0,
SOUTH CAROLINA,Atlantic Beach,430,9,0,0,1,8,17,3,14,0,0,
SOUTH CAROLINA,Aynor,1075,0,0,0,0,0,9,1,5,3,0,
SOUTH CAROLINA,Bamberg,2959,51,1,1,3,46,186,37,137,12,1,
SOUTH CAROLINA,Barnwell,4554,55,2,3,4,46,154,19,129,6,0,
SOUTH CAROLINA,Batesburg-Leesville,5309,41,0,4,1,36,147,7,134,6,0,
SOUTH CAROLINA,Beaufort,13937,97,1,7,15,74,498,45,429,24,1,
SOUTH CAROLINA,Bennettsville,6430,64,2,4,7,51,229,30,179,20,1,
SOUTH CAROLINA,Bishopville,2819,23,0,1,2,20,123,20,101,2,0,
SOUTH CAROLINA,Blacksburg,1921,4,0,1,0,3,42,3,33,6,2,
SOUTH CAROLINA,Blackville,1901,18,0,3,1,14,43,24,12,7,0,
SOUTH CAROLINA,Bluffton,37927,45,2,6,8,29,313,26,258,29,1,
SOUTH CAROLINA,Burnettown,3235,1,0,0,0,1,31,5,25,1,0,
SOUTH CAROLINA,Camden,8651,82,1,4,5,72,334,27,281,26,0,
SOUTH CAROLINA,Cayce,13628,100,1,3,6,90,379,55,258,66,0,
SOUTH CAROLINA,Central,5340,3,0,1,0,2,67,4,57,6,0,
SOUTH CAROLINA,Chapin,1939,8,0,1,0,7,24,2,21,1,0,
SOUTH CAROLINA,Charleston,156898,561,7,44,67,443,3172,219,2599,354,16,
SOUTH CAROLINA,Cheraw,4984,58,5,5,5,43,363,48,288,27,1,
SOUTH CAROLINA,Chesnee,929,3,0,0,1,2,73,4,68,1,0,
SOUTH CAROLINA,Chester,5212,81,4,6,4,67,171,30,124,17,0,
SOUTH CAROLINA,Chesterfield,1364,7,0,0,0,7,37,5,28,4,0,
SOUTH CAROLINA,Clemson,17867,29,0,12,2,15,355,32,254,69,0,
SOUTH CAROLINA,Clinton,7743,99,2,7,0,90,312,42,244,26,0,
SOUTH CAROLINA,Clio,575,6,0,1,1,4,10,4,6,0,0,
SOUTH CAROLINA,Clover,7624,11,0,1,0,10,75,9,57,9,0,
SOUTH CAROLINA,Columbia,144559,1113,14,89,157,853,4673,718,3407,548,28,
SOUTH CAROLINA,Conway,29015,129,3,12,8,106,573,30,510,33,2,
SOUTH CAROLINA,Cowpens,2247,8,0,0,0,8,33,12,18,3,1,
SOUTH CAROLINA,Darlington,6013,68,1,1,5,61,354,37,264,53,2,
SOUTH CAROLINA,Denmark,3077,20,2,0,4,14,89,34,50,5,1,
SOUTH CAROLINA,Dillon,6240,148,0,2,5,141,416,64,323,29,4,
SOUTH CAROLINA,Due West,1216,0,0,0,0,0,6,1,5,0,0,
SOUTH CAROLINA,Duncan,4560,19,0,1,2,16,80,5,70,5,0,
SOUTH CAROLINA,Easley,27617,66,1,7,5,53,496,39,421,36,4,
SOUTH CAROLINA,Edisto Beach,1056,0,0,0,0,0,13,1,11,1,0,
SOUTH CAROLINA,Ehrhardt,438,3,0,0,1,2,12,5,6,1,0,
SOUTH CAROLINA,Elgin,1650,7,0,0,0,7,89,1,83,5,0,
SOUTH CAROLINA,Elloree,544,2,0,0,0,2,18,1,17,0,0,
SOUTH CAROLINA,Estill,1752,38,2,0,1,35,55,6,39,10,2,
SOUTH CAROLINA,Eutawville,234,0,0,0,0,0,20,4,13,3,0,
SOUTH CAROLINA,Florence,40781,329,6,14,23,286,1598,125,1334,139,10,
SOUTH CAROLINA,Folly Beach,2084,7,0,4,0,3,47,9,36,2,0,
SOUTH CAROLINA,Forest Acres,10309,30,1,4,5,20,351,22,306,23,1,
SOUTH CAROLINA,Fort Lawn,976,5,0,2,0,3,31,1,28,2,0,
SOUTH CAROLINA,Fort Mill,37027,17,0,5,3,9,234,16,205,13,1,
SOUTH CAROLINA,Fountain Inn,13996,11,0,0,1,10,137,13,105,19,2,
SOUTH CAROLINA,Gaffney,12399,28,2,7,2,17,518,80,389,49,4,
SOUTH CAROLINA,Gaston,1639,6,0,1,1,4,53,10,36,7,0,
SOUTH CAROLINA,Georgetown,8823,75,0,6,4,65,318,34,261,23,3,
SOUTH CAROLINA,Goose Creek,50294,129,4,18,15,92,737,127,545,65,2,
SOUTH CAROLINA,Greenville,73405,473,7,22,47,397,2546,223,2098,225,2,
SOUTH CAROLINA,Greenwood,22478,109,3,14,13,79,747,164,569,14,2,
SOUTH CAROLINA,Greer,47690,164,1,20,10,133,824,60,673,91,3,
SOUTH CAROLINA,Hampton,2579,16,0,1,2,13,70,15,50,5,1,
SOUTH CAROLINA,Hanahan,22205,50,0,4,7,39,315,35,237,43,2,
SOUTH CAROLINA,Hardeeville,13740,22,2,0,5,15,207,45,152,10,0,
SOUTH CAROLINA,Hartsville,7389,129,1,5,10,113,358,33,289,36,6,
SOUTH CAROLINA,Hemingway,463,11,0,0,0,11,64,6,57,1,0,
SOUTH CAROLINA,Holly Hill,1241,10,0,0,1,9,62,13,44,5,0,
SOUTH CAROLINA,Honea Path,3902,27,0,3,1,23,101,17,74,10,6,
SOUTH CAROLINA,Inman,3334,12,0,2,0,10,49,4,40,5,1,
SOUTH CAROLINA,Irmo,12178,29,0,3,4,22,191,13,163,15,0,
SOUTH CAROLINA,Isle of Palms,4377,6,0,2,1,3,58,1,52,5,0,
SOUTH CAROLINA,Iva,1189,3,0,1,1,1,46,3,42,1,0,
SOUTH CAROLINA,Jamestown,71,0,0,0,0,0,2,0,2,0,0,
SOUTH CAROLINA,Jonesville,812,2,1,0,0,1,11,1,6,4,0,
SOUTH CAROLINA,Kingstree,3021,36,1,4,2,29,229,37,184,8,2,
SOUTH CAROLINA,Lake City,5937,107,1,3,4,99,282,51,207,24,2,
SOUTH CAROLINA,Lake View,758,1,0,0,0,1,12,0,12,0,0,
SOUTH CAROLINA,Lamar,839,0,0,0,0,0,34,3,29,2,0,
SOUTH CAROLINA,Lancaster,9305,99,4,7,6,82,575,65,485,25,0,
SOUTH CAROLINA,Landrum,2769,6,0,1,0,5,29,2,25,2,0,
SOUTH CAROLINA,Lane,448,0,0,0,0,0,0,0,0,0,0,
SOUTH CAROLINA,Latta,1239,12,0,0,1,11,41,8,29,4,1,
SOUTH CAROLINA,Laurens,9263,86,0,4,4,78,278,37,219,22,0,
SOUTH CAROLINA,Lexington,25359,30,0,2,0,28,397,24,348,25,1,
SOUTH CAROLINA,Liberty,3290,10,0,2,0,8,38,3,31,4,0,
SOUTH CAROLINA,Loris,2851,12,0,0,2,10,85,13,67,5,0,
SOUTH CAROLINA,Lyman,6886,14,0,2,0,12,52,3,47,2,0,
SOUTH CAROLINA,Manning,3782,39,0,1,5,33,301,33,255,13,0,
SOUTH CAROLINA,Marion,6123,54,4,3,8,39,325,46,265,14,4,
SOUTH CAROLINA,Mauldin,29180,64,2,6,8,48,403,57,303,43,0,
SOUTH CAROLINA,McBee,793,0,0,0,0,0,0,0,0,0,0,
SOUTH CAROLINA,McColl,1969,25,0,0,2,23,97,21,74,2,1,
SOUTH CAROLINA,McCormick,2035,8,2,0,1,5,41,7,34,0,0,
SOUTH CAROLINA,Moncks Corner,17854,60,2,4,6,48,361,82,257,22,1,
SOUTH CAROLINA,Mount Pleasant,96608,124,0,14,21,89,1132,95,966,71,3,
SOUTH CAROLINA,Mullins,3845,61,4,3,6,48,192,43,139,10,0,
SOUTH CAROLINA,Myrtle Beach,41022,456,5,76,71,304,2320,183,1975,162,12,
SOUTH CAROLINA,Newberry,10926,64,5,4,6,49,340,48,284,8,0,
SOUTH CAROLINA,New Ellenton,2357,5,0,0,1,4,36,4,27,5,0,
SOUTH CAROLINA,Ninety Six,2057,5,0,1,0,4,18,3,15,0,0,
SOUTH CAROLINA,North,671,0,0,0,0,0,31,10,20,1,1,
SOUTH CAROLINA,North Augusta,26377,9,0,1,1,7,108,2,100,6,0,
SOUTH CAROLINA,North Charleston,123511,1001,21,75,189,716,4886,400,3836,650,6,
SOUTH CAROLINA,North Myrtle Beach,20790,75,0,12,3,60,670,45,576,49,3,
SOUTH CAROLINA,Olanta,540,0,0,0,0,0,3,0,2,1,0,
SOUTH CAROLINA,Orangeburg,13320,166,4,3,25,134,827,148,607,72,5,
SOUTH CAROLINA,Pacolet,2543,8,0,2,1,5,34,10,23,1,0,
SOUTH CAROLINA,Pageland,2514,49,0,3,1,45,107,15,83,9,0,
SOUTH CAROLINA,Pamplico,1052,8,0,0,0,8,17,6,9,2,0,
SOUTH CAROLINA,Pelion,624,5,0,0,1,4,42,1,37,4,0,
SOUTH CAROLINA,Pendleton,3711,11,1,2,0,8,59,12,45,2,0,
SOUTH CAROLINA,Pickens,3388,10,0,1,0,9,104,8,95,1,0,
SOUTH CAROLINA,Pine Ridge,2332,1,0,0,0,1,23,4,16,3,0,
SOUTH CAROLINA,Port Royal,16931,22,0,6,1,15,207,18,180,9,0,
SOUTH CAROLINA,Prosperity,1225,3,0,1,0,2,16,1,15,0,0,
SOUTH CAROLINA,Quinby,902,0,0,0,0,0,0,0,0,0,0,
SOUTH CAROLINA,Ridgeland,3751,16,2,0,3,11,92,12,75,5,0,
SOUTH CAROLINA,Ridge Spring,583,0,0,0,0,0,10,1,8,1,1,
SOUTH CAROLINA,Rock Hill,75975,335,9,26,30,270,1784,209,1373,202,4,
SOUTH CAROLINA,Saluda,3054,10,0,1,1,8,47,4,42,1,0,
SOUTH CAROLINA,Santee,806,10,1,0,2,7,49,6,42,1,0,
SOUTH CAROLINA,Seneca,9106,56,1,2,2,51,157,29,116,12,0,
SOUTH CAROLINA,Simpsonville,28952,62,0,13,6,43,755,41,675,39,0,
SOUTH CAROLINA,Society Hill,428,0,0,0,0,0,8,1,6,1,0,
SOUTH CAROLINA,South Congaree,2389,5,0,0,4,1,39,4,33,2,0,
SOUTH CAROLINA,Spartanburg,39186,580,2,34,64,480,2049,370,1432,247,20,
SOUTH CAROLINA,Springdale,2714,15,0,1,1,13,71,4,59,8,0,
SOUTH CAROLINA,St. George,1833,16,1,0,5,10,86,9,64,13,0,
SOUTH CAROLINA,St. Matthews,1822,6,0,0,0,6,26,3,17,6,0,
SOUTH CAROLINA,Sullivan's Island,1930,0,0,0,0,0,22,0,18,4,0,
SOUTH CAROLINA,Summerton,782,22,0,0,1,21,61,16,45,0,0,
SOUTH CAROLINA,Summerville,52148,116,2,9,11,94,922,51,806,65,3,
SOUTH CAROLINA,Sumter,42551,467,10,10,28,419,1577,145,1223,209,4,
SOUTH CAROLINA,Surfside Beach,4377,10,0,0,0,10,81,24,46,11,0,
SOUTH CAROLINA,Swansea,772,4,1,0,1,2,33,1,32,0,0,
SOUTH CAROLINA,Tega Cay,14456,4,0,1,1,2,43,3,37,3,1,
SOUTH CAROLINA,Timmonsville,2106,12,0,0,0,12,47,8,34,5,0,
SOUTH CAROLINA,Travelers Rest,9088,24,1,1,3,19,226,7,212,7,1,
SOUTH CAROLINA,Union,7795,76,2,6,10,58,511,98,381,32,2,
SOUTH CAROLINA,Walhalla,4239,10,0,2,0,8,34,4,26,4,0,
SOUTH CAROLINA,Walterboro,5465,55,2,1,6,46,294,24,253,17,3,
SOUTH CAROLINA,Ware Shoals,1703,14,0,2,0,12,34,8,24,2,0,
SOUTH CAROLINA,Wellford,3723,4,0,0,0,4,34,3,22,9,0,
SOUTH CAROLINA,West Columbia,18591,139,3,9,14,113,825,69,690,66,2,
SOUTH CAROLINA,Westminster,2433,5,0,2,0,3,39,5,29,5,1,
SOUTH CAROLINA,West Union,389,3,0,1,0,2,26,0,24,2,0,
SOUTH CAROLINA,Whitmire,1434,0,0,0,0,0,35,11,24,0,0,
SOUTH CAROLINA,Williamston,4275,29,0,4,1,24,90,8,74,8,1,
SOUTH CAROLINA,Williston,2851,16,1,2,2,11,112,22,87,3,2,
SOUTH CAROLINA,Woodruff,4689,18,0,2,0,16,98,13,79,6,0,
SOUTH CAROLINA,Yemassee,1078,6,0,0,5,1,49,6,34,9,0,
SOUTH CAROLINA,York,9366,68,1,3,9,55,287,31,238,18,0,
SOUTH DAKOTA,Aberdeen,28004,75,0,14,0,61,395,70,296,29,0,
SOUTH DAKOTA,Belle Fourche,5955,9,0,4,1,4,137,90,42,5,0,
SOUTH DAKOTA,Beresford,2079,4,0,1,0,3,23,6,13,4,0,
SOUTH DAKOTA,Box Elder,14589,51,1,10,1,39,174,25,126,23,1,
SOUTH DAKOTA,Brandon,10935,8,0,0,0,8,41,5,28,8,0,
SOUTH DAKOTA,Brookings,24638,21,0,4,0,17,290,11,261,18,0,
SOUTH DAKOTA,Burke,577,1,0,0,0,1,1,0,0,1,0,
SOUTH DAKOTA,Centerville,968,5,3,1,0,1,5,1,4,0,0,
SOUTH DAKOTA,Chamberlain,2497,11,0,2,0,9,39,4,29,6,0,
SOUTH DAKOTA,Clark,1162,4,0,0,0,4,3,0,3,0,0,
SOUTH DAKOTA,Deadwood,1413,14,0,2,0,12,34,5,28,1,0,
SOUTH DAKOTA,Elk Point,2054,1,0,1,0,0,12,4,8,0,0,
SOUTH DAKOTA,Flandreau,2353,4,0,0,0,4,26,7,16,3,0,
SOUTH DAKOTA,Hot Springs,3686,7,0,0,0,7,1,1,0,0,0,
SOUTH DAKOTA,Huron,14740,43,1,7,0,35,223,10,203,10,0,
SOUTH DAKOTA,Jefferson,440,0,0,0,0,0,3,1,2,0,0,
SOUTH DAKOTA,Lead,3054,5,0,0,0,5,12,2,9,1,0,
SOUTH DAKOTA,Lennox,2518,2,0,0,0,2,3,0,2,1,0,
SOUTH DAKOTA,Madison,6069,9,0,5,0,4,48,5,42,1,0,
SOUTH DAKOTA,Miller,1319,0,0,0,0,0,0,0,0,0,0,
SOUTH DAKOTA,Mitchell,15607,41,1,6,3,31,307,26,249,32,3,
SOUTH DAKOTA,Mobridge,3217,9,0,3,0,6,16,4,12,0,0,
SOUTH DAKOTA,North Sioux City,3049,6,0,0,2,4,45,0,42,3,0,
SOUTH DAKOTA,Parkston,1539,1,0,1,0,0,1,0,1,0,0,
SOUTH DAKOTA,Pierre,13822,70,0,10,1,59,275,33,213,29,0,
SOUTH DAKOTA,Rapid City,80957,582,5,110,84,383,3070,346,2418,306,3,
SOUTH DAKOTA,Scotland,785,1,0,0,0,1,0,0,0,0,0,
SOUTH DAKOTA,Sioux Falls,210926,1111,14,59,100,938,6149,639,4587,923,25,
SOUTH DAKOTA,Sisseton,2401,5,0,2,0,3,17,5,9,3,0,
SOUTH DAKOTA,Spearfish,13657,36,0,14,2,20,249,23,211,15,0,
SOUTH DAKOTA,Sturgis,7056,16,0,3,0,13,124,13,103,8,0,
SOUTH DAKOTA,Summerset,3008,2,0,0,0,2,17,0,17,0,0,
SOUTH DAKOTA,Tea,8055,11,1,2,0,8,92,9,75,8,0,
SOUTH DAKOTA,Vermillion,12110,22,0,6,0,16,141,6,119,16,0,
SOUTH DAKOTA,Wagner,1407,9,0,0,1,8,55,11,41,3,0,
SOUTH DAKOTA,Watertown,23417,71,0,15,0,56,240,16,208,16,1,
SOUTH DAKOTA,Whitewood,962,2,0,0,0,2,2,0,2,0,0,
SOUTH DAKOTA,Winner,2914,4,0,0,0,4,27,1,22,4,0,
SOUTH DAKOTA,Yankton,15698,43,1,13,1,28,309,13,282,14,3,
TENNESSEE,Adamsville,2281,9,0,1,0,8,37,7,25,5,0,
TENNESSEE,Alamo,2334,6,0,0,0,6,16,6,10,0,0,
TENNESSEE,Alcoa,14270,55,0,11,3,41,194,18,156,20,2,
TENNESSEE,Algood,4163,13,0,5,1,7,37,3,30,4,0,
TENNESSEE,Ardmore,1230,4,0,1,2,1,47,11,29,7,0,
TENNESSEE,Ashland City,5728,6,0,1,0,5,63,8,49,6,0,
TENNESSEE,Athens,14949,93,1,5,7,80,548,65,438,45,2,
TENNESSEE,Atoka,10777,19,0,0,0,19,56,6,36,14,0,
TENNESSEE,Bartlett,55494,139,0,5,9,125,712,51,530,131,4,
TENNESSEE,Baxter,2068,5,0,0,0,5,16,1,13,2,0,
TENNESSEE,Bean Station,3108,1,0,0,0,1,17,0,14,3,0,
TENNESSEE,Belle Meade,2502,0,0,0,0,0,21,1,18,2,0,
TENNESSEE,Bells,2480,4,0,0,0,4,9,2,6,1,0,
TENNESSEE,Benton,1421,3,0,0,0,3,7,1,6,0,0,
TENNESSEE,Berry Hill,1762,7,0,0,0,7,120,7,94,19,0,
TENNESSEE,Blaine,2158,2,0,0,0,2,18,2,13,3,0,
TENNESSEE,Bluff City,1846,8,0,0,0,8,31,0,27,4,0,
TENNESSEE,Bolivar,5119,65,0,2,5,58,127,20,87,20,0,
TENNESSEE,Brentwood,45208,26,0,5,3,18,330,30,284,16,2,
TENNESSEE,Brighton,2880,10,1,0,1,8,23,2,16,5,0,
TENNESSEE,Bristol,28082,102,0,9,6,87,550,87,424,39,2,
TENNESSEE,Brownsville,9264,96,0,9,8,79,232,53,166,13,1,
TENNESSEE,Camden,3686,3,0,0,1,2,41,2,38,1,0,
TENNESSEE,Carthage,2255,12,0,0,0,12,49,2,45,2,0,
TENNESSEE,Caryville,2189,7,0,0,0,7,17,3,11,3,0,
TENNESSEE,Celina,1393,0,0,0,0,0,12,4,7,1,0,
TENNESSEE,Centerville,3580,4,0,0,0,4,14,4,9,1,0,
TENNESSEE,Chapel Hill,1898,0,0,0,0,0,7,4,3,0,0,
TENNESSEE,Charleston,901,4,0,0,0,4,8,1,6,1,0,
TENNESSEE,Chattanooga,188894,1556,24,172,177,1183,7447,717,5471,1259,24,
TENNESSEE,Church Hill,7311,2,0,2,0,0,20,4,15,1,0,
TENNESSEE,Clarksville,185349,760,9,101,43,607,3025,373,2314,338,18,
TENNESSEE,Cleveland,49482,224,2,9,31,182,1180,135,971,74,8,
TENNESSEE,Clinton,10430,47,0,4,3,40,224,23,176,25,1,
TENNESSEE,Collegedale,11599,2,0,0,0,2,96,10,80,6,1,
TENNESSEE,Collierville,51312,77,0,2,8,67,651,49,546,56,1,
TENNESSEE,Columbia,49374,283,6,26,16,235,1228,456,693,79,1,
TENNESSEE,Cookeville,37248,109,0,21,3,85,619,64,504,51,6,
TENNESSEE,Coopertown,4770,6,0,0,0,6,13,5,7,1,0,
TENNESSEE,Covington,8537,95,0,3,5,87,216,38,163,15,5,
TENNESSEE,Crossville,12842,83,0,11,4,68,332,65,245,22,5,
TENNESSEE,Dandridge,3708,8,0,2,4,2,43,5,38,0,0,
TENNESSEE,Dayton,7465,18,0,0,1,17,107,5,93,9,1,
TENNESSEE,Decatur,1651,5,0,1,0,4,38,6,28,4,1,
TENNESSEE,Decherd,2468,13,0,2,0,11,48,9,31,8,1,
TENNESSEE,Dickson,16980,79,1,8,0,70,395,18,339,38,2,
TENNESSEE,Dresden,2935,4,0,2,0,2,25,3,19,3,0,
TENNESSEE,Dunlap,5959,10,0,0,0,10,62,9,47,6,0,
TENNESSEE,Dyer,2326,10,0,0,0,10,18,4,14,0,0,
TENNESSEE,Dyersburg,15917,200,3,13,9,175,757,150,560,47,3,
TENNESSEE,East Ridge,21886,90,1,15,4,70,437,33,370,34,2,
TENNESSEE,Elizabethton,14228,21,0,1,1,19,222,19,192,11,0,
TENNESSEE,Englewood,1578,1,0,0,0,1,7,2,3,2,0,
TENNESSEE,Erin,1179,0,0,0,0,0,4,0,3,1,0,
TENNESSEE,Estill Springs,2271,12,0,2,1,9,13,4,8,1,0,
TENNESSEE,Etowah,3720,6,0,1,0,5,15,3,6,6,0,
TENNESSEE,Fairview,10496,13,0,5,0,8,49,2,41,6,0,
TENNESSEE,Fayetteville,7042,81,0,2,4,75,118,14,97,7,0,
TENNESSEE,Franklin,90077,119,1,12,6,100,849,36,747,66,1,
TENNESSEE,Gallatin,52346,109,1,8,7,93,392,26,329,37,0,
TENNESSEE,Gatlinburg,3752,18,0,4,0,14,111,13,90,8,0,
TENNESSEE,Germantown,39938,67,0,8,4,55,470,17,396,57,8,
TENNESSEE,Goodlettsville,17312,22,1,2,3,16,155,24,96,35,1,
TENNESSEE,Gordonsville,1383,6,0,1,0,5,8,2,6,0,0,
TENNESSEE,Greenbrier,6949,11,0,2,0,9,32,5,20,7,0,
TENNESSEE,Greeneville,15866,41,0,3,0,38,301,47,226,28,1,
TENNESSEE,Greenfield,2013,10,0,0,0,10,15,3,9,3,0,
TENNESSEE,Halls,2037,5,1,0,0,4,26,5,20,1,1,
TENNESSEE,Harriman,6246,30,0,4,3,23,224,11,200,13,3,
TENNESSEE,Henderson,6441,12,0,1,1,10,38,3,34,1,1,
TENNESSEE,Hendersonville,64126,79,2,2,1,74,458,33,394,31,2,
TENNESSEE,Hohenwald,3956,11,0,0,0,11,54,8,46,0,0,
TENNESSEE,Humboldt,7828,45,0,6,3,36,127,26,94,7,3,
TENNESSEE,Huntingdon,4527,6,0,0,0,6,36,1,34,1,0,
TENNESSEE,Jacksboro,2275,0,0,0,0,0,45,1,44,0,0,
TENNESSEE,Jackson,68286,649,17,24,68,540,2158,306,1663,189,8,
TENNESSEE,Jamestown,2096,12,0,1,1,10,75,9,63,3,0,
TENNESSEE,Jasper,3623,9,0,0,0,9,22,4,16,2,0,
TENNESSEE,Jefferson City,8877,26,0,2,1,23,172,18,145,9,0,
TENNESSEE,Johnson City,74093,298,4,56,25,213,1706,151,1426,129,5,
TENNESSEE,Jonesborough,6684,10,0,3,0,7,89,9,64,16,0,
TENNESSEE,Kimball,1626,1,0,0,1,0,56,2,53,1,0,
TENNESSEE,Kingsport,57138,252,2,27,21,202,1691,180,1338,173,8,
TENNESSEE,Kingston,6306,8,0,0,1,7,19,2,12,5,0,
TENNESSEE,Knoxville,200457,1484,22,130,164,1168,5455,659,4037,759,9,
TENNESSEE,Lafayette,5923,7,0,2,0,5,102,4,96,2,0,
TENNESSEE,La Follette,7187,23,0,0,1,22,63,8,42,13,0,
TENNESSEE,La Vergne,39897,190,2,15,14,159,732,75,555,102,0,
TENNESSEE,Lawrenceburg,12110,39,0,1,4,34,179,37,123,19,1,
TENNESSEE,Lebanon,51653,178,3,19,5,151,534,70,415,49,3,
TENNESSEE,Lenoir City,12354,43,1,3,2,37,198,23,158,17,0,
TENNESSEE,Lewisburg,13406,96,1,2,5,88,259,23,211,25,1,
TENNESSEE,Lexington,8000,33,0,1,0,32,159,21,130,8,2,
TENNESSEE,Livingston,4081,13,0,1,0,12,26,2,19,5,0,
TENNESSEE,Loudon,6876,11,0,0,0,11,37,6,22,9,0,
TENNESSEE,Madisonville,5379,20,0,3,0,17,119,16,96,7,1,
TENNESSEE,Manchester,13626,89,1,17,4,67,335,35,284,16,3,
TENNESSEE,Martin,11059,33,0,1,1,31,120,14,101,5,0,
TENNESSEE,Maryville,32583,43,0,7,2,34,165,15,133,17,4,
TENNESSEE,Maynardville,2619,5,0,1,1,3,47,3,36,8,0,
TENNESSEE,McEwen,1740,7,0,0,0,7,18,1,16,1,0,
TENNESSEE,McKenzie,5603,16,0,0,0,16,40,8,30,2,1,
TENNESSEE,McMinnville,13787,88,0,11,1,76,230,28,189,13,0,
TENNESSEE,Medina,5654,10,0,0,0,10,13,2,10,1,0,
TENNESSEE,Memphis,613207,15338,249,429,2138,12522,42305,5616,26978,9711,343,
TENNESSEE,Metropolitan Nashville Police Department,698987,7857,102,503,1083,6169,31521,3093,23377,5051,54,
TENNESSEE,Milan,8331,47,0,2,0,45,166,35,120,11,1,
TENNESSEE,Millersville,6295,15,0,1,0,14,29,0,24,5,0,
TENNESSEE,Millington,11785,71,1,4,4,62,448,55,325,68,1,
TENNESSEE,Monterey,2745,10,0,0,0,10,36,5,25,6,0,
TENNESSEE,Morristown,32660,250,1,15,11,223,807,82,638,87,5,
TENNESSEE,Mosheim,2563,13,0,0,0,13,68,7,54,7,0,
TENNESSEE,Mountain City,2478,2,0,0,0,2,22,6,16,0,1,
TENNESSEE,Mount Juliet,44049,70,0,5,1,64,425,14,384,27,1,
TENNESSEE,Mount Pleasant,4830,13,1,2,0,10,36,5,23,8,0,
TENNESSEE,Munford,6901,31,1,2,0,28,43,6,33,4,1,
TENNESSEE,Murfreesboro,169520,712,5,88,50,569,3428,277,2812,339,3,
TENNESSEE,Newbern,3254,12,0,0,0,12,29,6,19,4,0,
TENNESSEE,Newport,7010,48,0,3,1,44,302,26,259,17,2,
TENNESSEE,New Tazewell,2812,1,0,0,0,1,35,7,27,1,0,
TENNESSEE,Nolensville,15930,8,0,1,0,7,33,9,21,3,1,
TENNESSEE,Oakland,11026,8,1,0,0,7,56,5,42,9,0,
TENNESSEE,Oak Ridge,34071,99,0,18,3,78,435,71,343,21,4,
TENNESSEE,Oliver Springs,3430,2,0,0,0,2,52,6,40,6,0,
TENNESSEE,Oneida,3823,14,0,1,1,12,53,6,43,4,1,
TENNESSEE,Paris,10360,17,0,1,0,16,175,17,152,6,1,
TENNESSEE,Parsons,2116,20,0,4,0,16,28,3,22,3,0,
TENNESSEE,Pigeon Forge,6344,50,1,12,1,36,201,14,173,14,0,
TENNESSEE,Pikeville,1899,2,0,2,0,0,28,11,15,2,1,
TENNESSEE,Plainview,2213,2,0,0,1,1,15,2,10,3,0,
TENNESSEE,Pleasant View,5709,2,0,1,0,1,17,3,10,4,0,
TENNESSEE,Portland,13703,51,0,5,0,46,63,12,43,8,2,
TENNESSEE,Pulaski,8243,38,0,2,0,36,195,15,171,9,0,
TENNESSEE,Red Bank,12113,48,0,0,1,47,142,17,102,23,1,
TENNESSEE,Red Boiling Springs,1217,11,0,0,0,11,4,2,2,0,0,
TENNESSEE,Ripley,7575,132,1,5,3,123,163,32,112,19,2,
TENNESSEE,Rockwood,5698,33,0,4,0,29,118,17,79,22,3,
TENNESSEE,Rocky Top,1642,25,0,0,1,24,59,8,47,4,0,
TENNESSEE,Rogersville,4623,7,0,1,2,4,77,7,57,13,2,
TENNESSEE,Savannah,7344,51,0,3,0,48,184,35,139,10,1,
TENNESSEE,Selmer,4490,39,3,2,1,33,84,15,61,8,0,
TENNESSEE,Sevierville,18084,79,0,16,1,62,574,30,504,40,1,
TENNESSEE,Shelbyville,25655,111,1,13,3,94,490,45,401,44,2,
TENNESSEE,Signal Mountain,8935,8,0,0,0,8,39,1,37,1,0,
TENNESSEE,Smithville,5514,22,0,1,0,21,69,7,52,10,0,
TENNESSEE,Smyrna,58791,164,1,17,20,126,1403,97,1098,208,2,
TENNESSEE,Soddy-Daisy,13281,22,0,4,0,18,79,15,62,2,0,
TENNESSEE,Somerville,3559,17,0,2,0,15,35,6,26,3,0,
TENNESSEE,South Carthage,1611,2,0,0,0,2,5,1,4,0,0,
TENNESSEE,South Fulton,2183,11,0,1,0,10,32,8,17,7,1,
TENNESSEE,South Pittsburg,2937,4,0,0,0,4,7,0,5,2,0,
TENNESSEE,Sparta,4887,6,0,1,0,5,110,9,96,5,2,
TENNESSEE,Spencer,1566,2,0,0,0,2,10,2,7,1,0,
TENNESSEE,Spring City,1950,0,0,0,0,0,12,0,10,2,0,
TENNESSEE,Springfield,19729,77,5,1,3,68,181,7,152,22,0,
TENNESSEE,Spring Hill,59921,98,0,4,5,89,299,54,224,21,0,
TENNESSEE,Sweetwater,6696,23,1,1,1,20,92,12,76,4,2,
TENNESSEE,Tazewell,2357,7,0,0,2,5,30,2,23,5,0,
TENNESSEE,Tellico Plains,781,8,0,0,0,8,37,3,33,1,0,
TENNESSEE,Tiptonville,3279,5,1,0,0,4,47,11,33,3,1,
TENNESSEE,Tracy City,1446,7,0,0,2,5,21,4,15,2,1,
TENNESSEE,Tullahoma,21208,83,1,13,1,68,354,29,304,21,2,
TENNESSEE,Tusculum,3390,0,0,0,0,0,10,1,9,0,0,
TENNESSEE,Unicoi,3816,5,0,0,0,5,26,0,24,2,0,
TENNESSEE,Union City,10887,76,0,6,2,68,264,27,211,26,4,
TENNESSEE,Vonore,1694,10,0,0,0,10,27,3,21,3,0,
TENNESSEE,Watertown,1622,3,0,0,0,3,20,2,12,6,0,
TENNESSEE,Waverly,4266,8,0,0,0,8,16,0,15,1,1,
TENNESSEE,Westmoreland,2803,1,0,1,0,0,6,1,4,1,0,
TENNESSEE,White Bluff,4262,14,0,0,0,14,41,9,26,6,0,
TENNESSEE,White House,16177,38,0,1,0,37,119,9,98,12,0,
TENNESSEE,White Pine,2579,2,0,0,0,2,27,4,22,1,0,
TENNESSEE,Whiteville,4559,2,0,0,0,2,12,4,6,2,0,
TENNESSEE,Whitwell,1602,4,0,0,0,4,20,7,10,3,0,
TENNESSEE,Winchester,10177,38,0,2,2,34,264,23,234,7,1,
TENNESSEE,Woodbury,2893,2,0,0,0,2,26,0,24,2,1,
TEXAS,Abernathy,2799,4,0,1,0,3,3,0,1,2,0,
TEXAS,Abilene,130275,553,6,92,60,395,2297,417,1700,180,7,
TEXAS,Addison,17367,63,1,8,13,41,955,68,616,271,1,
TEXAS,Alamo,20734,186,1,21,5,159,724,63,611,50,1,
TEXAS,Alamo Heights,7497,8,0,2,2,4,220,9,189,22,0,
TEXAS,Alba,508,3,0,0,0,3,4,1,3,0,0,
TEXAS,Alice,17487,97,0,13,6,78,560,136,391,33,6,
TEXAS,Allen,113737,121,0,27,11,83,999,71,827,101,1,
TEXAS,Alma,420,0,0,0,0,0,6,3,0,3,0,
TEXAS,Alpine,6036,9,0,0,0,9,3,3,0,0,0,
TEXAS,Alto,1063,3,0,2,0,1,14,2,9,3,0,
TEXAS,Alton,22140,185,3,5,4,173,241,39,177,25,1,
TEXAS,Alvarado,6729,24,1,3,1,19,80,18,53,9,0,
TEXAS,Alvin,29144,67,3,16,9,39,476,46,394,36,1,
TEXAS,Amarillo,203039,1402,17,150,176,1059,5392,767,4096,529,58,
TEXAS,Andrews,13499,51,0,15,1,35,160,15,128,17,0,
TEXAS,Angleton,20474,52,2,13,4,33,195,42,136,17,1,
TEXAS,Anna,32053,53,0,6,5,42,226,43,154,29,0,
TEXAS,Anson,2306,0,0,0,0,0,1,0,0,1,0,
TEXAS,Anthony,3661,14,0,1,1,12,73,12,50,11,0,
TEXAS,Anton,912,0,0,0,0,0,0,0,0,0,0,
TEXAS,Aransas Pass,9015,26,0,7,1,18,165,42,108,15,1,
TEXAS,Archer City,1638,0,0,0,0,0,7,1,6,0,0,
TEXAS,Arcola,2442,14,0,2,0,12,35,10,16,9,0,
TEXAS,Argyle,6423,8,0,0,0,8,26,3,19,4,0,
TEXAS,Arlington,399840,1931,17,285,240,1389,9647,1055,6948,1644,10,
TEXAS,Arp,998,3,0,0,0,3,5,0,4,1,0,
TEXAS,Athens,13718,58,0,4,6,48,193,34,152,7,0,
TEXAS,Atlanta,5418,15,0,4,0,11,52,12,33,7,0,
TEXAS,Aubrey,9572,35,1,4,5,25,146,30,107,9,0,
TEXAS,Austin,984613,4597,65,666,841,3025,31920,4383,21643,5894,151,
TEXAS,Azle,14961,35,1,8,3,23,246,33,191,22,0,
TEXAS,Balch Springs,26819,112,0,11,29,72,755,89,491,175,1,
TEXAS,Balcones Heights,2671,46,1,4,2,39,350,18,270,62,3,
TEXAS,Ballinger,3565,6,0,3,0,3,22,11,10,1,0,
TEXAS,Bandera,896,1,0,0,0,1,12,2,10,0,0,
TEXAS,Bangs,1544,3,0,1,0,2,2,1,1,0,0,
TEXAS,Bastrop,12388,54,1,11,2,40,400,21,332,47,0,
TEXAS,Bay City,17405,101,0,10,9,82,495,57,415,23,0,
TEXAS,Bayou Vista,1766,1,0,1,0,0,8,3,4,1,0,
TEXAS,Baytown,83639,368,6,64,54,244,2343,326,1641,376,6,
TEXAS,Beaumont,111320,1266,14,106,172,974,3676,875,2527,274,12,
TEXAS,Bedford,47900,69,2,10,12,45,741,75,558,108,3,
TEXAS,Bee Cave,8449,13,0,1,0,12,225,19,192,14,0,
TEXAS,Beeville,13069,48,0,3,4,41,361,271,78,12,5,
TEXAS,Bellaire,16959,40,0,4,14,22,403,37,330,36,1,
TEXAS,Bellmead,10657,49,1,6,14,28,339,37,263,39,1,
TEXAS,Bells,1521,0,0,0,0,0,4,0,4,0,0,
TEXAS,Bellville,4222,15,0,0,0,15,44,8,28,8,0,
TEXAS,Belton,25888,24,0,13,0,11,503,60,393,50,3,
TEXAS,Benbrook,24292,29,0,9,3,17,479,32,405,42,1,
TEXAS,Bertram,2225,3,0,2,0,1,5,0,4,1,0,
TEXAS,Beverly Hills,1865,19,0,2,1,16,44,7,31,6,0,
TEXAS,Big Sandy,1335,6,0,1,0,5,10,1,8,1,0,
TEXAS,Big Spring,21249,162,3,13,10,136,592,129,399,64,2,
TEXAS,Bishop,3052,3,0,1,0,2,15,6,9,0,0,
TEXAS,Blanco,2122,7,0,2,0,5,20,7,8,5,0,
TEXAS,Blooming Grove,874,0,0,0,0,0,0,0,0,0,0,
TEXAS,Blue Mound,2281,3,0,2,0,1,17,6,9,2,0,
TEXAS,Boerne,23165,25,0,5,2,18,273,74,162,37,1,
TEXAS,Bogata,1102,0,0,0,0,0,0,0,0,0,0,
TEXAS,Bonham,11031,11,0,4,0,7,76,16,53,7,1,
TEXAS,Borger,11983,48,0,11,1,36,232,75,132,25,1,
TEXAS,Bovina,1637,0,0,0,0,0,7,1,5,1,0,
TEXAS,Bowie,6149,20,0,7,0,13,108,42,57,9,0,
TEXAS,Boyd,1886,3,0,0,0,3,9,1,6,2,0,
TEXAS,Brady,4926,8,0,2,1,5,46,15,25,6,0,
TEXAS,Brazoria,2848,6,0,2,0,4,35,7,26,2,0,
TEXAS,Breckenridge,5126,24,1,1,0,22,74,13,56,5,0,
TEXAS,Bremond,877,4,0,1,0,3,5,3,1,1,0,
TEXAS,Brenham,19775,105,0,11,1,93,403,40,335,28,2,
TEXAS,Bridge City,9704,11,0,4,1,6,55,8,39,8,0,
TEXAS,Bridgeport,6719,18,1,3,0,14,47,9,37,1,0,
TEXAS,Brookshire,5866,31,2,4,4,21,83,10,57,16,1,
TEXAS,Brownfield,8569,38,1,2,1,34,107,25,74,8,0,
TEXAS,Brownsboro,1320,5,0,0,1,4,5,2,3,0,0,
TEXAS,Brownsville,191221,872,4,59,116,693,3713,368,2554,791,12,
TEXAS,Brownwood,18782,68,2,16,3,47,422,79,316,27,0,
TEXAS,Bruceville-Eddy,1462,5,2,0,0,3,7,3,2,2,0,
TEXAS,Bryan,91450,352,1,47,27,277,1324,149,1090,85,2,
TEXAS,Buda,16289,22,0,7,3,12,266,20,220,26,0,
TEXAS,Buffalo,1885,2,0,1,0,1,40,15,22,3,0,
TEXAS,Bullard,5241,3,2,0,0,1,16,3,12,1,1,
TEXAS,Bulverde,7431,11,0,1,0,10,150,19,120,11,0,
TEXAS,Burkburnett,11128,25,0,9,1,15,87,15,55,17,1,
TEXAS,Burleson,57868,99,1,26,10,62,630,44,492,94,3,
TEXAS,Burnet,7101,9,0,3,0,6,34,7,22,5,0,
TEXAS,Cactus,3107,12,0,8,0,4,19,6,11,2,0,
TEXAS,Caddo Mills,5920,7,0,1,1,5,30,15,13,2,0,
TEXAS,Caldwell,4778,6,0,1,2,3,23,5,15,3,0,
TEXAS,Calvert,974,10,0,0,0,10,25,9,13,3,0,
TEXAS,Cameron,5579,13,0,2,0,11,51,28,12,11,0,
TEXAS,Canton,4905,3,0,1,0,2,80,8,68,4,0,
TEXAS,Canyon,16609,9,1,1,1,6,112,13,94,5,0,
TEXAS,Carrollton,133471,183,1,17,30,135,1756,203,1283,270,6,
TEXAS,Carthage,6616,40,0,4,1,35,120,7,109,4,2,
TEXAS,Castle Hills,3885,9,0,0,3,6,155,14,111,30,1,
TEXAS,Castroville,3204,7,0,1,0,6,49,6,41,2,0,
TEXAS,Cedar Hill,48911,88,3,16,18,51,867,66,666,135,1,
TEXAS,Cedar Park,77351,74,3,29,8,34,927,55,796,76,3,
TEXAS,Celina,25021,31,1,10,0,20,336,95,232,9,0,
TEXAS,Center,5153,26,2,0,1,23,126,31,88,7,1,
TEXAS,Chandler,3747,3,0,1,0,2,11,0,11,0,0,
TEXAS,Childress,5783,9,1,1,1,6,30,8,19,3,0,
TEXAS,Chillicothe,538,0,0,0,0,0,0,0,0,0,0,
TEXAS,China Grove,1128,0,0,0,0,0,29,11,7,11,0,
TEXAS,Cibolo,37640,56,1,17,2,36,318,53,225,40,2,
TEXAS,Cisco,4042,3,0,0,0,3,32,8,22,2,0,
TEXAS,Clarksville,2886,1,0,0,0,1,4,2,2,0,0,
TEXAS,Clear Lake Shores,1300,2,0,0,0,2,46,1,43,2,0,
TEXAS,Cleburne,37953,105,3,25,10,67,447,59,354,34,0,
TEXAS,Cleveland,9718,47,0,4,6,37,192,25,151,16,1,
TEXAS,Clifton,3553,1,0,1,0,0,8,2,6,0,0,
TEXAS,Clute,10733,38,0,9,4,25,190,65,97,28,1,
TEXAS,Clyde,4042,2,0,1,0,1,32,8,21,3,1,
TEXAS,Cockrell Hill,3638,13,0,0,2,11,95,8,73,14,0,
TEXAS,Coleman,3985,3,0,0,0,3,23,18,3,2,0,
TEXAS,College Station,126702,216,3,75,15,123,1397,205,1068,124,1,
TEXAS,Colleyville,25630,10,1,1,0,8,138,4,127,7,0,
TEXAS,Collinsville,2076,0,0,0,0,0,0,0,0,0,0,
TEXAS,Colorado City,3984,9,0,0,0,9,38,11,24,3,0,
TEXAS,Columbus,3815,6,1,0,1,4,33,5,25,3,1,
TEXAS,Comanche,4320,18,0,3,0,15,68,17,48,3,1,
TEXAS,Combes,3177,4,0,0,0,4,40,4,32,4,0,
TEXAS,Commerce,9594,41,0,8,0,33,111,15,85,11,1,
TEXAS,Conroe,114592,279,1,74,41,163,1872,161,1561,150,2,
TEXAS,Converse,31189,115,1,12,6,96,469,56,354,59,1,
TEXAS,Coppell,41549,43,0,8,6,29,343,22,301,20,0,
TEXAS,Copperas Cove,39379,130,1,53,10,66,529,65,434,30,0,
TEXAS,Corinth,24056,8,0,0,0,8,170,32,122,16,0,
TEXAS,Corpus Christi,316108,2730,27,235,366,2102,9519,1651,6634,1234,64,
TEXAS,Corrigan,1423,11,0,1,1,9,8,2,5,1,1,
TEXAS,Corsicana,25849,121,1,30,12,78,584,118,421,45,6,
TEXAS,Cottonwood Shores,1691,0,0,0,0,0,4,2,2,0,0,
TEXAS,Crandall,5420,50,0,7,8,35,172,68,79,25,0,
TEXAS,Crane,3326,2,0,0,0,2,9,2,7,0,0,
TEXAS,Crockett,6274,10,1,1,3,5,93,15,71,7,1,
TEXAS,Crosbyton,1417,11,0,0,1,10,14,5,9,0,0,
TEXAS,Cross Roads,2036,1,0,0,0,1,52,3,49,0,0,
TEXAS,Crowell,746,0,0,0,0,0,0,0,0,0,0,
TEXAS,Crowley,20490,40,2,6,5,27,306,45,235,26,2,
TEXAS,Cuero,8223,68,0,2,0,66,127,20,98,9,4,
TEXAS,Cuney,116,0,0,0,0,0,1,0,1,0,0,
TEXAS,Daingerfield,2499,17,0,0,2,15,77,10,61,6,0,
TEXAS,Dalhart,8328,14,0,4,0,10,69,11,53,5,0,
TEXAS,Dallas,1321502,8698,180,475,2227,5816,44295,6133,23619,14543,149,
TEXAS,Dalworthington Gardens,2270,1,0,1,0,0,10,0,10,0,0,
TEXAS,Danbury,1677,2,0,1,1,0,2,0,2,0,0,
TEXAS,Dawson,817,0,0,0,0,0,1,1,0,0,0,
TEXAS,Dayton,9997,13,0,2,2,9,212,35,148,29,1,
TEXAS,Decatur,8529,12,0,5,0,7,154,7,141,6,0,
TEXAS,Deer Park,32792,44,0,13,6,25,413,37,339,37,1,
TEXAS,De Kalb,1442,0,0,0,0,0,1,0,1,0,0,
TEXAS,Del Rio,34532,59,1,15,8,35,443,111,297,35,3,
TEXAS,Denison,26977,47,3,10,4,30,220,48,120,52,1,
TEXAS,Denton,164565,336,7,95,43,191,2871,219,2420,232,9,
TEXAS,Denver City,4252,8,0,1,0,7,25,9,9,7,0,
TEXAS,DeSoto,56488,184,1,27,32,124,928,99,641,188,2,
TEXAS,Devine,4665,6,0,0,0,6,69,3,64,2,1,
TEXAS,Diboll,4584,17,1,7,0,9,35,8,17,10,0,
TEXAS,Dickinson,21962,47,1,18,3,25,232,58,151,23,0,
TEXAS,Dilley,3353,6,0,0,1,5,20,9,7,4,0,
TEXAS,Dimmitt,4044,6,0,1,0,5,8,5,2,1,0,
TEXAS,Donna,16781,295,0,18,12,265,722,78,570,74,3,
TEXAS,Dublin,3440,4,0,3,1,0,3,1,2,0,0,
TEXAS,Dumas,14245,22,0,5,0,17,228,16,201,11,0,
TEXAS,Duncanville,38939,120,3,9,32,76,887,173,495,219,1,
TEXAS,Eagle Lake,3530,8,0,1,0,7,22,3,18,1,2,
TEXAS,Eagle Pass,28323,43,0,7,5,31,535,105,370,60,3,
TEXAS,Early,3253,13,0,2,0,11,41,10,29,2,0,
TEXAS,Eastland,3656,13,0,4,0,9,49,4,44,1,1,
TEXAS,East Mountain,974,0,0,0,0,0,1,0,1,0,0,
TEXAS,Ector,793,2,0,0,1,1,1,0,0,1,0,
TEXAS,Edcouch,2655,5,0,0,0,5,6,2,3,1,0,
TEXAS,Edgewood,1763,0,0,0,0,0,0,0,0,0,0,
TEXAS,Edinburg,107552,290,2,92,23,173,1890,137,1579,174,6,
TEXAS,Edna,6017,20,1,4,0,15,24,3,20,1,1,
TEXAS,El Campo,11972,61,1,14,4,42,216,24,185,7,0,
TEXAS,Electra,2264,6,0,0,1,5,25,4,15,6,1,
TEXAS,Elgin,13276,23,1,6,6,10,195,37,131,27,0,
TEXAS,Elmendorf,2606,2,0,0,1,1,43,7,20,16,1,
TEXAS,El Paso,678860,1890,20,4,252,1614,10142,952,7280,1910,69,
TEXAS,Elsa,5702,17,0,2,0,15,172,28,142,2,0,
TEXAS,Emory,1407,3,0,2,0,1,21,9,10,2,0,
TEXAS,Encinal,515,2,0,0,0,2,6,0,0,6,0,
TEXAS,Ennis,24979,44,1,4,7,32,381,47,262,72,2,
TEXAS,Estelline,124,0,0,0,0,0,0,0,0,0,0,
TEXAS,Euless,59230,111,1,21,27,62,1247,108,990,149,5,
TEXAS,Eustace,1161,1,0,0,0,1,1,0,0,1,0,
TEXAS,Everman,5877,23,0,1,3,19,103,16,68,19,0,
TEXAS,Fairfield,3014,11,1,0,0,10,38,5,32,1,0,
TEXAS,Fair Oaks Ranch,11955,0,0,0,0,0,74,14,49,11,0,
TEXAS,Fairview,10915,8,0,3,1,4,101,7,89,5,0,
TEXAS,Falfurrias,4367,11,0,0,0,11,28,8,17,3,0,
TEXAS,Farmers Branch,37725,76,1,12,12,51,961,102,632,227,2,
TEXAS,Farmersville,4377,6,0,3,0,3,64,19,43,2,1,
TEXAS,Farwell,1366,0,0,0,0,0,12,4,7,1,0,
TEXAS,Fate,27141,16,0,6,0,10,131,23,97,11,0,
TEXAS,Ferris,3586,15,0,0,1,14,48,9,29,10,0,
TEXAS,Flatonia,1386,5,0,0,2,3,9,4,4,1,0,
TEXAS,Florence,1209,0,0,0,0,0,1,0,1,0,0,
TEXAS,Floresville,8690,13,0,4,0,9,123,31,78,14,0,
TEXAS,Flower Mound,80455,46,0,11,3,32,469,35,401,33,0,
TEXAS,Floydada,2473,13,0,2,1,10,27,9,16,2,0,
TEXAS,Forest Hill,14230,25,0,4,9,12,223,40,103,80,0,
TEXAS,Forney,40484,63,2,5,6,50,264,44,171,49,0,
TEXAS,Fort Stockton,7999,13,0,6,1,6,20,8,9,3,0,
TEXAS,Fort Worth,997476,4572,74,551,724,3223,26930,3437,18372,5121,130,
TEXAS,Franklin,1771,1,0,0,0,1,7,2,3,2,0,
TEXAS,Frankston,1108,3,0,0,0,3,14,1,13,0,0,
TEXAS,Fredericksburg,11721,10,0,1,0,9,65,12,45,8,0,
TEXAS,Freeport,10506,50,1,6,1,42,150,10,140,0,3,
TEXAS,Friendswood,40763,41,0,18,3,20,222,21,175,26,0,
TEXAS,Friona,4023,2,0,0,0,2,1,1,0,0,0,
TEXAS,Frisco,232961,235,3,55,29,148,2336,159,2019,158,7,
TEXAS,Fulshear,26048,15,0,0,1,14,95,16,79,0,0,
TEXAS,Fulton,1615,9,0,1,1,7,10,0,7,3,1,
TEXAS,Gainesville,18348,30,0,6,2,22,298,39,227,32,1,
TEXAS,Galena Park,10136,11,0,2,3,6,80,5,54,21,0,
TEXAS,Galveston,53100,285,3,80,57,145,1264,139,984,141,0,
TEXAS,Ganado,2017,0,0,0,0,0,8,1,6,1,0,
TEXAS,Garden Ridge,4411,6,0,0,0,6,39,1,30,8,0,
TEXAS,Garland,246255,573,12,65,149,347,4896,747,3161,988,11,
TEXAS,Garrett,873,0,0,0,0,0,3,1,1,1,0,
TEXAS,Garrison,828,1,0,1,0,0,2,1,1,0,0,
TEXAS,Gatesville,16153,24,0,5,1,18,140,26,100,14,2,
TEXAS,Georgetown,89481,171,0,41,7,123,1047,202,774,71,1,
TEXAS,George West,2166,2,0,0,0,2,29,9,16,4,0,
TEXAS,Giddings,5345,18,1,7,0,10,53,6,43,4,0,
TEXAS,Gilmer,5184,12,1,0,2,9,134,11,115,8,0,
TEXAS,Gladewater,6313,25,1,10,1,13,85,11,61,13,0,
TEXAS,Glenn Heights,20025,47,0,3,6,38,169,29,116,24,1,
TEXAS,Godley,4777,7,0,1,0,6,26,6,18,2,0,
TEXAS,Gonzales,7239,101,0,8,2,91,144,17,114,13,2,
TEXAS,Graham,8853,15,1,5,0,9,55,7,40,8,0,
TEXAS,Granbury,13199,30,0,9,1,20,463,12,431,20,0,
TEXAS,Grand Prairie,206122,456,4,41,58,353,3300,323,2366,611,7,
TEXAS,Grand Saline,3304,15,0,3,0,12,23,8,12,3,0,
TEXAS,Granger,1196,3,0,0,0,3,8,1,6,1,0,
TEXAS,Granite Shoals,5555,6,0,2,0,4,16,2,12,2,0,
TEXAS,Grapeland,1494,2,0,1,0,1,6,3,2,1,0,
TEXAS,Grapevine,50983,91,1,17,4,69,1053,72,784,197,0,
TEXAS,Greenville,34343,73,2,24,8,39,416,40,321,55,0,
TEXAS,Gregory,1720,1,0,0,0,1,8,7,0,1,0,
TEXAS,Groesbeck,3603,10,0,2,0,8,44,21,22,1,0,
TEXAS,Groves,16590,61,1,9,6,45,172,35,123,14,0,
TEXAS,Gun Barrel City,7043,12,0,0,2,10,194,31,139,24,0,
TEXAS,Gunter,2607,2,0,1,0,1,11,0,11,0,0,
TEXAS,Hale Center,1978,1,0,0,0,1,11,1,8,2,0,
TEXAS,Hallettsville,2766,10,0,0,1,9,30,2,26,2,0,
TEXAS,Hallsville,4997,2,0,1,1,0,27,13,11,3,0,
TEXAS,Haltom City,45059,124,1,16,16,91,811,137,569,105,3,
TEXAS,Harker Heights,34858,47,0,15,5,27,345,63,252,30,0,
TEXAS,Harlingen,71388,184,1,11,29,143,1941,246,1475,220,12,
TEXAS,Haskell,3043,2,0,1,0,1,14,0,7,7,0,
TEXAS,Hawkins,1445,3,0,0,0,3,13,7,4,2,0,
TEXAS,Hawley,573,0,0,0,0,0,0,0,0,0,0,
TEXAS,Hearne,4536,17,0,1,2,14,18,6,8,4,0,
TEXAS,Heath,11784,12,0,7,1,4,52,8,42,2,0,
TEXAS,Hedwig Village,2307,3,0,0,1,2,105,7,91,7,0,
TEXAS,Helotes,10247,3,0,0,0,3,110,33,69,8,0,
TEXAS,Hemphill,1034,2,0,0,0,2,2,1,0,1,0,
TEXAS,Hempstead,6921,30,1,4,5,20,104,11,76,17,0,
TEXAS,Henderson,13531,67,1,11,6,49,361,59,280,22,1,
TEXAS,Hereford,14696,35,1,9,3,22,130,27,94,9,2,
TEXAS,Hewitt,16903,26,0,13,0,13,188,22,153,13,0,
TEXAS,Hickory Creek,6035,6,0,2,2,2,50,8,39,3,0,
TEXAS,Hico,1503,3,0,0,0,3,1,0,0,1,0,
TEXAS,Hidalgo,14910,20,2,5,2,11,217,20,179,18,2,
TEXAS,Highland Park,8706,5,0,0,2,3,214,26,166,22,0,
TEXAS,Highland Village,16150,12,0,7,2,3,173,8,161,4,0,
TEXAS,Hill Country Village,948,0,0,0,0,0,24,4,18,2,0,
TEXAS,Hillsboro,8874,12,0,8,1,3,165,31,125,9,0,
TEXAS,Hitchcock,7847,26,0,2,1,23,139,45,85,9,1,
TEXAS,Holiday Lakes,1075,2,0,1,0,1,6,1,5,0,1,
TEXAS,Holland,1138,0,0,0,0,0,3,2,1,0,0,
TEXAS,Hollywood Park,3055,3,0,0,1,2,45,2,31,12,0,
TEXAS,Hondo,8948,21,1,1,3,16,147,27,107,13,2,
TEXAS,Honey Grove,1789,3,0,1,0,2,9,7,1,1,0,
TEXAS,Hooks,2472,5,0,2,2,1,31,12,15,4,0,
TEXAS,Horizon City,24703,21,1,2,1,17,162,9,134,19,1,
TEXAS,Horseshoe Bay,5351,2,0,2,0,0,42,13,28,1,0,
TEXAS,Houston,2319160,26628,320,1693,6355,18260,99572,14953,68315,16304,228,
TEXAS,Howe,3692,3,0,1,1,1,6,1,4,1,0,
TEXAS,Hudson,5305,6,0,1,0,5,14,6,6,2,0,
TEXAS,Hudson Oaks,2747,5,0,0,0,5,79,7,59,13,0,
TEXAS,Hughes Springs,1540,1,0,0,0,1,8,7,0,1,0,
TEXAS,Humble,16076,158,2,25,29,102,1659,106,1269,284,3,
TEXAS,Huntington,2076,3,0,0,0,3,6,5,1,0,0,
TEXAS,Huntsville,49446,254,3,17,25,209,757,95,589,73,8,
TEXAS,Hurst,38973,138,1,28,20,89,872,87,669,116,1,
TEXAS,Hutchins,6441,32,0,3,8,21,224,24,131,69,0,
TEXAS,Hutto,43212,25,0,8,2,15,447,114,312,21,0,
TEXAS,Idalou,2079,3,0,0,0,3,20,14,6,0,0,
TEXAS,Indian Lake,876,0,0,0,0,0,0,0,0,0,0,
TEXAS,Ingleside,10330,59,0,10,2,47,166,36,113,17,1,
TEXAS,Ingram,1866,5,1,0,0,4,7,4,2,1,0,
TEXAS,Iowa Colony,13478,13,0,3,1,9,80,31,48,1,0,
TEXAS,Iowa Park,6589,7,0,1,0,6,45,20,19,6,0,
TEXAS,Irving,257460,709,19,138,147,405,5661,644,3918,1099,9,
TEXAS,Italy,2122,6,0,0,0,6,16,6,9,1,0,
TEXAS,Jacinto City,9154,11,3,0,3,5,222,12,163,47,0,
TEXAS,Jacksboro,4233,9,1,3,0,5,24,3,19,2,0,
TEXAS,Jacksonville,14552,59,2,10,4,43,275,47,212,16,1,
TEXAS,Jamaica Beach,1075,0,0,0,0,0,6,2,4,0,0,
TEXAS,Jarrell,5240,7,0,2,2,3,64,13,43,8,0,
TEXAS,Jasper,7672,25,0,3,4,18,167,35,116,16,1,
TEXAS,Jefferson,1841,5,1,1,0,3,48,25,16,7,1,
TEXAS,Jersey Village,7559,11,0,0,3,8,249,9,181,59,0,
TEXAS,Jonestown,2670,6,0,3,1,2,49,19,22,8,0,
TEXAS,Josephine,4873,9,0,3,0,6,43,15,28,0,1,
TEXAS,Joshua,9246,6,0,2,0,4,65,3,55,7,0,
TEXAS,Junction,2558,6,0,1,1,4,7,3,3,1,0,
TEXAS,Justin,6450,5,0,1,1,3,52,1,44,7,0,
TEXAS,Karnes City,3112,6,0,0,1,5,19,4,14,1,0,
TEXAS,Katy,27814,63,0,13,17,33,905,69,757,79,1,
TEXAS,Kaufman,9898,12,0,4,1,7,147,15,123,9,0,
TEXAS,Keene,7010,10,0,4,0,6,35,6,22,7,1,
TEXAS,Keller,46523,36,0,14,3,19,305,29,263,13,1,
TEXAS,Kemah,2920,7,0,4,0,3,99,22,68,9,0,
TEXAS,Kemp,1424,2,0,0,1,1,22,9,7,6,0,
TEXAS,Kempner,1311,0,0,0,0,0,4,3,1,0,0,
TEXAS,Kenedy,3375,11,1,2,0,8,63,13,42,8,3,
TEXAS,Kennedale,10635,18,1,4,2,11,35,6,25,4,0,
TEXAS,Kerens,1492,2,0,1,0,1,12,2,5,5,0,
TEXAS,Kermit,5860,9,0,1,2,6,28,12,12,4,1,
TEXAS,Kerrville,25131,37,1,7,2,27,146,18,114,14,0,
TEXAS,Kilgore,13572,46,1,7,3,35,298,37,237,24,1,
TEXAS,Killeen,161667,853,20,111,88,634,2235,507,1268,460,5,
TEXAS,Kingsville,24334,62,1,9,3,49,430,80,316,34,2,
TEXAS,Kirby,8003,66,0,2,2,62,119,14,74,31,0,
TEXAS,Knox City,1041,0,0,0,0,0,7,3,4,0,0,
TEXAS,Kountze,2192,0,0,0,0,0,19,10,6,3,0,
TEXAS,Krum,6902,6,0,1,0,5,28,4,24,0,1,
TEXAS,Kyle,69069,137,1,24,13,99,569,64,457,48,0,
TEXAS,Lacy-Lakeview,7341,31,0,6,3,22,112,18,89,5,0,
TEXAS,La Feria,6732,28,0,4,0,24,107,25,70,12,2,
TEXAS,Lago Vista,10376,13,0,5,0,8,45,7,30,8,1,
TEXAS,La Grange,4593,17,0,2,1,14,54,4,44,6,0,
TEXAS,La Grulla,1207,5,0,0,0,5,2,0,1,1,0,
TEXAS,Laguna Vista,3805,2,0,0,0,2,24,1,21,2,0,
TEXAS,La Joya,4993,6,0,0,1,5,56,15,41,0,0,
TEXAS,Lake Dallas,7982,8,1,0,1,6,46,12,29,5,0,
TEXAS,Lake Jackson,27644,72,3,14,5,50,481,40,403,38,1,
TEXAS,Lakeport,993,0,0,0,0,0,2,1,0,1,0,
TEXAS,Lakeside,1582,1,0,0,0,1,6,0,3,3,0,
TEXAS,"Lakeview, Harrison County",6628,8,0,4,0,4,44,2,39,3,0,
TEXAS,Lakeway,19170,15,0,3,2,10,234,24,191,19,1,
TEXAS,Lake Worth,4589,26,0,1,3,22,388,18,337,33,2,
TEXAS,La Marque,20004,108,2,18,15,73,452,72,332,48,0,
TEXAS,Lamesa,8131,28,0,9,2,17,116,37,66,13,4,
TEXAS,Lampasas,8045,32,2,6,2,22,240,25,205,10,0,
TEXAS,Lancaster,40486,166,6,16,28,116,1266,353,697,216,5,
TEXAS,La Porte,37572,65,2,7,4,52,360,34,287,39,0,
TEXAS,Laredo,258311,945,6,123,126,690,3784,515,2843,426,47,
TEXAS,La Vernia,1533,1,0,1,0,0,24,2,19,3,0,
TEXAS,La Villa,3160,6,0,0,0,6,35,5,29,1,0,
TEXAS,Lavon,8864,20,0,5,2,13,148,38,107,3,0,
TEXAS,League City,116881,121,4,33,9,75,1356,204,1050,102,1,
TEXAS,Leander,87740,61,0,47,1,13,867,129,675,63,4,
TEXAS,Leon Valley,11269,52,0,5,10,37,576,44,426,106,1,
TEXAS,Levelland,12499,53,1,1,0,51,118,29,84,5,0,
TEXAS,Lewisville,136046,255,4,56,23,172,2064,179,1509,376,5,
TEXAS,Lexington,1312,0,0,0,0,0,3,1,1,1,0,
TEXAS,Liberty,8937,26,1,4,1,20,188,23,157,8,0,
TEXAS,Liberty Hill,7147,13,0,4,0,9,44,16,23,5,0,
TEXAS,Lindale,7217,13,0,4,0,9,111,4,102,5,0,
TEXAS,Linden,1810,3,0,0,0,3,112,109,3,0,2,
TEXAS,Little Elm,62837,84,2,23,13,46,266,27,201,38,0,
TEXAS,Littlefield,5711,14,0,0,0,14,52,17,29,6,2,
TEXAS,Live Oak,16044,23,0,13,1,9,605,35,491,79,1,
TEXAS,Liverpool,547,0,0,0,0,0,6,1,5,0,0,
TEXAS,Livingston,5753,27,0,6,1,20,190,6,161,23,0,
TEXAS,Llano,3576,7,0,1,1,5,37,12,21,4,1,
TEXAS,Lockhart,15654,29,0,4,4,21,238,46,147,45,0,
TEXAS,Log Cabin,838,1,0,0,0,1,0,0,0,0,0,
TEXAS,Lometa,816,0,0,0,0,0,0,0,0,0,0,
TEXAS,Longview,83771,284,9,54,42,179,1969,264,1532,173,2,
TEXAS,Lorena,1810,5,0,0,0,5,23,4,17,2,1,
TEXAS,Los Fresnos,8439,67,0,5,2,60,136,8,116,12,0,
TEXAS,Lubbock,269900,2216,14,208,312,1682,7095,1452,4920,723,63,
TEXAS,Lufkin,34218,181,2,31,26,122,751,109,564,78,5,
TEXAS,Luling,5813,18,0,6,0,12,68,6,50,12,0,
TEXAS,Lumberton,14304,7,0,2,0,5,70,9,55,6,0,
TEXAS,Lyford,2195,0,0,0,0,0,5,1,4,0,0,
TEXAS,Lytle,3269,1,0,0,0,1,97,21,55,21,0,
TEXAS,Madisonville,4664,13,1,3,2,7,31,3,25,3,0,
TEXAS,Magnolia,3993,2,0,1,0,1,19,2,10,7,0,
TEXAS,Manor,22879,30,1,7,3,19,363,39,269,55,2,
TEXAS,Mansfield,80569,75,2,14,8,51,1113,89,901,123,0,
TEXAS,Manvel,20555,18,0,3,1,14,222,91,119,12,1,
TEXAS,Marble Falls,7746,25,0,8,3,14,146,24,115,7,1,
TEXAS,Marfa,1639,3,0,0,0,3,5,0,5,0,0,
TEXAS,Marion,1084,0,0,0,0,0,4,1,3,0,0,
TEXAS,Marlin,5604,13,0,0,5,8,54,23,23,8,0,
TEXAS,Marshall,24382,84,2,14,7,61,384,72,257,55,1,
TEXAS,Martindale,1258,0,0,0,0,0,2,0,2,0,0,
TEXAS,Mathis,4274,16,1,4,0,11,54,13,33,8,2,
TEXAS,Maypearl,980,0,0,0,0,0,3,1,1,1,0,
TEXAS,McAllen,148017,222,4,58,35,125,2717,94,2523,100,9,
TEXAS,McKinney,219132,257,6,59,28,164,1787,187,1439,161,8,
TEXAS,Meadows Place,4544,3,0,0,2,1,118,17,97,4,0,
TEXAS,Melissa,27831,10,0,2,0,8,95,17,69,9,1,
TEXAS,Memorial Villages,11170,1,0,0,1,0,55,11,37,7,0,
TEXAS,Memphis,2038,2,0,1,1,0,6,2,3,1,0,
TEXAS,Mercedes,16893,68,0,16,5,47,542,30,460,52,7,
TEXAS,Meridian,1442,3,0,1,0,2,3,2,1,0,0,
TEXAS,Merkel,2420,4,0,2,0,2,15,10,3,2,0,
TEXAS,Mesquite,148803,746,6,60,120,560,4429,583,2924,922,8,
TEXAS,Mexia,6848,30,0,4,3,23,72,26,43,3,0,
TEXAS,Midland,140303,512,7,94,33,378,2262,321,1645,296,3,
TEXAS,Midlothian,43497,52,1,8,3,40,417,30,349,38,0,
TEXAS,Miles,939,1,0,0,0,1,0,0,0,0,0,
TEXAS,Mineola,5204,9,0,2,0,7,93,14,76,3,0,
TEXAS,Mineral Wells,15669,48,0,13,4,31,425,110,276,39,1,
TEXAS,Mission,87777,166,4,31,14,117,1008,99,859,50,1,
TEXAS,Missouri City,77571,110,2,27,20,61,814,76,672,66,0,
TEXAS,Monahans,7140,26,0,9,1,16,99,16,72,11,1,
TEXAS,Mont Belvieu,10271,26,0,6,1,19,127,18,89,20,0,
TEXAS,Montgomery,3083,2,0,0,0,2,40,5,32,3,0,
TEXAS,Morgan's Point,266,0,0,0,0,0,5,1,3,1,0,
TEXAS,Morgan's Point Resort,4809,1,0,1,0,0,26,8,11,7,0,
TEXAS,Moulton,859,0,0,0,0,0,1,0,0,1,0,
TEXAS,Mount Enterprise,512,1,0,1,0,0,0,0,0,0,0,
TEXAS,Mount Pleasant,16038,36,1,8,7,20,294,30,228,36,5,
TEXAS,Mount Vernon,2578,5,0,0,1,4,11,2,3,6,0,
TEXAS,Muleshoe,4918,7,0,0,0,7,17,8,9,0,0,
TEXAS,Murphy,20867,9,0,2,2,5,99,4,90,5,1,
TEXAS,Nacogdoches,32177,76,2,22,11,41,468,54,395,19,2,
TEXAS,Nassau Bay,5045,24,0,9,0,15,62,8,43,11,0,
TEXAS,Natalia,1383,1,0,0,0,1,7,2,3,2,0,
TEXAS,Navasota,9425,74,0,11,7,56,167,29,119,19,0,
TEXAS,Nederland,17891,41,0,6,4,31,217,36,159,22,1,
TEXAS,Needville,3088,2,0,0,0,2,15,2,11,2,0,
TEXAS,New Boston,4524,39,3,1,4,31,153,16,130,7,0,
TEXAS,New Braunfels,118268,185,2,20,15,148,1518,150,1243,125,3,
TEXAS,New Deal,737,1,0,0,0,1,1,0,1,0,0,
TEXAS,New London,988,0,0,0,0,0,12,4,6,2,0,
TEXAS,Newton,1551,4,0,2,0,2,20,6,9,5,0,
TEXAS,Nixon,2399,7,0,2,0,5,25,7,15,3,1,
TEXAS,Nolanville,7392,10,2,1,0,7,49,19,25,5,0,
TEXAS,Northeast,4054,2,0,1,0,1,4,0,2,2,0,
TEXAS,Northlake,11357,16,0,1,0,15,164,15,129,20,0,
TEXAS,North Richland Hills,70780,158,3,28,16,111,1580,168,1269,143,0,
TEXAS,Oak Ridge North,2942,2,0,0,2,0,73,1,66,6,0,
TEXAS,Odessa,116039,367,4,62,45,256,2138,255,1588,295,0,
TEXAS,Olmos Park,2155,1,0,0,0,1,16,7,6,3,0,
TEXAS,Olney,3022,6,0,1,0,5,6,2,2,2,0,
TEXAS,Onalaska,3272,15,0,7,4,4,42,9,25,8,0,
TEXAS,Orange,19050,86,4,18,9,55,227,69,119,39,1,
TEXAS,Ore City,1196,0,0,0,0,0,0,0,0,0,0,
TEXAS,Overton,2329,4,0,2,0,2,18,4,14,0,0,
TEXAS,Ovilla,4851,4,0,1,1,2,17,4,12,1,0,
TEXAS,Oyster Creek,1222,2,0,0,0,2,28,12,11,5,0,
TEXAS,Palacios,4366,15,0,1,2,12,51,11,33,7,1,
TEXAS,Palestine,19648,82,0,25,5,52,284,25,222,37,2,
TEXAS,Palmer,2604,1,0,0,0,1,7,1,3,3,0,
TEXAS,Palmhurst,2588,2,0,0,2,0,200,4,195,1,0,
TEXAS,Palmview,15887,76,0,3,3,70,232,43,165,24,0,
TEXAS,Pampa,16445,91,1,12,6,72,312,61,235,16,1,
TEXAS,Pantego,2456,7,0,1,2,4,63,6,47,10,0,
TEXAS,Paris,25126,156,0,30,14,112,680,90,551,39,2,
TEXAS,Parker,6432,2,0,0,0,2,23,5,17,1,0,
TEXAS,Pasadena,145199,822,6,101,107,608,3415,366,2436,613,13,
TEXAS,Patton Village,1969,2,0,0,0,2,2,0,2,0,0,
TEXAS,Payne Springs,754,0,0,0,0,0,9,4,4,1,0,
TEXAS,Pearland,128322,123,3,31,19,70,1848,185,1547,116,2,
TEXAS,Pearsall,9002,23,0,3,1,19,78,25,49,4,2,
TEXAS,Pecos,9154,64,1,3,1,59,72,20,45,7,0,
TEXAS,Pelican Bay,2757,6,0,0,0,6,8,3,5,0,0,
TEXAS,Penitas,6292,8,0,2,1,5,67,11,52,4,0,
TEXAS,Perryton,8148,19,0,1,1,17,18,5,10,3,0,
TEXAS,Pflugerville,65243,127,1,34,22,70,1053,82,855,116,2,
TEXAS,Pharr,80604,179,1,40,22,116,916,137,696,83,3,
TEXAS,Pilot Point,6489,5,0,1,0,4,43,14,21,8,0,
TEXAS,Pinehurst,2227,14,0,3,1,10,19,4,14,1,0,
TEXAS,Pineland,905,4,0,0,0,4,2,2,0,0,0,
TEXAS,Pittsburg,4582,21,0,2,0,19,35,10,19,6,0,
TEXAS,Plainview,19186,71,0,13,2,56,323,51,249,23,0,
TEXAS,Plano,291463,442,3,97,78,264,4274,468,3391,415,9,
TEXAS,Pleasanton,11371,22,0,4,2,16,235,11,209,15,0,
TEXAS,Plum Grove,1619,2,0,0,0,2,8,3,2,3,1,
TEXAS,Point Comfort,550,0,0,0,0,0,0,0,0,0,0,
TEXAS,Ponder,2865,0,0,0,0,0,7,1,6,0,0,
TEXAS,Port Aransas,3639,13,0,4,0,9,183,12,148,23,1,
TEXAS,Port Arthur,55397,398,6,38,60,294,853,230,506,117,1,
TEXAS,Port Isabel,5150,19,0,2,1,16,197,11,176,10,0,
TEXAS,Portland,20506,32,0,13,1,18,173,14,150,9,0,
TEXAS,Port Lavaca,11112,33,2,7,3,21,140,23,104,13,0,
TEXAS,Port Mansfield,257,1,0,0,0,1,18,0,18,0,0,
TEXAS,Port Neches,13561,31,1,7,2,21,90,16,64,10,0,
TEXAS,Poteet,3057,1,0,0,1,0,54,28,21,5,0,
TEXAS,Poth,2018,0,0,0,0,0,6,2,4,0,0,
TEXAS,Pottsboro,2882,4,0,2,0,2,19,10,8,1,0,
TEXAS,Prairie View ,8579,18,0,1,2,15,61,24,27,10,0,
TEXAS,Premont,2385,8,0,0,0,8,12,10,1,1,0,
TEXAS,Presidio,3055,1,0,0,0,1,2,0,0,2,0,
TEXAS,Princeton,26650,73,1,10,5,57,225,66,145,14,0,
TEXAS,Prosper,46065,25,0,8,0,17,460,50,384,26,2,
TEXAS,Queen City,1399,4,0,2,0,2,15,2,10,3,1,
TEXAS,Quinlan,1577,2,0,0,0,2,18,5,11,2,0,
TEXAS,Quitman,2037,4,0,0,1,3,11,3,7,1,0,
TEXAS,Rancho Viejo,2854,3,0,0,0,3,13,1,12,0,0,
TEXAS,Ranger,2275,1,0,0,0,1,7,1,3,3,0,
TEXAS,Ransom Canyon,1149,0,0,0,0,0,0,0,0,0,0,
TEXAS,Raymondville,10100,89,1,11,6,71,199,51,138,10,1,
TEXAS,Red Oak,20300,38,0,1,6,31,424,37,218,169,0,
TEXAS,Refugio,2771,6,0,0,2,4,23,7,11,5,0,
TEXAS,"Reno, Lamar County",3572,7,0,0,0,7,39,8,29,2,0,
TEXAS,"Reno, Parker County",3572,5,0,0,0,5,23,6,14,3,1,
TEXAS,Rhome,1917,3,0,0,0,3,24,7,11,6,0,
TEXAS,Rice,1237,1,0,0,0,1,12,4,8,0,0,
TEXAS,Richardson,117962,173,2,10,45,116,2163,260,1528,375,4,
TEXAS,Richland Hills,8235,19,1,7,1,10,203,26,141,36,0,
TEXAS,Richmond,13279,33,0,7,7,19,364,35,320,9,0,
TEXAS,Richwood,4790,9,0,1,0,8,26,3,20,3,0,
TEXAS,Rio Grande City,15320,29,0,1,0,28,266,47,190,29,1,
TEXAS,Rio Hondo,2397,10,1,1,0,8,31,3,23,5,0,
TEXAS,River Oaks,7286,16,0,6,5,5,87,17,52,18,3,
TEXAS,Roanoke,11174,12,0,1,1,10,137,18,103,16,1,
TEXAS,Robinson,13165,16,0,1,1,14,66,14,47,5,0,
TEXAS,Robstown,10401,41,0,3,9,29,276,75,175,26,2,
TEXAS,Rockdale,5676,46,1,8,0,37,56,9,41,6,0,
TEXAS,Rockport,11200,29,0,7,2,20,197,36,147,14,1,
TEXAS,Rockwall,54765,80,1,9,8,62,752,64,641,47,0,
TEXAS,Rollingwood,1409,0,0,0,0,0,19,2,12,5,0,
TEXAS,Roma,11552,30,0,2,2,26,79,8,58,13,0,
TEXAS,Roman Forest,2512,9,0,3,0,6,92,12,72,8,0,
TEXAS,Roscoe,1206,1,0,0,0,1,1,1,0,0,0,
TEXAS,Rosebud,1354,0,0,0,0,0,0,0,0,0,0,
TEXAS,Rose City,346,2,0,1,0,1,12,4,5,3,0,
TEXAS,Rosenberg,42035,100,0,28,8,64,623,58,494,71,1,
TEXAS,Round Rock,133868,175,2,39,23,111,2598,228,2181,189,3,
TEXAS,Rowlett,69135,105,0,18,11,76,902,73,745,84,3,
TEXAS,Royse City,29149,30,0,15,4,11,262,37,205,20,0,
TEXAS,Runaway Bay,2161,1,0,0,1,0,10,5,5,0,0,
TEXAS,Rusk,5387,6,0,0,0,6,52,21,31,0,0,
TEXAS,Sabinal,1381,2,0,0,0,2,4,1,1,2,0,
TEXAS,Sachse,34574,25,1,9,1,14,255,71,161,23,0,
TEXAS,Saginaw,25534,66,0,17,4,45,352,29,277,46,2,
TEXAS,Salado,2393,0,0,0,0,0,2,0,2,0,0,
TEXAS,San Angelo,98996,216,4,24,20,168,2461,384,1947,130,5,
TEXAS,San Antonio,1514458,8998,127,1267,1641,5963,70023,7505,49853,12665,177,
TEXAS,San Augustine,1851,6,0,0,0,6,12,5,4,3,1,
TEXAS,San Benito,24382,64,1,0,8,55,707,68,573,66,1,
TEXAS,Sanger,10153,10,0,2,1,7,114,35,67,12,1,
TEXAS,San Juan,36819,57,3,0,11,43,522,84,408,30,2,
TEXAS,San Marcos,72723,261,0,70,27,164,1642,194,1164,284,2,
TEXAS,San Saba,3116,1,0,0,0,1,8,2,4,2,0,
TEXAS,Sansom Park Village,5282,28,2,6,3,17,97,19,60,18,0,
TEXAS,Santa Anna,1036,2,0,0,1,1,2,2,0,0,0,
TEXAS,Santa Fe,13055,11,0,1,0,10,96,31,53,12,0,
TEXAS,Savoy,766,0,0,0,0,0,0,0,0,0,0,
TEXAS,Schertz,43611,67,0,9,6,52,387,53,277,57,1,
TEXAS,Schulenburg,2832,18,0,0,1,17,26,3,16,7,3,
TEXAS,Seabrook,13687,31,1,19,1,10,178,29,131,18,3,
TEXAS,Seadrift,1013,0,0,0,0,0,3,0,3,0,0,
TEXAS,Seagoville,20329,22,1,6,7,8,310,62,155,93,1,
TEXAS,Sealy,7387,13,0,2,3,8,66,9,47,10,0,
TEXAS,Seguin,38505,105,0,19,13,73,637,92,496,49,3,
TEXAS,Selma,11855,28,0,4,0,24,263,19,214,30,0,
TEXAS,Seminole,7289,13,0,0,1,12,63,9,44,10,0,
TEXAS,Seven Points,1502,3,0,0,1,2,18,3,10,5,0,
TEXAS,Seymour,2573,7,1,0,0,6,4,0,4,0,0,
TEXAS,Shallowater,2919,6,0,0,0,6,7,2,3,2,0,
TEXAS,Shavano Park,3786,3,1,0,0,2,43,5,33,5,0,
TEXAS,Shenandoah,3907,12,0,3,2,7,204,11,135,58,0,
TEXAS,Shepherd,1977,1,0,0,0,1,10,3,7,0,0,
TEXAS,Sherman,48711,172,1,34,18,119,932,291,555,86,7,
TEXAS,Shiner,2176,0,0,0,0,0,15,4,8,3,0,
TEXAS,Shoreacres,1499,1,1,0,0,0,6,1,4,1,0,
TEXAS,Silsbee,6722,13,0,1,1,11,48,8,33,7,0,
TEXAS,Sinton,5573,14,0,2,0,12,89,10,76,3,4,
TEXAS,Slaton,5620,29,0,1,0,28,65,16,38,11,2,
TEXAS,Smiley,490,0,0,0,0,0,0,0,0,0,0,
TEXAS,Smithville,4186,4,0,2,0,2,23,4,18,1,2,
TEXAS,Snyder,11106,97,0,8,0,89,162,27,121,14,0,
TEXAS,Socorro,39522,56,1,5,6,44,321,44,201,76,0,
TEXAS,Somerset,1822,3,0,0,0,3,14,1,11,2,0,
TEXAS,Somerville,1457,1,0,0,0,1,10,3,6,1,0,
TEXAS,Sonora,2359,5,0,0,0,5,6,1,3,2,0,
TEXAS,Sour Lake,1877,4,0,1,0,3,11,3,7,1,0,
TEXAS,South Houston,15696,109,1,14,25,69,342,43,201,98,2,
TEXAS,Southlake,31095,10,0,2,1,7,311,22,272,17,1,
TEXAS,Southmayd,1114,0,0,0,0,0,0,0,0,0,0,
TEXAS,South Padre Island,2030,29,0,13,2,14,240,33,176,31,0,
TEXAS,Southside Place,1861,1,0,0,0,1,20,0,19,1,0,
TEXAS,Spearman,3002,0,0,0,0,0,0,0,0,0,0,
TEXAS,Splendora,2054,7,0,2,1,4,28,7,17,4,0,
TEXAS,Springtown,4625,11,0,0,2,9,42,4,31,7,2,
TEXAS,Spring Valley,4288,1,0,1,0,0,68,6,49,13,0,
TEXAS,Stafford,17242,55,0,2,13,40,552,54,428,70,0,
TEXAS,Stamford,2958,3,0,1,0,2,18,3,13,2,0,
TEXAS,Stanton,2649,4,0,0,0,4,38,12,23,3,1,
TEXAS,Stephenville,22231,40,2,14,2,22,258,22,219,17,1,
TEXAS,Stratford,1868,1,0,0,0,1,7,1,2,4,0,
TEXAS,Sudan,929,6,0,0,0,6,3,2,1,0,0,
TEXAS,Sugar Land,107757,84,1,9,25,49,1491,128,1260,103,1,
TEXAS,Sulphur Springs,16772,28,0,10,6,12,125,13,100,12,0,
TEXAS,Sunnyvale,8851,10,0,1,0,9,103,8,72,23,0,
TEXAS,Sunray,1711,0,0,0,0,0,16,4,12,0,0,
TEXAS,Sunrise Beach Village,807,0,0,0,0,0,4,2,1,1,0,
TEXAS,Sunset Valley,607,3,0,0,1,2,267,7,232,28,0,
TEXAS,Surfside Beach,709,1,0,0,0,1,3,1,2,0,0,
TEXAS,Sweeny,3555,7,0,5,0,2,21,3,17,1,0,
TEXAS,Sweetwater,10180,51,2,12,5,32,114,27,77,10,4,
TEXAS,Taft,2952,4,0,0,1,3,25,5,18,2,0,
TEXAS,Tahoka,2444,4,0,0,0,4,6,2,3,1,0,
TEXAS,Tatum,1389,0,0,0,0,0,2,1,1,0,0,
TEXAS,Taylor,17648,42,0,6,3,33,364,61,262,41,0,
TEXAS,Teague,3587,9,0,3,1,5,33,6,25,2,2,
TEXAS,Temple,96862,307,11,71,36,189,2288,353,1594,341,15,
TEXAS,Tenaha,1021,0,0,0,0,0,0,0,0,0,0,
TEXAS,Terrell,22930,70,0,5,4,61,357,43,264,50,0,
TEXAS,Terrell Hills,5063,2,0,0,1,1,87,6,72,9,0,
TEXAS,Texarkana,35581,138,0,23,17,98,891,78,752,61,2,
TEXAS,Texas City,58130,197,5,55,21,116,1288,198,989,101,1,
TEXAS,The Colony,45708,87,1,18,8,60,630,60,507,63,0,
TEXAS,Thorndale,1399,0,0,0,0,0,0,0,0,0,0,
TEXAS,Thrall,880,0,0,0,0,0,5,1,4,0,0,
TEXAS,Three Rivers,1700,2,0,0,0,2,1,0,0,1,0,
TEXAS,Tioga,1327,0,0,0,0,0,0,0,0,0,0,
TEXAS,Todd Mission,133,0,0,0,0,0,3,0,2,1,0,
TEXAS,Tolar,1335,0,0,0,0,0,4,0,3,1,0,
TEXAS,Tomball,14885,40,1,7,2,30,293,21,236,36,3,
TEXAS,Tom Bean,953,0,0,0,0,0,0,0,0,0,0,
TEXAS,Tool,2335,2,0,0,0,2,4,2,0,2,0,
TEXAS,Trenton,839,5,0,0,0,5,5,1,2,2,0,
TEXAS,Trophy Club,13644,2,0,0,0,2,54,4,47,3,0,
TEXAS,Troy,3476,5,0,2,0,3,19,3,14,2,0,
TEXAS,Tulia,4391,20,0,5,1,14,87,16,62,9,1,
TEXAS,Tye,1232,1,0,0,0,1,11,5,4,2,0,
TEXAS,Tyler,111714,437,9,93,46,289,2138,206,1779,153,0,
TEXAS,Universal City,20121,52,1,13,9,29,423,51,320,52,1,
TEXAS,University Park,25241,16,0,1,3,12,362,47,269,46,0,
TEXAS,Uvalde,15509,61,0,9,6,46,285,42,229,14,1,
TEXAS,Valley Mills,1315,1,0,0,0,1,3,0,3,0,0,
TEXAS,Van,2928,3,0,0,0,3,28,5,21,2,0,
TEXAS,Van Alstyne,7796,2,0,1,0,1,56,9,46,1,0,
TEXAS,Vega,887,0,0,0,0,0,0,0,0,0,0,
TEXAS,Venus,8911,9,0,2,0,7,35,8,21,6,0,
TEXAS,Vernon,9704,43,2,13,0,28,191,27,144,20,1,
TEXAS,Victoria,65893,239,3,37,25,174,1265,194,983,88,3,
TEXAS,Vidor,9736,22,0,9,2,11,127,47,66,14,0,
TEXAS,Waco,146270,623,8,133,84,398,3110,431,2379,300,8,
TEXAS,Waelder,963,1,0,1,0,0,1,0,0,1,0,
TEXAS,Wake Village,5766,9,0,2,4,3,51,16,33,2,1,
TEXAS,Waller,3627,15,0,2,3,10,68,26,29,13,0,
TEXAS,Wallis,1365,5,0,1,0,4,18,6,9,3,0,
TEXAS,Watauga,22717,26,0,6,8,12,194,29,133,32,0,
TEXAS,Waxahachie,49223,110,2,25,5,78,773,60,633,80,1,
TEXAS,Weatherford,40765,70,1,20,4,45,628,57,529,42,0,
TEXAS,Webster,12094,65,2,12,10,41,725,115,534,76,0,
TEXAS,Weimar,2180,8,0,1,2,5,20,4,14,2,0,
TEXAS,Weslaco,43898,205,0,31,42,132,1514,92,1321,101,6,
TEXAS,West,2597,3,0,0,0,3,8,6,1,1,0,
TEXAS,West Columbia,3610,10,0,0,0,10,53,11,38,4,0,
TEXAS,West Lake Hills,3102,3,0,0,0,3,88,10,70,8,0,
TEXAS,West Orange,3417,11,0,3,1,7,78,16,61,1,1,
TEXAS,Westover Hills,634,0,0,0,0,0,2,1,1,0,0,
TEXAS,West University Place,14720,8,0,0,6,2,146,8,128,10,0,
TEXAS,Westworth,2686,15,0,3,3,9,122,9,110,3,0,
TEXAS,Wharton,8782,31,0,1,6,24,165,32,125,8,0,
TEXAS,Whitehouse,10034,7,0,2,1,4,38,4,31,3,0,
TEXAS,White Oak,6222,5,0,2,0,3,50,3,38,9,0,
TEXAS,Whitesboro,4215,6,0,2,1,3,32,14,16,2,0,
TEXAS,White Settlement,17917,46,0,10,10,26,350,52,259,39,1,
TEXAS,Whitewright,1793,5,0,2,0,3,4,2,2,0,0,
TEXAS,Whitney,2121,6,0,2,1,3,19,2,17,0,0,
TEXAS,Wichita Falls,102762,360,9,65,61,225,2691,457,1982,252,2,
TEXAS,Willis,7146,23,0,3,3,17,159,17,128,14,1,
TEXAS,Willow Park,7305,15,0,3,0,12,82,31,43,8,0,
TEXAS,Wills Point,4058,7,0,0,0,7,16,2,9,5,0,
TEXAS,Wilmer,6771,23,0,0,2,21,135,34,76,25,0,
TEXAS,Windcrest,5723,19,0,1,5,13,640,24,582,34,2,
TEXAS,Wink,864,1,0,0,0,1,4,0,1,3,0,
TEXAS,Winters,2307,4,0,1,0,3,8,1,7,0,0,
TEXAS,Wolfforth,7906,20,0,3,0,17,35,4,24,7,0,
TEXAS,Woodbranch,1603,0,0,0,0,0,0,0,0,0,0,
TEXAS,Woodsboro,1265,0,0,0,0,0,1,0,1,0,0,
TEXAS,Woodville,2403,1,0,0,0,1,17,3,11,3,1,
TEXAS,Woodway,9768,12,1,1,0,10,92,2,85,5,1,
TEXAS,Wortham,1041,5,0,0,0,5,7,5,0,2,0,
TEXAS,Wylie,62210,41,3,13,10,15,535,40,465,30,4,
TEXAS,Yoakum,5848,16,0,1,1,14,42,15,22,5,0,
TEXAS,Zavalla,614,2,0,1,0,1,5,1,4,0,0,
UTAH,American Fork/Cedar Hills,50121,60,3,28,6,23,731,52,635,44,1,
UTAH,Bluffdale,19714,37,0,10,0,27,99,16,64,19,0,
UTAH,Brian Head,160,1,0,0,0,1,10,0,9,1,0,
UTAH,Cedar City,41556,61,1,18,2,40,421,44,343,34,0,
UTAH,Centerville,16398,13,0,3,1,9,235,13,208,14,2,
UTAH,Clearfield,35374,112,1,17,8,86,409,54,328,27,0,
UTAH,Clinton,23630,21,2,1,1,17,182,28,144,10,0,
UTAH,Cottonwood Heights,31778,28,1,6,9,12,513,40,433,40,1,
UTAH,Draper,49166,84,1,36,8,39,542,63,439,40,4,
UTAH,Enoch,8644,7,0,2,0,5,12,1,9,2,1,
UTAH,Ephraim,6279,0,0,0,0,0,36,5,30,1,0,
UTAH,Farmington,26187,16,0,6,3,7,277,23,243,11,1,
UTAH,Grantsville,16216,46,0,8,6,32,85,11,70,4,1,
UTAH,Harrisville,6725,8,0,2,1,5,159,12,143,4,0,
UTAH,Heber,19082,41,0,2,0,39,173,21,143,9,2,
UTAH,Helper,2126,10,0,1,0,9,20,4,15,1,0,
UTAH,Herriman,61387,72,1,20,1,50,367,47,282,38,3,
UTAH,Hildale,1270,3,0,2,0,1,12,3,9,0,0,
UTAH,Hurricane,25362,52,0,10,2,40,265,67,188,10,0,
UTAH,Kanab,5433,1,0,1,0,0,36,6,28,2,0,
UTAH,Kaysville,32915,32,0,6,1,25,175,13,152,10,3,
UTAH,La Verkin,4566,1,0,0,0,1,93,5,87,1,0,
UTAH,Layton,84017,109,1,36,6,66,1131,103,970,58,4,
UTAH,Lehi,95189,84,3,37,4,40,515,48,416,51,4,
UTAH,Lindon,11819,9,0,1,4,4,228,14,205,9,0,
UTAH,Logan,56083,77,0,27,4,46,634,79,511,44,2,
UTAH,Lone Peak,30812,9,0,3,0,6,52,11,32,9,0,
UTAH,Mantua,1377,0,0,0,0,0,2,0,2,0,0,
UTAH,Mapleton,14584,12,0,2,0,10,50,5,43,2,2,
UTAH,Moab,5175,38,0,10,0,28,58,7,47,4,1,
UTAH,Mount Pleasant,3942,10,0,1,1,8,16,3,10,3,0,
UTAH,Murray,49238,137,5,30,42,60,1634,164,1249,221,13,
UTAH,Naples,2529,3,0,1,0,2,22,5,14,3,0,
UTAH,Nephi,7353,10,0,4,1,5,54,9,42,3,0,
UTAH,North Ogden,22645,19,0,5,2,12,111,31,73,7,1,
UTAH,North Park,17789,14,0,4,0,10,102,10,84,8,0,
UTAH,North Salt Lake,23720,9,0,2,1,6,235,32,174,29,3,
UTAH,Ogden,87258,441,2,96,47,296,1680,202,1301,177,10,
UTAH,Orem,94571,165,1,51,25,88,1286,98,1099,89,0,
UTAH,Park City,8201,34,1,23,0,10,161,6,151,4,0,
UTAH,Payson,25051,32,0,14,0,18,175,13,152,10,1,
UTAH,Perry,6057,18,0,11,1,6,73,6,67,0,1,
UTAH,Pleasant Grove,37148,76,0,36,3,37,263,43,198,22,1,
UTAH,Pleasant View,11326,9,0,1,1,7,35,8,26,1,0,
UTAH,Price,8271,10,4,2,0,4,89,9,72,8,0,
UTAH,Provo,112763,233,2,83,20,128,1433,79,1279,75,10,
UTAH,Richfield,8306,26,0,10,0,16,156,12,140,4,0,
UTAH,Riverdale,9088,35,0,11,3,21,408,11,389,8,1,
UTAH,Riverton,44711,32,1,10,2,19,401,27,350,24,0,
UTAH,Roosevelt,7370,14,0,7,1,6,110,8,90,12,2,
UTAH,Roy,38353,82,0,36,3,43,314,43,253,18,2,
UTAH,Salem,11213,1,0,0,0,1,34,1,32,1,0,
UTAH,Salt Lake City,212675,1838,11,337,390,1100,11059,1172,8900,987,46,
UTAH,Santa Clara/Ivins,19369,15,0,5,0,10,54,17,32,5,0,
UTAH,Santaquin/Genola,20580,21,0,7,1,13,76,7,62,7,0,
UTAH,Saratoga Springs,58400,53,1,19,0,33,336,19,305,12,0,
UTAH,Smithfield,15093,8,0,5,0,3,25,3,20,2,0,
UTAH,South Jordan,86846,100,0,28,12,60,753,55,649,49,1,
UTAH,South Ogden,17740,26,0,10,4,12,168,21,140,7,2,
UTAH,South Salt Lake,25930,199,2,41,39,117,1523,161,1210,152,1,
UTAH,Spanish Fork,46536,35,0,17,0,18,328,25,288,15,2,
UTAH,Springdale,614,2,0,1,0,1,8,0,8,0,0,
UTAH,Springville,35521,57,0,20,7,30,293,20,250,23,1,
UTAH,St. George,107595,226,1,62,24,139,1079,196,821,62,2,
UTAH,Sunset,5322,20,0,2,0,18,61,19,36,6,0,
UTAH,Syracuse,38714,20,0,1,0,19,194,11,169,14,3,
UTAH,Taylorsville City,56047,95,2,19,21,53,1046,89,851,106,3,
UTAH,Tooele,40402,141,3,46,5,87,548,54,466,28,2,
UTAH,Tremonton Garland,16054,18,0,7,0,11,106,31,67,8,0,
UTAH,Vernal,10718,30,1,8,2,19,326,20,288,18,3,
UTAH,Washington,35835,54,3,17,2,32,304,34,255,15,0,
UTAH,Wellington,1634,3,0,1,0,2,9,2,7,0,0,
UTAH,West Bountiful,5828,7,0,2,1,4,84,8,73,3,0,
UTAH,West Jordan,114211,336,0,78,27,231,1552,155,1247,150,8,
UTAH,West Valley,132686,623,9,98,88,428,2444,260,1867,317,6,
UTAH,Willard,2389,5,0,3,1,1,15,0,15,0,0,
UTAH,Woods Cross,11482,13,0,1,1,11,157,32,104,21,0,
VERMONT,Barre,8358,54,0,12,5,37,245,17,226,2,4,
VERMONT,Barre Town,8075,9,0,2,1,6,69,5,62,2,0,
VERMONT,Bellows Falls,2762,9,0,1,1,7,16,3,13,0,1,
VERMONT,Bennington,15165,59,0,1,3,55,374,33,334,7,2,
VERMONT,Berlin,2919,8,0,2,0,6,280,5,265,10,2,
VERMONT,Bradford,2850,1,0,0,0,1,6,0,5,1,0,
VERMONT,Brandon,4101,9,0,3,1,5,45,4,40,1,0,
VERMONT,Brattleboro,12092,78,1,9,7,61,488,42,422,24,2,
VERMONT,Bristol,3763,1,0,0,0,1,15,1,13,1,0,
VERMONT,Burlington,44456,213,1,9,24,179,1907,171,1652,84,10,
VERMONT,Castleton,4441,0,0,0,0,0,0,0,0,0,0,
VERMONT,Chester,3016,2,0,0,0,2,3,0,2,1,0,
VERMONT,Colchester,17617,38,0,5,2,31,310,16,288,6,1,
VERMONT,Dover,1853,1,0,0,0,1,4,0,4,0,0,
VERMONT,Essex,22347,25,0,2,2,21,387,21,337,29,1,
VERMONT,Fair Haven,2710,4,0,0,0,4,29,1,27,1,0,
VERMONT,Fairlee,1042,0,0,0,0,0,3,1,1,1,0,
VERMONT,Hardwick,2996,4,0,2,0,2,67,4,58,5,0,
VERMONT,Hartford,10759,34,0,12,0,22,99,17,76,6,1,
VERMONT,Hinesburg,4691,5,0,0,0,5,45,5,29,11,1,
VERMONT,Killington,1413,0,0,0,0,0,12,1,11,0,0,
VERMONT,Ludlow,2187,0,0,0,0,0,15,2,13,0,0,
VERMONT,Lyndonville,1223,6,0,0,1,5,38,1,37,0,0,
VERMONT,Manchester,4482,9,0,1,0,8,66,9,57,0,0,
VERMONT,Middlebury,9174,13,0,7,0,6,122,7,108,7,0,
VERMONT,Milton,10733,20,0,5,1,14,72,4,65,3,0,
VERMONT,Montpelier,7965,26,0,2,1,23,157,6,150,1,0,
VERMONT,Morristown,6020,11,1,3,0,7,93,7,84,2,0,
VERMONT,Newport,4300,27,0,3,5,19,88,7,79,2,0,
VERMONT,Northfield,5944,4,0,2,0,2,2,1,1,0,0,
VERMONT,Norwich,3653,0,0,0,0,0,0,0,0,0,0,
VERMONT,Pittsford,2886,0,0,0,0,0,5,0,5,0,0,
VERMONT,Randolph,4875,1,0,0,0,1,6,0,4,2,0,
VERMONT,Richmond,4117,0,0,0,0,0,8,0,7,1,0,
VERMONT,Royalton,2778,3,0,2,0,1,14,0,11,3,0,
VERMONT,Rutland,15579,74,1,11,5,57,591,30,555,6,1,
VERMONT,Rutland Town,3929,8,0,2,0,6,138,14,124,0,1,
VERMONT,Shelburne,7991,5,0,2,0,3,106,11,91,4,0,
VERMONT,South Burlington,21300,50,0,3,6,41,934,14,848,72,3,
VERMONT,Springfield,9071,11,0,2,1,8,106,13,88,5,0,
VERMONT,St. Albans,6958,69,0,11,9,49,863,47,814,2,2,
VERMONT,St. Johnsbury,7425,22,3,7,1,11,147,13,134,0,0,
VERMONT,Stowe,5272,5,0,3,0,2,51,5,44,2,0,
VERMONT,Swanton,6885,9,0,0,1,8,38,6,31,1,1,
VERMONT,Thetford,2862,7,0,2,0,5,1,1,0,0,0,
VERMONT,Vergennes,2570,3,0,3,0,0,18,2,14,2,0,
VERMONT,Weathersfield,2859,1,0,0,0,1,9,0,8,1,0,
VERMONT,Williston,10071,11,0,2,2,7,459,8,441,10,1,
VERMONT,Wilmington,2282,5,0,0,0,5,3,0,3,0,0,
VERMONT,Windsor,3550,6,0,0,0,6,17,2,13,2,0,
VERMONT,Winhall,1168,2,0,1,0,1,2,0,2,0,0,
VERMONT,Winooski,8323,29,0,4,2,23,216,11,190,15,1,
VERMONT,Woodstock,3040,7,0,1,0,6,28,1,27,0,0,
VIRGINIA,Abingdon,8310,11,0,6,0,5,130,3,123,4,1,
VIRGINIA,Alexandria,155153,340,2,12,113,213,4096,149,3571,376,4,
VIRGINIA,Altavista,3316,9,0,1,0,8,98,1,92,5,1,
VIRGINIA,Amherst,2114,4,0,2,0,2,19,1,16,2,0,
VIRGINIA,Ashland,7903,47,0,1,3,43,166,5,146,15,1,
VIRGINIA,Bedford,6819,13,0,6,0,7,107,11,91,5,0,
VIRGINIA,Berryville,4849,2,0,1,0,1,32,1,28,3,0,
VIRGINIA,Big Stone Gap,5071,6,0,1,2,3,79,11,62,6,0,
VIRGINIA,Blacksburg,45734,35,0,19,1,15,327,31,285,11,0,
VIRGINIA,Blackstone,3329,7,0,0,0,7,69,6,59,4,0,
VIRGINIA,Bluefield,4845,3,0,1,0,2,151,5,141,5,0,
VIRGINIA,Bridgewater,6823,2,0,1,0,1,39,1,37,1,0,
VIRGINIA,Bristol,16775,73,0,16,6,51,508,49,430,29,3,
VIRGINIA,Broadway,4366,2,0,1,0,1,15,3,11,1,0,
VIRGINIA,Brookneal,1074,0,0,0,0,0,8,1,6,1,0,
VIRGINIA,Buena Vista,6598,3,0,0,0,3,22,0,20,2,0,
VIRGINIA,Cape Charles,1295,1,1,0,0,0,9,3,3,3,0,
VIRGINIA,Charlottesville,44844,161,1,19,27,114,1431,108,1193,130,2,
VIRGINIA,Chase City,2053,5,0,0,0,5,38,2,34,2,0,
VIRGINIA,Chesapeake,257248,873,12,60,115,686,4487,476,3721,290,10,
VIRGINIA,Chilhowie,1608,2,0,0,0,2,36,2,31,3,0,
VIRGINIA,Chincoteague,3249,4,0,1,0,3,36,5,27,4,0,
VIRGINIA,Christiansburg,22297,50,0,12,1,37,579,35,529,15,2,
VIRGINIA,Clarksville,1303,0,0,0,0,0,4,0,4,0,0,
VIRGINIA,Clifton Forge,3339,7,0,2,0,5,52,6,41,5,0,
VIRGINIA,Clintwood,1324,1,0,0,0,1,17,0,15,2,1,
VIRGINIA,Coeburn,1549,1,0,1,0,0,42,3,36,3,1,
VIRGINIA,Colonial Beach,4034,10,1,2,1,6,45,2,37,6,0,
VIRGINIA,Colonial Heights,18605,86,2,5,10,69,592,30,542,20,3,
VIRGINIA,Covington,5522,10,0,2,0,8,71,10,59,2,2,
VIRGINIA,Crewe,2231,11,0,1,0,10,46,8,33,5,1,
VIRGINIA,Culpeper,21302,26,1,2,5,18,357,13,322,22,0,
VIRGINIA,Damascus,786,2,0,0,0,2,24,1,20,3,0,
VIRGINIA,Danville,41915,153,9,15,22,107,1188,92,1030,66,10,
VIRGINIA,Dublin,2656,5,0,4,0,1,28,3,20,5,0,
VIRGINIA,Dumfries,5985,8,0,1,4,3,66,3,55,8,0,
VIRGINIA,Elkton,3068,2,0,1,0,1,31,0,29,2,0,
VIRGINIA,Emporia,5426,58,1,1,8,48,157,17,139,1,1,
VIRGINIA,Exmore,1418,3,0,0,0,3,13,0,13,0,0,
VIRGINIA,Fairfax City,25672,33,0,3,12,18,848,16,797,35,0,
VIRGINIA,Falls Church,14801,15,0,0,7,8,225,12,197,16,0,
VIRGINIA,Farmville,7477,41,0,9,3,29,265,10,247,8,2,
VIRGINIA,Franklin,8469,39,1,5,4,29,215,20,178,17,0,
VIRGINIA,Fredericksburg,29474,178,1,20,19,138,905,35,832,38,2,
VIRGINIA,Front Royal,15524,52,1,35,4,12,238,27,192,19,4,
VIRGINIA,Galax,6770,21,0,5,1,15,307,34,258,15,1,
VIRGINIA,Gate City,2015,4,0,0,0,4,35,12,21,2,0,
VIRGINIA,Glade Spring,1368,7,0,3,1,3,23,3,19,1,2,
VIRGINIA,Gordonsville,1520,7,0,1,3,3,13,3,9,1,0,
VIRGINIA,Grottoes,3029,8,0,0,0,8,16,5,11,0,0,
VIRGINIA,Grundy,822,0,0,0,0,0,51,0,50,1,0,
VIRGINIA,Hampton,138100,342,15,40,78,209,3980,290,3360,330,14,
VIRGINIA,Harrisonburg,51270,137,0,29,11,97,868,69,755,44,3,
VIRGINIA,Haymarket,1578,1,0,0,0,1,11,1,10,0,0,
VIRGINIA,Herndon,25058,60,0,6,15,39,450,25,400,25,0,
VIRGINIA,Hillsville,2847,4,0,3,0,1,32,5,24,3,1,
VIRGINIA,Hopewell,22843,87,6,5,5,71,466,32,323,111,4,
VIRGINIA,Independence,1005,1,0,1,0,0,29,1,27,1,0,
VIRGINIA,Jonesville,845,0,0,0,0,0,2,0,2,0,0,
VIRGINIA,Kenbridge,1117,3,0,1,0,2,7,0,6,1,0,
VIRGINIA,Kilmarnock,1444,5,0,0,0,5,32,1,29,2,0,
VIRGINIA,Lebanon,3097,4,0,1,1,2,96,1,92,3,0,
VIRGINIA,Leesburg,49626,127,0,16,17,94,781,38,715,28,0,
VIRGINIA,Lexington,7656,10,0,2,0,8,35,4,30,1,0,
VIRGINIA,Louisa,2205,2,0,0,0,2,39,3,34,2,0,
VIRGINIA,Luray,4829,2,0,1,0,1,59,5,52,2,1,
VIRGINIA,Lynchburg,80339,287,9,42,30,206,1396,168,1018,210,4,
VIRGINIA,Manassas,43028,118,1,35,18,64,820,43,707,70,0,
VIRGINIA,Manassas Park,16228,13,0,4,1,8,124,9,94,21,0,
VIRGINIA,Marion,5576,16,0,4,1,11,130,12,107,11,4,
VIRGINIA,Martinsville,13968,54,1,6,2,45,158,15,133,10,8,
VIRGINIA,Mount Jackson,2023,0,0,0,0,0,32,1,31,0,0,
VIRGINIA,New Market,2208,2,0,1,0,1,15,1,13,1,0,
VIRGINIA,Newport News,183563,1351,22,53,156,1120,4435,407,3504,524,39,
VIRGINIA,Norfolk,230460,1082,37,93,178,774,8694,586,7197,911,9,
VIRGINIA,Norton,3458,8,0,2,0,6,355,7,347,1,1,
VIRGINIA,Onancock,1154,2,0,0,1,1,21,2,17,2,0,
VIRGINIA,Orange,5249,21,0,4,1,16,74,7,66,1,0,
VIRGINIA,Parksley,807,0,0,0,0,0,1,0,1,0,0,
VIRGINIA,Pearisburg,2806,3,0,1,0,2,57,3,53,1,0,
VIRGINIA,Pembroke,1124,3,0,2,0,1,23,0,23,0,0,
VIRGINIA,Pennington Gap,1567,0,0,0,0,0,20,1,19,0,0,
VIRGINIA,Petersburg,33538,350,15,21,33,281,969,96,733,140,5,
VIRGINIA,Pocahontas,253,0,0,0,0,0,2,0,2,0,0,
VIRGINIA,Poquoson,12788,40,0,5,0,35,85,11,70,4,3,
VIRGINIA,Portsmouth,97156,731,36,35,163,497,3751,412,2837,502,2,
VIRGINIA,Pound,836,0,0,0,0,0,0,0,0,0,0,
VIRGINIA,Pulaski,8818,50,1,5,3,41,205,39,155,11,0,
VIRGINIA,Purcellville,8918,2,0,1,0,1,62,0,55,7,0,
VIRGINIA,Radford,17399,37,0,10,2,25,157,17,139,1,0,
VIRGINIA,Rich Creek,728,3,0,2,0,1,25,3,18,4,0,
VIRGINIA,Richlands,5037,20,0,4,1,15,63,9,50,4,1,
VIRGINIA,Richmond,231805,781,56,43,219,463,7370,615,5533,1222,34,
VIRGINIA,Roanoke,97027,602,11,84,90,417,3935,376,3176,383,40,
VIRGINIA,Rocky Mount,4990,7,0,4,1,2,173,0,169,4,1,
VIRGINIA,Rural Retreat,1524,0,0,0,0,0,5,0,5,0,0,
VIRGINIA,Saltville,1766,1,0,0,0,1,7,1,6,0,1,
VIRGINIA,Shenandoah,2479,3,0,0,1,2,6,0,6,0,0,
VIRGINIA,Smithfield,9137,16,0,1,2,13,101,9,86,6,0,
VIRGINIA,South Boston,7757,36,1,4,3,28,195,28,151,16,0,
VIRGINIA,South Hill,4949,20,1,3,1,15,173,15,147,11,1,
VIRGINIA,Stanley,1704,1,0,1,0,0,16,0,15,1,0,
VIRGINIA,Staunton,26151,37,2,13,2,20,394,27,344,23,11,
VIRGINIA,Stephens City,2146,1,0,1,0,0,29,1,28,0,0,
VIRGINIA,St. Paul,830,0,0,0,0,0,26,2,21,3,1,
VIRGINIA,Strasburg,7312,14,0,6,0,8,56,7,47,2,0,
VIRGINIA,Suffolk,103506,384,11,32,42,299,1626,90,1409,127,11,
VIRGINIA,Tappahannock,2186,7,0,2,0,5,73,3,68,2,1,
VIRGINIA,Tazewell,4282,7,0,1,0,6,38,5,26,7,1,
VIRGINIA,Victoria,1749,6,0,1,0,5,14,4,10,0,0,
VIRGINIA,Vienna,16258,10,0,1,2,7,138,8,125,5,0,
VIRGINIA,Vinton,8044,12,1,0,0,11,142,11,126,5,0,
VIRGINIA,Virginia Beach,455155,420,13,84,144,179,7464,382,6585,497,42,
VIRGINIA,Warrenton,10265,10,0,0,3,7,132,2,123,7,1,
VIRGINIA,Warsaw,1686,0,0,0,0,0,13,0,13,0,0,
VIRGINIA,Waynesboro,23673,58,2,13,6,37,359,40,275,44,6,
VIRGINIA,Weber City,1234,0,0,0,0,0,18,0,17,1,0,
VIRGINIA,West Point,3574,5,0,0,0,5,26,2,24,0,0,
VIRGINIA,Williamsburg,16098,32,1,7,4,20,194,10,180,4,1,
VIRGINIA,Winchester,27700,66,0,33,10,23,645,56,562,27,2,
VIRGINIA,Windsor,2950,6,0,1,1,4,20,3,13,4,1,
VIRGINIA,Wintergreen,503,0,0,0,0,0,12,3,9,0,0,
VIRGINIA,Wise,2861,2,0,0,0,2,66,1,62,3,0,
VIRGINIA,Woodstock,5983,8,1,2,0,5,111,9,95,7,0,
VIRGINIA,Wytheville,8138,5,1,2,0,2,222,11,191,20,2,
WASHINGTON,Aberdeen,17010,63,0,22,13,28,506,49,404,53,7,
WASHINGTON,Airway Heights,11035,41,0,7,3,31,430,46,338,46,0,
WASHINGTON,Algona,3160,4,0,1,0,3,46,7,29,10,0,
WASHINGTON,Anacortes,18123,17,1,3,2,11,271,23,232,16,0,
WASHINGTON,Arlington,21610,73,2,8,14,49,480,74,314,92,0,
WASHINGTON,Auburn,82838,450,10,73,114,253,3287,439,1806,1042,18,
WASHINGTON,Bainbridge Island,24063,9,0,3,2,4,229,33,180,16,1,
WASHINGTON,Battle Ground,22780,18,0,9,2,7,236,21,196,19,1,
WASHINGTON,Beaux Arts,300,0,0,0,0,0,6,0,6,0,0,
WASHINGTON,Bellevue,151520,210,1,15,77,117,5060,549,3995,516,13,
WASHINGTON,Bellingham,95717,335,2,20,74,239,3596,470,2980,146,8,
WASHINGTON,Bingen,772,0,0,0,0,0,12,2,9,1,0,
WASHINGTON,Black Diamond,7332,2,0,0,0,2,29,4,19,6,0,
WASHINGTON,Blaine,6347,11,0,4,1,6,138,48,87,3,0,
WASHINGTON,Bonney Lake,22839,42,0,6,5,31,389,52,274,63,3,
WASHINGTON,Bothell,50917,56,0,12,11,33,697,114,508,75,0,
WASHINGTON,Bremerton,46079,200,2,49,22,127,1297,230,890,177,17,
WASHINGTON,Brier,6428,1,0,0,1,0,26,4,20,2,0,
WASHINGTON,Buckley,6236,15,0,3,0,12,51,13,28,10,0,
WASHINGTON,Burien,50318,214,2,33,82,97,1708,290,882,536,17,
WASHINGTON,Burlington,10762,8,0,2,3,3,653,46,580,27,0,
WASHINGTON,Camas,27525,13,0,5,2,6,202,22,155,25,1,
WASHINGTON,Carnation,2181,1,0,1,0,0,16,2,11,3,0,
WASHINGTON,Castle Rock,2432,1,0,0,1,0,25,6,18,1,0,
WASHINGTON,Centralia,18919,51,1,14,11,25,518,75,411,32,3,
WASHINGTON,Chehalis,7603,29,0,3,8,18,298,36,242,20,1,
WASHINGTON,Cheney,12393,46,0,15,5,26,207,26,163,18,1,
WASHINGTON,Clarkston,7260,34,1,7,4,22,330,60,256,14,0,
WASHINGTON,Cle Elum,3175,4,0,1,0,3,53,9,44,0,1,
WASHINGTON,Clyde Hill,3060,1,0,0,1,0,29,6,23,0,0,
WASHINGTON,College Place,9706,9,0,3,1,5,176,9,160,7,1,
WASHINGTON,Colville,5072,2,0,2,0,0,25,10,9,6,0,
WASHINGTON,Connell,4521,1,0,0,0,1,30,6,19,5,1,
WASHINGTON,Coulee Dam,1226,0,0,0,0,0,28,7,20,1,0,
WASHINGTON,Covington,21216,38,1,7,13,17,659,67,497,95,2,
WASHINGTON,Darrington,1465,3,1,1,0,1,15,7,5,3,0,
WASHINGTON,Des Moines,31694,94,1,9,33,51,903,68,611,224,5,
WASHINGTON,Dupont,9677,5,0,1,0,4,108,15,79,14,0,
WASHINGTON,East Wenatchee,14097,27,2,5,8,12,288,31,239,18,0,
WASHINGTON,Eatonville,2788,6,0,3,0,3,15,4,10,1,0,
WASHINGTON,Edgewood,13551,29,0,2,2,25,274,45,172,57,1,
WASHINGTON,Edmonds,42659,111,1,16,22,72,1280,176,1039,65,1,
WASHINGTON,Ellensburg,18472,42,1,17,4,20,403,45,343,15,7,
WASHINGTON,Elma,3465,8,1,1,1,5,53,11,38,4,0,
WASHINGTON,Enumclaw,12722,8,0,2,3,3,180,15,136,29,2,
WASHINGTON,Ephrata,8722,16,0,0,2,14,255,34,203,18,4,
WASHINGTON,Everett,111276,295,6,36,75,178,3582,395,2293,894,18,
WASHINGTON,Everson,4673,5,0,2,0,3,15,2,13,0,0,
WASHINGTON,Federal Way,96631,527,5,50,145,327,4225,554,2566,1105,24,
WASHINGTON,Ferndale,16293,17,0,4,2,11,261,38,211,12,0,
WASHINGTON,Fife,10612,108,1,7,26,74,628,62,402,164,9,
WASHINGTON,Fircrest,6855,25,0,1,1,23,118,21,74,23,2,
WASHINGTON,Gig Harbor,12785,26,0,5,12,9,379,33,305,41,2,
WASHINGTON,Gold Bar,2411,3,0,0,0,3,17,5,10,2,0,
WASHINGTON,Goldendale,3480,4,0,0,0,4,112,3,103,6,0,
WASHINGTON,Grandview,11210,48,0,7,2,39,213,42,141,30,10,
WASHINGTON,Granite Falls,4931,7,0,1,4,2,51,7,37,7,0,
WASHINGTON,Hoquiam,8791,18,1,3,3,11,147,31,103,13,0,
WASHINGTON,Index,158,0,0,0,0,0,2,0,2,0,0,
WASHINGTON,Kalama,3053,3,0,0,0,3,39,14,23,2,0,
WASHINGTON,Kelso,12620,29,1,6,11,11,244,36,187,21,1,
WASHINGTON,Kenmore,23227,15,1,2,9,3,234,49,124,61,3,
WASHINGTON,Kennewick,85553,314,3,44,72,195,2961,303,2084,574,3,
WASHINGTON,Kent,132324,648,7,85,191,365,4990,914,2844,1232,34,
WASHINGTON,Kettle Falls,1663,2,0,0,1,1,18,5,13,0,0,
WASHINGTON,Kirkland,90687,55,1,13,9,32,1825,202,1400,223,2,
WASHINGTON,La Center,4707,3,0,1,0,2,26,3,21,2,0,
WASHINGTON,Lacey,58872,110,2,12,20,76,1453,224,1109,120,4,
WASHINGTON,Lake Forest Park,12812,8,0,6,0,2,216,24,165,27,0,
WASHINGTON,Lake Stevens,41000,48,0,14,7,27,266,22,207,37,0,
WASHINGTON,Lakewood,61873,401,4,38,81,278,2241,316,1537,388,12,
WASHINGTON,Langley,1145,0,0,0,0,0,5,3,2,0,0,
WASHINGTON,Liberty Lake,13559,21,0,6,2,13,207,32,161,14,1,
WASHINGTON,Long Beach,1774,4,0,0,0,4,12,2,8,2,0,
WASHINGTON,Longview,37944,82,1,16,13,52,1205,88,1028,89,7,
WASHINGTON,Lynden,16805,30,0,6,3,21,190,18,166,6,0,
WASHINGTON,Lynnwood,45807,121,4,12,49,56,2778,231,2284,263,5,
WASHINGTON,Maple Valley,28551,31,1,5,12,13,420,59,263,98,0,
WASHINGTON,Marysville,73573,172,0,44,36,92,1437,163,1070,204,6,
WASHINGTON,McCleary,2043,6,0,2,0,4,5,1,4,0,0,
WASHINGTON,Medina,2816,0,0,0,0,0,28,6,22,0,0,
WASHINGTON,Mercer Island,24416,9,0,1,4,4,303,56,226,21,0,
WASHINGTON,Mill Creek,20687,26,0,2,6,18,379,56,269,54,5,
WASHINGTON,Milton,8690,34,1,3,6,24,228,25,140,63,0,
WASHINGTON,Monroe,19258,46,0,13,0,33,341,38,262,41,1,
WASHINGTON,Montesano,4189,4,0,0,0,4,64,4,57,3,0,
WASHINGTON,Morton,1906,3,0,1,0,2,12,0,10,2,0,
WASHINGTON,Moses Lake,26624,105,6,6,21,72,1128,163,917,48,10,
WASHINGTON,Mountlake Terrace,21595,42,0,0,12,30,473,66,289,118,2,
WASHINGTON,Mount Vernon,35244,67,1,4,18,44,626,92,476,58,3,
WASHINGTON,Moxee,4983,7,1,0,0,6,20,6,11,3,0,
WASHINGTON,Mukilteo,20845,22,0,2,5,15,358,66,254,38,1,
WASHINGTON,Napavine,2228,6,0,1,0,5,30,4,23,3,0,
WASHINGTON,Newcastle,12636,6,0,1,2,3,287,33,192,62,0,
WASHINGTON,Newport,2248,2,0,0,0,2,61,5,51,5,1,
WASHINGTON,Normandy Park,6451,9,0,0,2,7,80,18,55,7,0,
WASHINGTON,North Bend,8540,7,1,2,1,3,207,25,166,16,1,
WASHINGTON,Oak Harbor,23817,27,1,8,1,17,209,27,150,32,0,
WASHINGTON,Oakville,730,3,0,0,0,3,8,3,4,1,0,
WASHINGTON,Olympia,55775,315,4,35,61,215,1916,317,1392,207,8,
WASHINGTON,Orting,8924,28,0,4,2,22,80,15,44,21,0,
WASHINGTON,Othello,8989,34,0,11,3,20,199,33,146,20,1,
WASHINGTON,Pacific,6827,13,0,0,4,9,123,40,42,41,1,
WASHINGTON,Palouse,1050,0,0,0,0,0,0,0,0,0,0,
WASHINGTON,Pasco,80838,281,0,22,44,215,1775,239,1178,358,14,
WASHINGTON,Port Angeles,20133,114,2,23,10,79,500,103,350,47,1,
WASHINGTON,Port Orchard,18806,73,0,15,8,50,545,84,409,52,7,
WASHINGTON,Port Townsend,10614,50,0,4,3,43,150,18,125,7,0,
WASHINGTON,Poulsbo,12236,19,0,6,2,11,207,21,161,25,1,
WASHINGTON,Prosser,6444,15,0,1,0,14,105,18,69,18,0,
WASHINGTON,Pullman,33105,43,2,14,2,25,272,50,211,11,4,
WASHINGTON,Puyallup,41898,157,1,14,36,106,1621,188,1078,355,12,
WASHINGTON,Quincy,8557,21,0,2,3,16,310,132,133,45,1,
WASHINGTON,Raymond,3272,1,0,0,0,1,22,4,16,2,0,
WASHINGTON,Redmond,82746,108,0,24,31,53,2267,283,1673,311,11,
WASHINGTON,Renton,103762,352,5,47,95,205,3438,452,1805,1181,10,
WASHINGTON,Richland,64736,162,1,40,21,100,1256,151,927,178,7,
WASHINGTON,Ridgefield,16769,14,0,3,1,10,180,27,146,7,1,
WASHINGTON,Roy,788,4,0,3,0,1,4,1,1,2,0,
WASHINGTON,Royal City,1936,2,0,0,0,2,15,6,8,1,0,
WASHINGTON,Ruston,1019,16,0,1,1,14,49,7,29,13,1,
WASHINGTON,Sammamish,64358,18,0,8,1,9,347,52,254,41,2,
WASHINGTON,SeaTac,31950,131,2,26,41,62,1260,169,660,431,7,
WASHINGTON,Seattle,760058,5891,52,352,1677,3810,38061,8756,21905,7400,153,
WASHINGTON,Sedro Woolley,13103,2,0,1,1,0,89,18,63,8,0,
WASHINGTON,Selah,8712,11,1,4,0,6,92,10,74,8,0,
WASHINGTON,Sequim,8248,14,0,6,2,6,179,19,154,6,0,
WASHINGTON,Shelton,10933,52,0,14,9,29,262,44,183,35,3,
WASHINGTON,Shoreline,62234,132,1,24,56,51,1576,303,942,331,6,
WASHINGTON,Skykomish,153,0,0,0,0,0,4,2,2,0,0,
WASHINGTON,Snohomish,10265,17,0,3,3,11,165,18,128,19,0,
WASHINGTON,Snoqualmie,13265,6,0,3,1,2,142,9,118,15,2,
WASHINGTON,Soap Lake,1759,6,0,1,1,4,49,3,45,1,1,
WASHINGTON,South Bend,1776,2,0,1,0,1,6,1,5,0,0,
WASHINGTON,Spokane,229529,1549,16,176,333,1024,11111,1484,8421,1206,127,
WASHINGTON,Spokane Valley,109852,266,1,30,40,195,3862,663,2865,334,13,
WASHINGTON,Stanwood,9466,10,0,1,1,8,93,9,60,24,1,
WASHINGTON,Steilacoom,6568,6,0,3,0,3,51,4,40,7,0,
WASHINGTON,Sultan,7402,14,0,2,1,11,38,9,23,6,0,
WASHINGTON,Sumas,1685,0,0,0,0,0,13,2,11,0,0,
WASHINGTON,Sumner,10922,27,0,3,4,20,372,71,212,89,2,
WASHINGTON,Sunnyside,16220,45,2,4,9,30,420,44,321,55,4,
WASHINGTON,Tacoma,223980,2381,22,152,413,1794,12551,1500,7887,3164,109,
WASHINGTON,Toledo,811,2,0,1,1,0,4,1,2,1,1,
WASHINGTON,Toppenish,8593,27,0,4,4,19,365,55,242,68,4,
WASHINGTON,Tukwila,20933,194,3,27,73,91,3191,176,2418,597,7,
WASHINGTON,Tumwater,27617,54,0,11,5,38,574,91,421,62,1,
WASHINGTON,Union Gap,6403,15,0,2,6,7,539,63,454,22,0,
WASHINGTON,University Place,35099,83,0,11,10,62,675,56,491,128,2,
WASHINGTON,Vancouver,198194,1154,11,122,242,779,6753,930,4640,1183,33,
WASHINGTON,Walla Walla,33062,94,2,23,10,59,732,58,601,73,21,
WASHINGTON,Warden,2742,5,0,1,0,4,31,6,20,5,0,
WASHINGTON,Washougal,16964,53,0,13,3,37,170,26,126,18,3,
WASHINGTON,Wenatchee,35523,84,0,16,12,56,990,151,770,69,4,
WASHINGTON,West Richland,19202,28,2,2,3,21,104,20,71,13,0,
WASHINGTON,White Salmon,2612,3,0,0,0,3,25,8,14,3,0,
WASHINGTON,Winlock,2128,0,0,0,0,0,13,2,10,1,0,
WASHINGTON,Woodinville,13804,11,0,2,4,5,413,60,320,33,1,
WASHINGTON,Woodland,6477,8,1,0,1,6,175,19,148,8,0,
WASHINGTON,Woodway,1301,1,0,0,1,0,8,0,5,3,0,
WASHINGTON,Yakima,96646,526,15,36,57,418,1976,343,1364,269,15,
WASHINGTON,Yarrow Point,1096,0,0,0,0,0,8,0,8,0,0,
WASHINGTON,Yelm,10820,30,0,7,3,20,203,31,160,12,0,
WASHINGTON,Zillah,3106,1,0,1,0,0,25,1,24,0,0,
WEST VIRGINIA,Alderson,932,2,0,1,0,1,13,0,13,0,0,
WEST VIRGINIA,Barboursville,4327,2,0,0,0,2,123,0,123,0,0,
WEST VIRGINIA,Beckley,16367,99,0,19,9,71,1295,144,1123,28,6,
WEST VIRGINIA,Bluefield,9163,44,1,5,1,37,95,22,64,9,1,
WEST VIRGINIA,Bridgeport,9396,13,0,4,1,8,137,3,132,2,1,
WEST VIRGINIA,Buckhannon,5014,16,0,2,0,14,62,0,62,0,5,
WEST VIRGINIA,Cedar Grove,682,0,0,0,0,0,1,0,1,0,0,
WEST VIRGINIA,Ceredo,1321,0,0,0,0,0,8,3,5,0,0,
WEST VIRGINIA,Charleston,46252,251,6,27,25,193,1443,303,1055,85,13,
WEST VIRGINIA,Charles Town,8103,6,0,2,1,3,100,26,69,5,0,
WEST VIRGINIA,Clarksburg,15316,57,0,14,2,41,340,25,302,13,3,
WEST VIRGINIA,Dunbar,7070,22,0,1,2,19,128,30,87,11,1,
WEST VIRGINIA,Elkins,6700,32,0,0,1,31,27,5,20,2,0,
WEST VIRGINIA,Fairmont,18066,94,0,18,3,73,239,31,194,14,4,
WEST VIRGINIA,Fayetteville,2771,1,0,0,0,1,70,1,68,1,1,
WEST VIRGINIA,Follansbee,2645,0,0,0,0,0,16,5,10,1,0,
WEST VIRGINIA,Gilbert,305,1,0,0,0,1,2,0,2,0,0,
WEST VIRGINIA,Glen Dale,1404,1,0,0,0,1,10,0,9,1,1,
WEST VIRGINIA,Grafton,4545,0,0,0,0,0,42,2,38,2,0,
WEST VIRGINIA,Huntington,44860,359,6,46,47,260,1616,272,1194,150,7,
WEST VIRGINIA,Hurricane,6755,4,0,3,0,1,88,5,83,0,0,
WEST VIRGINIA,Kenova,2855,0,0,0,0,0,17,4,12,1,1,
WEST VIRGINIA,Keyser,4839,12,0,2,1,9,60,17,43,0,1,
WEST VIRGINIA,Madison,2690,5,0,0,0,5,20,7,12,1,0,
WEST VIRGINIA,Montgomery,1209,10,0,0,1,9,38,7,25,6,1,
WEST VIRGINIA,Moorefield,2480,19,0,0,0,19,38,1,37,0,0,
WEST VIRGINIA,Morgantown,30510,64,4,18,6,36,598,35,552,11,5,
WEST VIRGINIA,New Martinsville,5049,3,0,0,0,3,4,0,4,0,0,
WEST VIRGINIA,Nitro,6360,10,0,2,1,7,240,17,219,4,0,
WEST VIRGINIA,Oak Hill,7747,12,0,1,1,10,160,97,59,4,3,
WEST VIRGINIA,Parkersburg,28815,75,0,19,6,50,927,91,784,52,10,
WEST VIRGINIA,Philippi,2897,4,2,1,0,1,23,1,17,5,0,
WEST VIRGINIA,Ranson,5781,4,0,1,0,3,49,2,43,4,0,
WEST VIRGINIA,Ripley,3035,3,0,0,0,3,25,1,23,1,0,
WEST VIRGINIA,Romney,1749,11,0,0,0,11,11,1,9,1,0,
WEST VIRGINIA,Ronceverte,1518,0,0,0,0,0,5,2,1,2,0,
WEST VIRGINIA,South Charleston,13098,64,0,3,3,58,723,37,663,23,1,
WEST VIRGINIA,Spencer,1966,1,0,0,0,1,32,2,29,1,0,
WEST VIRGINIA,St. Albans,10245,23,0,3,4,16,214,27,170,17,0,
WEST VIRGINIA,Summersville,3318,9,0,1,0,8,49,4,42,3,0,
WEST VIRGINIA,Vienna,10397,16,1,4,0,11,344,11,331,2,0,
WEST VIRGINIA,Weirton,18151,25,2,8,0,15,60,0,60,0,0,
WEST VIRGINIA,Weston,3722,9,0,2,0,7,30,5,24,1,1,
WEST VIRGINIA,Westover,4068,9,1,0,0,8,104,10,93,1,0,
WEST VIRGINIA,Wheeling,25951,255,0,14,14,227,517,145,343,29,1,
WEST VIRGINIA,White Hall,703,2,0,0,1,1,80,0,79,1,0,
WEST VIRGINIA,White Sulphur Springs,2177,2,0,0,0,2,28,3,24,1,0,
WEST VIRGINIA,Williamstown,2943,0,0,0,0,0,5,2,3,0,0,
WEST VIRGINIA,Winfield,2360,1,0,1,0,0,7,1,6,0,0,
WISCONSIN,Adams,1785,11,0,6,0,5,34,3,31,0,0,
WISCONSIN,Algoma,3207,5,0,1,0,4,10,3,7,0,0,
WISCONSIN,Altoona,9623,3,1,2,0,0,174,2,167,5,0,
WISCONSIN,Amery,2953,2,0,1,1,0,12,1,11,0,0,
WISCONSIN,Antigo,7938,19,1,5,0,13,95,6,84,5,0,
WISCONSIN,Appleton,74394,150,2,39,7,102,1002,114,841,47,2,
WISCONSIN,Ashland,7870,14,0,8,0,6,232,12,218,2,0,
WISCONSIN,Ashwaubenon,16992,40,0,7,2,31,376,14,330,32,2,
WISCONSIN,Augusta,1509,3,0,2,0,1,18,2,15,1,0,
WISCONSIN,Bangor,1470,0,0,0,0,0,16,9,7,0,0,
WISCONSIN,Bayfield,609,0,0,0,0,0,8,1,7,0,0,
WISCONSIN,Bayside,4367,1,0,1,0,0,10,0,10,0,0,
WISCONSIN,Beaver Dam,16473,24,0,7,0,17,185,2,174,9,0,
WISCONSIN,Belleville,2736,3,0,0,0,3,7,0,7,0,0,
WISCONSIN,Beloit,36231,142,4,29,22,87,802,79,659,64,4,
WISCONSIN,Beloit Town,7748,10,1,2,1,6,83,9,69,5,1,
WISCONSIN,Berlin,5624,0,0,0,0,0,30,2,27,1,0,
WISCONSIN,Bloomer,3716,11,0,3,0,8,22,2,15,5,0,
WISCONSIN,Bloomfield,6666,2,0,1,0,1,14,0,14,0,0,
WISCONSIN,Boscobel,3191,11,0,0,0,11,9,2,7,0,0,
WISCONSIN,Boyceville,1099,1,0,0,0,1,10,0,7,3,0,
WISCONSIN,Brillion,3397,1,0,0,0,1,12,0,10,2,0,
WISCONSIN,Brodhead,3197,4,0,0,0,4,22,1,20,1,0,
WISCONSIN,Brookfield,42019,35,0,1,11,23,461,45,395,21,0,
WISCONSIN,Brown Deer,12636,44,0,5,7,32,330,49,255,26,0,
WISCONSIN,Burlington,11042,11,0,3,0,8,106,0,102,4,1,
WISCONSIN,Butler,1759,3,0,0,0,3,31,3,27,1,0,
WISCONSIN,Caledonia,25323,16,0,2,3,11,119,45,64,10,0,
WISCONSIN,Campbell Township,4150,0,0,0,0,0,29,1,25,3,0,
WISCONSIN,Cedarburg,12649,6,0,2,2,2,50,1,49,0,0,
WISCONSIN,Chilton,3891,1,0,0,0,1,18,0,18,0,0,
WISCONSIN,Chippewa Falls,14626,32,0,6,2,24,98,6,84,8,1,
WISCONSIN,Clinton,2231,5,0,2,0,3,9,0,8,1,0,
WISCONSIN,Colby-Abbotsford,4256,12,5,1,0,6,42,5,31,6,0,
WISCONSIN,Columbus,5418,4,0,0,0,4,25,0,22,3,0,
WISCONSIN,Cottage Grove,9518,11,0,2,0,9,43,3,39,1,0,
WISCONSIN,Crandon,1700,1,0,0,0,1,12,2,9,1,0,
WISCONSIN,Cudahy,17683,20,0,4,4,12,137,20,91,26,0,
WISCONSIN,Darlington,2528,3,0,2,0,1,7,2,5,0,0,
WISCONSIN,Deforest,11195,9,0,1,0,8,91,5,85,1,0,
WISCONSIN,Delafield,7206,4,0,1,0,3,150,1,146,3,0,
WISCONSIN,Delavan,10091,19,0,6,2,11,123,6,106,11,0,
WISCONSIN,Delavan Town,5298,2,0,1,0,1,43,20,23,0,0,
WISCONSIN,De Pere,25319,19,0,11,0,8,144,13,126,5,0,
WISCONSIN,Dodgeville,5120,2,0,0,0,2,95,1,93,1,0,
WISCONSIN,Durand,1840,0,0,0,0,0,1,0,1,0,0,
WISCONSIN,Eagle River,1612,1,0,0,0,1,29,0,29,0,0,
WISCONSIN,Eagle Village,2169,0,0,0,0,0,2,0,2,0,0,
WISCONSIN,East Troy,4713,1,0,1,0,0,20,3,16,1,0,
WISCONSIN,Eau Claire,70891,115,2,40,7,66,1351,179,1101,71,3,
WISCONSIN,Elkhorn,10218,6,0,1,1,4,55,4,46,5,0,
WISCONSIN,Elk Mound,985,3,0,1,0,2,18,1,17,0,0,
WISCONSIN,Ellsworth,3284,2,0,0,0,2,17,3,13,1,0,
WISCONSIN,Elm Grove,6251,0,0,0,0,0,31,3,26,2,0,
WISCONSIN,Evansville,5851,0,0,0,0,0,16,0,14,2,0,
WISCONSIN,Fall Creek,1408,1,0,1,0,0,8,0,6,2,0,
WISCONSIN,Fennimore,2756,5,0,4,0,1,1,0,1,0,0,
WISCONSIN,Fitchburg,32727,90,0,10,5,75,439,40,361,38,0,
WISCONSIN,Fond du Lac,44164,171,2,30,13,126,929,41,863,25,3,
WISCONSIN,Fontana,1896,2,0,2,0,0,14,0,14,0,0,
WISCONSIN,Fort Atkinson,12274,29,0,10,0,19,93,7,83,3,0,
WISCONSIN,Fox Crossing,18926,17,0,1,2,14,141,49,79,13,1,
WISCONSIN,Fox Point,6557,0,0,0,0,0,39,0,39,0,0,
WISCONSIN,Fox Valley Metro,23754,42,0,22,0,20,86,4,78,4,1,
WISCONSIN,Franklin,35535,18,0,6,2,10,429,21,380,28,0,
WISCONSIN,Geneva Town,5448,2,0,0,1,1,3,2,1,0,0,
WISCONSIN,Genoa City,2937,0,0,0,0,0,5,0,4,1,0,
WISCONSIN,Germantown,21066,13,0,0,0,13,236,4,228,4,0,
WISCONSIN,Glendale,12877,38,0,3,20,15,539,28,458,53,1,
WISCONSIN,Grafton,12788,10,0,4,1,5,79,4,73,2,0,
WISCONSIN,Grand Chute,24397,57,0,19,1,37,1077,26,1028,23,2,
WISCONSIN,Grand Rapids,7550,4,0,0,0,4,12,2,9,1,0,
WISCONSIN,Green Bay,105240,521,2,65,28,426,1381,114,1000,267,3,
WISCONSIN,Greendale,14461,12,0,1,6,5,136,4,122,10,0,
WISCONSIN,Greenfield,36919,34,0,2,9,23,852,38,680,134,2,
WISCONSIN,Hales Corners,7515,11,1,1,2,7,45,4,39,2,0,
WISCONSIN,Hartford,15959,21,0,10,0,11,110,5,103,2,0,
WISCONSIN,Hartland,10259,7,0,3,0,4,35,4,31,0,0,
WISCONSIN,Hayward,2600,19,0,6,1,12,44,3,38,3,1,
WISCONSIN,Hobart-Lawrence,18035,8,0,6,0,2,41,4,32,5,0,
WISCONSIN,Holmen,11889,6,0,3,0,3,55,5,46,4,0,
WISCONSIN,Horicon,3768,8,0,2,0,6,22,1,20,1,0,
WISCONSIN,Hortonville,3481,1,0,0,0,1,6,0,5,1,0,
WISCONSIN,Hudson,15714,18,0,1,0,17,259,14,236,9,1,
WISCONSIN,Janesville,66247,95,3,26,11,55,1220,77,1094,49,4,
WISCONSIN,Jefferson,7594,19,0,9,0,10,104,0,95,9,0,
WISCONSIN,Juneau,2497,3,0,1,0,2,1,0,1,0,0,
WISCONSIN,Kaukauna,17622,18,0,6,0,12,120,4,111,5,0,
WISCONSIN,Kenosha,97652,279,3,45,35,196,846,88,684,74,8,
WISCONSIN,Kewaskum,4475,3,0,1,0,2,18,1,17,0,0,
WISCONSIN,Kewaunee,2789,2,0,0,1,1,7,0,7,0,0,
WISCONSIN,Kiel,3959,3,0,1,0,2,9,1,7,1,0,
WISCONSIN,Kohler,2248,0,0,0,0,0,63,0,62,1,0,
WISCONSIN,Kronenwetter,8597,4,0,2,0,2,23,1,21,1,0,
WISCONSIN,La Crosse,50893,199,1,40,13,145,1889,142,1664,83,3,
WISCONSIN,Ladysmith,3046,7,0,2,0,5,21,2,16,3,1,
WISCONSIN,Lake Geneva,8816,9,0,1,1,7,144,6,137,1,1,
WISCONSIN,Lake Mills,6731,8,0,2,0,6,37,1,34,2,1,
WISCONSIN,Lancaster,3891,26,0,3,0,23,29,0,28,1,1,
WISCONSIN,Linn Township,2708,0,0,0,0,0,25,0,23,2,0,
WISCONSIN,Luxemburg,2776,3,0,3,0,0,5,0,4,1,0,
WISCONSIN,Madison,282045,722,7,75,95,545,5260,447,4500,313,8,
WISCONSIN,Manitowoc,34546,72,0,8,5,59,335,24,293,18,1,
WISCONSIN,Maple Bluff,1289,29,0,0,0,29,14,3,10,1,0,
WISCONSIN,Marathon City,1554,2,0,0,0,2,5,0,4,1,0,
WISCONSIN,Marinette,11023,19,0,4,2,13,184,8,170,6,1,
WISCONSIN,Marshall Village,3816,5,1,0,0,4,1,0,1,0,0,
WISCONSIN,Marshfield,18669,40,1,19,0,20,208,8,195,5,0,
WISCONSIN,Mauston,4120,4,0,0,0,4,40,3,35,2,0,
WISCONSIN,Mayville,5121,3,0,0,0,3,20,4,14,2,0,
WISCONSIN,McFarland,9602,6,0,0,0,6,79,16,61,2,1,
WISCONSIN,Medford,4426,10,0,5,0,5,53,2,49,2,0,
WISCONSIN,Menasha,18008,32,0,6,0,26,159,7,145,7,0,
WISCONSIN,Menomonee Falls,40076,27,2,6,4,15,212,21,175,16,0,
WISCONSIN,Menomonie,16595,22,0,4,0,18,201,54,142,5,0,
WISCONSIN,Mequon,25586,10,0,1,0,9,143,16,120,7,1,
WISCONSIN,Merrill,9006,18,0,2,1,15,218,10,203,5,0,
WISCONSIN,Middleton,23353,25,2,3,0,20,208,9,190,9,0,
WISCONSIN,Milton,5636,2,0,1,0,1,24,2,21,1,0,
WISCONSIN,Milwaukee,560416,8019,134,382,1727,5776,15135,2175,7034,5926,183,
WISCONSIN,Mineral Point,2557,1,0,0,0,1,17,0,15,2,0,
WISCONSIN,Minocqua,5151,5,0,3,0,2,105,0,103,2,0,
WISCONSIN,Mishicot,1421,0,0,0,0,0,5,1,4,0,0,
WISCONSIN,Mondovi,2850,0,0,0,0,0,16,0,15,1,0,
WISCONSIN,Monona,8511,3,0,0,0,3,267,6,257,4,0,
WISCONSIN,Monroe,10373,3,0,1,1,1,119,2,112,5,0,
WISCONSIN,Montello,1450,1,0,1,0,0,4,0,3,1,0,
WISCONSIN,Mosinee,4555,3,0,3,0,0,17,4,13,0,0,
WISCONSIN,Mount Horeb,7755,9,0,2,0,7,13,1,12,0,0,
WISCONSIN,Mount Pleasant,27731,31,0,3,7,21,481,12,460,9,0,
WISCONSIN,Mukwonago,8568,9,0,1,2,6,100,2,98,0,1,
WISCONSIN,Muscoda,1248,3,0,0,0,3,9,0,9,0,0,
WISCONSIN,Muskego,25389,3,0,1,1,1,389,209,173,7,0,
WISCONSIN,Neenah,27480,43,0,15,2,26,314,27,279,8,1,
WISCONSIN,Neillsville,2286,1,0,1,0,0,24,1,22,1,0,
WISCONSIN,New Berlin,40186,25,1,10,1,13,399,18,369,12,1,
WISCONSIN,New Holstein,2956,4,0,1,0,3,9,0,9,0,0,
WISCONSIN,New Lisbon,2524,5,0,0,0,5,8,0,7,1,0,
WISCONSIN,New London,7412,4,0,3,0,1,25,1,24,0,0,
WISCONSIN,New Richmond,10890,12,0,4,0,8,99,6,89,4,0,
WISCONSIN,Niagara,1571,2,0,1,0,1,4,0,4,0,0,
WISCONSIN,North Fond du Lac,5361,12,0,1,1,10,31,3,26,2,0,
WISCONSIN,North Hudson,3914,2,0,0,0,2,11,1,9,1,0,
WISCONSIN,Oak Creek,37665,55,0,15,10,30,635,27,558,50,0,
WISCONSIN,Oconomowoc,18830,3,0,2,0,1,58,3,54,1,0,
WISCONSIN,Oconto,4623,1,0,0,0,1,26,1,23,2,0,
WISCONSIN,Oconto Falls,2998,0,0,0,0,0,16,2,11,3,0,
WISCONSIN,Omro,3613,7,0,0,0,7,24,0,24,0,0,
WISCONSIN,Onalaska,19068,7,0,4,0,3,437,16,417,4,0,
WISCONSIN,Oregon,11833,5,0,2,0,3,33,5,27,1,0,
WISCONSIN,Oshkosh,65994,153,4,23,10,116,958,101,807,50,1,
WISCONSIN,Park Falls,2358,6,1,0,0,5,24,2,20,2,0,
WISCONSIN,Peshtigo,3377,2,0,0,0,2,4,1,2,1,0,
WISCONSIN,Pewaukee Village,8180,3,0,1,0,2,175,0,172,3,0,
WISCONSIN,Phillips,1513,5,0,2,0,3,14,3,11,0,0,
WISCONSIN,Platteville,10907,40,0,7,1,32,139,2,130,7,0,
WISCONSIN,Pleasant Prairie,21981,69,2,2,3,62,237,12,214,11,0,
WISCONSIN,Plover,14306,3,0,1,0,2,157,4,152,1,1,
WISCONSIN,Plymouth,8897,2,0,1,0,1,92,1,80,11,0,
WISCONSIN,Portage,9978,8,0,2,0,6,201,16,181,4,0,
WISCONSIN,Port Washington,12888,5,0,0,0,5,73,2,67,4,0,
WISCONSIN,Poynette,2544,6,0,2,0,4,1,0,1,0,0,
WISCONSIN,Prescott,4537,4,0,1,0,3,19,2,17,0,0,
WISCONSIN,Pulaski,4108,1,0,0,0,1,19,1,18,0,0,
WISCONSIN,Racine,76243,292,4,60,47,181,848,153,551,144,4,
WISCONSIN,Reedsburg,10243,13,0,2,0,11,193,4,185,4,0,
WISCONSIN,Rhinelander,8152,8,0,3,0,5,140,6,129,5,1,
WISCONSIN,Rice Lake,8997,22,0,1,0,21,121,4,111,6,0,
WISCONSIN,Ripon,7738,14,0,8,1,5,50,1,46,3,0,
WISCONSIN,River Falls ,17171,22,1,3,2,16,148,17,126,5,0,
WISCONSIN,River Hills,1564,0,0,0,0,0,6,0,6,0,0,
WISCONSIN,Roberts,2139,1,0,1,0,0,5,0,4,1,0,
WISCONSIN,Rome Town,3297,1,0,1,0,0,15,3,11,1,0,
WISCONSIN,Saukville,4261,6,0,2,0,4,31,3,26,2,0,
WISCONSIN,Sharon,1558,1,0,0,0,1,4,0,3,1,0,
WISCONSIN,Shawano,9236,20,0,2,1,17,111,10,96,5,0,
WISCONSIN,Sheboygan,49610,212,2,51,3,156,639,44,574,21,2,
WISCONSIN,Sheboygan Falls,8181,5,0,2,0,3,70,3,66,1,0,
WISCONSIN,Shorewood,13629,3,0,0,2,1,232,20,187,25,0,
WISCONSIN,Shorewood Hills,2153,3,0,0,0,3,27,3,24,0,0,
WISCONSIN,Siren,898,1,0,0,0,1,5,0,5,0,0,
WISCONSIN,Slinger,6471,9,0,5,0,4,24,4,17,3,0,
WISCONSIN,Somerset,3284,3,0,0,0,3,6,1,5,0,0,
WISCONSIN,South Milwaukee,20178,32,1,4,4,23,262,9,240,13,0,
WISCONSIN,Sparta,9781,31,0,5,0,26,306,20,279,7,0,
WISCONSIN,Spooner,2467,2,0,0,0,2,36,7,28,1,1,
WISCONSIN,Stanley,3793,15,0,3,0,12,28,0,24,4,0,
WISCONSIN,Stevens Point,25784,42,1,10,1,30,160,13,141,6,2,
WISCONSIN,St. Francis,9524,10,0,0,2,8,111,10,67,34,0,
WISCONSIN,Stoughton,12996,25,0,5,1,19,164,33,126,5,0,
WISCONSIN,Sturgeon Bay,9928,9,0,0,1,8,65,1,59,5,0,
WISCONSIN,Sturtevant,6677,6,0,1,1,4,31,1,26,4,0,
WISCONSIN,Summit,5451,6,0,4,1,1,17,3,13,1,0,
WISCONSIN,Sun Prairie,38519,71,1,5,3,62,543,33,482,28,0,
WISCONSIN,Superior,26310,58,1,14,3,40,580,49,486,45,1,
WISCONSIN,Thiensville,3284,0,0,0,0,0,7,0,7,0,0,
WISCONSIN,Three Lakes,2472,3,0,0,0,3,2,0,2,0,0,
WISCONSIN,Tomah,9414,33,1,2,1,29,160,12,144,4,0,
WISCONSIN,Tomahawk,3367,3,0,1,0,2,21,1,16,4,0,
WISCONSIN,Town of East Troy,4037,3,0,2,0,1,9,0,9,0,0,
WISCONSIN,Two Rivers,11138,24,0,3,0,21,54,3,50,1,4,
WISCONSIN,Verona,16443,8,0,2,1,5,109,4,100,5,0,
WISCONSIN,Viroqua,4416,12,0,3,0,9,61,11,50,0,0,
WISCONSIN,Walworth,2815,1,0,1,0,0,18,4,12,2,0,
WISCONSIN,Waterloo,3652,1,0,1,0,0,17,0,16,1,0,
WISCONSIN,Watertown,22612,43,0,14,2,27,237,9,214,14,0,
WISCONSIN,Waukesha,70202,80,1,20,5,54,614,36,539,39,0,
WISCONSIN,Waunakee,15227,16,0,2,0,14,32,1,31,0,0,
WISCONSIN,Waupaca,6352,23,0,3,0,20,87,5,77,5,0,
WISCONSIN,Waupun,10873,31,1,4,0,26,41,6,30,5,1,
WISCONSIN,Wausau,39949,118,1,42,6,69,403,43,334,26,8,
WISCONSIN,Wautoma,2223,0,0,0,0,0,40,2,35,3,0,
WISCONSIN,Wauwatosa,46968,97,0,7,23,67,1166,70,943,153,2,
WISCONSIN,West Allis,58862,151,0,14,44,93,1164,112,870,182,6,
WISCONSIN,West Bend,31947,76,0,10,1,65,374,13,348,13,0,
WISCONSIN,West Milwaukee,3990,39,1,3,18,17,848,107,664,77,2,
WISCONSIN,West Salem,5305,6,0,2,0,4,60,2,55,3,0,
WISCONSIN,Whitefish Bay,14537,2,0,0,0,2,136,2,126,8,0,
WISCONSIN,Whitehall,1603,0,0,0,0,0,4,1,1,2,0,
WISCONSIN,Whitewater,15473,31,1,8,2,20,111,5,95,11,0,
WISCONSIN,Winneconne,2490,0,0,0,0,0,7,1,5,1,0,
WISCONSIN,Wisconsin Rapids,18602,99,0,32,2,65,352,27,298,27,0,
WYOMING,Buffalo,4687,4,0,1,0,3,36,11,24,1,1,
WYOMING,Casper,58526,169,4,33,9,123,1236,145,986,105,5,
WYOMING,Cheyenne,65143,214,2,59,18,135,1947,256,1540,151,3,
WYOMING,Cody,10306,17,0,5,0,12,79,7,68,4,1,
WYOMING,Diamondville,524,0,0,0,0,0,1,0,0,1,0,
WYOMING,Douglas,6472,4,0,1,0,3,59,8,45,6,0,
WYOMING,Dubois,1019,3,0,0,0,3,3,0,3,0,0,
WYOMING,Evanston,11823,46,1,29,0,16,193,29,158,6,0,
WYOMING,Gillette,33503,66,0,14,1,51,509,47,442,20,4,
WYOMING,Glenrock,2422,2,0,0,0,2,7,3,3,1,0,
WYOMING,Green River,11395,26,0,9,0,17,71,5,62,4,1,
WYOMING,Jackson,10592,20,0,9,0,11,64,5,55,4,0,
WYOMING,Laramie,32400,42,0,15,0,27,377,60,297,20,3,
WYOMING,Lingle,398,0,0,0,0,0,1,0,1,0,0,
WYOMING,Lusk,1418,5,0,0,0,5,17,4,11,2,0,
WYOMING,Mills,4619,3,0,1,0,2,29,2,24,3,0,
WYOMING,Moorcroft,1019,5,0,2,0,3,6,0,6,0,0,
WYOMING,Newcastle,3316,4,0,1,0,3,27,7,18,2,1,
WYOMING,Pine Bluffs,1105,0,0,0,0,0,8,2,6,0,1,
WYOMING,Powell,6510,21,0,7,0,14,74,21,49,4,1,
WYOMING,Riverton,11005,82,1,15,9,57,434,32,344,58,5,
WYOMING,Rock Springs,22778,29,1,5,0,23,291,35,229,27,0,
WYOMING,Saratoga,1771,3,0,0,0,3,20,8,9,3,1,
WYOMING,Sheridan,19809,27,0,2,0,25,196,19,165,12,4,
WYOMING,Shoshoni,504,0,0,0,0,0,0,0,0,0,0,
WYOMING,Thermopolis,2749,1,0,0,0,1,19,2,17,0,0,
WYOMING,Torrington,6240,31,0,13,0,18,66,11,51,4,0,
WYOMING,Worland,4796,5,0,1,0,4,32,1,31,0,1,
1 The FBI does not publish arson data unless it receives data from either the agency or the state for all 12 months of the calendar year.,,,,,,,,,,,,,
"2 Because of changes in this agency's reporting practices, figures are not comparable to previous years' data. ",,,,,,,,,,,,,
3 Limited data for 2024 were available for Florida. ,,,,,,,,,,,,,
