Table 8,,,,,,,,,,,,
Offenses Known to Law Enforcement,,,,,,,,,,,,
"by State by City, 2022",,,,,,,,,,,,
State,City,Population,"Violent
crime","Murder and
nonnegligent
manslaughter",Rape,Robbery,"Aggravated
assault","Property
crime",Burglary,"Larceny-
theft","Motor
vehicle
theft",Arson1
ALABAMA,Abbeville,2390,13,0,0,0,13,42,10,30,2,0
,Adamsville,4233,19,1,0,0,18,230,18,195,17,0
,Addison,672,4,0,0,0,4,19,8,9,2,0
,Alabaster,33974,33,0,3,8,22,712,14,678,20,0
,Alexander City,14476,115,2,5,7,101,670,294,326,50,2
,Aliceville,2081,0,0,0,0,0,4,1,3,0,0
,Andalusia,8699,42,2,4,5,31,346,110,203,33,1
,Anniston,21007,177,4,11,17,145,1152,246,766,140,4
,Arab,8550,28,0,6,3,19,290,48,210,32,1
,Ardmore,1406,5,0,0,0,5,23,5,13,5,1
,Argo,4421,3,0,0,0,3,15,2,10,3,0
,Ashford,2255,4,0,0,0,4,10,0,10,0,0
,Ashland,1962,11,0,0,0,11,31,6,24,1,1
,Ashville,2376,5,0,0,1,4,31,6,21,4,0
,Athens,28438,59,1,4,8,46,765,136,589,40,0
,Atmore,8536,127,0,7,3,117,365,53,280,32,0
,Attalla,5840,22,2,1,5,14,460,231,205,24,0
,Auburn,80759,106,3,23,8,72,937,74,797,66,0
,Autaugaville,787,1,0,0,0,1,2,1,0,1,0
,Bay Minette,8000,41,0,1,1,39,129,11,112,6,0
,Bayou La Batre,2166,25,0,2,1,22,125,22,87,16,2
,Bear Creek,1047,1,0,0,0,1,20,5,13,2,0
,Berry,1193,0,0,0,0,0,6,1,5,0,0
,Bessemer,25265,460,10,15,75,360,1872,211,1382,279,8
,Birmingham,195050,3280,142,62,477,2599,8139,1519,4821,1799,134
,Blountsville,1825,3,0,1,0,2,29,7,17,5,0
,Brent,2995,18,0,1,1,16,99,9,84,6,0
,Brewton,5251,46,0,3,0,43,148,18,119,11,3
,Bridgeport,2256,8,0,0,0,8,53,11,35,7,0
,Brookside,1218,1,0,0,0,1,13,3,9,1,0
,Brundidge,2053,11,1,0,4,6,61,8,48,5,0
,Butler,1846,4,0,0,1,3,38,9,23,6,0
,Camden,1808,2,0,0,0,2,10,3,4,3,0
,Camp Hill,977,3,2,0,1,0,8,0,8,0,0
,Carbon Hill,1714,3,0,1,0,2,36,7,26,3,0
,Castleberry,469,0,0,0,0,0,6,3,3,0,0
,Cedar Bluff,1879,5,0,0,0,5,41,6,29,6,0
,Centre,3546,8,0,2,0,6,186,20,153,13,1
,Centreville,2803,10,0,5,0,5,42,12,30,0,0
,Chatom,1034,3,0,1,0,2,8,2,5,1,0
,Cherokee,958,1,0,0,0,1,24,4,16,4,3
,Chickasaw,6333,27,2,3,2,20,118,19,87,12,2
,Childersburg,4631,9,0,0,1,8,107,44,49,14,0
,Citronelle,3916,19,2,0,1,16,48,13,31,4,0
,Clanton,8799,47,3,3,2,39,393,128,250,15,3
,Clayhatchee,473,2,0,0,0,2,7,1,6,0,0
,Clayton,2258,8,0,0,0,8,17,5,11,1,0
,Cleveland,1242,2,0,0,0,2,14,2,10,2,0
,Coffeeville,260,0,0,0,0,0,0,0,0,0,0
,Collinsville,2029,2,1,0,0,1,23,4,15,4,0
,Columbia,691,0,0,0,0,0,1,0,1,0,0
,Columbiana,4347,19,0,0,1,18,532,450,76,6,0
,Coosada,1276,1,0,0,0,1,9,3,3,3,0
,Cordova,1663,7,0,1,0,6,57,10,43,4,0
,Cottonwood,1046,2,0,0,0,2,20,4,15,1,1
,Creola,1936,5,0,0,0,5,42,6,31,5,0
,Crossville,1810,0,0,0,0,0,3,1,0,2,0
,Cullman,19065,24,0,10,6,8,684,39,611,34,1
,Dadeville,2962,4,0,0,1,3,55,6,42,7,0
,Daleville,4876,24,0,2,4,18,99,16,76,7,3
,Daphne,29871,22,1,2,1,18,365,122,220,23,0
,Dauphin Island,1843,3,0,0,0,3,18,2,16,0,0
,Decatur,57831,242,12,21,34,175,1501,182,1166,153,162
,Demopolis,6885,50,1,4,2,43,224,38,175,11,0
,Dora,2281,2,0,0,0,2,58,9,40,9,0
,Dothan,71196,749,14,59,44,632,2686,1003,1575,108,31
,Double Springs,1083,3,0,0,1,2,25,7,13,5,0
,Douglas,765,0,0,0,0,0,20,5,11,4,0
,East Brewton,2261,8,0,0,0,8,32,3,25,4,0
,Eclectic,1234,6,0,0,0,6,19,2,14,3,0
,Elba,3398,12,1,1,0,10,119,38,70,11,3
,Elberta,2036,6,1,2,0,3,81,10,46,25,0
,Enterprise,29936,172,1,7,6,158,729,144,525,60,3
,Eufaula,12528,57,2,4,6,45,316,58,236,22,6
,Eutaw,2823,3,0,0,0,3,10,1,6,3,0
,Evergreen,3309,15,1,1,2,11,32,6,20,6,0
,Excel,546,4,1,0,0,3,22,7,14,1,1
,Fairhope,23747,43,1,6,3,33,364,60,280,24,3
,Fayette,4132,7,0,0,0,7,69,8,54,7,1
,Flomaton,1455,9,1,1,0,7,61,21,36,4,1
,Florala,1904,6,0,1,0,5,56,11,30,15,0
,Florence,40063,233,1,31,6,195,1060,175,787,98,1
,Foley,23629,38,2,5,4,27,554,145,367,42,3
,Fort Deposit,1154,11,0,0,1,10,43,4,27,12,0
,Fort Payne,14845,22,0,5,2,15,265,37,202,26,3
,Frisco City,1156,4,1,0,0,3,17,6,10,1,0
,Fultondale,9699,15,0,2,4,9,271,25,197,49,2
,Gadsden,33521,189,6,15,17,151,1302,152,1009,141,13
,Gardendale,16861,61,0,3,8,50,366,14,325,27,1
,Geneva,4169,11,0,1,0,10,84,10,69,5,0
,Georgiana,1303,14,1,1,0,12,33,3,29,1,0
,Geraldine,910,0,0,0,0,0,12,2,8,2,0
,Gilbertown,721,1,0,0,0,1,7,0,7,0,0
,Glencoe,5406,4,0,0,0,4,25,3,15,7,0
,Gordo,1590,2,0,0,0,2,6,2,3,1,0
,Gordon,293,0,0,0,0,0,7,1,6,0,0
,Grant,1042,1,0,1,0,0,18,5,12,1,0
,Greensboro,2179,0,0,0,0,0,0,0,0,0,0
,Guin,2158,6,0,1,1,4,23,2,11,10,0
,Gulf Shores,16274,54,1,6,0,47,394,31,356,7,2
,Guntersville,8858,29,1,8,3,17,275,45,185,45,1
,Gurley,826,2,0,0,0,2,26,6,18,2,1
,Hackleburg,1430,1,0,0,0,1,8,2,6,0,0
,Haleyville,4366,23,0,2,0,21,194,74,108,12,0
,Hanceville,3261,10,0,1,0,9,66,9,48,9,0
,Harpersville,1752,6,0,0,1,5,22,3,18,1,1
,Hartford,2666,3,0,0,0,3,15,3,11,1,1
,Hartselle,15626,30,2,5,0,23,161,20,123,18,1
,Hayden,1328,2,0,0,1,1,16,4,11,1,0
,Hayneville,751,3,1,0,0,2,5,0,5,0,0
,Headland,5320,2,0,0,0,2,51,15,34,2,0
,Heflin,3402,2,0,0,0,2,39,9,21,9,0
,Helena,22035,21,2,3,0,16,123,16,93,14,0
,Henagar,2293,2,0,0,0,2,20,5,13,2,0
,Hillsboro,408,0,0,0,0,0,0,0,0,0,0
,Hokes Bluff,4451,2,0,0,0,2,29,4,20,5,0
,Hollywood,921,2,0,0,1,1,31,3,28,0,0
,Homewood,25788,19,0,1,4,14,341,26,283,32,0
,Hoover,92491,90,2,16,13,59,1443,114,1251,78,1
,Hueytown,16313,70,5,4,8,53,549,122,374,53,2
,Huntsville,218897,654,0,68,61,525,3297,613,2348,336,6
,Ider,743,1,0,0,0,1,26,5,18,3,0
,Irondale,13528,38,0,2,6,30,344,142,148,54,2
,Jackson,4576,30,0,5,0,25,116,29,81,6,0
,Jacksons Gap,757,5,0,0,0,5,20,2,13,5,0
,Jacksonville,13025,120,0,6,0,114,260,58,196,6,1
,Jasper,14312,60,1,8,2,49,677,174,443,60,2
,Jemison,2662,17,0,5,2,10,69,14,46,9,0
,Killen,1043,5,0,0,0,5,16,3,11,2,0
,Kimberly,4036,6,0,0,0,6,22,2,15,5,0
,Kinsey,2290,0,0,0,0,0,1,1,0,0,0
,Kinston,589,3,0,0,0,3,37,7,28,2,2
,LaFayette,2579,3,0,0,0,3,25,6,18,1,0
,Lake View,3709,3,0,1,0,2,22,6,13,3,0
,Lanett,6716,34,0,3,5,26,181,31,129,21,1
,Leeds,12206,40,1,5,2,32,231,30,183,18,1
,Leesburg,914,1,0,0,0,1,6,0,5,1,0
,Leighton,662,0,0,0,0,0,9,3,4,2,0
,Level Plains,1823,11,0,0,1,10,31,2,27,2,1
,Lincoln,7256,34,0,3,2,29,164,26,104,34,2
,Linden,1856,11,1,1,1,8,24,8,12,4,0
,Lineville,2469,3,0,0,0,3,10,3,7,0,0
,Lipscomb,2018,2,0,0,0,2,2,0,1,1,0
,Littleville,1041,1,0,0,1,0,8,1,5,2,0
,Livingston,3112,16,0,0,1,15,30,10,18,2,0
,Lockhart,445,0,0,0,0,0,0,0,0,0,0
,Luverne,2658,12,1,3,2,6,47,5,36,6,0
,Maplesville,643,1,0,0,0,1,15,4,11,0,0
,Margaret,5685,3,0,0,0,3,31,2,25,4,0
,McIntosh,198,3,0,0,0,3,20,6,14,0,1
,Mentone,322,0,0,0,0,0,9,4,4,1,0
,Midfield,5036,25,1,0,7,17,56,7,41,8,0
,Midland City,2285,15,0,1,3,11,64,15,45,4,1
,Millbrook,17567,32,1,5,3,23,429,20,379,30,0
,Millport,960,1,0,0,1,0,3,1,2,0,0
,Millry,439,1,0,0,0,1,7,2,4,1,0
,Mobile,239323,2218,41,124,135,1918,7211,1077,5521,613,15
,Monroeville,5797,52,3,1,1,47,138,11,116,11,1
,Montevallo,7517,7,0,0,0,7,73,14,57,2,3
,Moody,13862,23,2,3,1,17,140,12,95,33,0
,Morris,2246,0,0,0,0,0,12,1,8,3,0
,Moulton,3353,13,0,1,2,10,155,17,129,9,0
,Mountain Brook,21910,6,0,1,0,5,206,36,161,9,1
,Mount Vernon,1371,6,0,0,0,6,31,19,11,1,1
,Muscle Shoals,16917,61,0,5,1,55,413,28,359,26,1
,Napier Field,410,2,0,0,0,2,5,3,2,0,0
,New Brockton,1453,2,0,0,0,2,21,5,13,3,0
,New Hope,2884,3,0,0,0,3,31,5,22,4,0
,Newton,1615,13,0,2,1,10,46,8,32,6,0
,North Courtland,486,0,0,0,0,0,0,0,0,0,0
,Northport,30901,110,0,5,7,98,508,70,403,35,3
,Notasulga,894,2,0,0,0,2,7,0,3,4,0
,Odenville,5026,11,0,1,1,9,58,9,41,8,0
,Ohatchee,1203,4,0,1,0,3,27,2,20,5,0
,Oneonta,6798,19,0,2,2,15,262,17,240,5,1
,Opelika,32010,259,7,23,19,210,877,90,718,69,5
,Opp,6641,31,0,3,4,24,140,24,109,7,0
,Orange Beach,8530,32,0,5,1,26,206,16,182,8,0
,Owens Crossroads,2648,4,0,0,0,4,32,1,25,6,0
,Oxford,22318,52,0,7,5,40,650,47,575,28,0
,Ozark,14299,75,0,5,6,64,491,65,389,37,6
,Parrish,977,5,0,0,2,3,34,12,21,1,0
,Pelham,24920,33,0,1,2,30,329,25,264,40,3
,Pell City,13607,40,1,5,3,31,313,24,263,26,0
,Pennington,329,0,0,0,0,0,0,0,0,0,0
,Phenix City,38076,334,10,24,31,269,1408,186,1047,175,4
,Phil Campbell,988,2,0,0,0,2,14,5,7,2,0
,Pickensville,545,0,0,0,0,0,3,0,1,2,0
,Piedmont,4779,5,0,2,0,3,10,0,7,3,0
,Pine Hill,751,6,3,0,0,3,10,2,7,1,1
,Pleasant Grove,9454,22,0,3,0,19,93,20,65,8,1
,Prattville,38679,106,5,7,8,86,895,58,779,58,1
,Priceville,3822,7,0,3,0,4,19,3,13,3,0
,Prichard,18936,157,3,7,19,128,399,108,213,78,20
,Ragland,1715,2,0,0,0,2,17,1,13,3,0
,Rainbow City,10150,11,0,6,1,4,117,17,94,6,0
,Rainsville,5685,4,0,2,0,2,13,0,10,3,1
,Ranburne,420,2,0,0,0,2,6,1,5,0,0
,Red Bay,3177,7,0,2,0,5,51,5,40,6,0
,Red Level,431,0,0,0,0,0,1,0,1,0,0
,Repton,230,0,0,0,0,0,0,0,0,0,0
,Riverside,2265,4,0,0,0,4,27,4,20,3,0
,Robertsdale,7116,24,0,2,2,20,389,115,268,6,0
,Rogersville,1370,3,0,0,0,3,18,6,9,3,1
,Russellville,10768,26,1,3,0,22,225,40,170,15,1
,Samson,1856,4,0,0,0,4,12,3,8,1,0
,Saraland,16459,23,0,2,3,18,319,21,274,24,0
,Sardis City,1787,0,0,0,0,0,22,5,15,2,0
,Satsuma,6811,4,0,0,0,4,30,2,23,5,0
,Selma,17296,133,7,7,11,108,280,91,166,23,3
,Shorter,366,0,0,0,0,0,0,0,0,0,0
,Silverhill,1341,3,0,0,0,3,12,1,10,1,0
,Skyline,843,0,0,0,0,0,0,0,0,0,0
,Slocomb,2099,1,0,0,0,1,10,0,9,1,0
,Snead,1023,1,0,0,0,1,17,1,9,7,0
,Somerville,802,1,0,0,0,1,7,1,5,1,0
,Southside,9524,4,1,0,0,3,22,0,16,6,0
,Spanish Fort,10689,4,0,0,2,2,185,26,152,7,0
,Springville,5048,12,0,0,1,11,49,7,36,6,1
,Stevenson,1963,7,0,1,1,5,29,4,20,5,0
,St. Florian,704,2,0,0,0,2,22,2,19,1,0
,Sulligent,1806,1,0,0,0,1,20,7,12,1,0
,Sumiton,2405,5,0,2,0,3,64,6,48,10,0
,Summerdale,1587,6,0,1,0,5,43,6,34,3,1
,Sweet Water,221,0,0,0,0,0,0,0,0,0,0
,Sylacauga,12205,74,3,7,1,63,400,133,241,26,2
,Sylvania,1805,0,0,0,0,0,16,3,11,2,0
,Talladega,15448,100,3,11,2,84,377,65,271,41,0
,Tallassee,4816,33,1,2,2,28,225,53,141,31,1
,Tarrant,5913,149,0,3,15,131,270,58,168,44,5
,Thomasville,3518,19,0,0,0,19,86,7,70,9,1
,Thorsby,2117,4,0,0,0,4,14,5,7,2,0
,Trafford,598,0,0,0,0,0,1,1,0,0,0
,Triana,3829,7,0,0,0,7,17,10,7,0,0
,Trinity,2553,8,1,0,0,7,52,7,38,7,1
,Troy,17639,73,0,11,7,55,443,77,347,19,0
,Trussville,26561,41,4,3,8,26,692,18,641,33,0
,Tuscaloosa,101280,646,12,27,60,547,2919,356,2312,251,4
,Tuscumbia,9081,0,0,0,0,0,28,9,12,7,0
,Tuskegee,8600,82,8,2,11,61,130,26,94,10,2
,Union Springs,3301,50,2,0,4,44,58,11,36,11,2
,Valley,10475,54,4,9,7,34,384,52,297,35,1
,Vernon,1833,5,0,0,0,5,47,6,38,3,0
,Vestavia Hills,38515,30,3,7,3,17,281,29,217,35,1
,Walnut Grove,773,0,0,0,0,0,0,0,0,0,0
,Warrior,3189,5,0,1,0,4,12,2,8,2,0
,Weaver,3394,16,0,3,0,13,77,20,51,6,0
,Wedowee,719,3,0,0,0,3,28,4,21,3,0
,Wetumpka,7317,12,1,1,0,10,249,20,220,9,1
,Winfield,4805,6,0,2,0,4,143,22,113,8,1
,Woodstock,1691,11,0,5,0,6,55,4,43,8,0
,York,2387,1,0,0,0,1,0,0,0,0,0
ALASKA,Anchorage,285821,3289,29,492,436,2332,7900,1179,5605,1116,136
,Bethel,6267,78,1,3,2,72,17,4,8,5,2
,Bristol Bay Borough,846,5,0,2,1,2,8,3,5,0,0
,Cordova,2160,4,0,0,0,4,6,2,3,1,0
,Craig,1028,2,0,0,0,2,4,1,1,2,0
,Fairbanks,32785,271,10,37,32,192,1407,130,1109,168,25
,Haines,2058,1,0,0,0,1,8,3,4,1,0
,Homer,5894,25,1,8,0,16,73,4,63,6,0
,Juneau,31775,197,2,81,23,91,550,56,450,44,8
,Kenai,7713,26,1,8,0,17,152,9,138,5,0
,Ketchikan,7953,13,0,3,1,9,74,5,69,0,0
,Kodiak,5357,17,0,5,0,12,44,2,35,7,0
,Kotzebue,3041,46,0,7,0,39,30,9,15,6,1
,Nome,3546,72,0,48,1,23,18,1,16,1,1
,North Pole,2335,6,0,0,0,6,50,4,39,7,0
,North Slope Borough,10959,81,2,8,1,70,61,17,28,16,5
,Palmer,6305,29,0,4,0,25,101,6,75,20,2
,Petersburg,3314,2,0,0,0,2,39,4,33,2,0
,Seward,2667,10,0,1,1,8,43,2,37,4,0
,Sitka,8392,8,0,0,1,7,36,0,31,5,0
,Skagway,1035,0,0,0,0,0,5,0,5,0,0
,Soldotna,4527,13,0,3,1,9,80,7,72,1,2
,Unalaska,3908,5,0,1,0,4,19,4,10,5,1
,Valdez,3839,4,0,2,0,2,14,4,10,0,0
,Wasilla,9809,53,0,5,9,39,300,11,270,19,1
,Wrangell,1984,4,0,0,0,4,6,1,5,0,0
ARIZONA,Apache Junction,41099,135,4,16,7,108,786,107,572,107,4
,Avondale,91467,384,6,40,72,266,2888,285,2328,275,16
,Bisbee,4909,12,1,0,1,10,34,7,20,7,1
,Buckeye,110002,205,1,53,7,144,1141,141,885,115,5
,Camp Verde,12362,23,0,4,0,19,170,30,114,26,0
,Casa Grande,61271,353,5,39,45,264,1635,195,1266,174,11
,Chandler,281373,513,11,95,72,335,5086,478,4166,442,13
,Chino Valley,13875,14,0,0,0,14,69,11,48,10,1
,Clarkdale,4815,8,0,0,0,8,31,13,15,3,1
,Coolidge,16027,89,4,5,11,69,403,44,320,39,2
,Cottonwood,12680,43,0,5,4,34,259,21,213,25,0
,Douglas,16529,19,1,3,1,14,209,41,153,15,2
,Eagar,4448,1,0,0,0,1,19,2,17,0,0
,El Mirage,36039,119,5,6,10,98,511,38,409,64,10
,Eloy,15717,109,0,10,0,99,304,70,197,37,8
,Florence,26814,36,0,0,1,35,100,12,81,7,2
,Fredonia,1330,0,0,0,0,0,3,0,3,0,0
,Gilbert,277123,323,2,74,30,217,2818,276,2332,210,10
,Glendale,250466,1365,20,156,200,989,8115,947,6063,1105,39
,Globe,7155,114,0,1,5,108,359,52,283,24,
,Goodyear,107212,181,2,11,28,140,1995,279,1570,146,6
,Huachuca City,1622,1,0,0,0,1,21,4,16,1,0
,Jerome,471,0,0,0,0,0,12,1,11,0,
,Kingman,34803,133,1,13,15,104,1100,112,910,78,8
,Lake Havasu City,59166,163,0,35,2,126,804,91,631,82,3
,Litchfield Park,6989,19,0,0,4,15,89,15,62,12,1
,Mammoth,1135,9,0,0,0,9,35,13,22,0,
,Marana,57119,49,1,5,17,26,1274,85,1154,35,7
,Maricopa,66525,125,1,8,6,110,507,37,416,54,6
,Mesa,513116,2193,27,245,311,1610,9081,1098,6918,1065,28
,Miami,1540,24,0,1,3,20,59,6,39,14,
,Nogales,19725,48,1,0,1,46,701,95,409,197,0
,Oro Valley,48441,16,1,4,3,8,575,45,507,23,2
,Page,7328,60,1,10,2,47,327,22,285,20,0
,Paradise Valley,12663,12,0,6,0,6,181,40,129,12,0
,Parker,3263,12,0,2,2,8,57,15,35,7,0
,Payson,16638,82,0,1,2,79,270,70,184,16,1
,Peoria,197894,386,3,62,53,268,2734,370,2120,244,5
,Phoenix,1637902,13515,217,1105,3207,8986,47530,6266,33631,7633,257
,Pima,2960,0,0,0,0,0,16,5,8,3,
,Pinetop-Lakeside,4179,22,0,2,2,18,106,13,87,6,0
,Prescott,47878,192,1,21,8,162,636,127,474,35,6
,Prescott Valley,49422,140,2,26,5,107,372,43,308,21,3
,Queen Creek,72229,105,0,16,1,88,717,85,602,30,4
,Sahuarita,36229,36,0,6,3,27,334,26,283,25,2
,San Luis,38528,20,0,0,1,19,212,30,141,41,1
,Sedona,9829,37,0,6,2,29,171,41,122,8,3
,Show Low,12157,80,0,13,1,66,244,30,200,14,0
,Sierra Vista,45611,128,1,19,11,97,738,83,630,25,7
,Snowflake-Taylor,10834,38,1,9,1,27,153,15,124,14,1
,Somerton,14480,9,3,1,0,5,80,20,41,19,1
,South Tucson,4537,109,2,3,15,89,603,51,514,38,3
,Springerville,1706,8,0,0,0,8,4,1,1,2,0
,St. Johns,3365,20,0,3,0,17,42,12,24,6,1
,Superior,2528,12,0,0,1,11,91,14,66,11,1
,Surprise,154128,182,2,23,35,122,2163,203,1811,149,15
,Tempe,187473,1095,7,156,178,754,8126,929,6405,792,30
,Thatcher,5369,2,0,0,0,2,34,4,30,0,0
,Tombstone,1308,4,0,0,0,4,41,9,29,3,0
,Wellton,2528,2,0,0,0,2,18,2,16,0,1
,Wickenburg,7868,8,0,1,0,7,158,29,110,19,0
,Willcox,3202,8,0,0,2,6,114,35,75,4,2
,Williams,3316,27,0,1,1,25,98,5,84,9,0
,Yuma,98164,551,19,41,50,441,1657,450,990,217,13
ARKANSAS,Alexander,3798,31,0,7,0,24,79,36,34,9,1
,Alma,5874,24,0,9,0,15,156,32,117,7,0
,Arkadelphia,10233,25,0,5,2,18,195,53,133,9,1
,Ashdown,4150,5,0,1,0,4,73,9,56,8,1
,Ash Flat,1128,1,0,0,0,1,20,4,16,0,0
,Atkins,2864,15,0,1,1,13,64,12,48,4,0
,Augusta,1928,2,0,0,1,1,15,5,10,0,0
,Austin,4547,4,0,1,0,3,25,11,13,1,0
,Bald Knob,2534,16,0,7,1,8,64,14,48,2,0
,Barling,4894,24,0,7,1,16,59,5,52,2,0
,Batesville,11129,45,0,20,0,25,204,50,141,13,0
,Bay,1825,8,0,1,0,7,30,6,22,2,0
,Beebe,8683,43,0,5,1,37,191,18,158,15,0
,Bella Vista,31316,69,0,29,1,39,133,10,118,5,0
,Benton,36282,125,3,17,12,93,1020,152,793,75,6
,Bentonville,58871,188,1,29,2,156,686,69,575,42,1
,Berryville,5727,12,0,4,1,7,191,36,150,5,2
,Blytheville,12732,123,3,6,8,106,523,48,454,21,0
,Bonanza,601,11,0,0,0,11,2,0,2,0,3
,Bono,2738,0,0,0,0,0,8,0,8,0,0
,Booneville,3826,17,0,3,0,14,51,8,39,4,1
,Bradford,681,0,0,0,0,0,11,4,6,1,0
,Brookland,4355,20,0,9,0,11,62,17,38,7,0
,Bryant,21407,26,2,3,5,16,744,54,657,33,4
,Bull Shoals,1948,8,0,0,0,8,16,4,12,0,0
,Cabot,26750,99,2,33,4,60,447,57,345,45,2
,Caddo Valley,589,6,0,2,0,4,29,7,21,1,0
,Cammack Village,756,2,0,0,0,2,4,0,3,1,0
,Caraway,1106,2,0,0,0,2,13,1,12,0,0
,Carlisle,1991,5,0,1,0,4,73,7,55,11,0
,Cave Springs,6218,7,0,6,0,1,16,6,8,2,0
,Centerton,21927,45,0,8,0,37,93,29,57,7,0
,Charleston,2642,6,0,3,0,3,44,11,31,2,0
,Cherokee Village,4944,17,0,4,0,13,59,15,42,2,0
,Cherry Valley,562,1,0,0,0,1,7,0,7,0,0
,Clarendon,1476,7,0,0,0,7,73,15,56,2,3
,Clarksville,9559,21,0,8,0,13,196,31,153,12,1
,Conway,66487,384,7,46,15,316,1890,138,1628,124,6
,Corning,3124,14,0,1,0,13,35,4,29,2,0
,Cotter,924,0,0,0,0,0,4,1,2,1,0
,Crossett,4619,33,0,4,0,29,167,56,110,1,3
,Damascus,384,1,0,0,0,1,1,0,1,0,0
,Danville,2001,8,0,0,0,8,9,3,6,0,0
,Dardanelle,4485,14,0,4,0,10,80,15,55,10,1
,Decatur,1733,6,0,1,0,5,26,4,21,1,0
,De Queen,6069,29,3,4,0,22,136,29,100,7,2
,Des Arc,1844,0,0,0,0,0,13,5,8,0,0
,DeWitt,2832,27,1,3,0,23,76,11,65,0,0
,Diamond City,789,5,0,0,0,5,4,3,1,0,0
,Diaz,1266,3,0,0,0,3,4,2,2,0,0
,Dover,1335,0,0,0,0,0,17,8,9,0,1
,Dumas,3796,26,2,6,3,15,68,10,50,8,0
,Earle,1758,7,0,0,0,7,26,10,13,3,0
,El Dorado,17037,295,9,6,16,264,541,218,297,26,5
,Elkins,3828,11,0,4,1,6,29,5,19,5,0
,England,2427,17,0,1,0,16,41,14,26,1,0
,Etowah,243,0,0,0,0,0,5,1,3,1,0
,Eudora,1664,7,0,0,0,7,28,7,19,2,0
,Eureka Springs,2195,12,0,0,1,11,49,13,29,7,0
,Fairfield Bay,2111,5,0,4,0,1,36,7,26,3,0
,Farmington,8862,15,0,6,2,7,62,14,41,7,0
,Fayetteville,96456,486,2,55,40,389,3890,337,3155,398,6
,Flippin,1344,3,0,1,0,2,54,5,48,1,0
,Fordyce,3254,57,0,2,1,54,167,29,122,16,1
,Forrest City,12807,283,12,6,16,249,526,105,361,60,9
,Fort Smith,90013,940,3,70,66,801,4450,733,3293,424,17
,Gassville,2208,3,0,0,0,3,52,5,45,2,0
,Gentry,4156,19,0,2,0,17,15,0,9,6,1
,Gillett,586,0,0,0,0,0,3,1,2,0,0
,Goshen,2250,5,0,1,0,4,10,0,7,3,1
,Gravette,3721,10,0,3,0,7,60,9,43,8,0
,Greenbrier,5954,4,0,0,0,4,4,0,3,1,0
,Green Forest,3081,21,0,6,2,13,47,11,29,7,0
,Greenland,1215,2,0,0,0,2,12,1,10,1,0
,Greenwood,9705,14,0,2,0,12,39,13,22,4,1
,Greers Ferry,833,1,0,0,0,1,8,2,5,1,0
,Gurdon,1847,23,0,2,1,20,18,3,14,1,0
,Guy,743,2,0,2,0,0,3,0,3,0,0
,Hackett,842,3,0,0,0,3,9,0,9,0,1
,Hamburg,2425,22,0,1,0,21,46,11,34,1,0
,Hampton,1191,1,0,0,0,1,13,8,4,1,0
,Harrisburg,2199,16,1,4,0,11,36,12,21,3,1
,Harrison,13350,20,0,5,1,14,280,64,200,16,0
,Hartford,501,0,0,0,0,0,1,0,1,0,0
,Haskell,4061,11,0,2,0,9,45,19,22,4,0
,Hazen,1418,9,3,1,1,4,22,9,7,6,0
,Heber Springs,7353,39,0,14,2,23,188,34,143,11,0
,Helena-West Helena,8874,147,5,11,11,120,302,94,180,28,9
,Highfill,2099,4,0,0,0,4,0,0,0,0,0
,Highland,1041,2,0,1,0,1,13,5,8,0,0
,Hope,8535,88,3,3,4,78,302,66,206,30,0
,Hot Springs,38174,196,5,32,29,130,2238,363,1687,188,14
,Hoxie,2710,5,0,1,0,4,22,8,11,3,0
,Jacksonville,29136,327,4,29,40,254,1350,238,969,143,18
,Johnson,3629,11,0,6,0,5,73,28,30,15,0
,Jonesboro,79865,516,9,83,43,381,2655,897,1549,209,11
,Judsonia,1877,5,0,4,0,1,21,3,14,4,0
,Kensett,1396,2,0,2,0,0,18,2,15,1,0
,Lake City,2517,9,0,4,0,5,11,5,4,2,0
,Lakeview,784,1,0,0,0,1,11,1,10,0,0
,Lake Village,1984,19,0,3,1,15,57,3,48,6,1
,Lamar,1738,4,0,1,0,3,21,4,17,0,0
,Lavaca,2474,11,0,4,0,7,21,2,16,3,0
,Leachville,1943,6,0,1,1,4,33,12,18,3,0
,Lewisville,866,17,0,3,0,14,14,9,5,0,0
,Lincoln,2309,12,0,0,0,12,30,7,19,4,1
,Little Flock,3037,10,0,2,0,8,27,9,13,5,0
,Little Rock,201513,3694,79,250,429,2936,10778,1926,7775,1077,64
,Lonoke,4128,27,0,3,0,24,138,26,101,11,0
,Lowell,10402,22,0,4,0,18,102,49,50,3,0
,Luxora,894,3,0,0,0,3,1,1,0,0,0
,Magnolia,11059,60,3,6,6,45,381,140,217,24,2
,Malvern,10824,82,0,8,5,69,399,89,294,16,4
,Mansfield,1061,4,0,0,0,4,15,3,11,1,0
,Marianna,3635,24,1,4,2,17,117,24,87,6,0
,Marion,13602,96,2,8,5,81,378,74,268,36,4
,Marked Tree,2200,9,0,0,0,9,14,1,10,3,0
,Marmaduke,1228,0,0,0,0,0,6,1,5,0,0
,Marshall,1335,4,0,0,0,4,15,5,10,0,0
,Maumelle,19273,37,0,9,3,25,273,41,213,19,4
,Mayflower,2051,11,0,2,1,8,66,12,49,5,0
,McCrory,1502,5,0,1,0,4,27,3,23,1,0
,McGehee,3690,40,0,3,3,34,103,32,62,9,2
,Mena,5652,21,1,5,1,14,185,23,155,7,3
,Menifee,281,3,0,2,0,1,2,0,2,0,0
,Mineral Springs,1074,3,0,0,0,3,12,1,11,0,0
,Monette,1557,1,0,0,0,1,22,3,17,2,0
,Monticello,8200,42,1,9,1,31,164,25,124,15,2
,Morrilton,7104,27,1,5,1,20,283,19,255,9,4
,Mountain Home,13180,41,2,10,1,28,380,38,323,19,0
,Mountain View,2905,17,0,1,1,15,74,31,40,3,0
,Mulberry,1553,6,0,5,0,1,33,8,23,2,0
,Murfreesboro,1437,4,0,1,0,3,27,7,18,2,1
,Nashville,4083,16,0,4,2,10,121,26,91,4,1
,Norfork,473,0,0,0,0,0,1,0,1,0,0
,North Little Rock,63663,783,18,31,75,659,2950,476,2102,372,18
,Ola,926,0,0,0,0,0,5,0,3,2,0
,Osceola,6621,142,3,4,9,126,200,82,92,26,5
,Ozark,3575,31,6,1,1,23,48,19,27,2,1
,Paragould,30296,346,0,37,14,295,1152,168,893,91,4
,Paris,3221,31,1,7,0,23,81,34,39,8,0
,Patterson,299,0,0,0,0,0,6,0,5,1,0
,Pea Ridge,7643,20,0,12,0,8,63,16,43,4,0
,Perryville,1383,2,0,2,0,0,51,7,43,1,0
,Piggott,3532,6,0,1,0,5,43,14,28,1,2
,Pine Bluff,39549,644,17,34,62,531,2025,375,1330,320,23
,Plumerville,736,1,0,0,0,1,12,2,10,0,0
,Pocahontas,7657,28,0,13,0,15,191,26,156,9,1
,Pottsville,3232,4,0,0,0,4,27,5,22,0,0
,Prairie Grove,7714,21,0,1,0,20,93,36,51,6,0
,Prescott,2976,11,0,3,0,8,50,11,34,5,0
,Quitman,694,2,0,1,0,1,35,1,32,2,1
,Ravenden,428,4,0,1,0,3,5,1,4,0,0
,Redfield,1508,11,0,1,0,10,18,5,10,3,1
,Rogers,72115,285,1,82,14,188,1539,127,1303,109,3
,Rose Bud,499,0,0,0,0,0,6,1,5,0,0
,Russellville,29533,165,0,17,3,145,842,80,692,70,0
,Salem,1577,3,0,1,0,2,13,2,10,1,0
,Searcy,23175,119,2,31,8,78,856,79,711,66,5
,Shannon Hills,4625,23,4,3,0,16,37,17,14,6,0
,Sheridan,5073,17,0,2,0,15,77,19,55,3,2
,Sherwood,33232,258,1,21,11,225,853,170,593,90,4
,Siloam Springs,17957,102,0,26,5,71,404,83,283,38,2
,Springdale,90892,496,4,120,30,342,2293,250,1764,279,4
,Stamps,1191,11,0,1,0,10,24,10,12,2,0
,Star City,2284,27,1,6,3,17,55,9,39,7,0
,Stuttgart,7847,93,3,7,2,81,304,63,226,15,1
,Swifton,742,2,0,0,0,2,8,1,6,1,0
,Texarkana,29339,292,7,13,20,252,1069,187,799,83,3
,Tontitown,6700,17,0,7,0,10,103,14,44,45,0
,Trumann,7283,67,0,14,2,51,292,60,217,15,2
,Tuckerman,1750,9,0,3,0,6,12,2,9,1,0
,Turrell,498,0,0,0,0,0,3,1,2,0,0
,Van Buren,23533,106,1,23,4,78,740,224,454,62,2
,Vilonia,4519,3,0,1,0,2,42,10,32,0,0
,Waldron,3313,10,0,3,1,6,118,51,58,9,0
,Walnut Ridge,5495,18,0,2,0,16,52,20,23,9,1
,Ward,6621,46,0,3,2,41,129,35,87,7,1
,Warren,5325,19,0,3,1,15,99,40,53,6,0
,Weiner,631,0,0,0,0,0,10,4,5,1,0
,West Fork,2330,5,0,2,0,3,38,3,33,2,0
,West Memphis,23809,628,12,25,44,547,1131,203,739,189,8
,White Hall,5579,12,0,2,0,10,62,22,32,8,0
,Wynne,8234,87,2,11,1,73,251,48,173,30,1
CALIFORNIA,Adelanto,38380,344,0,11,37,296,359,71,193,95,
,Agoura Hills,19397,32,0,5,4,23,255,69,163,23,
,Alameda,74441,232,1,17,100,114,3200,297,2302,601,20
,Albany,19011,40,0,5,16,19,564,70,432,62,12
,Alhambra,79703,160,0,12,73,75,2044,251,1453,340,6
,Aliso Viejo,51477,44,1,0,8,35,351,41,257,53,1
,American Canyon,21412,75,0,5,16,54,389,29,287,73,
,Anaheim,344795,2641,12,125,380,2124,9548,1693,6055,1800,42
,Anderson,11447,72,0,13,12,47,399,72,268,59,3
,Angels Camp,3846,14,0,1,3,10,90,15,64,11,
,Antioch,114338,702,9,37,159,497,2528,432,1456,640,16
,Apple Valley,76520,433,4,26,45,358,1138,231,717,190,
,Arcadia,54202,141,0,17,47,77,1653,390,1147,116,6
,Arcata,19144,120,2,5,24,89,537,58,351,128,13
,Arroyo Grande,18492,92,0,9,5,78,267,67,165,35,2
,Artesia,15608,88,1,4,18,65,413,125,206,82,
,Atascadero,29679,118,0,21,12,85,425,80,312,33,7
,Atherton,6704,6,0,0,0,6,77,18,58,1,
,Atwater,32157,271,5,18,39,209,805,90,635,80,28
,Auburn,13933,58,0,14,4,40,214,34,162,18,4
,Avalon,3303,20,0,1,0,19,47,10,32,5,
,Avenal,13873,43,0,2,4,37,66,24,31,11,0
,Azusa,47754,138,5,11,42,80,991,180,630,181,
,Bakersfield,411873,2250,38,129,664,1419,16361,3184,8319,4858,
,Baldwin Park,69205,317,9,14,64,230,1102,205,613,284,17
,Banning,31050,180,5,17,18,140,482,118,266,98,
,Barstow,25465,277,6,10,54,207,589,169,238,182,
,Bear Valley,120,1,0,1,0,0,10,2,7,1,
,Beaumont,57067,200,2,11,16,171,704,170,426,108,0
,Bell,32140,203,3,15,41,144,415,96,213,106,
,Bellflower,75830,445,4,31,112,298,1892,342,915,635,
,Bell Gardens,37720,146,5,7,43,91,416,62,179,175,
,Belmont,26277,40,0,9,6,25,371,73,265,33,6
,Belvedere,2089,0,0,0,0,0,15,2,11,2,
,Benicia,26599,43,2,8,13,20,433,67,303,63,
,Berkeley,114872,667,3,90,292,282,6483,1036,4611,836,52
,Beverly Hills,31163,154,0,8,57,89,1365,269,986,110,
,Big Bear ,5085,72,1,7,3,61,78,15,58,5,
,Bishop,3817,31,0,2,3,26,206,34,160,12,
,Blythe,17853,108,2,7,11,88,239,71,127,41,10
,Bradbury,878,0,0,0,0,0,9,7,2,0,
,Brawley,26650,95,0,7,12,76,677,107,475,95,
,Brea,47617,91,1,7,26,57,1543,166,1254,123,6
,Brentwood,65243,200,2,28,57,113,1351,226,992,133,
,Brisbane,4503,7,0,0,1,6,141,31,79,31,
,Broadmoor,4136,14,0,1,4,9,78,14,48,16,
,Buellton,5152,6,0,1,3,2,91,10,64,17,
,Buena Park,82065,202,1,22,73,106,2389,269,1601,519,
,Burbank,103516,321,1,21,83,216,2819,278,2246,295,39
,Burlingame,29003,59,0,9,12,38,1013,128,781,104,
,Calabasas,22628,33,0,4,8,21,356,87,238,31,
,Calexico,38515,52,2,6,19,25,691,185,267,239,81
,California City,15138,77,1,2,5,69,199,82,78,39,
,Calimesa,11667,26,0,0,6,20,301,53,205,43,
,Calistoga,5151,14,0,3,3,8,71,13,51,7,
,Camarillo,70872,38,2,1,13,22,912,73,779,60,
,Campbell,41605,147,0,25,34,88,1277,237,819,221,
,Canyon Lake,11238,13,0,1,1,11,76,11,45,20,
,Capitola,9748,26,0,6,5,15,306,24,260,22,
,Carlsbad,115531,241,0,29,48,164,2047,296,1565,186,11
,Carmel,3176,8,0,0,2,6,73,18,53,2,1
,Carpinteria,12986,31,0,0,6,25,165,9,140,16,
,Carson,92021,436,7,15,122,292,2525,372,1311,842,
,Central Marin,35543,51,0,8,3,40,698,112,503,83,
,Ceres,49282,255,0,21,56,178,1066,126,761,179,
,Cerritos,47325,139,0,9,58,72,1836,250,1301,285,
,Chico,102499,589,1,80,60,448,1703,224,1214,265,
,Chino,94611,274,0,31,59,184,2538,314,1942,282,8
,Chino Hills,78786,127,1,18,14,94,1140,258,796,86,
,Chowchilla,19195,119,0,8,5,106,192,35,117,40,
,Chula Vista,277976,975,8,33,295,639,3550,519,2035,996,38
,Citrus Heights,86896,353,4,35,69,245,1771,232,1248,291,23
,Claremont,35068,104,3,6,20,75,844,221,541,82,
,Clayton,10880,15,0,1,2,12,69,9,56,4,2
,Clearlake,16901,143,1,12,17,113,359,119,162,78,
,Cloverdale,8933,18,0,1,2,15,71,8,57,6,
,Clovis,125348,236,2,34,38,162,2173,190,1796,187,7
,Coachella,43065,154,9,1,36,108,718,90,464,164,
,Coalinga,17546,126,0,4,6,116,150,55,85,10,
,Colma,1612,44,0,1,20,23,801,117,649,35,
,Colton,54597,216,7,10,64,135,1250,200,773,277,8
,Colusa,6444,16,0,8,3,5,76,16,49,11,
,Commerce,11787,183,6,8,70,99,1634,244,894,496,
,Compton,91625,1045,19,34,295,697,2449,279,1158,1012,
,Concord,122982,792,4,37,177,574,3444,514,2369,561,68
,Corcoran,22609,110,3,8,7,92,289,43,185,61,2
,Corning,8191,50,0,8,1,41,243,33,163,47,3
,Corona,161946,350,4,37,105,204,3891,642,2595,654,
,Coronado,19706,56,0,12,6,38,327,42,252,33,0
,Costa Mesa,109785,647,1,66,139,441,3905,540,2983,382,
,Cotati,7437,28,0,1,2,25,91,17,57,17,
,Covina,49590,163,2,9,59,93,1390,557,671,162,12
,Crescent City,6732,82,0,6,9,67,407,41,347,19,
,Cudahy,21807,157,2,10,35,110,290,68,117,105,
,Culver City,39271,289,0,17,118,154,2160,291,1603,266,15
,Cupertino,56950,66,1,15,18,32,758,161,535,62,
,Cypress,49588,57,1,7,24,25,983,270,549,164,5
,Daly City,98021,348,1,22,94,231,2100,145,1623,332,
,Dana Point,32534,55,1,3,9,42,403,65,261,77,2
,Danville,42945,14,0,1,5,8,291,43,221,27,
,Davis,66939,170,1,31,31,107,1884,169,1599,116,9
,Delano,52484,180,3,16,35,126,1096,120,544,432,31
,Del Mar,3891,6,0,2,2,2,119,25,72,22,1
,Del Rey Oaks,1568,4,0,0,0,4,81,1,77,3,0
,Desert Hot Springs,32923,219,4,17,36,162,507,100,178,229,
,Diamond Bar,52713,92,0,13,25,54,969,256,614,99,
,Dinuba,25650,121,1,8,17,95,584,91,421,72,21
,Dixon,19001,64,0,8,8,48,293,36,224,33,4
,Dorris,868,7,0,0,0,7,21,9,9,3,
,Dos Palos,5793,34,0,2,3,29,71,14,37,20,
,Downey,109226,503,10,33,194,266,2895,282,1616,997,
,Duarte,20849,67,0,5,16,46,371,67,233,71,
,Dunsmuir,1720,18,0,0,0,18,24,6,16,2,
,East Palo Alto,27800,178,5,14,66,93,643,61,420,162,
,Eastvale,72753,97,2,6,24,65,1232,146,940,146,
,El Cajon,104693,491,0,29,117,345,1684,265,1077,342,23
,El Centro,44076,151,4,15,29,103,919,160,641,118,25
,El Cerrito,25718,111,1,1,60,49,1039,104,791,144,17
,Elk Grove,180372,364,1,22,72,269,2366,263,1912,191,5
,El Monte,104695,402,4,31,153,214,1957,443,990,524,17
,El Segundo,16550,117,1,8,43,65,897,293,460,144,2
,Emeryville,12781,142,0,3,79,60,1928,150,1495,283,5
,Encinitas,61488,112,0,4,17,91,920,147,667,106,1
,Escalon,7552,24,0,2,2,20,106,11,85,10,
,Escondido,150072,518,2,41,146,329,2694,416,1702,576,16
,Etna,685,4,0,0,0,4,7,1,5,1,
,Exeter,10318,23,3,3,1,16,202,27,159,16,
,Fairfax,7477,11,0,3,0,8,43,4,34,5,
,Fairfield,119583,589,11,60,179,339,3045,359,2153,533,
,Farmersville,10351,48,0,1,3,44,117,21,72,24,
,Ferndale,1399,4,0,0,0,4,11,4,7,0,2
,Fillmore,16581,15,0,2,3,10,171,17,114,40,
,Firebaugh,8126,28,0,2,5,21,93,13,58,22,
,Folsom,83011,115,0,20,16,79,1211,162,945,104,
,Fontana,212730,611,3,75,180,353,2738,445,1688,605,17
,Fort Bragg,6968,53,0,5,16,32,224,33,180,11,5
,Fort Jones,700,2,0,0,0,2,5,3,2,0,
,Fortuna,12481,41,0,15,7,19,210,25,158,27,7
,Foster City,31389,42,0,6,10,26,385,54,298,33,2
,Fountain Valley,55941,85,0,9,30,46,1247,182,921,144,
,Fowler,7123,33,0,1,0,32,94,17,59,18,
,Fremont,223430,467,4,38,154,271,6418,997,4214,1207,25
,Fresno,546871,4732,61,242,963,3466,18862,3980,11748,3134,121
,Fullerton,140587,551,1,79,150,321,3730,749,2398,583,
,Galt,25463,98,0,15,21,62,389,55,290,44,
,Gardena,58535,376,3,14,125,234,1845,212,1014,619,6
,Garden Grove,169157,526,3,56,148,319,3707,650,2474,583,30
,Gilroy,56742,273,0,48,77,148,1237,184,681,372,
,Glendale,188599,283,0,18,130,135,3444,486,2545,413,
,Glendora,50650,138,0,16,32,90,1158,199,869,90,
,Goleta,32929,49,1,4,9,35,535,88,415,32,
,Gonzales,8514,22,0,2,4,16,93,18,61,14,0
,Grand Terrace,13277,72,0,3,7,62,268,52,178,38,
,Grass Valley,13895,173,1,8,13,151,410,61,294,55,7
,Greenfield,19157,82,1,12,11,58,188,34,119,35,8
,Gridley,7349,31,1,9,2,19,138,29,87,22,
,Grover Beach,12728,33,0,4,4,25,286,58,212,16,3
,Guadalupe,8973,5,0,1,0,4,105,25,52,28,
,Gustine,6115,28,0,1,3,24,65,9,46,10,3
,Hanford,58990,253,3,28,26,196,799,113,517,169,13
,Hawaiian Gardens,13510,79,3,3,18,55,324,84,151,89,
,Hawthorne,84283,635,6,53,175,401,1773,284,902,587,
,Hayward,156458,559,9,55,241,254,4539,502,2429,1608,
,Healdsburg,11229,32,1,6,3,22,230,17,196,17,4
,Hemet,91046,420,6,21,98,295,1878,563,828,487,11
,Hercules,26157,37,0,7,6,24,218,30,134,54,
,Hermosa Beach,18902,55,0,7,8,40,535,106,363,66,7
,Hesperia,101748,609,3,41,102,463,1433,323,815,295,
,Hidden Hills,1680,1,0,0,0,1,9,4,4,1,
,Highland,57248,416,6,14,62,334,757,154,442,161,
,Hillsborough,10678,5,0,1,0,4,82,49,30,3,0
,Hollister,44823,137,2,22,21,92,343,34,244,65,9
,Holtville,5561,18,0,0,1,17,59,12,38,9,
,Hughson,7542,2,0,0,1,1,52,8,30,14,
,Huntington Beach,194618,494,3,68,108,315,4364,494,3369,501,
,Huntington Park,52507,416,5,20,212,179,1991,374,866,751,
,Huron,6243,64,0,3,10,51,51,15,24,12,
,Imperial,21626,20,0,1,0,19,78,13,50,15,
,Imperial Beach,25933,103,2,3,25,73,274,35,161,78,0
,Indian Wells,4914,11,0,2,2,7,142,32,97,13,
,Indio,91604,308,7,28,46,227,1525,220,965,340,
,Industry,241,79,1,3,43,32,1430,332,903,195,
,Inglewood,102879,684,17,54,293,320,2983,312,1569,1102,
,Irvine,311696,234,4,35,41,154,4611,833,3488,290,19
,Irwindale,1410,25,2,0,6,17,287,90,143,54,3
,Isleton,792,17,0,1,1,15,34,14,18,2,
,Jackson,5196,33,0,5,1,27,104,15,82,7,
,Jurupa Valley,108601,349,4,7,80,258,2958,314,1782,862,
,Kensington,5028,2,0,0,0,2,108,22,70,16,0
,Kerman,16304,84,0,3,11,70,245,34,170,41,
,King City,13518,65,2,4,5,54,190,37,86,67,
,Kingsburg,12879,37,1,6,5,25,247,66,140,41,
,La Canada Flintridge,19682,24,0,2,6,16,357,106,245,6,
,Lafayette,25031,25,0,1,11,13,316,41,240,35,
,Laguna Beach,22559,88,1,11,10,66,358,63,254,41,
,Laguna Hills,30610,58,0,1,14,43,420,141,214,65,1
,Laguna Niguel,64119,61,1,3,13,44,670,102,493,75,2
,Laguna Woods,17249,4,1,0,1,2,90,14,58,18,2
,La Habra,62082,262,5,19,54,184,1234,212,884,138,7
,La Habra Heights,5434,3,0,2,0,1,57,25,30,2,
,Lake Elsinore,72730,139,0,9,34,96,1805,254,1214,337,
,Lake Forest,85480,104,0,11,35,58,901,124,652,125,12
,Lakeport,5171,45,0,4,5,36,133,15,101,17,2
,Lake Shastina,2537,3,0,0,0,3,13,2,8,3,
,Lakewood,78858,369,0,19,109,241,1846,237,1181,428,
,La Mesa,60333,184,1,10,49,124,1256,172,883,201,19
,La Mirada,45683,81,1,7,28,45,852,146,578,128,
,Lancaster,167481,1453,13,83,335,1022,3142,756,1322,1064,
,La Palma,15236,37,0,3,16,18,305,35,229,41,3
,La Puente,36563,116,1,5,35,75,432,87,232,113,
,La Quinta,38715,70,1,4,19,46,1004,127,814,63,
,La Verne,30060,57,0,10,17,30,664,123,489,52,1
,Lawndale,30480,133,1,10,28,94,512,79,257,176,
,Lemon Grove,27208,166,3,4,45,114,477,70,262,145,7
,Lemoore,27485,125,0,20,7,98,438,57,293,88,1
,Lincoln,51456,94,1,29,7,57,454,65,334,55,7
,Lindsay,12608,44,0,1,12,31,216,45,121,50,
,Livermore,85151,190,2,36,56,96,1596,182,1204,210,
,Livingston,14897,72,3,2,15,52,247,28,188,31,3
,Loma Linda,25350,71,2,7,8,54,554,127,344,83,
,Lomita,19981,93,0,6,23,64,331,45,205,81,
,Lompoc,43363,219,5,19,47,148,845,107,450,288,
,Long Beach,447528,2455,36,198,707,1514,11630,2137,6424,3069,213
,Los Alamitos,11615,34,0,3,9,22,331,148,111,72,0
,Los Altos,29847,20,0,3,8,9,360,100,238,22,3
,Los Altos Hills,8084,2,0,2,0,0,77,54,22,1,
,Los Angeles,3809182,31772,387,2083,9124,20178,103171,15013,62665,25493,1881
,Los Banos,47398,188,1,18,38,131,1119,163,777,179,
,Los Gatos,31640,54,0,7,5,42,578,111,417,50,3
,Lynwood,64142,514,8,21,189,296,1615,143,713,759,
,Madera,69395,320,2,33,54,231,1122,132,748,242,27
,Malibu,10226,59,0,10,9,40,420,78,317,25,
,Mammoth Lakes,7325,29,0,6,0,23,126,21,101,4,
,Manhattan Beach,33888,65,0,14,17,34,995,138,750,107,
,Manteca,87677,234,3,25,63,143,1655,186,1204,265,
,Marina,22651,74,1,11,15,47,421,73,306,42,11
,Martinez,36498,106,0,18,31,57,556,78,349,129,
,Marysville,12711,92,1,13,16,62,269,44,116,109,
,Maywood,24040,135,3,5,45,82,379,95,171,113,
,McFarland,14755,81,3,10,13,55,157,21,66,70,
,Mendota,12819,78,0,6,3,69,171,31,64,76,
,Menifee,109673,318,1,33,32,252,1505,164,1066,275,4
,Menlo Park,31332,90,0,8,10,72,554,120,385,49,
,Merced,92191,738,6,107,154,471,2528,381,1722,425,133
,Mill Valley,14023,9,0,0,2,7,156,30,113,13,
,Milpitas,77790,197,2,13,71,111,2845,353,2123,369,
,Mission Viejo,91382,83,1,8,19,55,1021,110,808,103,1
,Modesto,219083,1669,10,111,292,1256,5264,582,3891,791,94
,Monrovia,37104,107,0,9,32,66,904,132,667,105,8
,Montague,1232,19,0,3,0,16,22,6,10,6,
,Montclair,38203,239,3,9,61,166,1570,306,879,385,45
,Montebello,59909,328,2,18,92,216,1741,183,951,607,
,Monterey,29709,111,1,12,19,79,673,84,537,52,
,Monterey Park,58352,154,0,7,70,77,1227,245,709,273,
,Monte Sereno,3307,2,0,0,0,2,37,18,16,3,0
,Moorpark,35692,17,1,1,6,9,215,22,161,32,
,Moraga,16550,30,0,4,4,22,155,42,94,19,0
,Moreno Valley,214014,791,10,22,239,520,4367,638,2890,839,
,Morgan Hill,45134,144,1,20,14,109,656,106,424,126,1
,Morro Bay,10807,55,1,3,2,49,150,23,118,9,
,Mountain View,80588,223,1,22,49,151,2386,400,1804,182,29
,Mount Shasta,3257,20,0,2,0,18,26,6,14,6,
,Murrieta,114655,314,1,28,44,241,1428,241,961,226,10
,Napa,78586,255,2,24,44,185,1162,151,857,154,
,National City,55676,342,7,21,101,213,1244,184,763,297,11
,Needles,4880,91,0,10,7,74,114,40,60,14,
,Newark,46861,150,4,19,48,79,2048,389,1318,341,5
,Newman,12310,26,0,6,3,17,101,14,64,23,
,Newport Beach,84254,158,0,22,46,90,1749,359,1248,142,
,Norco,26205,53,0,2,9,42,732,121,528,83,
,Norwalk,98259,379,3,19,111,246,1838,269,1011,558,17
,Novato,52412,126,2,12,14,98,850,98,556,196,11
,Oakdale,23284,85,0,14,7,64,325,40,249,36,
,Oakland,428374,6516,121,330,2736,3329,27737,2693,17347,7697,191
,Oakley,44061,101,2,9,10,80,505,71,323,111,
,Oceanside,171844,826,8,51,173,594,3448,495,2469,484,42
,Ojai,7566,4,0,1,0,3,72,15,53,4,
,Ontario,180004,582,7,104,150,321,3833,653,2254,926,35
,Orange Cove,9593,34,0,1,2,31,42,5,29,8,
,Orinda,19441,11,0,1,7,3,125,28,83,14,
,Orland,8346,21,0,3,3,15,96,9,61,26,
,Oroville,19868,209,3,37,31,138,712,101,408,203,17
,Pacifica,35742,88,0,15,10,63,532,86,385,61,
,Pacific Grove,14902,13,0,0,1,12,116,13,100,3,0
,Palmdale,162316,904,18,38,198,650,2516,443,1441,632,
,Palm Desert,51918,182,2,9,32,139,2024,303,1477,244,
,Palm Springs,45463,318,5,33,67,213,2253,394,1430,429,
,Palo Alto,64922,134,0,22,45,67,1945,147,1688,110,16
,Palos Verdes Estates,12767,4,0,0,1,3,138,48,79,11,0
,Paradise,5860,21,0,4,0,17,80,22,45,13,
,Paramount,51405,309,4,20,111,174,1406,183,731,492,
,Parlier,14760,110,1,5,12,92,170,24,98,48,
,Pasadena,133312,511,7,28,117,359,3049,543,2172,334,33
,Paso Robles,31966,98,0,13,14,71,524,42,433,49,
,Patterson,23836,43,1,5,10,27,349,58,207,84,
,Perris,80784,244,5,6,73,160,2062,194,1359,509,
,Petaluma,59129,302,2,37,47,216,714,89,521,104,
,Pico Rivera,59557,293,4,22,79,188,1423,285,689,449,
,Piedmont,10853,22,0,5,5,12,410,39,322,49,
,Pinole,18651,72,1,9,22,40,539,50,417,72,
,Pismo Beach,8015,95,0,3,8,84,293,31,245,17,
,Pittsburg,76488,456,2,41,112,301,1673,234,927,512,
,Placentia,50764,118,0,2,14,102,905,301,475,129,3
,Placerville,10951,61,1,4,9,47,212,31,161,20,6
,Pleasant Hill,34060,106,0,5,32,69,1628,177,1308,143,
,Pleasanton,76350,84,0,13,18,53,1350,144,1108,98,
,Pomona,145600,860,14,81,244,521,4393,774,2640,979,
,Porterville,62865,305,6,27,60,212,1307,178,782,347,5
,Port Hueneme,21545,57,0,8,11,38,392,35,297,60,
,Poway,48011,83,0,3,18,62,459,73,343,43,2
,Rancho Cordova,81041,382,4,23,92,263,1809,333,1081,395,
,Rancho Cucamonga,175714,651,1,39,110,501,3546,721,2545,280,
,Rancho Mirage,17598,58,1,2,8,47,731,142,496,93,
,Rancho Palos Verdes,40403,52,0,4,6,42,407,87,284,36,
,Rancho Santa Margarita,46889,18,0,1,4,13,220,26,176,18,3
,Red Bluff,14529,133,1,19,29,84,722,81,515,126,43
,Redlands,73554,206,1,31,81,93,2265,292,1713,260,7
,Redondo Beach,68332,282,0,11,78,193,1561,280,1108,173,
,Redwood City,79182,312,2,41,99,170,1578,234,1079,265,
,Reedley,25269,148,3,11,12,122,352,88,199,65,
,Rialto,104589,525,3,61,152,309,3036,384,2137,515,
,Richmond,115043,1005,17,24,240,724,3117,252,1830,1035,33
,Ridgecrest,28290,162,2,16,22,122,390,109,218,63,5
,Rio Dell,3382,20,0,3,2,15,76,9,59,8,1
,Rio Vista,10352,36,0,2,1,33,90,10,68,12,
,Ripon,16789,25,0,6,6,13,196,14,167,15,
,Riverbank,24834,50,1,2,21,26,356,56,268,32,
,Riverside,319889,1652,17,138,434,1063,10366,1563,7058,1745,171
,Rocklin,74168,90,1,15,19,55,942,102,768,72,9
,Rohnert Park,44479,174,0,34,20,120,694,111,479,104,
,Rolling Hills,1667,0,0,0,0,0,8,4,4,0,
,Rolling Hills Estates,8041,9,0,1,4,4,135,48,85,2,
,Rosemead,49368,218,0,21,77,120,1436,380,779,277,
,Roseville,155448,254,2,38,89,125,2930,285,2372,273,
,Ross,2320,0,0,0,0,0,16,2,13,1,
,Sacramento,526671,4749,54,186,1243,3266,16681,2769,10328,3584,204
,Salinas,162187,845,13,91,245,496,2720,340,1695,685,
,San Bernardino,222623,2640,72,112,675,1781,6578,1244,3608,1726,91
,San Bruno,40817,118,1,14,40,63,1054,128,770,156,
,San Clemente,63449,118,0,7,23,88,778,112,528,138,3
,Sand City,335,8,0,1,3,4,74,3,69,2,0
,San Diego,1377838,5932,53,410,1288,4181,25044,3290,15106,6648,174
,San Dimas,33339,92,0,16,16,60,776,143,549,84,
,San Fernando,23501,93,1,3,36,53,417,61,260,96,
,San Francisco,764693,5323,55,308,2371,2589,47759,5947,35530,6282,344
,Sanger,26806,143,1,9,15,118,313,26,250,37,
,San Jacinto,56521,111,2,4,49,56,1222,194,828,200,
,San Jose,956814,5046,35,894,1264,2853,25363,3884,15010,6469,176
,San Juan Capistrano,34698,72,1,1,10,60,432,98,253,81,2
,San Leandro,86465,499,4,13,303,179,4254,480,2499,1275,
,San Luis Obispo,47990,267,0,38,40,189,1745,254,1372,119,
,San Marcos,94879,206,0,7,62,137,1007,185,644,178,5
,San Marino,12015,9,0,0,2,7,173,65,88,20,1
,San Mateo,99184,302,1,30,63,208,2330,536,1451,343,
,San Pablo,31498,232,0,12,65,155,763,78,331,354,
,San Rafael,60386,323,1,49,78,195,1822,183,1085,554,24
,San Ramon,87226,57,0,10,16,31,807,117,621,69,
,Santa Barbara,87817,400,3,45,80,272,1795,226,1400,169,
,Santa Clara,126877,396,1,35,86,274,4564,646,3394,524,22
,Santa Clarita,220765,360,0,40,89,231,2409,361,1687,361,
,Santa Cruz,61650,447,1,38,122,286,2226,253,1782,191,40
,Santa Fe Springs,18282,122,3,9,43,67,1329,175,820,334,
,Santa Maria,109518,712,10,74,209,419,3039,393,1504,1142,33
,Santa Monica,89527,765,3,43,228,491,4057,665,2823,569,67
,Santa Paula,30851,102,0,5,19,78,342,68,225,49,9
,Santa Rosa,175999,597,10,130,98,359,2392,439,1561,392,35
,Santee,59351,154,1,10,31,112,534,74,387,73,10
,Saratoga,29306,12,0,3,5,4,239,109,123,7,
,Sausalito,7152,8,0,0,0,8,197,32,147,18,
,Scotts Valley,12196,34,0,11,3,20,169,33,125,11,0
,Seal Beach,24665,80,0,6,10,64,603,122,428,53,4
,Seaside,31864,134,0,10,21,103,394,48,293,53,3
,Sebastopol,7393,33,0,2,4,27,126,18,101,7,
,Selma,24595,144,0,7,19,118,629,103,424,102,
,Shafter,21304,84,0,6,10,68,500,86,299,115,
,Sierra Madre,10778,10,0,0,2,8,98,34,57,7,0
,Signal Hill,11312,83,0,1,27,55,699,97,397,205,
,Simi Valley,125585,119,2,22,17,78,1069,174,791,104,
,Solana Beach,12778,20,0,1,4,15,234,42,166,26,0
,Soledad,24811,75,3,5,18,49,185,32,125,28,1
,Solvang,5985,12,0,2,1,9,70,13,51,6,
,Sonora,5025,41,0,7,2,32,220,31,166,23,
,South El Monte,19523,126,1,5,35,85,868,295,377,196,
,South Gate,89698,493,5,25,200,263,2943,332,1710,901,
,South Lake Tahoe,21525,135,0,11,20,104,345,54,233,58,
,South Pasadena,25744,46,1,3,8,34,474,91,317,66,
,South San Francisco,62427,246,2,14,48,182,1764,223,1304,237,
,Stallion Springs,2465,3,0,0,0,3,10,4,5,1,
,Stanton,38038,153,2,5,48,98,801,162,521,118,6
,St. Helena,5347,15,0,8,1,6,72,8,57,7,
,Stockton,323501,3742,48,178,980,2536,8878,1760,5636,1482,201
,Suisun City,28917,103,1,21,16,65,476,32,379,65,10
,Sunnyvale,148739,326,0,45,83,198,3654,621,2633,400,30
,Susanville,16493,81,2,2,10,67,198,36,140,22,4
,Sutter Creek,2738,3,0,1,0,2,45,2,34,9,
,Taft,8674,68,0,1,11,56,278,30,201,47,
,Tehachapi,13212,61,0,6,13,42,292,44,190,58,
,Temecula,111611,175,1,12,65,97,2651,438,1903,310,
,Temple City,35103,70,2,2,23,43,517,185,285,47,
,Thousand Oaks,124862,72,1,9,27,35,1381,158,1118,105,
,Tiburon,8997,4,0,2,0,2,67,16,46,5,
,Torrance,140499,372,2,33,141,196,3709,466,2519,724,18
,Tracy,97219,289,2,22,58,207,1474,152,1112,210,16
,Truckee,17486,102,0,3,5,94,141,34,79,28,4
,Tulare,72303,434,9,41,87,297,1535,250,809,476,20
,Tulelake,903,2,0,2,0,0,2,1,1,0,
,Turlock,72753,418,4,40,106,268,2087,278,1560,249,49
,Tustin,78841,252,0,21,65,166,1960,229,1493,238,4
,Twentynine Palms,27463,150,0,9,10,131,201,77,88,36,
,Ukiah,16764,99,2,12,20,65,226,68,101,57,
,Upland,79430,275,5,21,73,176,1626,340,1050,236,13
,Vacaville,103486,325,1,45,64,215,1920,221,1493,206,
,Vallejo,123940,1207,22,90,361,734,5245,904,3213,1128,49
,Ventura,109439,388,1,29,70,288,2391,348,1839,204,
,Vernon,212,43,0,1,17,25,738,114,450,174,7
,Victorville,137169,1290,17,68,218,987,2486,578,1366,542,51
,Villa Park,5712,2,0,0,0,2,51,18,30,3,0
,Visalia,144137,716,9,71,130,506,3421,390,2421,610,134
,Vista,98802,378,1,16,81,280,1454,289,852,313,9
,Walnut,27253,35,1,3,10,21,435,152,240,43,
,Waterford,9183,20,0,0,7,13,71,11,48,12,
,Watsonville,51517,302,1,31,56,214,959,137,611,211,
,Weed,2888,29,0,7,3,19,56,17,34,5,
,West Covina,104739,424,3,35,119,267,2417,343,1666,408,14
,West Hollywood,34185,324,0,20,124,180,2257,322,1757,178,
,Westlake Village,7678,10,0,0,3,7,144,41,93,10,
,Westminster,89490,355,4,18,138,195,2660,477,1725,458,
,West Sacramento,53643,93,1,9,28,55,537,58,404,75,
,Wheatland,3804,0,0,0,0,0,39,7,26,6,
,Wildomar,37463,44,0,5,8,31,678,99,451,128,
,Williams,5655,22,0,2,0,20,83,11,60,12,2
,Willits,4963,2,0,0,0,2,2,1,0,1,
,Winters,7531,5,0,1,2,2,73,3,59,11,
,Woodlake,7707,26,0,0,0,26,53,8,36,9,
,Woodland,61883,220,1,26,28,165,1361,216,949,196,35
,Yorba Linda,67550,36,0,1,9,26,673,158,441,74,0
,Yountville,3349,16,0,2,1,13,38,2,33,3,
,Yreka,7865,118,0,5,0,113,370,35,278,57,
,Yuba City,69122,380,2,46,63,269,1565,187,1135,243,9
,Yucaipa,54873,190,1,13,21,155,714,154,447,113,
,Yucca Valley,21890,133,1,6,12,114,265,66,139,60,
COLORADO,Alamosa,9874,76,4,13,5,54,609,63,509,37,11
,Arvada,122403,317,1,36,57,223,3712,436,2464,812,24
,Aspen,6910,14,0,6,0,8,215,14,195,6,0
,Ault,2913,2,0,0,0,2,6,2,2,2,1
,Aurora,392134,4225,54,296,827,3048,16585,1821,7959,6805,113
,Avon,5968,23,0,3,1,19,87,11,69,7,0
,Basalt,4163,2,0,0,0,2,39,2,36,1,0
,Bayfield,2929,5,0,3,0,2,40,6,25,9,0
,Black Hawk,129,8,0,2,4,2,311,5,277,29,0
,Boulder,103099,383,7,51,49,276,3093,471,2298,324,25
,Breckenridge,4953,14,0,9,1,4,148,12,129,7,1
,Brighton,41205,170,3,38,5,124,1209,95,833,281,12
,Broomfield,76137,112,3,31,12,66,1993,208,1395,390,3
,Buena Vista,3103,0,0,0,0,0,30,1,27,2,1
,Burlington,3043,3,0,0,0,3,44,11,28,5,0
,Canon City,17582,83,1,7,12,63,498,57,398,43,10
,Carbondale,6528,15,0,4,0,11,35,3,30,2,2
,Castle Rock,79102,25,3,5,3,14,920,63,795,62,6
,Centennial,105849,209,1,14,16,178,2233,324,1437,472,14
,Center,1933,8,0,1,0,7,30,3,23,4,0
,Cherry Hills Village,6275,1,0,1,0,0,66,12,37,17,0
,Colorado Springs,487728,3135,45,446,365,2279,16583,2686,11164,2733,207
,Commerce City,65817,467,6,60,61,340,2502,267,1389,846,15
,Cortez,8985,46,2,11,5,28,266,29,215,22,8
,Craig,8910,17,0,0,0,17,138,16,106,16,0
,Crested Butte,1696,4,0,0,0,4,8,1,6,1,0
,Cripple Creek,1146,1,0,0,0,1,59,1,56,2,0
,Dacono,6635,5,0,3,1,1,75,7,53,15,0
,Del Norte,1442,0,0,0,0,0,5,3,1,1,0
,Delta,9373,11,0,2,0,9,351,51,256,44,3
,Denver,705264,7545,90,756,1301,5398,45336,5171,24964,15201,195
,Dillon,1045,6,0,1,0,5,18,3,13,2,0
,Eagle,7614,11,0,2,0,9,60,9,47,4,0
,Eaton,5898,10,0,2,0,8,55,5,39,11,0
,Edgewater,4892,17,0,2,5,10,416,19,318,79,0
,Elizabeth,2344,3,0,1,0,2,14,0,11,3,0
,Englewood,33452,272,4,37,45,186,2392,323,1441,628,20
,Erie,32832,15,0,7,0,8,340,52,244,44,2
,Estes Park,5839,8,0,0,0,8,50,10,36,4,1
,Evans,22333,62,0,22,9,31,602,66,340,196,1
,Fairplay,732,2,0,1,0,1,24,7,15,2,0
,Federal Heights,13987,118,0,17,20,81,496,61,249,186,6
,Florence,3990,5,0,0,0,5,13,1,8,4,0
,Fort Collins,168045,540,2,56,46,436,4379,411,3493,475,25
,Fort Lupton,8539,55,0,16,5,34,258,31,148,79,0
,Fort Morgan,11331,50,0,11,1,38,361,63,270,28,3
,Fountain,29447,101,1,21,23,56,620,96,438,86,10
,Frisco,2858,7,0,1,1,5,51,7,39,5,0
,Fruita,13632,32,0,17,2,13,141,21,114,6,6
,Glendale,4502,84,1,14,9,60,944,105,595,244,6
,Glenwood Springs,10664,37,0,13,4,20,393,53,317,23,0
,Golden,19638,41,0,2,3,36,797,112,584,101,6
,Granada,451,3,0,1,0,2,6,2,3,1,0
,Granby,2176,3,0,1,0,2,25,3,22,0,0
,Grand Junction,68126,346,4,55,28,259,2140,274,1677,189,13
,Greeley,109258,636,8,59,94,475,3455,375,2079,1001,30
,Greenwood Village,15351,68,0,15,13,40,1194,152,800,242,5
,Gunnison,6914,22,0,2,0,20,132,15,109,8,1
,Gypsum,8994,9,0,2,0,7,55,5,43,7,0
,Hayden,1993,1,0,0,0,1,38,9,26,3,0
,Holyoke,2319,3,0,1,0,2,3,3,0,0,0
,Hudson,1624,8,0,3,0,5,52,7,36,9,0
,Hugo,790,1,0,1,0,0,8,1,7,0,0
,Idaho Springs,1766,7,0,6,0,1,73,11,55,7,0
,Ignacio,863,2,0,0,0,2,7,2,4,1,0
,Johnstown,19093,46,0,9,1,36,632,15,541,76,0
,Kersey,1489,2,0,1,0,1,31,1,14,16,0
,Kremmling,1501,4,0,2,0,2,25,16,7,2,0
,Lafayette,31204,64,1,19,7,37,829,98,616,115,3
,La Junta,7264,28,3,10,1,14,365,64,263,38,3
,Lakewood,157068,1278,12,111,286,869,8362,1089,5159,2114,66
,La Salle,2326,5,0,4,0,1,49,2,36,11,0
,Limon,2047,1,0,0,0,1,3,0,1,2,0
,Littleton,44821,110,1,31,22,56,1457,269,881,307,8
,Lone Tree,14204,68,2,8,24,34,1563,80,1402,81,9
,Longmont,101159,448,8,125,29,286,2855,319,2138,398,35
,Louisville,20587,36,0,7,1,28,496,75,361,60,5
,Loveland,77770,259,5,49,25,180,2071,228,1608,235,14
,Manitou Springs,4782,14,0,2,0,12,102,28,62,12,7
,Meeker,2310,2,0,1,0,1,21,4,13,4,0
,Milliken,8948,2,0,1,0,1,37,1,26,10,0
,Monte Vista,4144,15,0,2,1,12,166,30,121,15,0
,Montrose,20944,29,0,2,1,26,555,47,466,42,2
,Monument,11300,32,0,7,14,11,224,20,189,15,0
,Mountain View,531,3,0,0,1,2,9,2,4,3,0
,Mountain Village,1269,0,0,0,0,0,16,1,15,0,0
,Mount Crested Butte,998,5,0,0,0,5,7,0,7,0,0
,Northglenn,36634,214,7,31,29,147,1555,152,992,411,26
,Palisade,2600,0,0,0,0,0,35,6,27,2,1
,Parker,61865,139,2,34,5,98,1060,156,752,152,9
,Platteville,3930,3,0,2,1,0,45,4,31,10,0
,Pueblo,112618,1825,29,183,362,1251,7196,1336,4154,1706,85
,Rangely,2283,2,0,0,0,2,1,0,1,0,0
,Rifle,10612,40,0,15,1,24,208,23,154,31,2
,Rocky Ford,3837,3,0,0,0,3,22,4,15,3,0
,Salida,5912,14,0,1,0,13,46,7,36,3,0
,Severance,11574,12,0,4,0,8,20,1,12,7,1
,Sheridan,5964,54,0,4,16,34,609,59,390,160,5
,Silt,3583,4,0,2,0,2,14,1,12,1,0
,Silverthorne,4870,6,0,1,2,3,92,3,81,8,0
,Steamboat Springs,13593,32,0,15,1,16,208,25,171,12,1
,Sterling,13713,40,0,8,2,30,368,60,284,24,4
,Thornton,143055,408,3,137,92,176,4982,375,3407,1200,33
,Timnath,9063,6,0,2,0,4,113,5,105,3,1
,Trinidad,8350,69,0,6,1,62,304,83,200,21,3
,Vail,4657,16,0,2,3,11,186,13,165,8,0
,Westminster,112844,374,2,48,92,232,5042,448,3128,1466,31
,Wheat Ridge,33104,130,0,17,30,83,1681,166,1118,397,15
,Windsor,38498,11,0,0,0,11,221,15,165,41,3
,Woodland Park,8025,15,0,3,0,12,121,7,102,12,3
,Wray,2298,4,0,1,0,3,4,0,4,0,0
CONNECTICUT,Ansonia,18750,23,1,5,9,8,371,14,318,39,0
,Avon,18806,1,0,0,0,1,131,9,100,22,0
,Berlin,20109,10,0,2,4,4,385,32,329,24,1
,Bethel,20728,5,0,2,1,2,147,12,123,12,2
,Bloomfield,21461,18,0,1,8,9,647,34,577,36,2
,Branford,28138,24,1,12,6,5,480,18,426,36,1
,Bridgeport,148395,606,15,52,277,262,1843,303,965,575,9
,Bristol,60657,48,4,7,16,21,796,118,557,121,0
,Brookfield,17492,10,0,0,3,7,151,10,129,12,0
,Canton,10068,2,0,0,1,1,47,6,40,1,0
,Cheshire,28612,3,0,0,1,2,221,11,180,30,0
,Clinton,13566,15,0,4,4,7,249,12,227,10,0
,Coventry,12252,4,0,2,0,2,66,3,53,10,0
,Cromwell,14360,10,0,2,2,6,444,28,382,34,0
,Danbury,87164,120,4,19,23,74,1138,106,931,101,6
,Darien,21549,6,0,0,2,4,291,30,220,41,0
,Derby,12243,44,0,0,11,33,373,30,267,76,1
,East Hampton,12943,0,0,0,0,0,97,6,84,7,0
,East Hartford,50579,96,3,14,32,47,1352,89,1065,198,4
,East Haven,27725,48,1,6,13,28,721,34,631,56,1
,East Lyme,18984,9,0,1,0,8,69,7,57,5,0
,Easton,7613,0,0,0,0,0,56,4,46,6,0
,East Windsor,11148,14,0,0,5,9,239,10,212,17,1
,Enfield,41912,44,1,2,5,36,532,33,453,46,0
,Fairfield,62270,23,1,1,8,13,1096,76,931,89,2
,Farmington,26618,17,1,4,7,5,485,23,425,37,0
,Glastonbury,35034,13,0,2,4,7,475,29,418,28,1
,Granby,11011,1,0,1,0,0,44,5,38,1,0
,Greenwich,63631,14,0,4,9,1,685,60,489,136,0
,Groton Long Point,515,0,0,0,0,0,0,0,0,0,0
,Groton Town,28608,20,0,9,2,9,290,15,263,12,0
,Guilford,22022,10,0,3,3,4,281,19,250,12,2
,Hamden,60831,218,5,4,50,159,1536,111,1193,232,3
,Hartford,120196,685,37,22,128,498,2978,347,2011,620,36
,Ledyard,15340,6,0,1,2,3,53,6,40,7,0
,Madison,17581,2,0,0,0,2,84,3,74,7,0
,Manchester,59293,97,0,21,26,50,1533,103,1308,122,4
,Meriden,60332,176,1,38,36,101,1415,118,1042,255,7
,Middlebury,7793,0,0,0,0,0,46,6,30,10,0
,Middletown,47256,48,0,7,9,32,771,46,628,97,1
,Milford,52694,43,2,3,26,12,1234,74,1035,125,2
,Monroe,18772,4,0,3,1,0,79,13,58,8,0
,Naugatuck,31356,25,1,5,7,12,376,42,289,45,1
,New Britain,73621,267,3,40,49,175,1518,178,1103,237,15
,New Canaan,20924,1,0,1,0,0,172,18,139,15,0
,New Haven,136205,756,15,48,243,450,4224,395,3049,780,21
,Newington,30277,41,0,6,20,15,759,67,642,50,2
,New London,27667,66,2,20,25,19,467,63,328,76,8
,New Milford,28252,8,0,1,3,4,184,18,153,13,0
,Newtown,27918,7,0,3,2,2,120,13,98,9,1
,North Branford,13474,2,0,0,2,0,119,7,99,13,0
,North Haven,24119,18,0,2,12,4,709,59,580,70,1
,Norwalk,91414,113,1,10,26,76,1582,76,1349,157,1
,Norwich,40096,121,2,33,22,64,667,126,483,58,8
,Old Saybrook,10613,11,1,2,1,7,164,10,142,12,0
,Orange,14239,12,0,0,10,2,589,17,549,23,0
,Plainville,17413,20,0,4,9,7,337,21,280,36,1
,Plymouth,11655,2,0,0,1,1,64,11,43,10,0
,Portland,9499,4,0,0,1,3,40,2,31,7,0
,Putnam,9244,12,0,6,2,4,90,10,78,2,0
,Redding,8732,2,0,0,1,1,18,0,17,1,0
,Ridgefield,25048,0,0,0,0,0,35,2,23,10,0
,Rocky Hill,20692,29,0,2,4,23,380,41,309,30,1
,Seymour,16634,13,1,2,2,8,130,17,96,17,0
,Shelton,42189,21,1,6,5,9,387,61,255,71,0
,Simsbury,25135,7,0,3,2,2,149,9,126,14,0
,Southington,43564,26,1,8,13,4,799,96,637,66,1
,South Windsor,26695,15,0,7,1,7,415,58,332,25,0
,Stamford,136936,264,2,24,74,164,1601,144,1285,172,7
,Stonington,18549,13,0,2,2,9,157,15,136,6,0
,Stratford,52320,59,0,10,28,21,973,41,798,134,2
,Suffield,15890,8,0,4,0,4,80,12,56,12,0
,Thomaston,7449,1,0,1,0,0,56,4,50,2,0
,Torrington,35302,19,0,3,6,10,372,31,319,22,2
,Trumbull,37192,22,0,5,11,6,699,40,627,32,0
,Vernon,30584,14,0,2,6,6,381,32,317,32,0
,Wallingford,44099,8,0,0,6,2,281,14,226,41,1
,Waterbury,113464,442,16,46,160,220,3261,356,2302,603,13
,Waterford,19565,5,0,1,2,2,212,14,186,12,2
,Watertown,22122,9,0,3,6,0,317,22,257,38,0
,West Hartford,63934,38,0,2,27,9,1701,105,1519,77,0
,West Haven,55133,67,0,7,35,25,1142,62,902,178,2
,Weston,10350,0,0,0,0,0,22,1,12,9,0
,Westport,27484,4,0,0,0,4,444,39,344,61,0
,Wethersfield,27038,26,1,3,15,7,405,43,307,55,0
,Willimantic,17777,11,0,5,3,3,156,6,128,22,1
,Wilton,18469,5,0,0,1,4,122,16,99,7,1
,Winchester,10199,3,0,2,0,1,67,5,50,12,1
,Windsor,29326,18,0,2,7,9,482,9,438,35,3
,Windsor Locks,12497,7,0,0,5,2,161,10,139,12,0
,Wolcott,16180,4,0,0,2,2,190,21,144,25,0
,Woodbridge,9020,1,0,0,1,0,109,14,80,15,1
DELAWARE,Bethany Beach,1032,3,0,1,0,2,85,3,82,0,0
,Blades,1270,11,0,0,3,8,35,5,29,1,0
,Bridgeville,2761,14,0,0,0,14,47,6,35,6,0
,Camden,4852,21,1,1,2,17,241,16,212,13,0
,Cheswold,1989,7,0,0,0,7,22,3,16,3,0
,Clayton,4003,3,0,1,0,2,30,5,25,0,0
,Dagsboro,939,3,0,0,0,3,24,4,19,1,0
,Delaware City,1881,2,0,0,0,2,18,2,16,0,0
,Delmar,2178,11,0,1,2,8,43,4,36,3,0
,Dewey Beach,384,15,0,1,0,14,34,2,29,3,0
,Dover,38438,315,3,24,22,266,1741,26,1541,174,2
,Ellendale,530,0,0,0,0,0,7,2,5,0,0
,Elsmere,6111,6,0,0,1,5,98,21,59,18,0
,Felton,1331,4,0,0,0,4,24,2,21,1,0
,Fenwick Island,366,0,0,0,0,0,23,3,19,1,0
,Georgetown,7667,65,3,2,24,36,277,43,220,14,0
,Greenwood,1062,0,0,0,0,0,13,2,11,0,0
,Harrington,3785,24,0,2,1,21,81,11,65,5,0
,Laurel,4178,69,0,1,7,61,161,12,133,16,0
,Lewes,3533,9,0,2,0,7,37,3,33,1,0
,Middletown,25044,92,0,4,9,79,455,23,411,21,0
,Milford,13326,90,2,14,19,55,479,35,413,31,0
,Millsboro,7386,28,0,3,5,20,180,14,160,6,0
,Milton,3548,4,0,1,0,3,16,0,16,0,0
,Newark,31015,85,0,11,13,61,656,48,569,39,2
,New Castle,5465,27,0,0,4,23,195,13,168,14,0
,Newport,885,7,0,0,0,7,35,5,30,0,0
,Ocean View,2851,1,0,0,0,1,18,6,12,0,0
,Rehoboth Beach,1190,13,0,2,1,10,122,5,114,3,0
,Seaford,8526,82,1,2,10,69,533,53,456,24,0
,Selbyville,3104,14,0,0,0,14,52,8,43,1,0
,Smyrna,13361,69,0,4,2,63,287,46,229,12,0
,South Bethany,490,1,0,0,0,1,4,0,4,0,0
,Wilmington,70625,848,18,12,216,602,2382,418,1566,398,2
,Wyoming,1906,9,1,2,0,6,18,6,10,2,0
DISTRICT OF COLUMBIA,Washington,671803,5003,197,275,2175,2356,23408,1350,18265,3793,0
FLORIDA2,Altamonte Springs,44833,177,3,19,28,127,1030,105,854,71,0
,Apopka,56125,313,0,39,82,192,1579,281,1178,120,0
,Arcadia,7588,41,1,3,3,34,369,305,54,10,1
,Astatula,1973,5,0,0,0,5,9,7,0,2,0
,Atlantic Beach,13189,22,0,5,1,16,158,16,135,7,1
,Auburndale,19208,60,0,8,12,40,464,91,351,22,1
,Aventura,38484,64,0,2,23,39,1670,145,1525,0,0
,Bartow,19634,83,2,5,5,71,357,44,277,36,3
,Bay Harbor Islands,5644,3,0,1,1,1,41,5,30,6,0
,Belle Glade,16723,219,6,19,17,177,400,64,288,48,7
,Blountstown,2253,7,0,0,1,6,48,13,33,2,0
,Bonifay,2804,4,0,0,0,4,10,3,4,3,0
,Bowling Green,2478,9,0,5,0,4,22,4,10,8,0
,Bradenton,56316,255,3,21,38,193,1020,93,927,0,1
,Bradenton Beach,923,0,0,0,0,0,23,6,15,2,0
,Brooksville,9299,57,0,3,8,46,298,13,278,7,1
,Casselberry,29255,92,4,8,19,61,770,60,669,41,3
,Chattahoochee,3324,7,0,0,0,7,46,2,24,20,0
,Clearwater,116303,460,4,84,59,313,2209,244,1841,124,8
,Clermont,45785,71,0,16,8,47,572,40,480,52,0
,Cocoa,19618,213,0,5,34,174,941,105,777,59,1
,Crescent City,1681,4,0,0,1,3,34,7,23,4,0
,Cross City,1774,19,1,1,2,15,31,18,12,1,1
,Davenport,12393,6,0,0,0,6,81,26,49,6,0
,Daytona Beach,77130,716,13,55,65,583,2063,259,1560,244,1
,Daytona Beach Shores,5251,11,0,0,4,7,128,19,99,10,0
,DeFuniak Springs,6620,35,0,3,2,30,153,18,118,17,2
,DeLand,39924,153,3,3,20,127,719,84,573,62,0
,Doral,75838,121,0,9,18,94,1302,68,1234,0,0
,Dunnellon,1991,10,0,0,0,10,69,15,48,6,0
,Edgewood,2641,7,0,2,0,5,65,11,47,7,0
,Fellsmere,4978,11,0,1,3,7,50,8,38,4,0
,Flagler Beach,5361,3,0,2,0,1,33,3,28,2,0
,Fort Pierce,48529,264,8,19,42,195,902,76,717,109,6
,Golden Beach,935,0,0,0,0,0,12,6,0,6,0
,Greenacres City,43534,140,5,19,21,95,597,39,515,43,1
,Gulf Stream,950,0,0,0,0,0,13,0,10,3,0
,Haines City,31143,41,2,1,8,30,308,41,233,34,0
,Hialeah Gardens,22091,60,0,2,4,54,396,39,283,74,2
,Hillsboro Beach,1937,0,0,0,0,0,12,2,9,1,0
,Holly Hill,13040,40,0,1,2,37,194,27,141,26,0
,Holmes Beach,3058,4,0,0,0,4,33,1,29,3,0
,Homestead,80633,753,5,30,205,513,1836,180,1520,136,4
,Indian Creek Village,81,0,0,0,0,0,0,0,0,0,0
,Indian Harbour Beach,8950,8,0,1,0,7,68,5,57,6,0
,Indian River Shores,4421,1,0,0,0,1,17,2,14,1,0
,Jupiter Island,842,0,0,0,0,0,3,1,2,0,0
,Key West,26169,125,1,20,8,96,601,56,482,63,0
,Kissimmee,79715,326,3,36,55,232,1351,180,1171,0,5
,Lake Alfred,6613,6,0,0,0,6,63,13,43,7,0
,Lake Hamilton,1571,3,0,0,0,3,38,10,24,4,0
,Lake Helen,2867,6,0,1,0,5,15,3,12,0,0
,Lake Mary,16469,21,0,2,5,14,199,35,155,9,0
,Lake Park,8908,59,0,2,16,41,540,24,479,37,1
,Lake Wales,16793,101,0,9,10,82,433,74,332,27,0
,Lake Worth,39844,276,2,29,90,155,907,102,702,103,2
,Largo,82167,297,2,50,32,213,1879,98,1781,0,7
,Lighthouse Point,10283,8,0,2,0,6,143,9,112,22,0
,Longboat Key,7648,4,0,2,0,2,58,3,54,1,0
,Longwood,14999,50,1,8,12,29,304,35,234,35,1
,Loxatachee Groves,3425,10,0,2,2,6,73,6,55,12,1
,Maitland,18471,32,0,4,3,25,328,50,243,35,0
,Manalapan,415,0,0,0,0,0,9,0,7,2,0
,Mangonia Park,2112,39,0,3,7,29,141,13,112,16,1
,Marco Island,16137,14,0,3,0,11,84,1,77,6,0
,Marianna,6253,74,0,6,3,65,167,40,111,16,2
,Mascotte,7972,33,0,6,4,23,90,30,53,7,0
,Melbourne Beach,3231,2,0,0,0,2,25,4,19,2,0
,Miami Beach,79031,849,5,109,243,492,6763,497,5848,418,14
,Milton,10755,13,0,2,2,9,186,42,113,31,0
,Naples,19668,21,0,4,1,16,306,22,252,32,0
,Neptune Beach,6971,9,0,0,3,6,83,6,70,7,0
,New Port Richey,17249,121,0,10,13,98,436,85,317,34,5
,New Smyrna Beach,31839,53,0,0,6,47,269,39,202,28,1
,North Miami,58502,438,6,22,100,310,1658,158,1297,203,5
,North Port,84459,101,2,24,7,68,797,91,682,24,19
,Ocean Ridge,1824,4,0,1,1,2,18,4,12,2,0
,Orange City,14880,39,0,4,4,31,391,23,340,28,2
,Orlando,310713,2597,32,226,426,1913,12517,1398,9861,1258,22
,Ormond Beach,43860,79,0,11,9,59,814,138,605,71,0
,Oviedo,39027,35,0,12,8,15,237,39,195,3,0
,Pahokee,5356,44,3,2,6,33,120,18,88,14,0
,Palatka,10599,60,1,1,3,55,367,17,328,22,1
,Palm Beach Shores,1320,3,0,0,1,2,35,6,29,0,0
,Palmetto,13621,63,2,6,11,44,352,44,276,32,0
,Panama City,35384,240,1,43,17,179,1029,168,783,78,3
,Parker,5096,14,0,1,0,13,82,15,66,1,1
,Pinellas Park,53045,153,2,22,36,93,1650,170,1350,130,7
,Plantation,94014,249,3,10,63,173,2355,193,1881,281,1
,Plant City,39615,214,4,2,19,189,777,116,583,78,3
,Ponce Inlet,3436,2,1,1,0,0,14,3,10,1,0
,Port Orange,64037,29,5,2,4,18,838,79,703,56,2
,Port St. Lucie,228855,267,6,23,30,208,1743,170,1487,86,2
,Riviera Beach,38554,345,11,23,47,264,1147,165,872,110,2
,Royal Palm Beach,38988,82,0,18,6,58,503,19,458,26,5
,Sanford,60602,351,6,42,61,242,1797,310,1397,90,1
,Sarasota,55380,365,7,25,75,258,1741,231,1327,183,4
,Satellite Beach,11288,12,1,2,2,7,98,17,79,2,0
,Sea Ranch Lakes,534,0,0,0,0,0,16,0,15,1,0
,Sebastian,26258,17,0,0,0,17,239,21,214,4,0
,Sneads,1748,3,0,0,0,3,4,3,1,0,0
,South Bay,4453,43,2,7,4,30,64,14,42,8,0
,South Daytona,13712,26,0,0,3,23,185,62,104,19,1
,South Miami,11597,65,0,7,14,44,287,25,262,0,0
,South Palm Beach,1450,0,0,0,0,0,9,0,8,1,0
,Springfield,8044,60,0,14,4,42,202,42,149,11,2
,St. Augustine,14875,50,0,6,5,39,389,27,345,17,0
,St. Augustine Beach,7100,2,0,0,0,2,38,1,37,0,0
,St. Cloud,64799,151,0,20,9,122,651,106,509,36,2
,St. Petersburg,257745,1622,16,100,202,1304,6864,771,5253,840,18
,Sunny Isles Beach,21908,19,0,5,5,9,262,14,248,0,0
,Surfside,5418,5,0,1,2,2,118,8,101,9,1
,Tampa,390145,1938,43,133,315,1447,6530,756,5064,710,36
,Tavares,20241,12,1,2,2,7,93,16,72,5,0
,Temple Terrace,27392,81,7,12,9,53,505,89,369,47,2
,Titusville,48979,264,10,40,20,194,879,143,660,76,7
,Trenton,2117,4,0,0,0,4,29,8,20,1,0
,Virginia Gardens,2251,2,0,0,2,0,25,2,20,3,0
,Wauchula,4993,21,0,2,2,17,76,17,58,1,0
,Wellington,61119,79,0,17,4,58,604,34,527,43,1
,Westlake,1075,7,0,0,2,5,39,4,35,0,0
,West Melbourne,29221,68,0,5,9,54,391,44,325,22,1
,West Miami,6911,16,0,0,1,15,71,9,54,8,0
,Winter Haven,54905,174,2,50,7,115,903,125,707,71,5
,Winter Park,28582,87,0,15,17,55,559,77,439,43,0
,Zephyrhills,19106,28,0,3,3,22,614,67,513,34,0
GEORGIA,Acworth,22170,25,2,4,5,14,277,10,258,9,0
,Adairsville,5063,10,0,3,1,6,92,5,83,4,0
,Alapaha,479,0,0,0,0,0,5,3,2,0,0
,Albany,68613,229,16,15,10,188,519,47,400,72,4
,Alma,3370,11,0,0,2,9,68,15,51,2,0
,Alpharetta,66629,183,0,13,6,164,868,56,771,41,0
,Alto,993,2,0,1,0,1,4,0,4,0,0
,Americus,15808,197,2,7,12,176,579,74,473,32,3
,Arcade,1948,2,0,0,0,2,47,10,34,3,0
,Athens-Clarke County,128177,763,4,153,67,539,3374,424,2605,345,27
,Atlanta,495707,4167,168,157,711,3131,18579,1839,13437,3303,18
,Bainbridge,14112,94,5,13,11,65,564,129,408,27,7
,Ball Ground,2876,0,0,0,0,0,3,0,3,0,0
,Barnesville,6449,6,0,0,1,5,31,4,24,3,0
,Bartow,182,0,0,0,0,0,0,0,0,0,0
,Baxley,5016,39,2,4,4,29,265,41,210,14,1
,Blackshear,3572,4,0,2,1,1,103,19,75,9,0
,Blairsville,538,3,0,0,0,3,19,0,19,0,0
,Blakely,5139,80,1,4,4,71,104,20,74,10,1
,Bloomingdale,2849,9,0,0,0,9,43,8,26,9,0
,Blythe,747,0,0,0,0,0,0,0,0,0,0
,Boston,1212,2,0,0,0,2,10,0,8,2,0
,Braselton,15203,3,0,0,0,3,148,16,119,13,1
,Bremen,7683,9,0,4,1,4,187,8,173,6,0
,Brookhaven,55614,258,7,28,65,158,1253,154,974,125,7
,Brooklet,2015,0,0,0,0,0,4,0,4,0,0
,Broxton,1074,2,0,0,0,2,6,1,5,0,0
,Brunswick,14650,204,3,16,58,127,811,108,647,56,0
,Byron,5953,7,1,0,1,5,134,11,112,11,0
,Cairo,9864,35,1,4,5,25,229,28,192,9,0
,Calhoun,17585,54,0,6,2,46,464,33,409,22,0
,Camilla,5001,11,0,0,2,9,100,13,76,11,0
,Canon,666,1,0,0,0,1,2,0,1,1,0
,Carrollton,27844,104,0,9,10,85,736,53,651,32,1
,Cartersville,23293,112,1,37,4,70,543,36,469,38,12
,Cave Spring,1195,0,0,0,0,0,25,8,16,1,0
,Cecil,287,1,0,0,0,1,6,2,4,0,0
,Cedartown,10397,62,3,13,6,40,237,19,202,16,0
,Centerville,8230,11,0,0,2,9,108,10,88,10,1
,Chamblee,29393,155,1,8,22,124,676,61,535,80,0
,Chatsworth,4775,3,0,0,0,3,33,5,25,3,0
,Chickamauga,3223,1,0,0,0,1,30,6,24,0,1
,Clarkston,14368,69,3,3,30,33,333,60,234,39,1
,Claxton,2549,15,1,2,1,11,113,24,82,7,1
,Clayton,2064,5,0,2,1,2,107,10,67,30,0
,Cleveland,3537,10,0,4,1,5,78,11,63,4,0
,Cochran,5077,11,1,0,1,9,120,25,90,5,0
,College Park,13917,217,11,13,54,139,1002,115,678,209,1
,Columbus,204986,1292,19,54,157,1062,4819,631,3602,586,6
,Coolidge,534,1,0,0,0,1,7,0,7,0,0
,Cordele,9929,170,3,3,11,153,473,70,377,26,8
,Covington,14549,109,2,8,4,95,535,58,429,48,0
,Dallas,14801,32,1,5,1,25,140,14,113,13,0
,Dalton,34276,127,2,18,23,84,845,79,699,67,8
,Danielsville,677,1,0,0,0,1,8,1,6,1,0
,Davisboro,1854,0,0,0,0,0,0,0,0,0,0
,Dawson,4229,17,0,3,2,12,46,10,31,5,0
,Decatur,24259,32,1,8,10,13,659,44,573,42,1
,Demorest,1927,2,0,1,0,1,14,4,9,1,0
,Doerun,713,1,0,1,0,0,7,1,4,2,0
,Donalsonville,2834,4,0,0,0,4,24,3,20,1,0
,Doraville,11185,50,1,2,14,33,518,53,395,70,0
,Douglas,11762,11,0,0,0,11,24,0,23,1,0
,Douglasville,36331,239,3,24,21,191,1835,112,1615,108,2
,Duluth,31836,39,0,6,2,31,389,41,331,17,0
,Dunwoody ,50271,125,3,10,27,85,1481,133,1256,92,0
,East Ellijay,1135,2,0,0,0,2,78,0,78,0,0
,Eastman,5538,28,1,0,1,26,259,40,217,2,1
,Eatonton,6568,17,0,2,1,14,124,2,119,3,0
,Edison,1237,2,0,1,0,1,25,6,17,2,0
,Elberton,4719,40,0,7,0,33,140,21,112,7,1
,Ellaville,1521,1,0,1,0,0,11,0,10,1,0
,Ellijay,1861,1,0,0,0,1,42,5,35,2,0
,Emerson,1451,5,0,2,1,2,24,1,18,5,0
,Enigma,1066,1,0,0,0,1,17,5,12,0,0
,Eton,825,0,0,0,0,0,7,1,6,0,0
,Euharlee,4345,1,0,1,0,0,24,2,22,0,1
,Fairburn,16710,53,0,1,6,46,221,19,175,27,0
,Fayetteville,19619,32,0,7,8,17,465,23,422,20,0
,Fitzgerald,8960,102,1,4,2,95,358,39,291,28,1
,Flowery Branch,10843,10,0,2,1,7,124,24,95,5,0
,Folkston,4457,6,0,0,0,6,57,16,37,4,0
,Forest Park,19605,176,2,15,45,114,947,121,674,152,2
,Fort Oglethorpe,10626,18,0,2,4,12,336,19,300,17,0
,Fort Valley,8946,107,5,2,12,88,306,49,219,38,0
,Franklin,926,1,0,0,1,0,14,0,13,1,0
,Franklin Springs,1125,0,0,0,0,0,0,0,0,0,0
,Gainesville,44314,247,3,33,29,182,1233,111,1009,113,9
,Garden City,10248,106,2,8,9,87,381,50,266,65,2
,Gordon,1767,4,2,0,0,2,24,9,14,1,0
,Grantville,3446,35,3,1,0,31,27,2,24,1,0
,Gray,3406,8,0,2,0,6,37,1,36,0,0
,Greensboro,3662,12,0,0,2,10,75,5,59,11,1
,Greenville,799,4,0,0,1,3,9,4,5,0,0
,Griffin,23862,319,7,14,9,289,857,117,661,79,0
,Grovetown,17161,23,0,7,2,14,118,11,98,9,1
,Guyton,2826,4,1,1,1,1,7,2,3,2,0
,Hagan,939,0,0,0,0,0,0,0,0,0,0
,Hahira,3442,5,1,1,0,3,11,1,9,1,0
,Hampton,8308,12,0,1,0,11,57,4,48,5,0
,Harlem,4130,1,0,0,0,1,8,0,8,0,0
,Hartwell,4567,13,2,0,1,10,163,12,148,3,0
,Hazlehurst,4079,8,1,0,1,6,113,15,90,8,1
,Helen,555,7,0,1,0,6,30,5,25,0,0
,Hephzibah,3778,1,0,0,0,1,81,12,54,15,1
,Hinesville,35443,220,1,17,13,189,939,86,786,67,8
,Hiram,5203,15,0,4,1,10,340,13,313,14,2
,Hoboken,484,0,0,0,0,0,0,0,0,0,0
,Hogansville,3180,11,1,2,1,7,24,5,18,1,1
,Holly Springs,18511,3,0,1,0,2,63,6,51,6,0
,Homerville,2309,8,0,1,0,7,12,3,9,0,0
,Jasper,4371,2,0,0,1,1,72,9,62,1,0
,Jefferson,14664,8,0,2,0,6,115,12,88,15,0
,Johns Creek,81964,34,1,4,2,27,389,53,315,21,1
,Kennesaw,32974,64,0,12,4,48,329,43,262,24,1
,Kingsland,19650,53,1,8,6,38,252,19,203,30,3
,Kingston,750,0,0,0,0,0,0,0,0,0,0
,LaGrange,32146,211,6,34,34,137,1404,199,1109,96,8
,Lake City,3042,8,0,0,3,5,73,4,46,23,0
,Lake Park,1406,1,0,1,0,0,17,2,13,2,0
,Lavonia,2170,9,0,0,1,8,88,10,71,7,0
,Lawrenceville,30618,114,1,10,16,87,599,62,488,49,2
,Leary,536,0,0,0,0,0,0,0,0,0,0
,Leesburg,3529,1,0,0,0,1,29,3,19,7,0
,Lilburn,15823,35,0,1,3,31,344,34,278,32,0
,Lithonia,2585,11,0,0,1,10,41,3,25,13,0
,Locust Grove,10394,31,1,1,8,21,429,31,373,25,0
,Loganville,15250,37,1,5,5,26,227,23,184,20,0
,Lookout Mountain,1664,0,0,0,0,0,6,0,6,0,0
,Louisville,2336,15,1,0,1,13,27,4,20,3,2
,Madison,5410,11,0,1,1,9,108,9,90,9,0
,Manchester,3563,17,1,3,1,12,65,11,40,14,0
,Marietta,62059,273,3,31,54,185,1534,168,1192,174,4
,Maysville,2051,0,0,0,0,0,1,1,0,0,0
,McDonough,31292,113,3,7,13,90,736,58,587,91,6
,McIntyre,568,0,0,0,0,0,4,0,2,2,0
,McRae-Helena,5873,18,0,0,0,18,33,18,14,1,0
,Metter,4001,18,0,3,5,10,83,29,40,14,1
,Milledgeville,17102,142,0,9,8,125,783,118,632,33,5
,Millen,2913,10,0,2,2,6,74,13,55,6,1
,Milton,41330,29,0,5,2,22,261,31,224,6,0
,Monroe,15569,51,1,12,2,36,467,42,407,18,2
,Montezuma,3056,8,0,0,0,8,31,11,19,1,1
,Morrow,6493,44,2,2,13,27,577,44,463,70,2
,Moultrie,14454,121,2,6,15,98,667,85,541,41,5
,Mount Zion,2021,2,0,1,0,1,13,0,11,2,0
,Nashville,4830,20,0,1,1,18,197,27,166,4,0
,Newington,289,0,0,0,0,0,10,2,7,1,0
,Newnan,43932,533,0,24,15,494,896,90,732,74,6
,Norcross,17731,88,2,10,17,59,617,64,487,66,1
,Ocilla,3714,21,0,0,2,19,63,7,53,3,1
,Oglethorpe,1006,6,0,0,0,6,2,1,1,0,0
,Omega,1289,3,0,0,2,1,24,3,21,0,0
,Oxford,2275,0,0,0,0,0,12,0,11,1,0
,Palmetto,5084,3,0,0,0,3,43,6,35,2,0
,Patterson,770,0,0,0,0,0,0,0,0,0,0
,Peachtree City,39301,12,2,1,4,5,401,67,309,25,3
,Pelham,3380,9,0,0,1,8,81,11,61,9,0
,Pendergrass ,1779,0,0,0,0,0,12,2,10,0,0
,Perry,23213,57,1,2,6,48,516,32,436,48,1
,Pine Mountain,1282,1,0,0,0,1,17,2,13,2,0
,Pooler,28328,61,0,7,11,43,667,49,561,57,0
,Port Wentworth,12684,19,2,1,0,16,230,22,166,42,1
,Quitman,4097,11,1,1,2,7,59,5,48,6,0
,Remerton,1279,7,0,1,1,5,28,3,23,2,0
,Richmond Hill,18421,29,2,5,3,19,189,17,148,24,0
,Rincon,11050,18,0,2,1,15,151,41,105,5,1
,Rockmart,4877,17,1,3,0,13,185,22,159,4,0
,Rome,37778,319,5,33,25,256,1479,155,1195,129,6
,Rossville,3995,18,0,2,1,15,121,18,88,15,1
,Roswell,92550,173,6,29,19,119,1118,110,915,93,3
,Sandersville,5540,7,0,0,0,7,29,2,23,4,0
,Sandy Springs,106747,148,4,25,29,90,1597,186,1258,153,6
,Senoia,5497,3,0,2,0,1,20,3,16,1,0
,Smyrna,55735,190,2,34,26,128,934,109,719,106,0
,Snellville,20988,38,4,7,3,24,469,22,422,25,0
,Social Circle,5252,31,0,0,0,31,71,14,55,2,0
,South Fulton,110102,1146,22,31,96,997,2905,284,1997,624,6
,Stapleton,392,0,0,0,0,0,0,0,0,0,0
,Statesboro,33590,102,2,14,21,65,733,101,589,43,4
,Stone Mountain,6541,26,0,2,4,20,140,23,92,25,0
,Summerville,4387,17,0,2,0,15,77,15,59,3,1
,Suwanee,22911,42,0,10,6,26,369,32,323,14,2
,Sylvania,2663,4,0,0,0,4,85,18,64,3,1
,Sylvester,5488,13,0,0,4,9,73,2,67,4,0
,Tallapoosa,3273,3,0,0,1,2,78,11,61,6,0
,Temple,6168,18,0,3,1,14,100,16,78,6,0
,Thomaston,9681,44,3,13,4,24,261,20,222,19,1
,Thomasville,18836,81,1,6,11,63,738,103,584,51,1
,Thunderbolt,2513,12,0,0,4,8,52,6,40,6,0
,Toccoa,9218,34,0,5,3,26,311,31,266,14,1
,Tunnel Hill,965,0,0,0,0,0,4,0,2,2,0
,Tybee Island,3075,7,0,0,0,7,81,5,68,8,2
,Tyrone,7917,4,0,0,0,4,38,1,34,3,0
,Valdosta,55666,195,14,16,48,117,1274,90,1058,126,2
,Vidalia,10656,80,3,2,8,67,548,86,425,37,3
,Wadley,1606,5,0,1,0,4,33,5,27,1,0
,Warner Robins,82409,591,12,25,78,476,3015,468,2291,256,25
,Warwick,496,2,0,0,0,2,2,1,1,0,0
,Waycross,13630,121,6,11,23,81,619,85,494,40,4
,Waynesboro,5576,47,1,1,2,43,151,29,113,9,0
,Winder,19401,68,0,3,5,60,317,29,260,28,1
,Woodstock,37325,36,0,8,5,23,406,15,372,19,2
,Zebulon,1289,2,0,0,0,2,10,3,7,0,0
HAWAII,Honolulu,994799,2521,25,297,833,1366,25649,2627,18400,4622,260
IDAHO,American Falls,4661,14,0,1,1,12,40,1,34,5,0
,Ashton,957,0,0,0,0,0,11,1,8,2,0
,Bellevue,2587,5,0,0,0,5,15,8,7,0,0
,Blackfoot,12437,43,1,5,1,36,275,95,159,21,4
,Boise,239074,591,3,186,46,356,2878,285,2327,266,26
,Bonners Ferry,2626,16,0,1,0,15,12,3,6,3,1
,Buhl,4744,6,1,0,0,5,31,4,26,1,1
,Caldwell,66940,297,3,48,1,245,875,107,629,139,8
,Challis,948,4,0,1,0,3,7,1,5,1,0
,Chubbuck,15970,41,1,4,4,32,405,40,348,17,1
,Coeur d'Alene,57061,176,1,54,14,107,580,72,472,36,9
,Cottonwood,875,0,0,0,0,0,1,0,1,0,0
,Emmett,8007,50,0,13,0,37,70,13,51,6,1
,Filer,2888,2,0,0,0,2,26,7,19,0,0
,Fruitland,6823,8,0,2,1,5,48,19,24,5,0
,Garden City,12279,86,0,14,3,69,240,57,169,14,1
,Gooding,3741,9,0,0,1,8,45,5,39,1,2
,Grangeville,3540,4,0,2,0,2,19,5,12,2,0
,Hagerman,989,1,0,1,0,0,7,0,7,0,0
,Hailey,9789,21,0,7,0,14,42,14,22,6,0
,Heyburn,3684,17,1,5,1,10,37,1,31,5,0
,Homedale,3095,15,0,1,0,14,42,17,18,7,0
,Idaho Falls,68162,237,2,38,9,188,935,305,529,101,4
,Jerome,12806,48,0,13,1,34,133,11,106,16,1
,Kellogg,2443,10,0,0,0,10,19,4,14,1,0
,Ketchum,3606,10,0,2,0,8,36,3,31,2,0
,Kimberly,5025,6,0,2,0,4,32,17,7,8,1
,Lewiston,34711,63,1,19,2,41,916,171,673,72,5
,McCall,4007,11,0,2,0,9,54,8,39,7,0
,Meridian,132522,186,0,41,12,133,836,85,698,53,10
,Middleton,10845,25,1,8,0,16,84,28,52,4,0
,Montpelier,2720,6,0,0,0,6,34,14,18,2,0
,Moscow,26240,24,4,4,0,16,338,59,270,9,3
,Mountain Home,16357,43,0,10,0,33,159,21,127,11,3
,Nampa,111501,392,5,105,11,271,1413,140,1126,147,10
,Orofino,3310,12,0,0,1,11,15,5,10,0,0
,Osburn,1670,2,0,1,0,1,5,4,1,0,0
,Payette,8657,22,0,1,0,21,74,7,60,7,2
,Pinehurst,1784,1,0,1,0,0,5,1,4,0,0
,Pocatello,57914,238,0,24,5,209,781,173,524,84,3
,Ponderay,1653,0,0,0,0,0,23,0,20,3,0
,Post Falls,46306,90,1,9,4,76,485,87,362,36,0
,Preston,5932,8,0,2,1,5,35,0,33,2,0
,Priest River,1810,3,0,0,1,2,12,1,9,2,0
,Rexburg,35711,34,1,10,0,23,151,11,136,4,1
,Rigby,5428,4,0,1,0,3,48,7,38,3,0
,Rupert,6107,16,0,1,2,13,71,9,55,7,0
,Salmon,3274,20,0,0,0,20,13,1,12,0,0
,Sandpoint,9429,7,1,0,0,6,99,27,63,9,2
,Shelley,5232,4,0,1,0,3,42,11,27,4,0
,Soda Springs,3146,11,0,3,0,8,21,3,16,2,0
,Spirit Lake,2578,3,0,1,0,2,20,6,13,1,1
,St. Anthony,3809,5,0,1,0,4,12,2,10,0,0
,Sun Valley,1828,1,0,0,0,1,4,0,4,0,0
,Twin Falls,54648,243,2,36,6,199,793,72,637,84,2
,Weiser,5986,8,0,0,0,8,17,14,3,0,0
,Wendell,2940,10,0,0,0,10,16,4,11,1,0
,Wilder,1720,6,0,2,0,4,18,7,8,3,0
ILLINOIS2,Albers,1090,0,0,0,0,0,0,0,0,0,0
,Aledo,3602,1,0,0,0,1,24,3,20,1,0
,Algonquin,30212,15,0,7,1,7,293,21,258,14,4
,Alsip,18246,61,0,16,24,21,511,48,366,97,6
,Altamont,2171,3,0,3,0,0,12,1,10,1,1
,Alton,25212,229,1,51,24,153,787,122,509,156,10
,Anna,4096,8,0,1,1,6,87,10,66,11,0
,Annawan,874,3,0,2,0,1,5,1,4,0,0
,Arcola,2874,1,0,0,1,0,14,0,14,0,0
,Arlington Heights,74648,54,0,17,7,30,803,80,693,30,7
,Arthur,2227,3,0,1,0,2,14,2,9,3,0
,Assumption,1172,1,0,0,0,1,2,1,0,1,0
,Atwood,1116,3,0,1,0,2,19,12,7,0,0
,Auburn,4463,4,0,2,0,2,25,9,16,0,0
,Bannockburn,1000,2,0,1,0,1,27,8,19,0,0
,Barrington,10614,9,0,4,0,5,54,4,42,8,0
,Barrington Hills,4024,2,0,1,0,1,30,5,20,5,0
,Bartonville,5789,28,0,4,3,21,127,25,93,9,0
,Batavia,26088,26,0,8,2,16,276,32,230,14,0
,Beckemeyer,908,0,0,0,0,0,2,0,2,0,0
,Beecher,4675,2,0,1,1,0,20,6,13,1,0
,Belleville,41291,164,2,34,12,116,571,88,392,91,10
,Bellwood,17972,64,1,3,17,43,308,32,174,102,4
,Berwyn,54654,72,0,2,23,47,416,38,287,91,6
,Bethalto,9311,16,0,6,0,10,40,5,30,5,0
,Bethany,1249,2,0,0,0,2,9,3,5,1,0
,Blue Island,21577,126,2,13,28,83,627,87,338,202,7
,Bluffs,598,0,0,0,0,0,0,0,0,0,0
,Bolingbrook,73364,162,5,40,24,93,561,60,436,65,3
,Braidwood,6176,8,0,4,0,4,39,8,26,5,0
,Breese,4588,0,0,0,0,0,14,1,12,1,0
,Buffalo Grove,42468,16,4,2,4,6,260,29,216,15,2
,Burbank,28271,49,0,6,19,24,394,39,293,62,4
,Calumet Park,6711,66,4,2,24,36,292,41,153,98,0
,Campton Hills,10802,0,0,0,0,0,1,1,0,0,0
,Carbondale,21612,170,4,33,22,111,680,131,498,51,15
,Carlinville,5500,14,0,1,0,13,159,18,135,6,0
,Carlyle,3200,6,0,2,0,4,46,14,31,1,0
,Catlin,1944,0,0,0,0,0,6,4,2,0,0
,Champaign,89815,580,7,56,50,467,1547,174,1339,34,13
,Channahon,14006,16,0,8,0,8,73,8,54,11,0
,Chatham,14420,7,0,2,1,4,106,14,80,12,0
,Chenoa,3121,2,0,1,0,1,3,1,1,1,0
,Cherry,422,0,0,0,0,0,0,0,0,0,0
,Cherry Valley,2880,9,1,1,3,4,144,5,128,11,0
,Chicago,2652124,14321,604,1374,8948,3395,83090,7626,54273,21191,152
,Chicago Heights,26393,502,5,20,96,381,704,122,457,125,8
,Chicago Ridge,13867,30,1,7,8,14,293,24,242,27,3
,Chillicothe,5980,22,0,0,2,20,104,27,72,5,3
,Cicero,81492,234,3,8,88,135,1122,231,633,258,8
,Clinton,6862,10,0,1,1,8,80,19,59,2,0
,Coal City,5800,2,0,1,0,1,27,5,16,6,0
,Coal Valley,3820,4,0,0,1,3,33,3,27,3,0
,Colchester,1058,0,0,0,0,0,9,3,5,1,0
,Collinsville,24131,55,0,23,3,29,463,69,363,31,1
,Colona,5009,10,1,7,0,2,85,21,56,8,4
,Cortland,4404,0,0,0,0,0,32,0,32,0,0
,Coulterville,832,1,0,1,0,0,0,0,0,0,0
,Countryside,6159,7,0,2,0,5,179,27,132,20,0
,Crest Hill,20197,53,1,16,7,29,215,23,160,32,1
,Crestwood,10507,13,1,0,6,6,196,10,164,22,0
,Crete,8371,14,0,2,1,11,71,9,59,3,1
,Danville,28480,500,4,42,35,419,1373,287,1015,71,16
,Decatur,68789,485,16,54,70,345,1702,418,1014,270,38
,Deerfield,18981,7,0,6,1,0,180,17,158,5,0
,DeKalb,40555,222,1,65,31,125,1046,80,906,60,8
,Des Plaines,58425,69,0,9,14,46,708,120,545,43,6
,Dixon,15396,18,0,5,1,12,90,12,76,2,4
,Dupo,3896,9,0,2,2,5,63,7,43,13,1
,Durand,1387,0,0,0,0,0,7,0,7,0,0
,Dwight,3989,4,0,0,1,3,22,3,19,0,0
,East Dundee,3091,10,0,1,0,9,70,2,54,14,0
,East Hazel Crest,1237,4,1,3,0,0,38,1,29,8,0
,East Peoria,22130,64,0,23,9,32,591,62,497,32,1
,Edwardsville,25117,16,0,3,0,13,196,6,173,17,2
,Effingham,12188,38,0,9,3,26,333,40,281,12,2
,Elburn,6368,3,0,3,0,0,23,0,23,0,0
,Eldorado,3644,8,0,0,0,8,0,0,0,0,0
,Elgin,113205,215,3,87,31,94,851,108,660,83,6
,Elk Grove Village,31479,41,0,12,5,24,541,53,450,38,2
,Ellis Grove,319,0,0,0,0,0,0,0,0,0,0
,Elmwood Park,23485,33,0,7,12,14,284,44,203,37,3
,Elwood,2208,5,0,1,1,3,16,2,12,2,0
,Evanston,76259,135,2,29,78,26,1869,270,1452,147,10
,Evergreen Park,19103,29,0,5,13,11,899,21,828,50,4
,Fairbury,3585,0,0,0,0,0,2,1,1,0,1
,Fairmont City,2211,7,0,2,2,3,29,5,20,4,0
,Fairmount,593,1,0,0,0,1,2,1,1,0,0
,Fairview Heights,16270,50,0,11,4,35,512,60,412,40,0
,Farmer City,1803,2,0,1,0,1,17,1,15,1,0
,Findlay,650,0,0,0,0,0,2,2,0,0,0
,Fithian,474,0,0,0,0,0,2,1,1,0,0
,Flossmoor,9281,11,0,3,1,7,112,10,89,13,0
,Forest Park,13740,65,0,8,28,29,489,58,339,92,2
,Fox Lake,10876,30,0,4,5,21,179,21,148,10,0
,Fox River Grove,4684,0,0,0,0,0,30,1,29,0,0
,Frankfort,20666,9,0,6,1,2,145,17,121,7,0
,Franklin Park,18230,32,0,4,8,20,238,38,153,47,3
,Freeport,23411,74,2,18,13,41,306,86,194,26,2
,Fulton,3609,6,0,1,0,5,15,2,13,0,0
,Geneseo,6488,15,0,1,1,13,78,2,74,2,0
,Geneva,21152,19,0,7,2,10,133,8,122,3,1
,Germantown,1312,1,0,1,0,0,5,1,3,1,0
,Gilberts,8339,1,0,0,1,0,27,7,20,0,0
,Glen Carbon,13822,10,0,9,0,1,166,7,153,6,0
,Glencoe,8567,3,0,3,0,0,71,12,54,5,0
,Glenview,47092,56,0,8,7,41,619,83,505,31,3
,Glenwood,8317,29,3,5,10,11,168,14,101,53,1
,Golf,501,0,0,0,0,0,0,0,0,0,0
,Grand Ridge,509,0,0,0,0,0,1,0,1,0,0
,Granite City,27273,178,2,55,15,106,697,145,445,107,21
,Grayslake,24519,45,1,17,1,26,241,27,192,22,2
,Grayville,1512,1,0,0,0,1,22,9,12,1,0
,Greenfield,1028,1,0,1,0,0,4,1,2,1,1
,Greenville,6480,7,0,0,1,6,51,9,38,4,0
,Gurnee,30361,34,1,7,5,21,768,44,645,79,3
,Hampshire,7881,4,0,1,0,3,22,2,17,3,0
,Harrisburg,8020,6,0,1,1,4,10,1,9,0,0
,Harvard,9461,10,0,3,1,6,82,5,69,8,0
,Havana,2868,5,0,2,0,3,71,7,61,3,0
,Hazel Crest,12849,94,3,9,24,58,440,33,250,157,5
,Henning,205,0,0,0,0,0,2,0,2,0,0
,Henry,2308,4,0,1,0,3,9,0,7,2,0
,Heyworth,2762,0,0,0,0,0,6,1,5,0,0
,Highland,10026,9,0,5,0,4,71,15,52,4,0
,Highland Park,30173,20,2,5,3,10,352,61,277,14,4
,Hillsboro,5860,6,0,3,1,2,49,14,33,2,1
,Hodgkins,1452,2,0,0,0,2,169,4,152,13,0
,Hoffman Estates,50385,50,0,18,12,20,480,58,376,46,0
,Homer Glen,24524,11,0,3,0,8,92,26,59,7,0
,Homewood,18634,35,1,3,17,14,693,33,599,61,1
,Hoopeston,4782,23,0,1,2,20,77,23,45,9,8
,Hopedale,809,0,0,0,0,0,0,0,0,0,0
,Hudson,1733,0,0,0,0,0,0,0,0,0,0
,Huntley,28223,17,0,8,0,9,175,56,116,3,0
,Indianola,223,0,0,0,0,0,0,0,0,0,0
,Inverness,7314,2,1,0,0,1,19,12,6,1,0
,Jacksonville,17731,42,0,11,10,21,382,67,283,32,7
,Jerseyville,8271,12,0,8,0,4,111,12,91,8,2
,Johnsburg,6395,6,0,0,0,6,55,0,54,1,0
,Joliet,150545,770,2,81,53,634,1534,184,1200,150,7
,Kenilworth,2404,0,0,0,0,0,8,1,7,0,0
,Kildeer,4240,2,0,0,0,2,35,8,27,0,0
,Kincaid,1379,0,0,0,0,0,0,0,0,0,0
,Kingston,1099,0,0,0,0,0,3,0,3,0,0
,Lacon,1857,5,0,1,0,4,1,0,1,0,0
,La Grange,15699,5,0,1,3,1,119,14,100,5,2
,La Grange Park,12992,6,0,4,2,0,97,11,84,2,1
,Lake Forest,19201,3,0,1,0,2,129,36,84,9,1
,Lake in the Hills,28961,16,0,9,0,7,84,17,64,3,0
,Lakemoor,6285,5,0,2,1,2,76,3,69,4,0
,Lake Zurich,19571,11,0,3,1,7,250,22,222,6,1
,Lanark,1592,0,0,0,0,0,7,0,7,0,0
,Lansing,27828,106,1,19,52,34,754,172,406,176,3
,La Salle,9450,6,0,0,1,5,15,3,10,2,0
,Leland,927,0,0,0,0,0,1,1,0,0,0
,Lemont,17394,9,0,1,0,8,83,22,46,15,0
,Le Roy,3448,3,0,2,0,1,23,3,20,0,1
,Libertyville,20434,6,0,1,1,4,41,8,26,7,1
,Lincoln,13119,14,0,0,1,13,85,17,63,5,0
,Lincolnshire,7931,3,0,2,0,1,57,11,40,6,1
,Lindenhurst,14242,11,1,2,0,8,44,8,28,8,1
,Litchfield,6705,30,0,4,0,26,300,43,242,15,3
,Lockport,26079,14,0,8,0,6,156,9,134,13,1
,Loves Park,23222,79,3,17,10,49,342,45,256,41,3
,Lovington,1061,1,0,0,0,1,15,5,7,3,0
,Machesney Park,22558,55,0,13,1,41,241,28,197,16,0
,Mackinaw,1851,1,0,1,0,0,28,3,23,2,0
,Mahomet,9709,17,0,1,1,15,53,7,37,9,0
,Manhattan,10569,5,0,3,0,2,33,3,27,3,0
,Manito,1511,1,0,1,0,0,8,1,7,0,0
,Maple Park,1506,0,0,0,0,0,3,1,2,0,0
,Marseilles,4785,9,0,5,2,2,18,2,13,3,0
,Marshall,3867,8,0,0,0,8,38,12,22,4,0
,Maryville,8194,11,1,3,0,7,37,5,29,3,0
,Mascoutah,8622,6,0,1,1,4,34,9,24,1,0
,Mason City,2011,1,0,1,0,0,6,3,2,1,0
,McHenry,27610,18,0,8,1,9,202,13,180,9,2
,McLeansboro,2586,3,0,0,0,3,3,2,1,0,0
,McNabb,269,0,0,0,0,0,0,0,0,0,0
,Melrose Park,23739,69,0,16,18,35,405,25,304,76,0
,Metropolis,5849,20,0,4,1,15,178,26,135,17,2
,Midlothian,13721,28,0,4,7,17,262,19,198,45,0
,Milan,4994,13,0,6,1,6,131,17,86,28,1
,Milledgeville,1082,0,0,0,0,0,5,2,3,0,0
,Millstadt,3986,2,0,1,1,0,9,1,8,0,0
,Mokena,19829,11,0,3,3,5,155,22,121,12,0
,Moline,42009,210,1,41,11,157,1190,183,831,176,11
,Monee,5090,9,0,1,0,8,127,10,107,10,0
,Monmouth,8652,19,1,2,0,16,123,13,93,17,0
,Montgomery,22257,43,3,21,5,14,219,13,189,17,0
,Morris,14511,28,1,13,2,12,202,24,171,7,0
,Morrison,4027,13,0,2,0,11,19,3,14,2,0
,Morton,17169,28,0,11,1,16,182,18,152,12,0
,Morton Grove,24238,25,0,1,2,22,318,79,223,16,2
,Mount Carmel,6733,21,0,5,0,16,24,5,18,1,0
,Mount Carroll,1512,2,0,0,2,0,5,0,5,0,0
,Mount Prospect,54477,38,1,11,6,20,517,50,435,32,2
,Mount Pulaski,1516,1,0,0,1,0,1,0,0,1,0
,Mount Zion,5867,7,0,4,1,2,44,3,38,3,0
,Mundelein,31561,19,0,3,4,12,279,29,223,27,1
,Murphysboro,6973,33,0,8,2,23,199,26,166,7,0
,Naperville,148929,78,3,38,14,23,1212,95,1063,54,4
,Neoga,1367,4,0,0,1,3,7,3,4,0,0
,New Athens,1902,0,0,0,0,0,4,0,3,1,0
,New Baden,3362,3,0,2,0,1,12,0,12,0,0
,New Lenox,27699,20,0,13,4,3,246,21,214,11,0
,Newman,761,0,0,0,0,0,6,1,4,1,1
,Niles,29784,31,0,6,7,18,718,78,605,35,0
,Normal,53613,122,0,28,16,78,723,46,644,33,3
,Northfield,5534,1,0,1,0,0,66,18,43,5,0
,Oak Lawn,55957,67,0,18,22,27,855,74,659,122,2
,Oak Park,52152,171,3,33,81,54,1571,168,1145,258,0
,Oakwood,1296,0,0,0,0,0,17,2,14,1,0
,O'Fallon,32250,50,1,17,3,29,360,33,292,35,0
,Oglesby,3638,2,0,2,0,0,9,1,7,1,0
,Olney,8681,18,1,3,0,14,146,25,118,3,0
,Olympia Fields,4573,5,0,3,1,1,169,15,142,12,0
,Onarga,1308,0,0,0,0,0,0,0,0,0,0
,Oswego,35932,32,0,15,2,15,186,11,161,14,5
,Ottawa,18696,33,0,11,4,18,135,20,104,11,2
,Palatine,65078,71,3,20,8,40,514,55,423,36,5
,Palestine,1224,1,0,0,0,1,6,0,4,2,1
,Palos Heights,11602,8,0,1,2,5,100,7,78,15,1
,Palos Hills,17790,12,0,1,1,10,82,17,54,11,0
,Palos Park,4819,0,0,0,0,0,21,4,17,0,0
,Park Forest,20896,65,4,8,17,36,287,26,171,90,4
,Pecatonica,2044,1,0,0,0,1,11,2,9,0,0
,Pekin,31252,103,5,45,4,49,712,88,586,38,2
,Peoria,110551,1314,24,103,121,1066,3469,679,2188,602,62
,Peoria Heights,5764,40,0,6,4,30,154,27,109,18,0
,Peotone,4209,1,0,0,1,0,23,3,19,1,0
,Peru,9793,8,0,3,0,5,135,3,127,5,0
,Phoenix,1634,8,0,0,2,6,29,0,17,12,0
,Pingree Grove,11078,5,0,3,0,2,19,0,17,2,0
,Pittsfield,4182,5,0,2,0,3,42,9,32,1,0
,Plainfield,46004,37,1,25,3,8,311,34,246,31,0
,Plano,12474,15,0,6,1,8,76,0,76,0,0
,Pleasant Hill,915,0,0,0,0,0,0,0,0,0,0
,Polo,2246,2,0,2,0,0,4,3,1,0,0
,Pontiac,11333,31,0,19,1,11,94,12,79,3,1
,Potomac,669,0,0,0,0,0,1,0,1,0,0
,Princeton,7630,5,0,1,0,4,100,2,93,5,1
,Prophetstown,1922,0,0,0,0,0,2,0,2,0,0
,Prospect Heights,15404,22,0,5,3,14,157,12,130,15,2
,Rantoul,11971,73,5,18,3,47,266,57,207,2,4
,River Forest,11403,6,0,0,6,0,170,13,146,11,0
,River Grove,10504,9,0,2,3,4,123,18,88,17,1
,Riverwoods,3744,1,0,1,0,0,17,7,9,1,0
,Robinson,7189,28,0,9,0,19,94,17,70,7,3
,Rochester,3827,7,0,1,0,6,14,2,11,1,0
,Rock Falls,8687,44,0,10,2,32,237,38,182,17,3
,Rockford,146710,2098,16,128,202,1752,3866,626,2470,770,53
,Rock Island,36235,204,11,3,13,177,939,164,586,189,7
,Rockton,7738,7,0,1,0,6,86,6,78,2,0
,Rolling Meadows,23453,37,0,7,4,26,344,51,267,26,1
,Romeoville,41069,61,0,12,8,41,349,26,275,48,0
,Roscoe,10815,6,1,2,0,3,59,9,46,4,0
,Rosemont,3779,23,3,5,7,8,327,11,281,35,0
,Rossville,1187,2,0,1,0,1,3,1,2,0,0
,Round Lake Beach,26928,29,4,7,3,15,182,20,140,22,1
,Roxana,1438,1,0,0,0,1,12,4,7,1,0
,Ruma ,308,0,0,0,0,0,0,0,0,0,0
,Salem,7136,36,0,15,1,20,128,19,101,8,0
,Sandwich,7167,1,0,0,0,1,5,2,3,0,0
,San Jose,462,0,0,0,0,0,0,0,0,0,0
,Schaumburg,75745,69,0,22,17,30,1613,77,1441,95,3
,Sherman,4603,0,0,0,0,0,17,1,16,0,0
,Shiloh,14616,15,0,6,0,9,131,9,75,47,0
,Shorewood,18326,12,0,4,3,5,118,9,99,10,0
,Sidell,476,0,0,0,0,0,0,0,0,0,0
,Silvis,7922,28,0,3,1,24,292,52,219,21,1
,Skokie,65185,135,1,23,32,79,1540,220,1221,99,3
,Sleepy Hollow,3160,2,0,0,0,2,8,0,6,2,0
,Somonauk,1774,2,0,1,0,1,9,0,9,0,0
,South Barrington,4973,0,0,0,0,0,88,12,73,3,1
,South Beloit,7893,19,1,4,2,12,92,15,56,21,0
,South Chicago Heights,3848,23,0,4,4,15,92,8,60,24,1
,South Elgin,23995,24,0,18,1,5,122,8,98,16,0
,Southern View,1553,6,0,1,1,4,53,15,37,1,0
,South Holland,20626,83,4,21,25,33,416,31,262,123,2
,South Roxana,1884,4,0,1,0,3,11,4,5,2,0
,Sparta,4681,17,0,3,0,14,32,4,28,0,0
,Springfield,112549,867,7,96,147,617,4777,909,3361,507,25
,Spring Valley,5415,6,0,4,1,1,56,9,44,3,0
,Stanford,590,0,0,0,0,0,10,3,6,1,0
,St. Anne,1111,3,0,0,0,3,18,3,14,1,0
,St. Charles,32973,43,0,15,9,19,397,36,347,14,2
,Steger,9325,34,1,7,8,18,159,13,112,34,0
,Sterling,14681,51,0,25,3,23,226,25,182,19,0
,Stickney,6841,5,0,0,1,4,62,15,44,3,0
,Stone Park,4386,4,0,0,0,4,4,0,4,0,0
,Streamwood,37923,69,2,13,11,43,298,53,215,30,0
,Streator,12303,13,0,2,2,9,84,5,74,5,0
,Sullivan,4385,9,0,0,0,9,8,0,7,1,1
,Swansea,14068,14,0,1,0,13,186,28,129,29,1
,Sycamore,18673,28,0,8,3,17,220,8,208,4,0
,Thornton,2289,1,0,1,0,0,37,8,26,3,0
,Tilton,2584,8,0,2,1,5,109,19,85,5,0
,Tinley Park,53973,41,1,9,14,17,663,44,516,103,1
,Tolono,3489,3,0,1,0,2,46,2,42,2,1
,Toluca,1333,0,0,0,0,0,10,2,8,0,0
,Trenton,2630,0,0,0,0,0,2,0,2,0,0
,Troy,11260,12,1,3,1,7,56,9,40,7,1
,Tuscola,4656,7,0,0,0,7,21,3,17,1,2
,Union,552,0,0,0,0,0,3,0,3,0,0
,University Park,7038,24,2,5,5,12,108,6,57,45,0
,Valmeyer,1216,0,0,0,0,0,2,0,2,0,0
,Vandalia,6812,0,0,0,0,0,82,13,61,8,0
,Vernon Hills,26717,28,0,7,6,15,338,27,296,15,1
,Villa Park,21752,25,0,4,6,15,321,34,262,25,0
,Virden,3159,10,0,2,0,8,42,24,15,3,0
,Washington,15910,10,1,6,1,2,147,7,137,3,0
,Watseka,4587,7,0,2,0,5,76,5,66,5,0
,Wauconda,13945,4,0,3,0,1,29,2,20,7,0
,Wayne,2240,0,0,0,0,0,7,6,1,0,0
,West Dundee,7727,8,1,1,0,6,64,8,51,5,0
,Western Springs,13175,0,0,0,0,0,49,6,39,4,1
,Westville,3084,11,0,2,0,9,43,11,31,1,0
,Wheeling,37790,63,1,25,5,32,363,38,303,22,1
,Willow Springs,5628,0,0,0,0,0,24,1,20,3,0
,Wilmette,27144,10,0,5,3,2,340,43,273,24,2
,Wilmington,5602,9,0,2,1,6,47,10,34,3,0
,Winfield,10460,6,0,0,0,6,27,2,23,2,0
,Winnebago,2885,5,0,0,0,5,23,3,19,1,0
,Winnetka,12277,8,0,3,0,5,94,8,69,17,0
,Wood River,10350,37,0,5,2,30,246,24,209,13,3
,Woodstock,25778,15,0,6,2,7,180,3,165,12,1
,Worden,1092,1,0,1,0,0,2,1,1,0,0
,Worth,10507,25,2,7,6,10,135,14,107,14,2
,Yorkville,23635,22,0,13,4,5,105,5,96,4,2
,Zion,24348,123,5,23,10,85,476,60,311,105,2
INDIANA,Albion,2232,0,0,0,0,0,28,2,21,5,0
,Anderson,54965,267,7,52,59,149,1594,242,1101,251,3
,Angola,9022,7,2,0,0,5,203,9,167,27,0
,Auburn,13645,7,1,2,0,4,169,29,128,12,0
,Avon,24167,40,0,7,9,24,577,27,501,49,0
,Bargersville,10791,4,1,1,0,2,59,5,48,6,0
,Bedford,13824,10,0,0,1,9,132,12,107,13,0
,Beech Grove,14401,45,1,8,8,28,385,86,211,88,2
,Bloomington,80135,407,4,60,59,284,1874,249,1508,117,27
,Bluffton,10327,9,0,5,0,4,84,14,63,7,2
,Bristol,1783,1,0,0,0,1,66,13,40,13,1
,Brownsburg,31072,24,0,7,6,11,263,19,212,32,0
,Butler,2646,1,0,0,0,1,25,4,18,3,1
,Carmel,101670,66,2,17,5,42,821,47,704,70,2
,Cedar Lake,15271,16,0,2,0,14,64,9,47,8,0
,Charlestown,8482,21,0,1,1,19,86,11,71,4,0
,Chesterton,14487,28,0,0,1,27,58,3,48,7,0
,Cicero,5537,5,0,0,0,5,6,0,5,1,0
,Clarksville,21890,35,0,3,9,23,923,39,796,88,1
,Claypool,396,1,0,0,0,1,7,1,4,2,0
,Columbia City,10027,18,0,1,1,16,84,5,73,6,0
,Crawfordsville,16449,52,0,4,4,44,209,25,175,9,3
,Cumberland,6388,10,1,1,5,3,232,31,185,16,0
,Danville,10925,13,0,4,1,8,93,5,78,10,0
,Dayton,1348,3,0,0,0,3,20,1,18,1,0
,Dyer,16351,4,0,1,2,1,55,6,44,5,0
,Edinburgh,4431,4,0,0,0,4,51,3,40,8,0
,Elkhart,53947,575,8,41,57,469,1538,300,1029,209,5
,Elwood,8397,8,0,2,1,5,112,15,80,17,0
,Evansville,115719,832,25,82,70,655,4359,654,3250,455,40
,Fishers,102921,80,1,16,7,56,772,39,671,62,1
,Fort Wayne,267791,702,20,120,189,373,6393,592,5196,605,54
,Frankfort,16572,6,0,2,0,4,49,6,41,2,1
,Franklin,25714,21,0,7,1,13,323,13,280,30,0
,Fremont,2092,1,0,1,0,0,15,2,9,4,0
,Goshen,34697,87,2,13,7,65,956,140,718,98,6
,Greenfield,24596,36,0,12,1,23,284,67,195,22,0
,Greenwood,65813,48,6,9,13,20,1182,51,1046,85,4
,Griffith,16218,17,0,1,4,12,155,17,111,27,0
,Hammond,76366,512,15,28,123,346,2556,265,2049,242,20
,Hartford City,6060,23,2,0,0,21,13,8,3,2,0
,Highland,23498,21,0,0,3,18,314,12,276,26,4
,Hobart,29374,29,2,3,5,19,627,31,556,40,1
,Huntingburg,6459,7,0,0,0,7,26,7,17,2,0
,Huntington,17030,12,4,2,2,4,188,17,165,6,2
,Indianapolis,886455,9109,208,565,1624,6712,29932,4804,20451,4677,248
,Jasper,16699,37,0,6,0,31,88,9,74,5,0
,Jeffersonville,51150,120,0,6,14,100,848,117,578,153,0
,Kendallville,10153,25,0,11,1,13,152,10,136,6,0
,Knox,3583,12,0,0,0,12,26,9,14,3,0
,Kokomo,59776,306,3,28,13,262,921,196,630,95,2
,Lafayette,70861,421,2,66,35,318,1551,227,1116,208,18
,La Porte,22371,45,1,10,5,29,372,83,242,47,1
,Lawrence,49421,161,2,26,63,70,979,108,679,192,8
,Lebanon,17042,49,0,2,0,47,161,29,109,23,1
,Linton,5147,3,0,0,0,3,158,6,134,18,0
,Logansport,18195,8,0,6,0,2,337,41,279,17,1
,Lowell,11204,0,0,0,0,0,32,3,29,0,0
,Marion,28108,55,0,15,5,35,646,58,486,102,2
,McCordsville,10193,10,0,2,0,8,106,6,89,11,0
,Michigan City,32051,135,1,5,17,112,1185,210,865,110,10
,Mishawaka,51022,144,2,35,15,92,1463,254,1078,131,3
,Mount Vernon,6380,17,1,4,1,11,106,5,87,14,3
,Muncie,65343,315,11,35,30,239,1776,315,1214,247,5
,Munster,23628,13,0,3,3,7,203,13,174,16,0
,Nappanee,6857,9,0,1,0,8,66,7,52,7,1
,New Albany,37198,151,3,10,18,120,1153,145,859,149,2
,New Carlisle,1901,2,0,0,1,1,11,4,6,1,0
,New Haven,15856,31,0,2,1,28,187,43,124,20,0
,New Palestine,2976,3,0,0,0,3,7,0,6,1,0
,New Whiteland,5597,2,0,1,0,1,19,6,11,2,0
,North Vernon,6455,9,0,2,0,7,145,14,106,25,0
,North Webster,993,0,0,0,0,0,37,4,32,1,0
,Osceola,2588,2,0,0,0,2,27,8,15,4,1
,Pendleton,4974,2,0,0,1,1,9,2,7,0,0
,Pittsboro,4145,2,0,1,1,0,14,1,12,1,0
,Plainfield,36189,55,3,15,6,31,643,52,521,70,1
,Portage,38438,61,1,24,5,31,439,28,393,18,1
,Porter,5258,10,0,0,4,6,17,1,14,2,1
,Prince's Lakes,1372,0,0,0,0,0,18,3,15,0,0
,Roseland,849,19,0,1,6,12,33,6,20,7,0
,Sellersburg,9784,8,0,0,0,8,48,6,31,11,0
,Seymour,21415,23,0,14,2,7,377,25,309,43,3
,Shelbyville,20074,72,0,4,5,63,306,43,241,22,1
,Sheridan,3079,3,0,1,0,2,3,0,2,1,0
,Silver Lake,870,0,0,0,0,0,18,1,15,2,0
,Speedway,13612,43,1,5,18,19,404,31,337,36,2
,Syracuse,3063,10,0,0,0,10,30,4,23,3,0
,Tell City,7587,17,0,0,0,17,148,14,126,8,1
,Terre Haute,58507,340,2,38,67,233,2776,694,1667,415,63
,Valparaiso,34708,37,0,13,1,23,289,16,249,24,0
,Vincennes,16487,12,0,3,1,8,438,82,314,42,1
,Walkerton,2080,5,0,0,0,5,45,27,15,3,0
,Warsaw,15952,49,0,9,5,35,317,42,238,37,0
,Washington,12090,7,0,3,1,3,104,13,84,7,0
,Westfield,54552,43,0,9,4,30,411,45,352,14,0
,West Lafayette,44891,46,0,14,2,30,457,43,383,31,1
,Whiteland,4835,0,0,0,0,0,42,2,33,7,0
,Whitestown,11909,16,0,2,2,12,121,7,102,12,0
,Whiting,4532,7,0,0,0,7,89,9,67,13,1
,Winona Lake,5066,14,0,1,0,13,27,2,22,3,0
,Zionsville,32575,5,0,2,1,2,117,3,106,8,0
IOWA,Adel,6377,10,0,5,1,4,69,14,50,5,1
,Albia,3717,14,0,2,0,12,35,9,22,4,0
,Algona,5257,18,0,0,0,18,11,1,9,1,1
,Altoona,21830,40,0,2,3,35,270,12,230,28,2
,Ames,66852,146,2,58,11,75,857,79,726,52,6
,Ankeny,72315,142,0,27,6,109,778,50,671,57,3
,Asbury,6005,1,0,0,0,1,16,7,9,0,0
,Atlantic,6726,31,0,5,0,26,119,8,101,10,2
,Audubon,2018,1,0,1,0,0,38,5,31,2,0
,Belle Plaine,2340,8,0,0,1,7,18,6,12,0,0
,Bettendorf,39548,31,0,7,8,16,545,58,431,56,0
,Bloomfield,2694,2,0,0,0,2,6,1,4,1,0
,Burlington,23497,138,0,13,8,117,867,113,659,95,10
,Camanche,4587,19,0,0,0,19,35,4,25,6,0
,Carlisle,4225,14,0,2,0,12,45,4,35,6,0
,Carroll,10195,11,0,2,0,9,145,24,111,10,0
,Carter Lake,3768,47,0,2,1,44,124,18,95,11,2
,Cedar Rapids,135362,433,10,14,55,354,4124,598,3108,418,12
,Centerville,5303,15,0,4,0,11,111,34,64,13,0
,Charles City,7211,28,0,8,1,19,75,19,53,3,0
,Clarinda,5499,20,0,3,0,17,55,7,45,3,0
,Clear Lake,7501,53,0,6,3,44,141,28,104,9,1
,Clinton,24443,211,3,23,10,175,913,165,659,89,7
,Clive,18984,51,0,12,3,36,203,25,160,18,2
,Colfax,2246,2,0,0,0,2,15,3,8,4,1
,Coralville,23555,67,0,23,6,38,619,47,532,40,0
,Council Bluffs,62206,262,1,43,54,164,1867,349,1200,318,11
,Creston,7438,26,0,4,1,21,88,19,57,12,0
,Davenport,100437,701,4,93,97,507,3496,659,2358,479,15
,Decorah,7764,12,0,1,0,11,10,1,9,0,0
,Denison,8048,27,0,4,0,23,67,12,43,12,1
,DeWitt,5528,38,0,2,0,36,107,16,81,10,0
,Dubuque,58676,277,1,56,25,195,1052,224,765,63,6
,Dyersville,4516,4,0,2,0,2,26,2,21,3,0
,Eldora,2621,64,0,2,0,62,14,4,10,0,0
,Eldridge,6770,3,0,0,0,3,53,10,35,8,0
,Emmetsburg,3612,9,0,0,0,9,21,3,17,1,0
,Estherville,5847,13,0,2,0,11,36,3,31,2,0
,Evansdale,4486,5,0,1,1,3,68,18,43,7,1
,Fairfield,9641,27,0,4,2,21,134,43,83,8,1
,Fort Dodge,25097,130,2,15,17,96,752,103,597,52,13
,Fort Madison,10084,31,0,8,0,23,210,40,156,14,3
,Glenwood,5195,18,0,4,1,13,46,11,25,10,1
,Grinnell,9474,77,0,4,3,70,184,22,153,9,1
,Grundy Center,2804,4,0,2,0,2,6,2,3,1,0
,Harlan,4936,2,0,1,0,1,15,1,10,4,0
,Hiawatha,7109,23,0,1,4,18,147,35,94,18,0
,Independence,6236,9,0,1,0,8,71,10,51,10,0
,Indianola,15817,139,0,25,0,114,270,18,239,13,3
,Iowa City,74749,197,1,18,29,149,1327,173,1018,136,1
,Iowa Falls,5023,40,0,6,1,33,80,5,72,3,0
,Johnston,24295,17,1,6,1,9,158,10,130,18,0
,Keokuk,9702,71,0,8,3,60,208,42,135,31,3
,Knoxville,7366,37,0,5,0,32,131,27,92,12,0
,Lake City,1721,4,0,0,0,4,19,6,8,5,0
,Lansing,945,2,1,0,0,1,10,1,8,1,0
,Le Mars,10564,29,0,5,0,24,93,8,71,14,0
,Manchester,5134,15,0,2,0,13,83,5,74,4,0
,Maquoketa,6035,20,0,4,1,15,116,24,87,5,1
,Marengo,2411,8,0,1,1,6,36,4,30,2,0
,Marion,41793,102,0,15,6,81,512,53,406,53,2
,Mar-Mac,1152,3,0,0,0,3,10,4,6,0,0
,Marshalltown,27207,179,1,26,6,146,478,86,352,40,6
,Mason City,27032,79,0,14,11,54,723,122,547,54,5
,Monroe,2042,4,0,1,0,3,12,2,8,2,0
,Monticello,4071,9,0,0,0,9,32,4,26,2,0
,Mount Pleasant,8959,38,0,3,0,35,115,19,89,7,2
,Mount Vernon-Lisbon,4435,16,0,6,0,10,29,8,20,1,0
,Muscatine,23237,82,0,13,2,67,378,93,247,38,8
,Newton,15563,69,0,13,3,53,210,35,149,26,0
,North Liberty,21131,24,0,2,1,21,76,14,57,5,0
,Norwalk,14299,8,0,3,1,4,30,6,22,2,0
,Oelwein,5788,23,0,0,0,23,42,8,31,3,0
,Osage,3528,7,0,1,0,6,19,4,15,0,0
,Osceola,5654,25,0,4,1,20,79,16,56,7,1
,Oskaloosa,11479,50,0,21,3,26,135,27,86,22,1
,Ottumwa,25249,196,1,44,7,144,928,138,710,80,8
,Pella,10729,15,0,3,0,12,76,12,57,7,1
,Perry,7986,36,0,6,0,30,57,8,45,4,0
,Polk City,5920,4,0,1,0,3,17,2,13,2,0
,Postville,2434,9,0,2,0,7,19,5,13,1,0
,Preston,935,2,0,0,0,2,16,4,12,0,0
,Red Oak,5568,20,0,8,0,12,86,25,49,12,0
,Rock Valley,4106,5,0,2,0,3,15,3,10,2,0
,Sabula,491,3,0,0,0,3,15,0,15,0,0
,Sheldon,5385,17,0,6,0,11,43,3,35,5,0
,Shenandoah,4861,31,0,0,0,31,51,10,40,1,1
,Sioux Center,8340,4,0,1,0,3,21,0,16,5,0
,Sioux City,85580,441,1,79,60,301,2514,342,1893,279,18
,Spencer,11440,14,0,9,0,5,114,24,85,5,0
,Spirit Lake,5448,15,0,2,1,12,102,17,79,6,0
,Storm Lake,11274,40,0,4,0,36,149,27,114,8,0
,Story City,3443,4,0,0,0,4,46,4,34,8,0
,Urbandale,46284,49,0,3,3,43,320,36,236,48,0
,Washington,7209,30,0,11,2,17,136,29,104,3,1
,Waterloo,66504,385,9,29,43,304,1658,369,1078,211,17
,Waukee,28790,40,1,8,2,29,208,25,165,18,0
,Waukon,3706,2,0,0,0,2,41,1,34,6,0
,Waverly,10445,69,0,6,1,62,112,13,94,5,0
,Webster City,7689,19,0,8,1,10,71,16,44,11,0
,West Burlington,3177,19,0,1,0,18,292,20,264,8,1
,West Des Moines,70701,176,1,16,20,139,1215,86,1040,89,4
,West Liberty,3796,10,0,2,0,8,16,4,11,1,0
,Williamsburg,3362,10,0,4,1,5,24,3,21,0,0
,Windsor Heights,5108,11,0,0,0,11,171,1,161,9,0
KANSAS,Abilene,6489,14,0,4,0,10,80,11,61,8,1
,Andover,15842,21,1,5,0,15,204,20,174,10,2
,Anthony,1993,6,0,3,0,3,19,6,9,4,1
,Arkansas City,11902,59,0,2,2,55,330,64,243,23,2
,Arma,1407,5,0,0,0,5,42,11,25,6,1
,Atchison,10650,34,0,4,2,28,283,38,233,12,1
,Atwood,1279,1,0,0,0,1,14,4,10,0,0
,Augusta,9256,30,0,2,2,26,250,34,204,12,1
,Baldwin City,4955,18,10,1,0,7,35,2,32,1,0
,Basehor,7546,9,0,1,0,8,49,5,37,7,4
,Baxter Springs,3826,7,0,3,0,4,65,13,48,4,0
,Bel Aire,8599,4,0,0,0,4,138,11,110,17,0
,Belleville,2015,1,0,0,0,1,20,5,13,2,0
,Beloit,3396,3,0,1,0,2,24,10,14,0,0
,Benton,942,2,0,1,0,1,3,0,3,0,0
,Bonner Springs,7731,38,0,6,3,29,164,7,142,15,4
,Burlington,2637,7,0,0,0,7,38,1,34,3,0
,Caney,1745,2,0,0,0,2,23,1,18,4,1
,Carbondale,1339,3,0,0,0,3,6,2,4,0,0
,Cherryvale,2146,9,0,1,1,7,38,8,24,6,0
,Clay Center,4105,20,0,1,1,18,79,20,54,5,1
,Clearwater,2607,0,0,0,0,0,20,0,18,2,0
,Coffeyville,8788,52,2,2,3,45,305,22,267,16,1
,Colby,5488,22,0,0,0,22,73,13,54,6,0
,Columbus,2857,5,0,0,1,4,60,8,50,2,0
,Concordia,5002,27,0,3,0,24,149,49,90,10,0
,Council Grove,2116,7,0,1,0,6,34,2,30,2,0
,Derby,25907,59,2,10,1,46,566,39,505,22,1
,Dodge City,27641,111,1,15,8,87,447,55,351,41,12
,Edwardsville,4574,13,0,1,1,11,80,3,65,12,1
,El Dorado,12821,37,1,4,3,29,274,24,213,37,2
,Elkhart,1882,2,0,0,0,2,14,0,12,2,0
,Ellinwood,1970,3,0,0,0,3,11,4,6,1,0
,Ellsworth,2997,6,0,0,0,6,20,5,15,0,0
,Eudora,6480,5,0,2,0,3,28,5,22,1,0
,Fairway,4171,2,0,0,0,2,55,10,32,13,0
,Fort Scott,7501,28,0,4,0,24,205,36,159,10,5
,Frontenac,3415,2,0,1,0,1,41,8,28,5,0
,Galena,2737,8,0,0,0,8,38,5,28,5,0
,Garden City,27701,159,2,21,12,124,711,96,530,85,8
,Gardner,24497,38,0,4,0,34,190,7,168,15,5
,Garnett,3150,16,0,2,0,14,24,5,10,9,0
,Girard,2517,14,0,1,0,13,28,5,17,6,1
,Goodland,4459,21,0,2,0,19,145,104,37,4,0
,Great Bend,14456,59,0,13,2,44,336,73,240,23,2
,Greensburg,696,0,0,0,0,0,6,1,5,0,0
,Halstead,2159,2,0,0,0,2,13,2,9,2,1
,Haysville,11308,13,0,5,0,8,128,30,93,5,3
,Hesston,3493,3,0,3,0,0,16,2,14,0,1
,Hiawatha,3239,11,0,3,0,8,70,12,57,1,0
,Hillsboro,2724,5,0,1,0,4,45,6,38,1,0
,Hoisington,2629,6,0,2,0,4,14,4,8,2,0
,Holton,3317,3,0,0,0,3,32,4,27,1,0
,Horton,1510,14,0,0,0,14,9,1,7,1,0
,Hugoton,3795,2,0,0,1,1,12,2,8,2,0
,Hutchinson,39424,186,0,36,7,143,882,140,661,81,7
,Independence,8402,47,0,8,3,36,269,51,205,13,3
,Iola,5302,44,0,14,0,30,208,80,115,13,3
,Junction City,21927,218,2,22,6,188,623,96,477,50,6
,Kingman,3021,4,0,1,1,2,11,2,9,0,0
,Lansing,11200,28,0,10,0,18,132,15,102,15,1
,Larned,3607,18,2,1,0,15,52,9,41,2,0
,Lawrence,95580,448,7,68,34,339,2098,233,1697,168,7
,Leavenworth,37004,233,9,30,16,178,864,164,595,105,9
,Leawood,33596,43,0,1,6,36,656,31,530,95,0
,Lenexa,59289,131,2,21,9,99,900,99,675,126,0
,Liberal,19557,71,0,7,7,57,211,29,161,21,0
,Louisburg,5023,12,0,1,0,11,71,37,28,6,1
,Maize,6275,23,0,4,1,18,162,79,72,11,1
,Marysville,3405,14,0,2,1,11,57,11,37,9,1
,McLouth,858,1,0,0,0,1,0,0,0,0,0
,McPherson,13853,36,0,10,0,26,248,36,192,20,1
,Merriam,10928,75,2,3,10,60,618,21,472,125,1
,Minneapolis,1974,19,0,3,1,15,18,8,8,2,0
,Mission,9787,46,2,2,10,32,482,25,356,101,0
,Mission Hills,3540,3,0,1,0,2,94,14,60,20,0
,Mulvane,6844,7,0,2,2,3,102,10,86,6,0
,Neodesha,2233,8,0,3,0,5,22,5,15,2,0
,Newton,18337,118,0,26,6,86,491,142,321,28,2
,Olathe,144646,324,2,56,27,239,1747,236,1276,235,11
,Osage City,2840,27,0,0,0,27,25,3,21,1,0
,Ottawa,12586,49,0,14,4,31,238,32,200,6,3
,Overland Park,196626,437,5,56,43,333,4708,573,3559,576,9
,Oxford,1048,5,0,2,0,3,10,2,7,1,1
,Paola,5808,11,0,1,0,10,77,1,72,4,0
,Park City,8565,37,0,9,1,27,297,40,225,32,1
,Parsons,9369,66,0,4,3,59,359,81,245,33,5
,Pittsburg,20774,101,4,15,8,74,887,103,705,79,3
,Pleasanton,1244,3,0,0,0,3,1,0,1,0,0
,Prairie Village,22835,33,0,5,3,25,304,23,218,63,1
,Roeland Park,6762,23,0,2,8,13,267,4,229,34,0
,Sabetha,2517,3,0,0,0,3,8,1,7,0,0
,Salina,46161,203,3,31,28,141,1499,211,1165,123,26
,Scott City,4100,9,0,0,0,9,16,2,12,2,0
,Shawnee,67617,169,3,21,10,135,951,73,722,156,4
,Spring Hill,9024,13,0,2,0,11,103,10,78,15,0
,Tonganoxie,5836,6,0,4,0,2,32,3,27,2,0
,Topeka,125658,1211,13,60,117,1021,4659,711,3243,705,16
,Ulysses,5764,11,0,1,0,10,8,2,5,1,0
,Valley Center,7463,13,0,4,0,9,69,4,56,9,1
,Wellington,7641,33,1,6,3,23,185,26,151,8,6
,Wellsville,1922,4,0,0,2,2,14,2,12,0,0
,Westwood,1729,4,0,0,1,3,94,4,78,12,0
,Wichita,394286,3670,31,272,302,3065,13893,1689,10632,1572,91
,Winfield,11713,47,0,5,1,41,315,47,241,27,3
KENTUCKY,Adairville,876,0,0,0,0,0,2,0,2,0,0
,Albany,1749,0,0,0,0,0,2,0,2,0,1
,Alexandria,10416,8,0,2,2,4,138,4,129,5,0
,Anchorage,2470,0,0,0,0,0,15,5,10,0,0
,Ashland,21300,40,2,12,6,20,526,76,394,56,4
,Auburn,1625,0,0,0,0,0,1,0,1,0,0
,Audubon Park,1411,1,0,0,0,1,14,6,5,3,0
,Augusta,1104,1,0,0,0,1,5,1,3,1,0
,Bancroft,500,0,0,0,0,0,2,0,2,0,0
,Barbourville,2952,3,0,2,0,1,41,14,22,5,0
,Bardstown,13712,19,0,3,7,9,229,33,164,32,0
,Bardwell,707,0,0,0,0,0,2,0,2,0,0
,Beattyville,2065,0,0,0,0,0,6,3,0,3,0
,Beaver Dam,3538,1,0,0,0,1,21,1,16,4,0
,Bellefonte,902,0,0,0,0,0,1,1,0,0,0
,Bellevue,5534,0,0,0,0,0,71,8,59,4,0
,Benton,4771,2,0,1,0,1,75,11,55,9,0
,Berea,16229,17,0,7,1,9,195,25,126,44,0
,Bloomfield,978,0,0,0,0,0,0,0,0,0,0
,Booneville,154,0,0,0,0,0,0,0,0,0,0
,Bowling Green,74427,212,4,65,56,87,2841,356,2196,289,10
,Brandenburg,2952,1,0,0,0,1,29,4,14,11,0
,Brodhead,1105,0,0,0,0,0,0,0,0,0,1
,Brooksville,662,0,0,0,0,0,0,0,0,0,0
,Brownsville,943,1,0,0,0,1,5,1,4,0,0
,Burgin,1005,0,0,0,0,0,3,2,1,0,0
,Burkesville,1347,1,0,1,0,0,4,0,2,2,0
,Burnside,699,2,0,0,2,0,9,1,6,2,0
,Cadiz,2840,4,0,0,0,4,31,9,21,1,0
,Calvert City,2521,5,0,1,1,3,39,8,31,0,0
,Campbellsville,11548,14,0,4,5,5,178,58,107,13,0
,Caneyville,526,0,0,0,0,0,0,0,0,0,0
,Carlisle,2160,1,0,0,0,1,12,7,4,1,0
,Carrollton,3898,1,0,0,0,1,17,4,11,2,1
,Catlettsburg,1724,1,0,0,1,0,22,4,12,6,0
,Cave City,2347,0,0,0,0,0,11,5,1,5,0
,Centertown,414,0,0,0,0,0,2,0,1,1,0
,Central City,5884,14,0,3,1,10,130,10,113,7,0
,Clarkson,943,0,0,0,0,0,0,0,0,0,0
,Clay,998,1,0,0,0,1,6,3,3,0,0
,Clay City,1204,0,0,0,0,0,6,0,5,1,0
,Clinton,1236,0,0,0,0,0,0,0,0,0,0
,Coal Run Village,1627,0,0,0,0,0,12,1,10,1,0
,Cold Spring,6272,4,0,1,1,2,70,10,54,6,0
,Columbia,4995,5,0,0,0,5,13,6,7,0,0
,Corbin,7762,21,0,1,2,18,159,20,120,19,1
,Covington,40657,109,2,18,32,57,712,97,504,111,4
,Crab Orchard,742,0,0,0,0,0,0,0,0,0,0
,Cumberland,1856,0,0,0,0,0,3,1,1,1,0
,Cynthiana,6429,5,0,0,0,5,61,8,49,4,2
,Danville,17323,23,0,4,5,14,233,42,171,20,0
,Dawson Springs,2431,2,0,0,1,1,22,8,11,3,0
,Dayton,5685,10,0,3,2,5,47,3,38,6,0
,Dry Ridge,2128,0,0,0,0,0,18,0,16,2,0
,Eddyville,2323,1,0,0,0,1,12,1,10,1,0
,Edgewood,8372,0,0,0,0,0,45,5,38,2,0
,Edmonton,1696,1,0,0,0,1,22,6,7,9,0
,Elizabethtown,32437,40,0,10,16,14,290,63,191,36,2
,Elkhorn City,980,0,0,0,0,0,0,0,0,0,0
,Elkton,2072,1,0,0,0,1,39,12,26,1,1
,Elsmere,9157,10,0,4,1,5,108,7,79,22,1
,Eminence,2702,3,0,0,0,3,45,11,33,1,0
,Erlanger,24147,14,0,5,1,8,69,11,43,15,0
,Eubank,330,0,0,0,0,0,0,0,0,0,0
,Evarts,850,0,0,0,0,0,7,4,1,2,0
,Falmouth,2184,0,0,0,0,0,30,13,17,0,1
,Ferguson,885,0,0,0,0,0,7,0,7,0,0
,Flatwoods,7231,5,0,1,1,3,31,11,15,5,1
,Fleming-Neon,531,0,0,0,0,0,0,0,0,0,0
,Flemingsburg,2943,3,0,1,0,2,41,18,20,3,1
,Florence,32341,63,0,20,17,26,1353,73,1231,49,2
,Fort Mitchell,8643,2,0,1,1,0,73,4,65,4,0
,Fort Thomas,17159,4,0,1,0,3,92,10,74,8,0
,Fort Wright,5819,7,0,1,3,3,33,1,25,7,0
,Fountain Run,217,0,0,0,0,0,1,0,1,0,0
,Frankfort,28559,66,3,23,10,30,553,87,390,76,3
,Franklin,10174,19,0,6,7,6,274,38,218,18,2
,Fulton,2387,4,0,0,0,4,114,23,88,3,0
,Georgetown,38213,43,1,9,5,28,534,81,387,66,3
,Glasgow,15194,25,0,6,3,16,288,46,214,28,2
,Grayson,3683,6,0,2,1,3,81,4,64,13,1
,Greensburg,2220,7,0,2,0,5,23,1,17,5,0
,Greenup,1043,1,0,0,1,0,2,0,2,0,0
,Greenville,4424,6,0,0,0,6,27,6,18,3,1
,Guthrie,1334,2,0,0,0,2,8,0,3,5,0
,Hardinsburg,2416,4,0,1,1,2,15,6,7,2,0
,Harlan,1679,3,0,0,1,2,28,12,14,2,0
,Harrodsburg,9200,9,0,3,0,6,90,23,54,13,0
,Hartford,2667,7,0,2,0,5,13,3,8,2,1
,Hawesville,1009,0,0,0,0,0,1,1,0,0,0
,Hazard,5011,9,0,6,0,3,46,7,24,15,0
,Henderson,27503,67,2,19,20,26,560,132,373,55,3
,Heritage Creek,1199,0,0,0,0,0,8,0,8,0,0
,Highland Heights ,6784,4,0,2,1,1,41,4,34,3,0
,Hillview,8721,13,0,2,0,11,130,11,83,36,4
,Hodgenville,3365,12,0,3,1,8,36,6,28,2,0
,Hopkinsville,30528,113,5,23,28,57,1133,170,890,73,4
,Horse Cave,2237,3,0,0,0,3,14,4,7,3,0
,Hurstbourne Acres,1937,0,0,0,0,0,20,1,18,1,0
,Hustonville,388,0,0,0,0,0,0,0,0,0,0
,Hyden,267,0,0,0,0,0,0,0,0,0,0
,Independence,29211,20,1,10,1,8,106,13,75,18,0
,Indian Hills,2819,0,0,0,0,0,61,4,55,2,0
,Irvine,2317,2,0,1,1,0,24,9,13,2,0
,Irvington,1251,4,0,0,0,4,4,2,0,2,0
,Jackson,2179,3,0,0,0,3,34,10,20,4,0
,Jamestown,1842,1,0,1,0,0,17,1,12,4,0
,Jeffersontown,28519,31,1,4,20,6,724,54,549,121,0
,Jenkins,1855,0,0,0,0,0,2,1,1,0,0
,Junction City,2259,1,0,0,0,1,71,64,5,2,0
,La Center,857,0,0,0,0,0,0,0,0,0,0
,La Grange,10348,16,0,5,3,8,136,18,105,13,0
,Lakeside Park-Crestview Hills,6227,1,0,1,0,0,72,2,69,1,0
,Lancaster,3996,7,2,1,0,4,78,18,47,13,0
,Lawrenceburg,11855,10,0,2,1,7,63,7,44,12,0
,Lebanon,6473,11,1,4,0,6,75,17,47,11,0
,Lebanon Junction,1765,0,0,0,0,0,2,0,1,1,0
,Leitchfield,6433,12,0,4,1,7,109,24,74,11,1
,Lexington,320983,868,33,176,225,434,8717,1099,6393,1225,20
,Liberty,1972,0,0,0,0,0,0,0,0,0,0
,Livingston,165,0,0,0,0,0,0,0,0,0,0
,London,7401,13,0,1,4,8,322,52,240,30,0
,Louisa,2639,7,0,0,3,4,31,8,18,5,0
,Loyall,606,0,0,0,0,0,1,1,0,0,0
,Ludlow,4339,4,0,3,0,1,53,14,34,5,1
,Lyndon,2831,13,0,1,4,8,265,32,189,44,0
,Madisonville,19292,19,0,6,4,9,177,50,101,26,1
,Manchester,1482,2,0,1,0,1,24,6,8,10,0
,Marion,2832,4,0,1,0,3,31,8,20,3,1
,Martin,487,0,0,0,0,0,1,0,1,0,0
,Mayfield,9966,21,0,7,3,11,230,66,151,13,0
,Maysville,8672,10,0,6,1,3,199,25,153,21,0
,McKee,804,1,0,0,0,1,7,1,0,6,0
,Meadow Vale,716,0,0,0,0,0,8,1,6,1,0
,Middlesboro,9213,27,0,4,4,19,335,23,290,22,3
,Middletown,9600,13,0,1,6,6,294,22,237,35,0
,Millersburg,743,0,0,0,0,0,6,2,3,1,0
,Monticello,5685,9,0,0,3,6,71,23,37,11,3
,Morehead,7030,17,0,5,2,10,125,8,111,6,1
,Morganfield,3202,2,0,0,0,2,8,0,5,3,0
,Morgantown,2459,8,0,1,1,6,11,4,4,3,0
,Mount Sterling,7544,7,0,3,0,4,235,15,206,14,0
,Mount Vernon,2409,3,0,0,0,3,9,1,5,3,0
,Mount Washington,18440,9,0,1,2,6,106,19,71,16,0
,Muldraugh,1028,0,0,0,0,0,15,3,5,7,0
,Murray,17506,23,0,4,2,17,288,33,243,12,1
,New Haven,808,0,0,0,0,0,0,0,0,0,0
,Newport,14017,41,1,16,5,19,418,37,335,46,1
,Nicholasville,31882,42,1,13,7,21,546,80,417,49,2
,Northfield,991,0,0,0,0,0,2,0,1,1,0
,Oak Grove,7810,23,3,7,6,7,218,42,139,37,2
,Owensboro,59839,221,3,49,39,130,2070,261,1545,264,14
,Owenton,1587,0,0,0,0,0,1,0,1,0,0
,Owingsville,1587,0,0,0,0,0,10,5,3,2,0
,Paducah,26050,70,6,22,11,31,790,68,650,72,5
,Paintsville,4313,5,0,0,1,4,12,2,5,5,0
,Paris,10174,9,0,2,3,4,121,19,82,20,1
,Park Hills,3158,0,0,0,0,0,21,1,16,4,0
,Pembroke,851,0,0,0,0,0,4,0,4,0,0
,Perryville,781,0,0,0,0,0,0,0,0,0,0
,Pewee Valley,1633,0,0,0,0,0,4,1,2,1,0
,Pikeville,7190,22,0,2,7,13,156,39,96,21,0
,Pineville,1650,1,0,0,0,1,20,1,16,3,0
,Pioneer Village,2697,1,0,0,0,1,21,6,13,2,0
,Pippa Passes,581,0,0,0,0,0,1,0,1,0,0
,Powderly,782,0,0,0,0,0,0,0,0,0,0
,Prestonsburg,4034,7,0,1,1,5,41,17,19,5,0
,Princeton,6191,10,1,2,0,7,93,11,73,9,0
,Prospect,4552,1,0,0,1,0,31,6,22,3,0
,Providence,2820,4,0,0,0,4,13,8,4,1,0
,Raceland,2321,1,0,0,0,1,10,4,4,2,0
,Radcliff,22931,47,0,13,6,28,508,99,343,66,3
,Ravenna,559,0,0,0,0,0,3,2,1,0,0
,Richmond,36698,66,0,14,17,35,782,94,616,72,2
,Russell,3656,4,0,1,1,2,33,3,28,2,0
,Russell Springs,2784,2,0,0,0,2,12,2,8,2,0
,Russellville,7257,19,0,8,3,8,183,37,127,19,1
,Salyersville,1520,2,0,0,0,2,3,2,0,1,0
,Science Hill,657,0,0,0,0,0,4,2,2,0,0
,Scottsville,4368,6,0,1,0,5,75,13,52,10,1
,Sebree,1514,0,0,0,0,0,1,1,0,0,0
,Shelbyville,17481,21,0,0,8,13,205,39,122,44,0
,Shepherdsville,14440,28,0,5,9,14,240,56,146,38,0
,Shively,15438,75,5,9,35,26,478,76,271,131,1
,Simpsonville,3016,5,0,0,2,3,61,1,56,4,0
,Smiths Grove,779,0,0,0,0,0,21,2,18,1,0
,Somerset,12170,30,0,8,4,18,226,52,148,26,7
,Southgate,3658,0,0,0,0,0,25,4,15,6,0
,South Shore,1037,0,0,0,0,0,2,2,0,0,0
,Springfield,2854,5,0,0,0,5,18,7,8,3,0
,Stamping Ground,807,0,0,0,0,0,3,1,2,0,0
,Stanford,3601,4,0,0,0,4,24,8,15,1,3
,Stanton,3154,6,0,0,1,5,27,5,20,2,2
,St. Matthews,17341,20,0,5,10,5,818,73,680,65,1
,Strathmoor Village,673,0,0,0,0,0,0,0,0,0,0
,Sturgis,1579,0,0,0,0,0,2,0,2,0,0
,Taylor Mill,6821,3,0,0,1,2,16,0,14,2,0
,Taylorsville,1287,1,0,0,0,1,18,6,10,2,0
,Tompkinsville,2289,0,0,0,0,0,7,1,3,3,0
,Trenton,327,0,0,0,0,0,0,0,0,0,0
,Uniontown,847,0,0,0,0,0,0,0,0,0,0
,Vanceburg,1346,1,0,0,0,1,0,0,0,0,0
,Versailles,27242,19,1,4,0,14,247,44,176,27,1
,Villa Hills,7337,2,0,2,0,0,56,2,48,6,1
,Vine Grove,6843,4,0,2,0,2,36,8,21,7,0
,Warsaw,1740,3,0,0,0,3,14,1,12,1,0
,Wayland,398,0,0,0,0,0,1,1,0,0,0
,West Buechel,1352,6,0,0,4,2,85,10,58,17,0
,West Liberty,3251,1,0,0,0,1,10,1,8,1,0
,West Point,942,0,0,0,0,0,2,0,2,0,0
,Wheelwright,481,0,0,0,0,0,0,0,0,0,0
,Whitesburg,1662,0,0,0,0,0,0,0,0,0,0
,Wilder,3125,1,0,0,0,1,29,1,23,5,0
,Williamsburg,5348,10,0,1,1,8,45,11,27,7,0
,Williamstown,3987,3,0,2,0,1,28,5,16,7,1
,Wilmore,6081,2,0,1,1,0,38,4,33,1,0
,Winchester,18989,35,0,6,2,27,642,125,470,47,3
,Windy Hills,2400,0,0,0,0,0,0,0,0,0,0
,Woodburn,316,0,0,0,0,0,0,0,0,0,0
,Woodlawn Park,931,0,0,0,0,0,0,0,0,0,0
,Worthington,1475,0,0,0,0,0,1,0,1,0,0
LOUISIANA,Abbeville,10968,85,2,5,5,73,234,18,195,21,0
,Addis,7438,11,0,4,1,6,37,7,22,8,0
,Alexandria,44349,791,18,56,78,639,2804,473,2129,202,9
,Baker,12303,67,3,5,4,55,276,61,188,27,0
,Bastrop,9291,111,1,1,6,103,426,97,312,17,2
,Baton Rouge,219913,2260,64,134,340,1722,12870,3109,8168,1593,18
,Bernice,1328,1,0,0,0,1,2,0,2,0,0
,Berwick,4557,5,0,3,0,2,11,0,10,1,0
,Blanchard,3383,2,0,0,1,1,23,2,17,4,0
,Bogalusa,10461,144,6,8,4,126,465,101,335,29,2
,Bossier City,63078,636,6,46,44,540,2945,358,2305,282,4
,Broussard,14103,43,2,1,2,38,319,75,225,19,0
,Brusly,2598,2,0,1,0,1,11,1,8,2,0
,Clinton,1342,5,0,0,0,5,0,0,0,0,0
,Covington,11543,23,2,3,2,16,107,16,80,11,1
,De Ridder,9674,39,1,7,0,31,150,16,127,7,8
,Erath,2002,6,0,0,0,6,11,3,8,0,0
,Evergreen,207,0,0,0,0,0,0,0,0,0,0
,Ferriday,3041,50,0,2,1,47,41,11,29,1,0
,Golden Meadow,1735,7,0,0,0,7,38,9,28,1,0
,Gonzales,12869,63,3,10,14,36,880,45,790,45,3
,Gramercy,2801,12,0,0,0,12,75,7,66,2,0
,Greenwood,3077,13,0,0,4,9,108,31,68,9,0
,Gretna,17358,104,1,7,12,84,629,75,500,54,2
,Hammond,20847,256,0,13,18,225,1373,156,1150,67,1
,Harahan,8827,15,0,1,2,12,76,4,68,4,1
,Haughton,4457,4,0,0,3,1,17,2,10,5,1
,Haynesville,1884,11,0,1,1,9,24,12,9,3,1
,Houma,32762,272,15,2,26,229,1337,261,1006,70,9
,Ida,212,0,0,0,0,0,0,0,0,0,0
,Iowa,2972,36,2,1,0,33,66,11,47,8,1
,Jennings,9664,64,1,5,2,56,311,57,227,27,1
,Krotz Springs,894,4,0,0,0,4,37,0,37,0,0
,Lafayette,121546,582,22,18,100,442,5333,797,4098,438,
,Lake Charles,77054,485,14,32,53,386,2398,538,1638,222,3
,Lake Providence,3661,0,0,0,0,0,2,2,0,0,0
,Livingston,1946,1,0,0,0,1,28,4,22,2,0
,Mandeville,13245,24,0,1,1,22,178,16,156,6,0
,Mansfield,4472,20,0,1,0,19,10,6,4,0,0
,Marion,619,0,0,0,0,0,0,0,0,0,0
,Marksville,4843,82,1,2,2,77,241,19,215,7,2
,Monroe,46908,1284,18,18,107,1141,3153,662,2280,211,4
,Morgan City,10909,124,3,9,10,102,358,76,262,20,5
,New Orleans,370128,5345,266,442,1039,3598,17177,1837,11138,4202,
,Norwood,279,0,0,0,0,0,0,0,0,0,0
,Opelousas,15447,337,11,6,26,294,955,256,592,107,6
,Patterson,5681,37,0,0,0,37,37,9,23,5,0
,Pearl River,2680,12,0,1,1,10,35,12,22,1,0
,Plaquemine,5804,47,2,1,1,43,151,26,117,8,2
,Ponchatoula,7977,50,0,1,2,47,295,37,246,12,2
,Port Allen,4984,72,0,2,4,66,132,16,106,10,0
,Rayne,7100,3,0,0,0,3,62,5,54,3,0
,Ruston,22435,180,3,18,18,141,853,130,693,30,2
,Shreveport,180763,1466,47,137,231,1051,6851,1270,4894,687,
,Slidell,28686,77,2,12,8,55,813,56,700,57,2
,Springhill,4597,4,0,0,1,3,34,13,20,1,0
,Sulphur,19581,84,1,15,6,62,727,172,517,38,4
,Tallulah,5975,67,1,1,0,65,29,13,12,4,0
,Thibodaux,15166,71,2,4,7,58,456,41,402,13,1
,Vidalia,3771,14,1,2,0,11,132,23,99,10,0
,Vinton,2973,13,0,0,0,13,98,26,64,8,2
,Walker,6450,40,1,8,3,28,236,61,161,14,0
,Westlake,4464,7,0,0,0,7,124,28,91,5,0
,West Monroe,12680,218,0,25,16,177,819,191,589,39,2
,Westwego,8266,40,0,0,2,38,156,27,112,17,3
,Wilson,354,0,0,0,0,0,0,0,0,0,0
,Zachary,20344,71,1,10,4,56,396,45,302,49,0
MAINE,Ashland,1184,2,0,0,0,2,3,1,2,0,0
,Auburn,24122,40,2,10,4,24,624,31,568,25,3
,Augusta,19013,85,0,14,5,66,737,49,629,59,1
,Bangor,32078,52,0,7,19,26,1550,100,1417,33,8
,Bar Harbor,7478,3,0,0,0,3,37,2,33,2,0
,Bath,8834,3,1,0,0,2,77,4,73,0,0
,Belfast,7037,1,0,0,0,1,43,2,40,1,0
,Berwick,8185,9,0,5,0,4,59,9,50,0,0
,Biddeford,22647,76,0,14,7,55,649,37,593,19,7
,Boothbay Harbor,2090,0,0,0,0,0,11,1,10,0,0
,Brewer,9634,3,0,0,2,1,216,6,207,3,0
,Bridgton,5640,5,0,0,0,5,51,9,36,6,0
,Brunswick,21888,16,0,5,2,9,334,14,302,18,3
,Bucksport,5080,2,0,0,0,2,44,2,40,2,1
,Buxton,8528,8,0,4,0,4,74,11,59,4,1
,Calais,3041,3,0,2,0,1,33,4,28,1,0
,Camden,5326,0,0,0,0,0,21,0,20,1,0
,Cape Elizabeth,9535,1,0,0,0,1,25,5,19,1,0
,Caribou,7352,5,0,0,0,5,44,5,37,2,0
,Carrabassett Valley,698,1,0,0,0,1,8,0,7,1,0
,Clinton,3380,1,0,0,1,0,10,3,6,1,0
,Cumberland,8616,0,0,0,0,0,18,0,18,0,0
,Damariscotta,2332,1,0,0,0,1,17,3,14,0,0
,Dexter,3793,1,0,1,0,0,30,2,27,1,0
,Dover-Foxcroft,4537,0,0,0,0,0,31,2,26,3,0
,East Millinocket,6823,1,0,0,1,0,80,13,59,8,0
,Eastport,1282,2,0,0,0,2,0,0,0,0,0
,Eliot,7162,1,0,0,0,1,18,2,13,3,0
,Ellsworth,8676,13,0,7,2,4,303,5,293,5,0
,Fairfield,6507,10,0,5,2,3,112,13,90,9,0
,Falmouth,12695,4,0,1,0,3,86,3,76,7,2
,Farmington,7520,7,0,3,0,4,78,6,68,4,0
,Fort Fairfield,3267,3,0,1,1,1,28,5,22,1,0
,Fort Kent,4120,2,0,1,0,1,24,5,16,3,1
,Freeport,8802,2,0,1,0,1,105,5,96,4,0
,Fryeburg,3480,3,0,2,1,0,15,2,13,0,0
,Gorham,18482,8,0,2,0,6,91,6,78,7,1
,Gouldsboro,1768,0,0,0,0,0,0,0,0,0,0
,Greenville,1538,0,0,0,0,0,9,1,8,0,0
,Hallowell,2579,1,0,0,0,1,17,2,12,3,0
,Hampden,7864,1,0,0,0,1,39,7,30,2,0
,Holden,3312,0,0,0,0,0,24,2,20,2,0
,Houlton,6071,5,0,0,0,5,111,8,103,0,0
,Islesboro,589,0,0,0,0,0,14,3,11,0,0
,Jay,4706,8,0,1,0,7,41,4,36,1,0
,Kennebunk,11804,3,0,2,0,1,63,11,51,1,0
,Kennebunkport,3716,0,0,0,0,0,18,1,16,1,0
,Kittery,10279,5,0,1,0,4,171,6,159,6,0
,Lewiston,36488,101,3,26,26,46,701,95,570,36,9
,Limestone,1524,0,0,0,0,0,6,3,2,1,0
,Lincoln,4846,5,0,0,1,4,109,16,89,4,0
,Lisbon,9660,7,0,2,3,2,93,8,77,8,1
,Livermore Falls,3074,6,0,3,1,2,34,4,28,2,0
,Machias,1834,4,0,2,0,2,18,4,14,0,0
,Madawaska,3846,6,0,4,0,2,27,5,22,0,0
,Mechanic Falls,3112,4,0,3,0,1,29,4,24,1,0
,Mexico,2787,4,1,0,1,2,90,12,76,2,0
,Milbridge,1358,0,0,0,0,0,0,0,0,0,0
,Milo,2381,4,0,4,0,0,37,6,30,1,0
,Newport,3120,1,0,0,0,1,50,3,45,2,0
,North Berwick,5163,5,0,3,0,2,20,3,17,0,0
,Norway,5201,2,0,1,0,1,101,12,85,4,1
,Oakland,6300,6,0,4,1,1,49,5,33,11,0
,Ogunquit,1603,0,0,0,0,0,20,1,17,2,0
,Old Orchard Beach,9244,15,0,2,1,12,122,15,99,8,0
,Old Town,7372,2,0,0,1,1,61,8,51,2,0
,Orono,11651,5,0,1,0,4,42,2,36,4,1
,Paris,5349,11,0,7,1,3,65,14,45,6,0
,Pittsfield,3904,4,0,2,1,1,31,4,25,2,1
,Portland,68199,126,5,31,17,73,1149,35,1018,96,15
,Presque Isle,8746,16,0,4,1,11,213,15,192,6,0
,Rangeley,1253,0,0,0,0,0,2,0,2,0,0
,Richmond,3585,0,0,0,0,0,6,0,5,1,0
,Rockland,7081,6,0,0,0,6,159,25,122,12,0
,Rockport,3719,0,0,0,0,0,22,1,20,1,0
,Rumford,5929,1,0,0,0,1,109,18,89,2,0
,Sabattus,5113,4,0,1,0,3,14,0,13,1,0
,Saco,20936,30,0,6,1,23,317,25,265,27,2
,Sanford,22315,45,1,28,1,15,535,38,469,28,2
,Scarborough,22913,15,0,5,2,8,364,30,328,6,0
,Searsport,2663,0,0,0,0,0,6,0,5,1,0
,Skowhegan,8595,18,1,3,1,13,258,16,229,13,1
,South Berwick,7653,5,0,4,0,1,25,3,21,1,2
,South Portland,27445,43,0,10,9,24,492,26,418,48,3
,Southwest Harbor,1836,0,0,0,0,0,7,2,5,0,0
,Thomaston,2816,1,0,0,0,1,36,2,33,1,0
,Topsham,9680,5,0,1,1,3,109,8,98,3,1
,Veazie,1807,0,0,0,0,0,4,0,3,1,0
,Waldoboro,5314,1,0,0,0,1,34,7,26,1,0
,Washburn,1498,3,0,2,0,1,1,0,1,0,0
,Waterville,15972,33,0,15,3,15,686,45,622,19,1
,Wells,11760,8,1,2,0,5,96,6,84,6,0
,Westbrook,20741,37,0,9,8,20,218,29,167,22,0
,Wilton,3913,2,0,0,1,1,32,4,23,5,0
,Windham,19048,7,0,2,0,5,143,12,125,6,0
,Winslow,7970,8,0,3,1,4,96,5,87,4,1
,Winter Harbor,479,1,1,0,0,0,4,0,3,1,0
,Winthrop,6168,5,0,1,0,4,31,3,27,1,1
,Wiscasset,3880,4,0,2,0,2,43,7,35,1,0
,Yarmouth,9009,4,0,2,1,1,49,1,47,1,0
,York,13977,9,0,2,0,7,88,13,67,8,3
MARYLAND2,Aberdeen,17576,107,1,7,21,78,374,34,317,23,1
,Annapolis,40542,215,1,17,42,155,788,75,644,69,18
,Baltimore,570546,8861,287,259,3172,5143,18699,3333,11940,3426,76
,Baltimore City Sheriff,0,0,0,0,0,0,0,0,0,0,0
,Bel Air,10675,19,0,1,7,11,268,11,254,3,0
,Bowie,57068,62,0,0,19,43,687,40,556,91,1
,Brunswick,8279,16,0,2,5,9,65,15,48,2,0
,Chestertown,5638,18,0,2,5,11,94,13,81,0,0
,Cumberland,18647,114,1,11,24,78,633,115,493,25,4
,Denton,4827,19,0,3,3,13,143,11,125,7,0
,Easton,17237,21,1,5,6,9,211,22,181,8,1
,Elkton,15806,113,4,19,19,71,842,110,671,61,2
,Frederick,80985,301,2,36,40,223,1259,174,1024,61,8
,Frostburg,7024,8,0,1,1,6,9,4,5,0,0
,Hagerstown,43548,310,8,31,63,208,894,246,520,128,2
,Hampstead,6342,10,0,0,1,9,54,2,50,2,2
,Havre de Grace,14883,19,0,8,1,10,208,26,174,8,0
,Manchester,5477,23,0,0,0,23,7,1,5,1,0
,Mount Rainier,8112,46,0,2,29,15,226,18,177,31,0
,North East,4100,8,0,0,0,8,90,5,81,4,0
,Oakland,1811,1,0,1,0,0,35,2,33,0,0
,Ocean City,6957,129,0,19,19,91,752,84,646,22,0
,Oxford,613,0,0,0,0,0,4,1,1,2,0
,Rock Hall,1195,1,0,0,1,0,8,2,6,0,0
,Salisbury,33063,362,1,14,65,282,854,130,684,40,7
,Snow Hill,2174,10,0,2,0,8,21,3,18,0,0
,St. Michaels,1080,0,0,0,0,0,23,2,19,2,0
,Thurmont,6645,4,0,2,0,2,29,6,23,0,0
,Westminster,20165,93,0,5,2,86,398,37,348,13,1
MASSACHUSETTS,Abington,17886,27,0,3,4,20,159,19,120,20,1
,Acton,23833,15,0,2,1,12,127,14,109,4,0
,Acushnet,10612,10,0,5,0,5,33,7,20,6,0
,Adams,8073,29,0,4,5,20,102,31,66,5,0
,Agawam,28536,102,0,12,5,85,444,160,250,34,1
,Amesbury,17276,24,0,2,0,22,130,11,114,5,2
,Amherst,39267,76,0,35,1,40,130,29,97,4,1
,Andover,36631,43,0,5,2,36,183,26,146,11,1
,Aquinnah,465,0,0,0,0,0,2,1,1,0,0
,Arlington,45238,27,0,2,2,23,269,46,204,19,1
,Ashburnham,6402,11,0,1,0,10,17,5,12,0,0
,Ashby,3166,3,0,1,2,0,17,5,12,0,0
,Ashfield,1690,0,0,0,0,0,5,1,3,1,1
,Ashland,18373,19,0,1,0,18,42,4,33,5,0
,Athol,11938,69,0,7,1,61,93,7,77,9,0
,Attleboro,46942,118,0,10,10,98,506,58,418,30,4
,Auburn,16878,35,0,2,4,29,269,23,233,13,1
,Avon,4764,11,0,1,1,9,74,12,58,4,0
,Ayer,8368,14,0,3,0,11,41,6,29,6,0
,Barnstable,50501,234,1,26,11,196,401,64,311,26,3
,Barre,5555,23,0,4,0,19,22,3,17,2,1
,Becket,1934,5,0,1,0,4,10,2,4,4,0
,Bedford,14034,2,0,1,0,1,72,10,60,2,0
,Belchertown,15277,19,0,5,0,14,82,17,60,5,2
,Bellingham,16965,29,0,10,2,17,165,15,145,5,0
,Belmont,26557,15,0,0,1,14,182,46,126,10,1
,Berkley,6844,4,0,1,0,3,11,0,7,4,0
,Berlin,4137,3,0,1,0,2,20,0,20,0,0
,Bernardston,2846,2,0,1,1,0,10,2,7,1,0
,Beverly,42441,43,0,5,0,38,206,9,185,12,0
,Billerica,41110,23,0,7,3,13,189,26,147,16,2
,Blackstone,9222,5,0,1,0,4,12,1,8,3,0
,Bolton,5710,5,0,0,0,5,25,3,22,0,0
,Boston,638925,3955,44,176,770,2965,11514,1213,9116,1185,32
,Bourne,21127,44,0,6,1,37,137,24,105,8,1
,Boxborough,5377,4,0,0,0,4,30,8,19,3,0
,Boxford,8134,1,0,0,0,1,4,0,4,0,0
,Boylston,4934,5,0,0,0,5,9,1,6,2,0
,Braintree,38835,94,1,14,5,74,504,42,428,34,0
,Brewster,10647,8,0,0,0,8,50,8,39,3,0
,Bridgewater,8820,32,0,5,2,25,59,10,44,5,0
,Brimfield,3711,3,0,0,0,3,11,1,9,1,0
,Brockton,110084,712,8,78,65,561,1904,289,1121,494,9
,Brookfield,3443,6,0,3,0,3,15,2,8,5,0
,Brookline,62825,66,0,4,11,51,563,44,485,34,0
,Buckland,1815,2,0,0,0,2,0,0,0,0,0
,Burlington,25783,35,0,3,5,27,426,19,382,25,3
,Cambridge,117044,475,0,42,96,337,2622,278,2205,139,14
,Canton,24717,99,0,7,1,91,170,11,145,14,2
,Carlisle,5149,2,0,1,0,1,4,1,3,0,0
,Carver,12215,18,0,2,1,15,40,3,34,3,3
,Charlton,13394,11,0,1,0,10,57,10,36,11,1
,Chatham,6844,10,0,2,0,8,35,3,32,0,0
,Chelmsford,35630,40,0,5,2,33,260,26,221,13,1
,Chelsea,37590,302,0,26,60,216,678,81,521,76,4
,Cheshire,3226,2,0,1,0,1,2,1,1,0,0
,Chester,1221,0,0,0,0,0,2,0,2,0,0
,Chicopee,55265,301,4,37,31,229,1032,133,804,95,6
,Chilmark,1292,0,0,0,0,0,2,0,2,0,0
,Clinton,15432,8,0,0,0,8,5,1,4,0,0
,Cohasset,8417,5,0,1,0,4,37,5,30,2,0
,Concord,18040,32,0,9,0,23,84,8,74,2,0
,Dalton,6273,17,0,2,3,12,37,6,26,5,0
,Danvers,27887,54,0,6,3,45,330,20,284,26,0
,Dartmouth,34192,90,0,8,12,70,408,35,364,9,2
,Dedham,25324,47,0,3,3,41,144,3,134,7,0
,Deerfield,5154,6,0,2,0,4,29,4,23,2,0
,Dennis,15200,53,0,8,0,45,159,23,133,3,2
,Dighton,8240,8,0,3,1,4,19,4,11,4,0
,Douglas,9146,4,0,0,0,4,20,6,12,2,0
,Dover,5902,5,0,1,0,4,7,1,6,0,1
,Dracut,31908,53,0,10,3,40,188,21,154,13,4
,Dudley,11914,21,0,6,2,13,25,6,14,5,0
,Dunstable,3333,4,0,0,0,4,4,0,2,2,0
,Duxbury,16861,17,0,2,0,15,34,2,31,1,0
,East Bridgewater,15142,22,0,3,1,18,53,6,44,3,0
,East Brookfield,2208,11,0,4,0,7,8,1,2,5,0
,Eastham,5939,8,0,2,0,6,34,5,29,0,0
,Easthampton,15914,25,0,7,0,18,103,11,86,6,0
,East Longmeadow,16458,34,0,8,4,22,231,29,190,12,0
,Easton,25463,45,0,5,5,35,199,21,169,9,1
,Edgartown,5485,23,0,2,0,21,62,14,46,2,1
,Egremont,1374,2,0,0,0,2,9,1,8,0,0
,Erving,1669,6,0,0,0,6,9,2,7,0,0
,Essex,3678,4,0,0,0,4,14,2,11,1,0
,Everett,48340,169,2,24,19,124,654,94,462,98,2
,Fairhaven,15987,55,1,5,3,46,132,15,109,8,0
,Fall River,94339,935,3,50,103,779,1162,383,589,190,8
,Falmouth,33873,82,2,6,9,65,273,84,179,10,1
,Fitchburg,41791,186,1,22,19,144,309,60,207,42,5
,Foxborough,18549,46,0,7,3,36,125,11,107,7,1
,Framingham,70716,201,1,17,4,179,990,356,549,85,5
,Franklin,33107,29,0,2,1,26,151,63,87,1,0
,Freetown,9247,24,0,2,0,22,57,11,40,6,2
,Gardner,21231,43,0,5,2,36,181,21,149,11,1
,Georgetown,8409,7,0,0,0,7,29,4,24,1,0
,Gill,1535,0,0,0,0,0,9,0,9,0,0
,Gloucester,30301,73,0,14,5,54,167,29,123,15,4
,Goshen,945,0,0,0,0,0,2,0,2,0,0
,Grafton,19965,12,0,1,0,11,30,8,22,0,1
,Granby,6036,4,0,1,0,3,25,6,16,3,0
,Granville,1538,2,0,1,0,1,4,0,3,1,1
,Great Barrington,7143,17,0,3,3,11,41,2,37,2,1
,Greenfield,17203,84,0,21,5,58,289,44,236,9,3
,Groton,11074,9,0,1,0,8,16,4,12,0,1
,Hadley,5244,23,0,5,0,18,184,6,174,4,0
,Halifax,8092,7,0,1,1,5,45,4,38,3,0
,Hamilton,7551,9,0,2,0,7,19,3,14,2,0
,Hampden,4948,5,0,2,0,3,20,1,18,1,0
,Hanover,15578,27,0,3,1,23,69,5,58,6,0
,Hanson,11196,16,0,4,0,12,42,4,36,2,0
,Hardwick,2672,4,0,0,0,4,2,0,2,0,0
,Harvard,6870,10,1,1,0,8,13,4,9,0,0
,Harwich,13891,14,0,1,1,12,97,22,73,2,1
,Hatfield,3301,6,0,0,0,6,17,1,12,4,0
,Haverhill,67359,390,0,3,15,372,537,62,434,41,4
,Hingham,25437,44,0,5,2,37,118,17,94,7,0
,Hinsdale,1905,0,0,0,0,0,0,0,0,0,0
,Holbrook,11350,39,0,4,3,32,134,16,95,23,1
,Holden,19998,21,0,3,1,17,45,8,31,6,1
,Holland,2585,2,0,0,0,2,4,2,1,1,1
,Holliston,14754,4,0,0,0,4,52,9,41,2,0
,Holyoke,37945,364,6,11,57,290,1411,132,1161,118,12
,Hopedale,6021,5,0,3,0,2,26,2,21,3,0
,Hopkinton,19180,30,0,3,0,27,47,2,45,0,1
,Hudson,19623,29,0,4,0,25,72,10,56,6,0
,Hull,10676,23,0,8,0,15,64,12,51,1,0
,Ipswich,13735,6,0,1,0,5,35,5,26,4,0
,Kingston,14484,13,1,7,0,5,43,4,38,1,2
,Lakeville,12511,20,0,4,0,16,47,4,41,2,0
,Lancaster,8504,11,0,2,0,9,37,10,27,0,0
,Lanesboro,3021,4,1,0,1,2,31,4,21,6,1
,Lawrence,88422,444,4,28,49,363,799,75,628,96,5
,Lee,5740,11,0,3,0,8,86,13,70,3,0
,Leicester,11084,18,0,2,0,16,91,15,72,4,0
,Lenox,5105,5,0,1,0,4,83,7,72,4,0
,Leominster,43690,187,0,9,17,161,623,75,504,44,4
,Leverett,1861,1,0,0,0,1,8,1,6,1,0
,Lexington,33889,15,0,6,1,8,97,18,71,8,0
,Lincoln,6823,1,0,1,0,0,17,3,14,0,0
,Littleton,10154,4,0,1,1,2,45,3,39,3,0
,Longmeadow,15734,14,0,2,3,9,91,21,61,9,1
,Lowell,113277,455,6,19,72,358,1979,246,1536,197,8
,Ludlow,20971,45,0,3,4,38,188,23,147,18,0
,Lunenburg,11903,20,0,5,2,13,75,6,65,4,0
,Lynn,101056,662,7,37,91,527,1203,157,875,171,6
,Lynnfield,12992,11,0,0,1,10,97,17,77,3,0
,Malden,64356,150,0,3,24,123,803,68,607,128,2
,Manchester-by-the-Sea,5365,0,0,0,0,0,28,1,26,1,0
,Mansfield,23932,29,0,4,4,21,160,11,143,6,1
,Marblehead,20289,14,0,1,1,12,91,16,70,5,1
,Marion,5567,4,0,1,0,3,29,3,26,0,1
,Marlborough,40722,173,0,23,12,138,389,40,309,40,4
,Marshfield,27064,33,0,9,0,24,59,11,42,6,2
,Mashpee,15730,38,0,5,0,33,86,14,68,4,0
,Mattapoisett,6932,12,0,1,0,11,28,3,24,1,1
,Maynard,10464,23,0,4,0,19,63,9,45,9,1
,Medfield,13107,10,0,0,0,10,35,2,30,3,0
,Medford,64122,112,1,14,8,89,605,57,475,73,0
,Medway,13261,9,0,0,0,9,29,3,26,0,0
,Melrose,29013,17,0,1,3,13,144,23,108,13,0
,Mendon,6307,4,0,0,0,4,22,3,17,2,0
,Merrimac,6726,10,0,2,0,8,20,3,16,1,0
,Methuen,52853,76,2,2,9,63,428,80,315,33,0
,Middleboro,25744,107,0,13,4,90,215,39,156,20,2
,Middleton,9790,8,0,5,0,3,37,2,31,4,0
,Milford,30360,45,0,12,4,29,203,26,160,17,1
,Millbury,14008,23,1,2,2,18,140,14,117,9,0
,Millis,8890,7,0,0,0,7,16,2,13,1,0
,Millville,3152,2,0,0,0,2,5,0,5,0,0
,Milton,28454,7,0,0,1,6,140,16,117,7,0
,Monson,8115,25,0,2,0,23,35,6,23,6,0
,Montague,8581,51,0,1,1,49,67,19,40,8,0
,Monterey,1091,0,0,0,0,0,2,1,1,0,0
,Nahant,3315,1,0,0,0,1,7,0,7,0,0
,Nantucket,14814,40,0,8,0,32,253,35,197,21,0
,Natick,36090,53,0,9,6,38,512,34,469,9,2
,Needham,32228,26,0,10,2,14,167,20,139,8,0
,New Bedford,101402,635,4,49,111,471,1582,198,1197,187,13
,New Braintree,993,2,0,0,0,2,3,0,1,2,0
,Newbury,6717,6,0,1,0,5,24,5,18,1,0
,Newburyport,18366,27,0,10,0,17,93,5,77,11,0
,New Marlborough,1513,3,0,0,0,3,3,3,0,0,0
,Newton,86710,56,1,8,8,39,568,60,497,11,2
,Norfolk,11621,9,0,0,0,9,29,3,24,2,0
,North Adams,12836,129,2,6,7,114,307,50,247,10,2
,Northampton,29150,114,1,23,5,85,363,37,308,18,3
,North Andover,30695,28,0,4,3,21,129,22,92,15,3
,North Attleboro,31071,48,0,4,2,42,329,20,289,20,0
,Northborough,15699,5,0,0,0,5,2,0,0,2,0
,Northbridge,16357,9,0,1,0,8,65,8,50,7,1
,Northfield,2877,7,0,1,0,6,4,1,1,2,0
,North Reading,15197,14,0,0,0,14,55,4,43,8,0
,Norton,19374,21,0,0,1,20,29,2,19,8,0
,Norwell,11866,4,0,1,0,3,57,9,46,2,0
,Norwood,31533,49,0,5,3,41,262,18,222,22,1
,Oak Bluffs,5653,39,0,3,0,36,77,13,60,4,0
,Oakham,1852,1,0,0,0,1,10,2,7,1,0
,Orleans,6546,10,0,4,1,5,49,4,43,2,0
,Otis,1628,0,0,0,0,0,5,2,1,2,0
,Oxford,13316,32,0,9,2,21,99,13,76,10,4
,Palmer,12393,42,0,7,0,35,118,35,71,12,5
,Paxton,5073,10,0,2,0,8,13,1,11,1,0
,Pelham,1257,1,0,0,0,1,0,0,0,0,0
,Pembroke,19289,16,0,5,1,10,45,4,40,1,0
,Pepperell,11600,10,0,0,0,10,62,15,41,6,1
,Pittsfield,43496,326,3,40,32,251,693,231,390,72,9
,Plainville,9921,18,0,1,0,17,98,22,71,5,0
,Plymouth,65779,229,0,30,5,194,550,60,462,28,2
,Plympton,3075,3,0,0,0,3,10,0,6,4,0
,Princeton,3521,5,0,2,0,3,8,2,5,1,0
,Provincetown,3775,6,0,2,1,3,30,10,18,2,0
,Quincy,101434,403,2,34,32,335,1106,198,816,92,7
,Randolph,32477,84,2,5,9,68,394,49,298,47,0
,Raynham,15404,22,0,6,2,14,161,9,141,11,0
,Reading,25018,4,0,0,0,4,147,23,123,1,0
,Rehoboth,12936,14,0,3,0,11,51,7,40,4,0
,Revere,56961,193,1,23,19,150,696,66,527,103,0
,Rochester,6056,5,0,2,0,3,39,4,32,3,0
,Rockland,18549,53,0,2,0,51,66,12,46,8,0
,Rockport,6961,2,0,1,0,1,8,1,7,0,0
,Rowley,6132,4,0,1,0,3,15,1,12,2,1
,Royalston,1266,1,0,0,1,0,0,0,0,0,0
,Rutland,9316,34,0,5,1,28,22,10,11,1,0
,Salem,45345,85,0,10,11,64,537,57,452,28,7
,Salisbury,9238,26,0,4,0,22,74,13,50,11,1
,Sandwich,21013,24,0,4,1,19,81,11,67,3,0
,Saugus,28880,52,0,7,6,39,338,32,284,22,0
,Scituate,20147,14,0,2,0,12,32,7,25,0,0
,Seekonk,15692,39,0,2,10,27,301,20,253,28,0
,Sharon,18553,7,0,0,0,7,51,4,40,7,0
,Shelburne,1891,0,0,0,0,0,10,3,6,1,1
,Sherborn,4384,4,0,2,0,2,7,0,6,1,0
,Shirley,7228,15,0,2,0,13,18,4,12,2,0
,Shrewsbury,39745,4,0,1,0,3,258,27,207,24,0
,Shutesbury,1734,1,0,0,0,1,1,0,1,0,0
,Somerset,18317,42,0,13,2,27,152,8,136,8,0
,Somerville,79178,200,1,13,42,144,1095,132,859,104,1
,Southampton,6177,10,0,1,0,9,29,4,25,0,1
,Southborough,10448,5,0,2,0,3,28,7,19,2,0
,Southbridge,17687,67,0,13,4,50,159,28,113,18,1
,South Hadley,17900,26,1,3,2,20,182,21,152,9,2
,Southwick,9229,12,0,1,0,11,74,12,58,4,0
,Spencer,11953,13,0,1,0,12,63,11,47,5,0
,Springfield,155046,1337,14,82,265,976,3674,579,2590,505,37
,Sterling,8372,8,0,4,0,4,24,7,16,1,1
,Stockbridge,1997,5,0,1,0,4,15,2,12,1,0
,Stoneham,22660,48,0,4,5,39,186,41,136,9,1
,Stoughton,29204,76,1,11,7,57,328,31,245,52,3
,Stow,6989,4,0,1,0,3,35,7,27,1,1
,Sturbridge,9892,27,0,3,0,24,73,12,58,3,0
,Sudbury,19314,14,0,5,0,9,45,6,37,2,1
,Sunderland,3655,4,0,0,1,3,26,2,23,1,0
,Sutton,9418,4,0,1,0,3,43,10,30,3,0
,Swampscott,15268,12,0,0,2,10,132,14,116,2,0
,Swansea,17453,26,0,6,0,20,121,7,100,14,0
,Taunton,60062,291,1,22,17,251,549,66,406,77,3
,Templeton,8220,14,0,2,0,12,35,3,32,0,0
,Tewksbury,30656,79,0,14,9,56,345,22,307,16,1
,Tisbury,5079,34,0,1,1,32,41,11,29,1,0
,Topsfield,6581,4,0,0,0,4,24,3,19,2,0
,Townsend,8892,11,0,2,1,8,30,4,24,2,0
,Truro,2536,3,1,0,0,2,12,0,12,0,0
,Tyngsboro,12490,16,0,3,1,12,54,6,36,12,0
,Upton,8137,10,0,2,0,8,15,0,13,2,0
,Uxbridge,14418,23,0,4,0,19,46,14,25,7,1
,Wakefield,27263,41,0,8,4,29,120,11,87,22,1
,Wales,1815,0,0,0,0,0,1,0,1,0,0
,Walpole,26829,41,0,11,1,29,244,25,214,5,0
,Waltham,63525,95,0,14,3,78,349,55,269,25,3
,Ware,10295,64,0,3,0,61,39,3,33,3,1
,Wareham,24389,76,1,12,8,55,243,35,189,19,0
,Warren,4969,9,0,1,1,7,15,3,8,4,0
,Watertown,35088,48,0,4,4,40,359,35,310,14,1
,Wayland,13601,1,0,0,0,1,23,0,21,2,0
,Webster,17651,122,1,16,5,100,209,33,159,17,3
,Wellesley,31354,19,0,5,1,13,118,15,101,2,0
,Wellfleet,3725,3,0,2,0,1,12,3,8,1,0
,Wenham,4998,7,0,0,0,7,12,1,10,1,0
,Westborough,21562,29,0,6,1,22,197,21,169,7,0
,West Boylston,7872,9,0,1,1,7,39,5,25,9,1
,West Bridgewater,8087,10,0,3,2,5,90,23,57,10,0
,West Brookfield,3830,1,0,1,0,0,7,1,4,2,0
,Westfield,40691,92,0,18,5,69,364,30,291,43,2
,Westford,24270,17,0,3,0,14,58,8,44,6,1
,Westminster,8363,19,0,7,0,12,45,5,36,4,2
,West Newbury,4605,1,0,0,0,1,10,0,9,1,0
,Weston,11589,9,0,1,0,8,46,12,33,1,1
,Westport,16475,19,0,4,0,15,78,9,61,8,1
,West Springfield,28655,141,1,25,17,98,1012,155,782,75,1
,West Tisbury,3757,8,1,0,0,7,10,3,6,1,0
,Westwood,16308,14,0,2,0,12,145,11,127,7,1
,Weymouth,58231,154,0,13,6,135,423,56,339,28,2
,Whately,1639,2,0,1,0,1,7,2,5,0,0
,Whitman,16110,30,0,3,5,22,92,15,58,19,1
,Wilbraham,14600,38,0,4,5,29,155,15,133,7,0
,Williamsburg,2460,3,0,0,0,3,9,1,8,0,0
,Williamstown,8020,6,0,3,0,3,52,3,46,3,0
,Wilmington,22825,34,0,5,4,25,195,19,164,12,0
,Winchendon,10410,29,0,2,1,26,85,22,56,7,0
,Winchester,22496,9,0,0,2,7,61,7,52,2,0
,Winthrop,17954,22,0,1,2,19,83,11,65,7,1
,Woburn,41461,59,0,7,6,46,389,35,312,42,2
,Worcester,206575,1245,11,42,166,1026,3444,696,2408,340,7
,Worthington,1176,0,0,0,0,0,3,1,2,0,0
,Wrentham,12343,4,0,1,0,3,202,17,183,2,0
,Yarmouth,25705,81,0,16,2,63,227,33,189,5,3
MICHIGAN,Addison Township,6223,3,0,1,0,2,9,0,9,0,0
,Adrian,20407,118,0,20,7,91,370,52,283,35,4
,Adrian Township,6325,0,0,0,0,0,5,1,3,1,0
,Albion,7940,87,0,8,2,77,291,57,219,15,2
,Allegan,5155,12,0,5,0,7,38,5,28,5,0
,Allen Park,27917,73,0,9,7,57,441,25,340,76,0
,Alma,9365,35,0,8,1,26,122,13,101,8,0
,Almont,2843,10,1,2,0,7,24,4,19,1,0
,Alpena,10146,48,0,18,0,30,121,14,97,10,2
,Ann Arbor,120549,371,1,49,39,282,2069,259,1662,148,10
,Argentine Township,7002,7,0,2,0,5,9,2,6,1,0
,Armada,1658,0,0,0,0,0,6,0,6,0,0
,Auburn Hills,25081,94,0,18,11,65,499,42,389,68,1
,Augusta,846,3,0,0,0,3,11,0,8,3,0
,Bad Axe,3014,6,0,3,0,3,47,7,40,0,0
,Bancroft,471,0,0,0,0,0,0,0,0,0,0
,Bangor,1988,9,0,1,0,8,40,4,32,4,0
,Baroda-Lake Township,4187,15,0,6,0,9,36,8,28,0,0
,Bath Township,13456,26,0,6,2,18,125,20,93,12,0
,Battle Creek,61347,720,10,97,33,580,1644,346,1153,145,15
,Bay City,32249,179,0,29,5,145,384,59,288,37,5
,Beaverton,1150,5,0,0,0,5,2,1,1,0,1
,Belding,6153,22,0,5,0,17,90,9,81,0,0
,Belleville,3928,6,0,3,0,3,59,9,38,12,0
,Benton Harbor,8896,235,4,22,15,194,330,54,176,100,9
,Benton Township,14081,237,6,26,19,186,820,68,613,139,5
,Berkley,15006,4,0,0,1,3,80,10,56,14,0
,Berrien Springs-Oronoko Township,9422,19,0,4,2,13,53,4,46,3,0
,Beverly Hills,10467,9,0,1,1,7,85,7,64,14,0
,Birch Run,1555,4,0,1,0,3,62,5,55,2,0
,Birmingham,21721,7,0,2,0,5,194,18,136,40,0
,Blackman Township,38656,94,2,25,4,63,1136,129,920,87,7
,Blissfield,3284,5,1,0,0,4,22,9,13,0,1
,Bloomfield Hills,4420,4,0,1,0,3,26,1,24,1,0
,Bloomfield Township,43805,21,0,1,1,19,287,24,232,31,0
,Boyne City,3830,8,0,3,0,5,28,5,23,0,0
,Brandon Township,15284,23,0,4,1,18,25,6,15,4,1
,Breckenridge,1274,2,0,1,0,1,12,0,12,0,0
,Bridgeport Township,9975,40,1,3,2,34,108,17,80,11,0
,Bridgman,2062,4,0,0,0,4,18,6,11,1,0
,Brighton,7483,7,0,1,3,3,104,7,94,3,1
,Bronson,2311,2,0,0,1,1,38,10,25,3,0
,Brown City,1298,2,0,1,0,1,16,0,15,1,0
,Brownstown Township,33033,74,0,10,5,59,336,42,234,60,3
,Buchanan,4179,35,0,10,1,24,101,17,78,6,0
,Buena Vista Township,7588,90,2,6,5,77,142,44,71,27,2
,Burton,29373,242,4,23,11,204,741,99,559,83,1
,Cadillac,10413,55,0,12,3,40,210,36,160,14,2
,Cambridge Township,5681,7,0,1,0,6,21,7,14,0,0
,Canton Township,98582,190,1,19,10,160,1012,45,860,107,2
,Capac,1972,8,0,0,0,8,15,2,12,1,0
,Caro,4292,14,0,5,0,9,157,23,131,3,0
,Carrollton Township,5669,25,2,3,1,19,61,16,41,4,4
,Caseville,646,0,0,0,0,0,8,1,7,0,0
,Caspian-Gaastra,1119,1,0,0,0,1,4,0,2,2,0
,Cass City,2489,10,0,2,0,8,29,2,27,0,0
,Cassopolis,1689,5,0,2,1,2,12,2,8,2,0
,Center Line,8357,33,1,4,3,25,133,19,87,27,1
,Charlevoix,2351,10,0,1,0,9,34,5,29,0,0
,Charlotte,9175,37,0,9,3,25,174,4,164,6,1
,Cheboygan,4849,17,0,9,0,8,90,16,72,2,0
,Chelsea,5322,8,0,3,0,5,36,4,31,1,0
,Chesaning,2440,21,0,0,0,21,28,5,17,6,0
,Chesterfield Township,45519,92,0,17,5,70,437,18,372,47,0
,Chikaming Township,2741,3,0,1,0,2,37,4,32,1,0
,Chocolay Township,5976,7,0,1,0,6,23,0,21,2,1
,Clare,3290,21,0,8,0,13,38,2,35,1,0
,Clarkston,909,0,0,0,0,0,14,2,12,0,0
,Clawson,11204,22,0,2,2,18,46,5,36,5,0
,Clayton Township,7274,6,0,2,0,4,19,7,11,1,0
,Clay Township,8430,26,0,7,0,19,37,11,24,2,0
,Clinton,2497,4,0,4,0,0,15,0,14,1,0
,Clinton Township,99274,371,1,51,16,303,1567,128,1188,251,2
,Clio,2479,8,0,2,2,4,31,5,26,0,0
,Coldwater,13930,50,0,9,5,36,346,49,283,14,2
,Coleman,1262,0,0,0,0,0,15,1,14,0,0
,Colon,1191,3,0,1,0,2,26,4,20,2,0
,Columbia Township,7470,9,0,3,2,4,52,2,46,4,0
,Commerce Township,38873,23,0,2,2,19,184,13,152,19,1
,Constantine,1968,5,0,4,0,1,19,2,10,7,1
,Corunna,3051,4,0,1,0,3,12,3,8,1,0
,Covert Township,2516,18,0,3,1,14,43,9,27,7,0
,Croswell,2312,5,0,4,0,1,34,4,23,7,0
,Davison,5058,12,1,3,0,8,53,7,37,9,0
,Davison Township,20452,50,1,8,1,40,211,37,150,24,1
,Dearborn,107197,302,2,29,53,218,2059,149,1470,440,11
,Dearborn Heights,61789,303,0,20,24,259,937,152,564,221,3
,Decatur,1674,8,0,4,0,4,33,3,29,1,0
,Denton Township,5378,4,0,2,0,2,30,3,24,3,0
,Detroit,626757,12710,308,712,1398,10292,28068,4829,13794,9445,440
,DeWitt,4813,6,0,3,0,3,17,6,10,1,1
,DeWitt Township,15557,31,0,11,1,19,141,23,106,12,0
,Dowagiac,5591,44,0,9,6,29,202,7,177,18,2
,Dryden Township,4797,6,0,1,0,5,12,4,7,1,0
,Durand,4033,8,0,1,0,7,48,5,40,3,0
,East Grand Rapids,11372,2,0,1,0,1,126,17,91,18,0
,East Jordan,2254,8,0,1,0,7,18,0,18,0,0
,East Lansing,46660,124,0,31,12,81,830,101,623,106,11
,Eastpointe,33829,248,6,18,34,190,840,107,478,255,10
,Eaton Rapids,5184,26,1,6,0,19,87,14,67,6,1
,Eau Claire,540,0,0,0,0,0,0,0,0,0,0
,Ecorse,9113,108,4,9,6,89,237,38,146,53,6
,Elkton,791,1,0,1,0,0,3,0,3,0,0
,Emmett Township,11607,42,0,6,6,30,672,58,598,16,2
,Escanaba,12404,59,0,29,1,29,204,7,191,6,1
,Essexville,3300,3,0,0,1,2,12,0,10,2,0
,Evart,1774,5,0,2,0,3,14,0,14,0,0
,Fair Haven Township,1087,0,0,0,0,0,5,2,3,0,0
,Farmington,11406,5,0,1,0,4,78,4,65,9,1
,Farmington Hills,82806,119,0,20,7,92,962,78,718,166,4
,Fennville,1733,0,0,0,0,0,1,0,1,0,0
,Fenton,11947,12,0,3,1,8,158,8,134,16,0
,Ferndale,19007,51,0,5,6,40,387,43,302,42,5
,Flat Rock,10369,41,0,6,1,34,136,9,95,32,3
,Flint,80059,985,13,84,28,860,1047,189,689,169,12
,Flint Township,31097,322,8,24,31,259,1033,166,767,100,12
,Flushing,8290,6,0,1,1,4,44,5,35,4,1
,Flushing Township,10586,14,0,4,2,8,38,6,25,7,0
,Forsyth Township,6260,14,0,5,0,9,27,0,23,4,1
,Fowlerville,2994,9,0,4,0,5,40,6,34,0,0
,Frankenmuth,5368,17,0,5,0,12,58,9,47,2,0
,Frankfort,1287,3,0,0,0,3,14,1,12,1,0
,Franklin,3113,3,0,0,0,3,26,3,21,2,0
,Fraser,14458,33,2,10,0,21,212,12,167,33,0
,Fruitport Township,14983,25,0,11,5,9,447,9,431,7,2
,Garden City,26696,38,0,8,4,26,232,54,155,23,1
,Garfield Township,997,0,0,0,0,0,0,0,0,0,0
,Gaylord,4340,22,0,8,0,14,149,6,140,3,1
,Genesee Township,20336,130,1,13,7,109,237,58,146,33,4
,Gerrish Township,2855,3,0,2,0,1,15,2,13,0,0
,Gibraltar,4899,11,0,5,0,6,37,4,25,8,0
,Gladstone,5246,11,0,6,0,5,23,1,21,1,0
,Gladwin,3101,13,0,0,0,13,58,4,52,2,1
,Grand Beach/Michiana,484,0,0,0,0,0,11,2,8,1,0
,Grand Blanc,7970,15,0,1,0,14,64,6,52,6,1
,Grand Blanc Township,40115,93,0,12,6,75,506,49,388,69,1
,Grand Haven,10967,29,0,21,0,8,109,10,94,5,2
,Grand Ledge,7778,6,0,4,0,2,48,3,38,7,0
,Grand Rapids,196662,1926,19,187,267,1453,5912,546,3894,1472,58
,Grandville,15847,33,0,8,7,18,487,24,417,46,0
,Grayling,1865,8,0,3,0,5,30,4,25,1,1
,Green Oak Township,19764,4,0,1,0,3,81,7,65,9,1
,Greenville,9303,43,0,13,0,30,204,21,174,9,7
,Grosse Ile Township,10550,4,0,0,0,4,26,3,23,0,1
,Grosse Pointe,5519,10,0,1,0,9,86,5,71,10,0
,Grosse Pointe Farms,9890,6,0,0,0,6,99,6,84,9,0
,Grosse Pointe Park,11287,4,0,0,0,4,164,20,113,31,0
,Grosse Pointe Shores,2584,0,0,0,0,0,9,0,7,2,0
,Grosse Pointe Woods,16079,13,0,2,3,8,161,15,117,29,0
,Hamburg Township,21515,16,0,1,0,15,31,6,23,2,0
,Hampton Township,9564,11,0,1,1,9,80,12,62,6,0
,Hamtramck,27669,182,2,4,45,131,434,95,245,94,5
,Hancock,4515,2,0,0,0,2,23,1,19,3,0
,Harbor Beach,1589,6,0,1,1,4,24,2,21,1,0
,Harbor Springs,1289,2,0,0,0,2,5,0,5,0,0
,Harper Woods,15100,96,6,6,12,72,716,52,354,310,5
,Hart,1988,8,0,1,0,7,112,4,107,1,1
,Hartford,2483,13,0,2,1,10,28,7,17,4,0
,Hastings,7554,31,0,10,0,21,109,17,78,14,2
,Hazel Park,14849,41,3,3,7,28,253,34,173,46,1
,Highland Park,8802,179,3,12,23,141,328,60,171,97,4
,Highland Township,19087,18,0,6,1,11,58,7,40,11,0
,Hillsdale,8157,25,0,13,0,12,86,10,64,12,0
,Holland,33838,109,2,43,5,59,453,18,405,30,1
,Holly,5931,6,0,2,0,4,18,2,15,1,0
,Houghton,7644,6,1,5,0,0,54,3,50,1,0
,Howell,10104,13,0,3,1,9,100,29,69,2,2
,Hudson,2379,9,0,5,0,4,46,3,36,7,0
,Huntington Woods,6286,1,0,0,0,1,35,1,27,7,0
,Huron Township,16837,75,2,18,2,53,100,28,59,13,1
,Imlay City,3707,11,0,5,0,6,32,7,24,1,0
,Independence Township,36584,37,2,9,2,24,222,28,180,14,0
,Inkster,25447,279,11,31,12,225,478,95,250,133,9
,Ionia,11730,22,0,15,0,7,86,18,62,6,1
,Iron River,3001,17,0,3,0,14,17,6,7,4,0
,Ironwood,5021,5,0,1,0,4,66,4,53,9,0
,Ishpeming,6174,15,0,2,0,13,45,5,37,3,0
,Ishpeming Township,3421,0,0,0,0,0,1,1,0,0,0
,Jackson,31206,336,4,44,27,261,1110,173,787,150,18
,Jonesville,2151,3,0,2,0,1,85,7,72,6,0
,Kalamazoo,72810,1104,10,106,125,863,3278,633,2251,394,43
,Kalamazoo Township,24309,183,3,12,15,153,834,116,603,115,9
,Kalkaska,2122,10,0,1,0,9,66,27,36,3,0
,Keego Harbor,2741,4,0,0,0,4,22,6,15,1,0
,Kentwood,53977,241,2,32,25,182,1203,114,798,291,3
,Kinde,437,0,0,0,0,0,1,0,1,0,0
,Kingston,391,0,0,0,0,0,4,0,4,0,0
,Kinross Township,5986,1,0,1,0,0,9,0,7,2,0
,Laingsburg,1408,5,0,1,0,4,12,3,9,0,0
,Lake Angelus,290,0,0,0,0,0,2,0,2,0,0
,Lake Orion,2904,2,0,0,1,1,20,0,20,0,0
,Lakeview,1057,4,0,2,0,2,21,1,19,1,0
,Lansing,112567,1440,15,99,148,1178,3029,579,1797,653,24
,Lansing Township,8037,60,2,10,7,41,353,35,268,50,0
,Lapeer,8924,22,1,3,1,17,118,13,97,8,0
,Lapeer Township,4953,1,0,1,0,0,7,0,7,0,0
,Lathrup Village,4018,3,0,0,1,2,45,2,41,2,0
,Laurium,1942,2,0,1,0,1,8,0,8,0,0
,Lawrence,1013,0,0,0,0,0,2,0,2,0,0
,Lawton,1850,2,0,0,0,2,23,7,15,1,0
,Lennon,476,0,0,0,0,0,21,19,0,2,0
,Leslie,1929,3,0,0,0,3,18,3,15,0,0
,Lexington,928,2,0,0,1,1,4,0,4,0,0
,Lincoln Park,39189,232,0,22,22,188,752,111,526,115,6
,Lincoln Township,14825,15,0,5,2,8,134,13,115,6,0
,Linden,4168,1,0,0,0,1,15,1,12,2,0
,Litchfield,1379,2,0,1,0,1,8,2,4,2,0
,Livonia,93517,229,0,26,19,184,1614,111,1257,246,4
,Lowell,4137,7,0,1,0,6,48,6,37,5,1
,Ludington,7785,25,0,8,0,17,69,13,55,1,1
,Lyon Township,24010,14,0,5,1,8,98,7,83,8,1
,Mackinac Island,587,4,0,1,0,3,71,1,70,0,1
,Mackinaw City,856,2,0,2,0,0,21,3,17,1,1
,Madison Heights,28079,68,0,7,13,48,535,54,411,70,0
,Madison Township,8404,13,0,8,0,5,199,3,186,10,0
,Manistee,6335,17,1,7,0,9,168,16,145,7,1
,Manistique,2809,24,1,12,0,11,45,13,30,2,0
,Marenisco Township,454,0,0,0,0,0,0,0,0,0,0
,Marine City,4029,7,0,0,0,7,29,6,21,2,0
,Marlette,1850,5,0,1,0,4,13,2,10,1,0
,Marquette,20428,40,0,15,2,23,139,7,119,13,1
,Marshall,6754,17,0,3,1,13,76,13,59,4,2
,Marysville,9897,12,0,3,0,9,76,13,62,1,1
,Mason,8195,27,0,5,1,21,48,5,33,10,1
,Mattawan,2663,36,0,2,0,34,36,2,34,0,0
,Mayville,909,1,0,0,0,1,0,0,0,0,0
,Melvindale,12524,57,0,3,3,51,182,23,121,38,0
,Memphis,1058,1,1,0,0,0,5,0,5,0,0
,Mendon,864,0,0,0,0,0,5,1,4,0,2
,Menominee,8314,36,0,17,0,19,112,20,86,6,0
,Meridian Township,44038,77,0,17,17,43,850,55,723,72,0
,Metamora Township,4438,4,0,0,0,4,17,3,13,1,0
,Metro Police Authority of Genesee County,20995,40,0,9,3,28,206,33,158,15,1
,Midland,42426,49,2,15,0,32,335,81,243,11,3
,Milan,5994,15,0,4,2,9,60,10,46,4,0
,Milford,16972,7,0,0,0,7,63,11,47,5,0
,Millington,1012,0,0,0,0,0,2,0,1,1,0
,Montague,2437,3,0,2,0,1,25,0,25,0,0
,Montrose Township,7662,8,1,4,1,2,51,16,29,6,0
,Morenci,2235,2,0,1,0,1,13,2,10,1,0
,Morrice,987,0,0,0,0,0,4,0,4,0,0
,Mount Morris,3113,15,0,3,1,11,61,8,46,7,1
,Mount Morris Township,19713,224,3,9,7,205,340,78,199,63,4
,Mount Pleasant,21363,61,0,14,5,42,393,46,322,25,6
,Munising,1968,3,0,0,0,3,20,4,16,0,0
,Muskegon,37615,320,7,33,27,253,1007,171,698,138,11
,Muskegon Heights,9944,170,1,20,10,139,326,52,238,36,9
,Muskegon Township,17812,49,1,13,3,32,387,32,318,37,0
,Napoleon Township,6807,4,0,1,0,3,32,5,24,3,0
,Negaunee,4652,7,0,1,2,4,30,1,29,0,0
,Newaygo,2487,7,0,2,0,5,58,8,42,8,0
,New Baltimore,11995,5,0,1,0,4,38,3,30,5,1
,New Buffalo,1680,2,0,0,0,2,13,1,11,1,1
,New Era,466,0,0,0,0,0,0,0,0,0,0
,New Lothrop,581,0,0,0,0,0,1,0,1,0,0
,Niles,11756,69,1,10,7,51,277,25,209,43,2
,Northfield Township,8438,7,0,2,2,3,59,3,50,6,2
,North Muskegon,4103,5,0,3,0,2,49,0,46,3,0
,Northville,6041,5,0,1,0,4,34,5,28,1,0
,Northville Township,31443,32,0,12,0,20,194,11,153,30,2
,Norton Shores,25226,58,2,14,5,37,583,43,499,41,3
,Novi,66936,49,0,12,6,31,561,18,483,60,0
,Oakland Township,20234,8,0,3,0,5,14,0,12,2,0
,Oak Park,29115,105,3,11,8,83,641,177,325,139,2
,Olivet,1429,4,0,1,0,3,28,1,22,5,1
,Ontwa Township-Edwardsburg,6812,23,1,9,1,12,61,9,44,8,0
,Orchard Lake,2211,1,0,0,0,1,14,3,10,1,0
,Orion Township,35516,18,1,0,0,17,168,12,141,15,0
,Oscoda Township,7210,37,0,8,0,29,51,11,36,4,1
,Otisville,812,3,0,0,0,3,2,0,2,0,0
,Otsego,4074,3,0,3,0,0,37,5,29,3,0
,Owendale,260,0,0,0,0,0,0,0,0,0,0
,Owosso,14581,115,0,22,1,92,196,36,146,14,6
,Oxford,3440,2,0,0,0,2,10,1,8,1,0
,Oxford Township,18870,9,1,0,0,8,62,5,52,5,0
,Paw Paw,3357,29,0,0,4,25,124,5,116,3,0
,Peck,601,0,0,0,0,0,1,0,1,0,0
,Pentwater,904,3,0,1,0,2,9,1,7,1,0
,Perry,2110,1,0,1,0,0,20,1,19,0,1
,Petoskey,5922,8,0,3,0,5,27,4,19,4,0
,Pigeon,1205,0,0,0,0,0,0,0,0,0,0
,Pinckney,2451,0,0,0,0,0,14,6,5,3,0
,Pittsfield Township,39298,82,0,10,8,64,801,37,702,62,1
,Plainwell,3738,8,0,4,0,4,63,7,47,9,1
,Pleasant Ridge,2584,1,0,0,0,1,15,1,13,1,0
,Plymouth,9270,14,0,1,0,13,89,7,66,16,0
,Plymouth Township,27426,16,0,3,0,13,236,8,202,26,1
,Pontiac,60581,620,13,34,53,520,1072,192,718,162,17
,Portage,48811,155,8,34,10,103,1618,114,1394,110,1
,Port Austin,659,0,0,0,0,0,4,0,4,0,0
,Port Huron,28675,207,1,42,8,156,572,118,418,36,6
,Portland,3954,9,0,1,0,8,39,1,36,2,0
,Potterville,3081,4,0,2,0,2,31,5,25,1,1
,Quincy,1560,1,0,0,0,1,33,6,27,0,0
,Raisin Township,7953,12,1,2,0,9,29,4,22,3,0
,Redford Township,48267,247,1,24,25,197,1113,140,644,329,10
,Reed City,2518,24,0,5,0,19,31,13,18,0,0
,Reese,1251,0,0,0,0,0,5,0,5,0,0
,"Richfield Township, Genesee County",8967,10,0,4,0,6,53,9,32,12,0
,"Richfield Township, Roscommon County",3588,1,0,0,0,1,7,2,5,0,0
,Richland,941,0,0,0,0,0,12,2,10,0,0
,"Richland Township, Saginaw County",3916,5,0,0,0,5,10,3,7,0,0
,Richmond,5784,7,0,1,0,6,20,3,17,0,0
,Riverview,12274,23,1,5,4,13,136,6,112,18,2
,Rochester,12868,4,0,0,0,4,57,5,51,1,0
,Rochester Hills,75921,54,1,10,2,41,510,29,421,60,1
,Rockford,6204,5,0,2,0,3,42,0,41,1,0
,Rockwood,3170,6,0,0,0,6,17,0,14,3,0
,Rogers City,2908,2,0,1,0,1,2,0,2,0,0
,Romeo,3711,3,0,1,0,2,12,0,11,1,0
,Romulus,25071,242,2,17,22,201,623,79,412,132,3
,Roosevelt Park,4186,9,1,2,1,5,230,4,223,3,1
,Rose City,561,0,0,0,0,0,3,0,3,0,0
,Roseville,46719,249,4,27,24,194,1700,119,1360,221,6
,Rothbury,445,0,0,0,0,0,7,0,6,1,0
,Royal Oak,57808,74,0,7,7,60,461,31,378,52,3
,Saginaw,43651,925,20,46,48,811,895,262,498,135,32
,Saginaw Township,41334,87,0,13,10,64,605,46,517,42,1
,Saline,8930,14,0,2,1,11,66,5,56,5,0
,Sandusky,2674,5,0,4,0,1,40,4,33,3,0
,Saugatuck-Douglas,2274,0,0,0,0,0,8,1,7,0,0
,Sault Ste. Marie,13412,23,0,9,0,14,119,8,103,8,0
,Schoolcraft,1443,2,0,0,0,2,14,0,12,2,0
,Scottville,1379,2,0,2,0,0,7,0,7,0,0
,Sebewaing,1717,0,0,0,0,0,13,0,13,0,0
,Shelby,2181,4,0,0,0,4,30,0,27,3,0
,Shelby Township,79391,115,1,24,1,89,476,35,366,75,0
,Shepherd,1525,1,0,0,0,1,24,3,19,2,0
,Somerset Township,4531,2,1,0,0,1,26,4,20,2,0
,Southfield,75432,379,2,40,65,272,1988,240,1247,501,2
,Southgate,29769,123,3,4,7,109,570,42,449,79,5
,South Haven,4059,28,0,4,2,22,310,108,192,10,0
,South Lyon,11866,9,0,4,0,5,54,3,50,1,0
,Sparta,4293,10,0,3,0,7,45,5,38,2,0
,Spring Arbor Township,8426,1,0,1,0,0,40,6,32,2,0
,Springfield Township,14663,8,0,2,0,6,81,19,56,6,0
,Springport Township,2154,5,0,1,0,4,16,2,9,5,0
,Stanton,1370,1,0,1,0,0,6,0,6,0,0
,St. Charles,1971,8,0,0,0,8,8,1,7,0,0
,St. Clair,5450,4,0,0,0,4,36,6,28,2,0
,St. Clair Shores,57654,102,0,10,10,82,505,49,357,99,4
,Sterling Heights,132393,272,2,39,22,209,1547,82,1209,256,1
,St. Ignace,2300,4,0,3,0,1,27,5,19,3,0
,St. Johns,7640,16,0,7,0,9,47,7,34,6,0
,St. Joseph,7684,21,0,5,1,15,106,6,93,7,0
,St. Joseph Township,9772,14,0,1,2,11,78,9,62,7,0
,St. Louis,6842,10,0,3,1,6,44,2,37,5,2
,Stockbridge,1251,1,0,0,0,1,16,0,14,2,0
,Sturgis,10961,42,1,8,2,31,189,25,128,36,0
,Sumpter Township,9535,13,0,0,0,13,60,12,38,10,0
,Sylvan Lake,1693,4,0,2,0,2,21,0,19,2,0
,Tawas City,1865,0,0,0,0,0,42,0,41,1,0
,Taylor,61901,386,0,44,26,316,1129,170,774,185,3
,Tecumseh,8638,8,0,3,1,4,37,5,28,4,0
,Thomas Township,11903,31,0,8,0,23,61,12,44,5,1
,Three Oaks,1384,4,0,1,0,3,24,7,15,2,0
,Three Rivers,7911,49,0,6,4,39,326,28,277,21,1
,Tittabawassee Township,10855,8,0,6,0,2,29,7,19,3,1
,Traverse City,15617,44,0,14,0,30,201,24,168,9,1
,Trenton,18108,18,0,2,1,15,107,3,86,18,1
,Troy,86548,102,2,9,20,71,1304,67,1104,133,2
,Tuscarora Township,3109,10,0,6,0,4,58,0,58,0,0
,Ubly,839,3,0,3,0,0,10,0,10,0,0
,Unadilla Township,3385,1,0,1,0,0,16,2,12,2,0
,Union City,1723,0,0,0,0,0,22,6,15,1,0
,Utica,5129,8,0,0,1,7,135,4,123,8,0
,Van Buren Township,30103,100,0,12,5,83,623,40,504,79,1
,Vassar,2732,9,0,1,1,7,19,8,9,2,0
,Vernon,719,0,0,0,0,0,1,0,1,0,0
,Vicksburg,3806,8,0,3,0,5,51,5,41,5,1
,Walker,25067,49,0,7,7,35,709,38,570,101,2
,Walled Lake,7251,10,0,3,1,6,56,9,40,7,1
,Warren,137138,670,5,79,56,530,2274,295,1519,460,22
,Waterford Township,69851,162,1,20,13,128,609,116,424,69,6
,Watersmeet Township,1472,0,0,0,0,0,1,0,1,0,0
,Watervliet,1635,4,0,0,0,4,22,2,16,4,0
,Wayland,4421,11,0,3,0,8,54,5,41,8,0
,Wayne,17284,181,2,11,12,156,365,72,217,76,1
,West Bloomfield Township,65271,67,0,18,6,43,325,33,255,37,1
,West Branch,2315,3,0,1,0,2,16,1,14,1,0
,Westland,83763,380,4,42,33,301,1079,163,750,166,15
,Whitehall,2959,3,0,0,0,3,31,3,28,0,0
,White Lake Township,31001,22,2,2,0,18,174,31,137,6,0
,White Pigeon,1709,4,0,2,0,2,9,0,7,2,0
,Williamston,3780,8,0,4,0,4,30,5,23,2,0
,Wixom,17186,20,1,2,0,17,206,12,156,38,0
,Wolverine Lake,4460,2,0,0,0,2,5,0,4,1,0
,Wyandotte,24414,45,0,4,4,37,229,12,176,41,2
,Wyoming,76726,394,11,80,60,243,1326,122,868,336,6
,Yale,1903,8,0,0,0,8,8,1,7,0,0
,Ypsilanti,19872,210,2,28,23,157,560,86,420,54,4
,Zeeland,5670,14,0,2,0,12,36,2,30,4,0
,Zilwaukee,1515,1,0,0,0,1,13,2,9,2,0
MINNESOTA,Ada,1741,1,0,1,0,0,1,0,1,0,0
,Adrian,1189,3,0,0,0,3,4,0,4,0,0
,Aitkin,2092,3,0,1,0,2,40,4,34,2,0
,Akeley,426,0,0,0,0,0,11,2,9,0,0
,Albany,2820,3,0,1,0,2,8,0,8,0,0
,Albert Lea,18338,27,0,3,4,20,325,56,226,43,4
,Alexandria,14564,31,0,6,1,24,244,12,224,8,1
,Annandale,3405,5,0,1,0,4,16,0,14,2,0
,Anoka,17864,45,0,7,8,30,226,16,175,35,2
,Appleton,1360,3,0,0,0,3,7,2,4,1,0
,Apple Valley,55145,134,1,18,9,106,902,57,785,60,2
,Arlington,2284,1,0,0,0,1,8,1,7,0,0
,Atwater,1108,0,0,0,0,0,2,0,2,0,0
,Austin,26275,66,0,11,7,48,538,66,435,37,1
,Avon,1680,2,0,0,0,2,19,8,9,2,0
,Babbitt,1376,7,0,1,0,6,6,2,4,0,0
,Barnesville,2799,0,0,0,0,0,4,1,2,1,0
,Baxter,9024,9,0,3,0,6,201,15,183,3,0
,Bayport,3912,2,0,1,0,1,16,0,11,5,0
,Becker,5033,5,0,0,0,5,39,9,25,5,0
,Belgrade/Brooten,1368,1,0,0,0,1,3,0,3,0,0
,Belle Plaine,7440,9,0,4,0,5,49,2,45,2,0
,Bemidji,15317,100,0,25,13,62,1209,85,1076,48,7
,Benson,3359,3,0,0,0,3,2,1,0,1,0
,Big Lake,12625,7,0,4,0,3,32,2,24,6,1
,Blackduck,829,0,0,0,0,0,1,1,0,0,0
,Blaine,71368,77,0,19,7,51,1367,82,1198,87,5
,Blooming Prairie,1941,3,0,1,0,2,2,1,1,0,0
,Bloomington,88745,259,2,42,52,163,3321,156,2878,287,9
,Blue Earth,3251,0,0,0,0,0,6,0,5,1,0
,Bovey,808,2,0,0,0,2,2,0,2,0,0
,Braham,1793,0,0,0,0,0,4,0,3,1,0
,Brainerd,14398,73,0,20,1,52,334,41,268,25,0
,Breckenridge,3352,3,0,0,0,3,49,17,30,2,0
,Breezy Point,2741,0,0,0,0,0,6,0,6,0,0
,Breitung Township,522,1,0,0,0,1,11,3,7,1,0
,Brooklyn Center,32094,193,1,38,68,86,973,105,677,191,12
,Brooklyn Park,82682,315,2,60,78,175,2727,245,2102,380,9
,Brownton,717,1,0,0,0,1,5,0,3,2,0
,Buffalo,16531,2,0,0,0,2,123,12,99,12,0
,Buffalo Lake,646,0,0,0,0,0,2,0,2,0,0
,Burnsville,63361,177,1,24,26,126,1567,121,1263,183,8
,Caledonia,2807,0,0,0,0,0,0,0,0,0,0
,Callaway,170,0,0,0,0,0,4,2,2,0,0
,Cambridge,10137,10,0,0,1,9,386,31,343,12,1
,Canby,1682,4,0,1,0,3,5,0,5,0,0
,Cannon Falls,4256,1,0,0,0,1,59,14,44,1,0
,Centennial Lakes,11649,6,0,2,2,2,119,10,90,19,2
,Champlin,23038,25,1,9,1,14,239,20,205,14,3
,Chaska,28204,27,0,5,2,20,222,24,181,17,1
,Chatfield,2994,0,0,0,0,0,3,0,3,0,0
,Chisholm,4686,24,0,5,1,18,157,15,137,5,1
,Clearbrook,466,0,0,0,0,0,2,0,2,0,0
,Cleveland,769,0,0,0,0,0,1,1,0,0,0
,Cloquet,12747,32,0,2,3,27,182,2,164,16,1
,Cold Spring/Richmond,5730,6,0,1,0,5,32,6,24,2,2
,Columbia Heights,22682,93,0,12,14,67,498,42,387,69,2
,Comfrey,379,0,0,0,0,0,0,0,0,0,0
,Coon Rapids,63181,146,2,29,18,97,1181,151,952,78,7
,Corcoran,7295,2,0,0,0,2,25,5,19,1,0
,Cottage Grove,40871,29,0,8,3,18,384,25,334,25,2
,Crookston,7214,33,0,12,2,19,114,21,83,10,1
,Crosby,2323,3,0,0,0,3,7,0,7,0,0
,Crosslake,2494,1,0,0,0,1,22,5,17,0,0
,Crystal,22175,67,1,10,18,38,537,47,423,67,4
,Cuyuna,330,0,0,0,0,0,0,0,0,0,0
,Dayton,9078,2,0,0,1,1,58,4,51,3,0
,Deephaven,3770,1,0,1,0,0,19,2,15,2,0
,Deer River,902,4,0,1,0,3,7,0,4,3,0
,Deerwood,598,1,0,0,0,1,2,0,1,1,0
,Detroit Lakes,9771,26,0,6,3,17,214,37,168,9,1
,Dilworth,4641,5,0,0,3,2,256,18,229,9,0
,Duluth,86144,249,6,52,28,163,2509,360,1984,165,10
,Dundas,1751,1,0,0,0,1,30,5,25,0,0
,Eagan,68518,95,0,29,11,55,1542,108,1299,135,1
,Eagle Lake,3275,3,0,1,0,2,21,12,6,3,0
,East Grand Forks,9002,10,0,0,0,10,47,10,30,7,2
,East Range,3650,5,0,0,0,5,9,3,5,1,0
,Eden Prairie,62008,48,0,18,4,26,808,77,676,55,1
,Eden Valley,1023,3,0,0,0,3,6,0,6,0,0
,Edina,53206,49,0,7,16,26,1052,131,847,74,0
,Elko New Market,4995,1,1,0,0,0,15,0,15,0,0
,Elk River,26519,27,0,7,2,18,452,31,393,28,0
,Elmore,542,0,0,0,0,0,0,0,0,0,0
,Ely,3212,6,0,2,0,4,29,3,25,1,0
,Emily,872,0,0,0,0,0,0,0,0,0,0
,Eveleth,3434,13,0,3,1,9,120,22,89,9,0
,Fairfax,1235,0,0,0,0,0,5,1,4,0,0
,Fairmont,10369,24,0,5,1,18,136,11,118,7,1
,Faribault,24417,62,0,19,6,37,487,60,409,18,2
,Farmington,23551,21,0,7,0,14,137,19,104,14,0
,Fergus Falls,14017,31,0,7,2,22,324,36,276,12,0
,Floodwood,512,0,0,0,0,0,5,0,5,0,0
,Foley,2681,14,0,6,1,7,65,8,56,1,1
,Forest Lake,20512,21,0,7,3,11,404,38,336,30,2
,Frazee,1311,1,0,0,0,1,4,0,4,0,0
,Fridley,31095,146,1,21,28,96,1289,83,1069,137,4
,Fulda,1393,2,0,0,0,2,4,0,4,0,0
,Gaylord,2321,1,0,1,0,0,12,3,9,0,0
,Gilbert,1665,4,0,0,0,4,59,1,57,1,0
,Glencoe,5695,10,0,5,0,5,63,6,55,2,0
,Glenwood,2671,4,0,0,0,4,30,3,24,3,0
,Glyndon,1313,0,0,0,0,0,15,3,11,1,0
,Golden Valley,21424,40,0,7,12,21,424,61,320,43,1
,Goodhue,1261,1,0,0,0,1,4,1,3,0,0
,Goodview,4137,0,0,0,0,0,2,0,1,1,0
,Grand Rapids,11388,17,0,5,0,12,102,10,88,4,2
,Granite Falls,2681,5,0,0,1,4,25,0,22,3,0
,Hallock,879,0,0,0,0,0,3,1,2,0,1
,Hastings,21772,37,0,7,4,26,288,35,239,14,3
,Hawley,2227,3,0,1,0,2,23,5,18,0,0
,Hector,1004,0,0,0,0,0,6,2,4,0,0
,Henderson,975,0,0,0,0,0,0,0,0,0,0
,Henning,861,0,0,0,0,0,5,1,4,0,0
,Hermantown,10218,19,0,2,0,17,391,40,342,9,0
,Heron Lake,602,0,0,0,0,0,0,0,0,0,0
,Hibbing,15980,5,1,0,0,4,123,0,102,21,0
,Hill City,620,0,0,0,0,0,5,1,3,1,0
,Hokah,555,0,0,0,0,0,0,0,0,0,0
,Hopkins,18125,36,0,3,2,31,421,56,311,54,0
,Houston,976,0,0,0,0,0,4,0,4,0,0
,Howard Lake,2170,2,0,0,0,2,5,2,2,1,0
,Hutchinson,14628,42,0,9,1,32,143,18,122,3,2
,International Falls,5657,18,0,2,1,15,89,20,65,4,0
,Inver Grove Heights,35294,69,1,16,5,47,743,84,559,100,1
,Isanti,7257,7,0,2,0,5,69,7,56,6,0
,Isle,836,5,0,0,0,5,37,1,31,5,0
,Janesville,2457,3,0,1,0,2,23,8,14,1,0
,Jordan,6890,7,0,4,0,3,39,2,34,3,0
,Kasson,6997,7,0,0,0,7,50,6,41,3,0
,Keewatin,968,0,0,0,0,0,11,1,9,1,0
,Kenyon,1907,0,0,0,0,0,0,0,0,0,0
,La Crescent,5222,2,0,1,0,1,10,1,8,1,0
,Lake City,5318,5,0,4,0,1,46,8,36,2,0
,Lake Crystal,2536,2,0,0,0,2,3,1,2,0,0
,Lakefield,1730,0,0,0,0,0,1,0,1,0,0
,Lake Park,721,1,0,1,0,0,3,1,1,1,0
,Lakes Area,10739,13,0,3,1,9,124,17,96,11,1
,Lake Shore,1108,0,0,0,0,0,6,1,5,0,0
,Lakeville,75548,58,0,19,3,36,509,56,399,54,9
,Lamberton,792,0,0,0,0,0,0,0,0,0,0
,Le Center,2485,1,0,1,0,0,2,1,1,0,0
,Lester Prairie,1904,1,0,0,0,1,6,0,5,1,0
,Le Sueur,4174,10,0,1,0,9,32,1,30,1,0
,Lewiston,1517,0,0,0,0,0,21,4,15,2,0
,Lino Lakes,21997,16,0,3,0,13,207,15,191,1,2
,Litchfield,6490,3,0,1,0,2,70,4,61,5,0
,Little Falls,9025,6,0,2,0,4,198,22,167,9,0
,Long Prairie,3743,3,0,1,0,2,24,0,24,0,0
,Lonsdale,4908,2,0,1,0,1,13,2,11,0,2
,Madelia,2360,5,0,1,0,4,20,5,13,2,0
,Madison Lake,1264,0,0,0,0,0,7,0,6,1,0
,Mankato,44925,116,0,31,12,73,1125,141,940,44,1
,Maple Grove,70935,83,1,17,12,53,1371,103,1204,64,4
,Mapleton,2193,3,0,1,0,2,12,0,9,3,0
,Maplewood,47144,137,2,12,44,79,1855,193,1350,312,4
,Marshall,13658,30,0,9,0,21,62,9,50,3,0
,McGregor,379,0,0,0,0,0,0,0,0,0,0
,Medina,6753,3,1,0,0,2,34,3,28,3,0
,Melrose,3604,2,0,1,0,1,12,2,7,3,0
,Menahga,1359,0,0,0,0,0,0,0,0,0,0
,Mendota Heights,11569,15,0,5,2,8,215,35,163,17,0
,Milaca,3092,4,0,0,0,4,102,0,101,1,0
,Minneapolis,421690,5170,79,330,1772,2989,22191,2552,13498,6141,102
,Minneota,1367,1,0,0,0,1,2,1,1,0,0
,Minnesota Lake,644,0,0,0,0,0,0,0,0,0,0
,Minnetonka,52309,47,0,7,13,27,908,102,735,71,2
,Minnetrista,10959,4,1,2,0,1,75,10,63,2,0
,Montevideo,5180,0,0,0,0,0,2,0,2,0,0
,Montgomery,3498,2,0,1,0,1,1,1,0,0,0
,Moorhead,44859,185,1,27,16,141,1006,190,649,167,9
,Moose Lake,2565,1,0,0,0,1,13,1,12,0,0
,Morgan,883,1,0,0,0,1,7,0,7,0,0
,Motley,678,1,0,0,0,1,38,1,36,1,0
,Mounds View,14897,27,0,4,3,20,244,20,199,25,0
,Mountain Lake,2009,8,0,4,0,4,5,2,2,1,0
,Nashwauk,962,0,0,0,0,0,1,0,1,0,0
,New Brighton,26408,38,0,6,6,26,491,52,376,63,0
,New Hope,20877,47,0,12,9,26,502,46,374,82,3
,New Prague,8354,5,0,1,0,4,59,1,55,3,1
,New Richland,1231,5,0,0,0,5,15,5,10,0,0
,New Ulm,14067,0,0,0,0,0,23,2,21,0,0
,Nisswa,2077,0,0,0,0,0,6,0,6,0,0
,North Branch,11439,18,0,3,1,14,139,8,121,10,0
,Northfield,20746,26,0,7,1,18,154,9,140,5,0
,North Mankato,14403,18,0,7,0,11,134,29,95,10,0
,North St. Paul,15208,16,2,2,2,10,273,23,201,49,2
,Oakdale,27681,43,0,9,6,28,807,40,676,91,1
,Oak Park Heights,4721,2,0,1,0,1,172,14,147,11,0
,Olivia,2327,16,1,4,0,11,28,3,22,3,0
,Onamia,806,8,0,0,0,8,22,3,17,2,0
,Orono,19245,23,1,5,1,16,101,23,66,12,0
,Osakis,1729,0,0,0,0,0,6,0,6,0,0
,Osseo,2545,1,0,0,0,1,98,1,84,13,0
,Owatonna,26394,60,0,15,6,39,274,19,237,18,2
,Parkers Prairie,1006,0,0,0,0,0,6,0,6,0,0
,Park Rapids,4186,12,0,4,1,7,121,14,97,10,0
,Paynesville,2497,1,0,0,0,1,4,1,2,1,0
,Pelican Rapids,2571,2,0,1,0,1,6,0,4,2,0
,Pequot Lakes,2449,2,0,0,0,2,10,1,6,3,0
,Pierz,1407,1,0,1,0,0,31,3,26,2,0
,Pillager,513,0,0,0,0,0,4,0,4,0,0
,Pine River,902,3,0,0,0,3,17,0,17,0,0
,Plainview,3509,2,0,0,0,2,17,0,17,0,0
,Plymouth,78585,46,4,9,10,23,986,175,727,84,0
,Preston,1315,1,0,1,0,0,21,2,18,1,0
,Princeton,4949,7,0,0,0,7,125,1,114,10,0
,Prior Lake,28559,45,0,7,4,34,480,37,427,16,1
,Proctor,3077,6,0,0,0,6,35,1,27,7,0
,Ramsey,28562,20,0,6,0,14,204,35,158,11,0
,Red Wing,16962,48,0,10,1,37,427,49,357,21,1
,Redwood Falls,5090,22,0,5,0,17,62,2,56,4,0
,Renville,1286,2,0,0,0,2,3,1,2,0,0
,Rice,2149,2,0,0,1,1,11,2,9,0,0
,Richfield,36079,122,1,14,28,79,973,84,759,130,4
,Robbinsdale,13907,72,2,14,10,46,290,49,177,64,2
,Rochester,121534,271,1,69,32,169,2276,277,1855,144,5
,Rogers,13438,14,0,0,1,13,272,21,231,20,0
,Roseau,2721,16,0,2,0,14,45,2,41,2,0
,Rosemount,27503,13,0,5,2,6,156,21,126,9,2
,Roseville,42031,131,1,21,54,55,2249,173,1847,229,6
,Royalton,1266,1,0,0,0,1,55,1,52,2,0
,Rushford,1825,0,0,0,0,0,0,0,0,0,0
,Sartell,19607,24,0,6,0,18,430,23,403,4,0
,Sauk Centre,4641,6,0,1,0,5,80,17,57,6,0
,Sauk Rapids,13860,11,0,2,0,9,239,8,219,12,0
,Savage,33372,25,0,11,2,12,282,25,231,26,1
,Sebeka,742,0,0,0,0,0,0,0,0,0,0
,Shakopee,45122,61,0,14,9,38,722,40,607,75,0
,Sherburn,1063,0,0,0,0,0,8,2,6,0,0
,Silver Bay,1865,2,0,0,0,2,4,1,2,1,0
,Slayton,1987,1,0,1,0,0,2,0,2,0,1
,Sleepy Eye,3411,8,0,2,0,6,4,1,2,1,0
,South Lake Minnetonka,12391,5,0,2,0,3,74,10,59,5,2
,South St. Paul,20337,83,0,13,1,69,469,55,315,99,2
,Spring Grove,1228,2,0,0,1,1,8,2,6,0,0
,Spring Lake Park,7163,19,0,4,2,13,155,20,127,8,0
,St. Anthony,11568,14,0,0,9,5,458,70,329,59,1
,Staples,2971,1,0,0,0,1,35,7,23,5,0
,Starbuck,1382,3,0,0,0,3,4,1,2,1,0
,St. Charles,4001,3,0,2,0,1,22,1,20,1,0
,St. Cloud,68925,312,2,48,37,225,2949,241,2467,241,11
,St. Francis,8502,13,0,6,0,7,113,9,94,10,0
,Stillwater,19388,19,0,7,1,11,172,14,138,20,0
,St. James,4677,7,0,1,0,6,54,19,30,5,0
,St. Joseph,6937,3,0,1,1,1,33,8,22,3,0
,St. Louis Park,48311,87,0,17,24,46,1671,110,1383,178,6
,St. Paul,277533,2127,34,242,413,1438,12900,1505,8206,3189,196
,St. Paul Park,5429,5,0,3,2,0,52,8,31,13,1
,St. Peter,11647,18,0,10,0,8,97,7,88,2,4
,Thief River Falls,8625,5,0,0,0,5,190,20,163,7,2
,Tracy,2069,1,0,1,0,0,6,3,3,0,0
,Truman,1084,1,0,0,0,1,8,1,6,1,0
,Twin Valley,720,1,0,0,0,1,0,0,0,0,0
,Two Harbors,3624,3,0,2,0,1,15,2,12,1,0
,Tyler,1109,0,0,0,0,0,0,0,0,0,0
,Verndale,508,1,0,0,0,1,0,0,0,0,0
,Virginia,8276,44,0,6,2,36,179,21,140,18,2
,Wabasha,2494,3,0,0,0,3,42,5,34,3,0
,Wadena,4339,18,0,3,0,15,74,6,65,3,0
,Waite Park,8349,43,0,6,1,36,630,36,563,31,6
,Walker,958,1,0,0,0,1,6,0,6,0,0
,Walnut Grove,741,0,0,0,0,0,4,0,3,1,0
,Warroad,1815,5,0,0,0,5,9,0,8,1,0
,Waseca,9253,13,0,1,0,12,89,18,63,8,0
,Waterville,1740,0,0,0,0,0,4,1,3,0,0
,Wayzata,5986,10,0,4,0,6,129,8,115,6,1
,Wells,2420,1,0,1,0,0,1,0,0,1,0
,Westbrook,769,0,0,0,0,0,1,0,0,1,0
,West Concord,848,1,0,0,0,1,1,0,1,0,0
,West Hennepin,5311,2,0,2,0,0,36,5,23,8,0
,West St. Paul,21113,78,0,14,17,47,877,68,678,131,4
,Wheaton,1400,4,0,0,0,4,14,5,7,2,0
,White Bear Lake,27700,19,0,3,5,11,482,53,365,64,0
,Willmar,21097,92,0,17,0,75,423,17,365,41,1
,Windom,4850,14,0,4,0,10,46,4,37,5,2
,Winnebago,1379,1,0,0,0,1,3,3,0,0,0
,Winona,25936,43,0,6,3,34,610,56,532,22,1
,Winsted,2197,3,0,0,0,3,13,2,11,0,0
,Winthrop,1329,2,0,0,0,2,0,0,0,0,0
,Woodbury,78531,76,1,27,15,33,1159,116,943,100,7
,Worthington,13616,35,0,8,1,26,119,10,95,14,0
,Wyoming,8098,9,0,4,1,4,103,14,81,8,0
,Zumbrota,3865,1,0,0,0,1,12,1,11,0,0
MISSISSIPPI,Ackerman,1515,3,1,0,1,1,18,7,8,3,0
,Amory,6439,8,0,2,0,6,259,29,174,56,0
,Batesville,7238,25,0,0,4,21,205,31,151,23,1
,Bay Springs,1569,5,0,3,0,2,15,5,10,0,0
,Bay St. Louis,10591,18,2,2,6,8,360,82,252,26,2
,Blue Springs,439,0,0,0,0,0,2,0,2,0,0
,Booneville,8676,23,0,6,1,16,381,53,296,32,2
,Brandon,25636,29,0,9,3,17,123,20,88,15,1
,Brookhaven,11901,67,4,2,8,53,446,235,172,39,1
,Bruce,1616,7,0,0,0,7,12,6,6,0,0
,Byhalia,1350,3,0,0,2,1,39,5,27,7,0
,Byram,12299,29,0,2,7,20,145,16,95,34,1
,Calhoun City,1432,1,0,0,0,1,11,2,6,3,0
,Charleston,1713,26,3,1,2,20,33,12,18,3,0
,Cleveland,10687,111,3,2,9,97,505,77,387,41,2
,Clinton,27001,25,1,8,2,14,297,15,266,16,3
,Collins,2232,12,0,2,3,7,60,14,37,9,0
,Corinth,14216,69,4,6,5,54,728,187,494,47,1
,Derma,938,5,1,3,0,1,1,0,1,0,0
,Ellisville,4468,8,0,0,2,6,65,14,44,7,0
,Eupora,1956,5,1,1,0,3,26,2,20,4,0
,Florence,4680,4,0,1,0,3,7,1,5,1,0
,Flowood,10518,22,0,6,1,15,166,5,155,6,0
,Forest,5262,40,1,0,12,27,135,74,51,10,0
,Fulton,4005,2,0,0,0,2,130,8,113,9,0
,Gautier,18992,62,3,6,4,49,416,76,293,47,2
,Guntown,2416,0,0,0,0,0,10,1,8,1,0
,Hattiesburg,46862,161,3,29,24,105,2099,259,1673,167,3
,Heidelberg,630,3,1,0,0,2,12,3,9,0,0
,Hernando,17622,16,0,4,1,11,113,25,81,7,0
,Holly Springs,6488,23,2,3,2,16,21,2,13,6,0
,Horn Lake,26729,40,6,1,11,22,560,64,433,63,3
,Iuka,3051,8,0,3,0,5,69,7,53,9,1
,Kosciusko,6955,11,1,2,2,6,106,32,66,8,0
,Laurel,17066,105,5,14,6,80,780,141,573,66,5
,Long Beach,16944,8,1,0,3,4,263,54,189,20,0
,Louisville,5963,59,0,0,4,55,147,16,116,15,1
,Lucedale,2981,31,0,4,2,25,126,27,83,16,0
,Madison,27674,13,0,0,0,13,161,11,149,1,0
,Mathiston,860,1,0,0,0,1,2,1,1,0,0
,Mendenhall,2159,5,0,1,1,3,14,3,8,3,0
,Morton,3558,22,2,0,1,19,37,10,21,6,0
,Myrtle,483,0,0,0,0,0,4,2,2,0,0
,New Albany,7645,2,0,0,1,1,178,57,119,2,0
,Oakland,463,1,0,0,0,1,8,1,6,1,0
,Ocean Springs,18361,18,1,3,5,9,416,35,352,29,7
,Olive Branch,40651,128,2,11,10,105,755,60,602,93,1
,Oxford,26975,35,2,12,5,16,441,52,377,12,0
,Pascagoula,21736,88,2,11,8,67,989,141,794,54,3
,Pass Christian,6032,1,0,0,1,0,138,10,123,5,0
,Petal,11580,8,0,3,0,5,49,24,24,1,0
,Picayune,11710,76,0,6,11,59,346,38,282,26,0
,Pontotoc,5771,26,0,0,1,25,190,20,160,10,1
,Poplarville,2808,5,0,1,1,3,28,6,20,2,1
,Port Gibson,1150,4,0,0,2,2,26,3,19,4,0
,Purvis,1951,4,0,0,1,3,20,6,13,1,0
,Quitman,1938,3,0,0,0,3,30,3,25,2,0
,Raymond,1838,2,0,0,0,2,7,4,2,1,0
,Richland,7245,10,0,2,2,6,101,19,75,7,1
,Ridgeland,23896,86,1,6,7,72,463,76,350,37,0
,Sandersville,628,0,0,0,0,0,17,2,10,5,0
,Seminary,297,0,0,0,0,0,4,0,3,1,0
,Senatobia,8104,43,0,4,3,36,141,11,122,8,0
,Smithville,523,0,0,0,0,0,4,2,2,0,0
,Southaven,56092,128,0,28,25,75,1832,145,1444,243,3
,Starkville,24720,38,0,2,3,33,617,266,313,38,4
,Sumner,251,0,0,0,0,0,0,0,0,0,0
,Sumrall,1929,3,0,0,0,3,15,4,11,0,0
,Tunica,958,1,0,0,1,0,41,20,18,3,0
,Tupelo,37534,145,3,35,27,80,1545,395,1026,124,8
,Union,1952,7,0,1,0,6,28,5,23,0,0
,Vardaman,1089,1,0,0,0,1,0,0,0,0,0
,Vicksburg,20381,103,3,4,20,76,915,123,688,104,6
,Walnut,699,2,0,0,1,1,19,8,9,2,0
,Water Valley,3296,14,0,2,2,10,75,8,61,6,0
,Waveland,6920,5,0,2,0,3,101,14,81,6,0
,Waynesboro,4530,47,3,1,1,42,84,27,46,11,1
,West Point,9893,86,1,6,6,73,253,26,199,28,5
,Wiggins,4324,4,1,1,0,2,151,38,106,7,0
MISSOURI,Adrian,1734,3,0,0,0,3,15,1,12,2,0
,Alma,394,0,0,0,0,0,0,0,0,0,0
,Arcadia,606,0,0,0,0,0,0,0,0,0,0
,Arnold,20794,13,0,1,0,12,313,8,263,42,2
,Ash Grove,1506,15,0,1,0,14,32,12,17,3,1
,Ashland,4948,10,0,1,0,9,37,5,32,0,1
,Aurora,7329,71,1,11,1,58,154,30,106,18,0
,Auxvasse,1011,3,0,1,1,1,20,6,11,3,0
,Ava,2924,5,0,4,0,1,42,5,36,1,1
,Ballwin,30630,9,0,1,0,8,198,18,153,27,3
,Battlefield,6078,10,0,1,0,9,39,9,26,4,0
,Bellefontaine Neighbors,10524,130,2,1,16,111,363,49,168,146,2
,Bel-Nor,1371,5,0,1,0,4,34,9,14,11,0
,Belton,24395,97,0,24,9,64,594,41,488,65,1
,Berkeley,8078,227,6,2,18,201,626,143,229,254,4
,Bernie,1837,1,0,0,0,1,13,4,7,2,0
,Bertrand,719,2,0,0,0,2,25,6,14,5,0
,Bethany,2894,9,0,1,0,8,86,20,55,11,0
,Bismarck,1263,7,0,1,0,6,18,5,11,2,1
,Bloomfield,1753,2,0,0,0,2,22,13,9,0,0
,Blue Springs,60093,125,3,25,6,91,1305,80,1052,173,5
,Bolivar,11129,14,0,2,1,11,290,29,248,13,1
,Bonne Terre,6757,10,0,2,0,8,67,8,37,22,0
,Boonville,7882,20,0,3,0,17,176,20,142,14,2
,Bourbon,1543,1,0,0,0,1,16,1,14,1,0
,Branson,13021,59,0,18,7,34,813,53,698,62,3
,Branson West,480,0,0,0,0,0,32,2,28,2,0
,Breckenridge Hills,4378,43,1,1,4,37,149,21,81,47,0
,Brentwood,8101,16,0,2,8,6,408,30,333,45,1
,Bridgeton,11342,79,0,11,12,56,673,66,483,124,2
,Brookfield,4068,13,0,6,0,7,34,12,21,1,1
,Buckner,2896,14,0,1,0,13,37,7,24,6,0
,Buffalo,3370,6,0,1,0,5,45,5,38,2,0
,Butler,4189,58,0,5,0,53,111,42,69,0,0
,Byrnes Mill,3160,23,0,0,0,23,10,3,4,3,1
,Cabool,2024,2,0,0,0,2,1,1,0,0,0
,Calverton Park,1129,0,0,0,0,0,0,0,0,0,0
,Camdenton,4074,20,0,4,0,16,168,22,139,7,0
,Cameron,8429,11,0,2,0,9,96,9,82,5,0
,Campbell,1535,4,0,0,0,4,15,1,13,1,1
,Canton,2640,4,0,1,0,3,28,2,25,1,0
,Cape Girardeau,40067,241,4,32,11,194,984,151,732,101,7
,Carl Junction,8355,15,0,2,0,13,85,13,64,8,2
,Carrollton,3389,6,0,3,0,3,22,2,17,3,0
,Carterville,1839,2,0,0,0,2,33,3,23,7,1
,Carthage,15510,41,0,15,1,25,328,37,265,26,2
,Cassville,3201,7,0,1,0,6,241,21,202,18,11
,Centralia,4729,7,0,0,3,4,61,5,52,4,0
,Charleston,4987,34,3,3,1,27,94,10,72,12,0
,Chesterfield,49451,35,0,4,5,26,749,49,630,70,2
,Chillicothe,9177,9,0,2,0,7,101,27,63,11,1
,Claycomo,1374,2,0,0,0,2,62,5,33,24,0
,Clayton,16851,12,0,2,2,8,235,31,138,66,0
,Cleveland,643,0,0,0,0,0,1,1,0,0,0
,Clever,3101,18,0,1,0,17,16,5,11,0,0
,Cole Camp,1141,0,0,0,0,0,0,0,0,0,0
,Columbia,127862,603,11,91,65,436,3343,397,2487,459,23
,Cottleville,5828,1,0,0,0,1,16,0,15,1,1
,Country Club Hills,1004,6,0,0,1,5,44,1,21,22,0
,Crestwood,12267,14,0,0,0,14,216,22,163,31,0
,Creve Coeur,18527,12,0,2,3,7,371,31,259,81,1
,Crocker,915,0,0,0,0,0,11,0,8,3,0
,Crystal City,4698,7,0,1,1,5,38,1,30,7,0
,Cuba,3153,14,0,8,0,6,180,28,140,12,0
,Desloge,4964,20,0,10,3,7,175,9,145,21,1
,Des Peres,9135,13,0,2,6,5,312,10,284,18,0
,Dexter,7854,16,0,2,1,13,166,25,125,16,0
,Dixon,1217,3,0,2,0,1,37,21,11,5,0
,Doniphan,1703,2,0,0,0,2,45,4,40,1,0
,Duquesne,2565,7,0,2,0,5,71,14,51,6,0
,East Prairie,2955,11,1,0,1,9,42,5,33,4,2
,Edgar Springs,202,0,0,0,0,0,0,0,0,0,0
,Edmundson,851,0,0,0,0,0,42,3,22,17,2
,Eldon,4470,12,0,7,0,5,49,6,41,2,0
,Ellisville,9890,19,0,1,0,18,116,6,99,11,0
,Ellsinore,432,0,0,0,0,0,3,0,3,0,0
,Eureka,12589,11,0,0,2,9,148,11,115,22,1
,Excelsior Springs,10608,40,1,9,5,25,235,18,202,15,1
,Fair Play,430,0,0,0,0,0,1,0,0,1,0
,Farmington,18565,56,0,11,5,40,739,18,673,48,2
,Ferguson,18178,146,9,1,25,111,724,61,371,292,3
,Festus,13036,38,1,5,0,32,188,6,141,41,0
,Florissant,51565,142,2,21,28,91,1197,86,684,427,4
,Foristell,585,0,0,0,0,0,29,1,26,2,0
,Forsyth,2710,6,0,1,0,5,45,2,39,4,0
,Fredericktown,4353,14,0,3,1,10,128,8,108,12,2
,Frontenac,4067,4,0,1,0,3,86,3,65,18,0
,Fulton,12792,26,1,2,1,22,245,32,193,20,1
,Gerald,1355,3,0,0,0,3,12,1,8,3,0
,Gideon,749,0,0,0,0,0,0,0,0,0,0
,Gladstone,26953,85,0,12,10,63,737,74,526,137,1
,Glendale,6104,0,0,0,0,0,38,4,19,15,0
,Gower,1511,0,0,0,0,0,4,0,3,1,0
,Grain Valley,16320,22,1,10,0,11,230,20,168,42,0
,Grandview,25542,183,5,22,35,121,907,68,654,185,7
,Greenfield,1200,13,1,1,0,11,20,4,16,0,0
,Greenwood,6077,7,0,0,0,7,22,3,15,4,0
,Hannibal,17028,80,2,6,6,66,569,64,444,61,7
,Harrisonville,9956,35,0,5,1,29,213,58,146,9,1
,Hartville,598,2,0,1,0,1,7,0,7,0,0
,Hayti,2367,31,0,5,1,25,134,37,84,13,2
,Hazelwood,25029,189,12,19,25,133,770,78,401,291,2
,Herculaneum,5118,11,0,3,1,7,93,4,72,17,3
,Hermann,2190,8,0,0,0,8,21,0,20,1,0
,Higginsville,4642,0,0,0,0,0,35,1,33,1,0
,Hillsboro,3497,37,0,0,0,37,36,2,31,3,1
,Holden,2206,6,0,4,0,2,22,6,12,4,0
,Hollister,4684,5,0,0,2,3,44,4,36,4,0
,Holts Summit,5431,4,0,0,0,4,34,8,23,3,1
,Houston,2187,18,2,3,0,13,119,9,105,5,0
,Iberia,717,0,0,0,0,0,8,2,6,0,0
,Independence,121255,640,12,112,91,425,4012,446,2655,911,10
,Ironton,1440,0,0,0,0,0,3,0,3,0,0
,Jackson,15561,18,0,3,0,15,150,14,123,13,0
,Jefferson City,42653,152,2,50,7,93,728,65,542,121,3
,Joplin,51989,253,8,45,35,165,3172,495,2323,354,36
,Kansas City,508856,7538,166,379,1118,5875,23995,2886,15023,6086,134
,Kearney,11041,19,0,7,0,12,147,6,126,15,0
,Kennett,10139,44,0,5,3,36,391,96,274,21,1
,Kimberling City,2385,0,0,0,0,0,0,0,0,0,0
,Kirksville,17515,88,1,18,8,61,812,125,644,43,7
,Kirkwood,29276,41,2,0,3,36,511,30,419,62,1
,Ladue,8948,5,0,1,1,3,108,18,76,14,0
,Lake Lafayette,286,0,0,0,0,0,6,3,1,2,0
,Lake Lotawana,2350,3,0,0,0,3,27,1,17,9,0
,Lake Ozark,2161,6,0,2,0,4,3,0,3,0,0
,Lakeshire,1529,2,0,0,0,2,10,1,7,2,0
,Lake St. Louis,17846,20,0,3,0,17,166,10,145,11,0
,Lake Tapawingo,783,0,0,0,0,0,1,0,0,1,0
,Lamar,4318,6,0,1,1,4,191,41,146,4,0
,Laurie,1027,3,0,2,0,1,20,2,13,5,0
,Lawson,2511,3,0,1,0,2,30,8,19,3,1
,Lebanon,15143,58,1,17,4,36,417,46,331,40,6
,Lee's Summit,103976,144,6,24,11,103,2181,155,1719,307,3
,Licking,2749,2,0,1,0,1,7,0,7,0,0
,Lincoln,1170,5,0,2,1,2,7,1,5,1,0
,Linn Creek,226,0,0,0,0,0,0,0,0,0,0
,Lone Jack,1578,5,0,0,0,5,19,0,16,3,0
,Macon,5480,7,0,1,1,5,82,7,65,10,4
,Malden,3568,19,0,1,1,17,96,24,64,8,0
,Manchester,18142,9,1,1,0,7,264,12,229,23,1
,Mansfield,1259,4,0,1,0,3,12,0,12,0,1
,Maplewood,8117,24,1,2,2,19,429,30,310,89,0
,Marble Hill,1336,9,0,0,0,9,38,6,31,1,0
,Marceline,2124,0,0,0,0,0,8,2,6,0,0
,Marionville,2079,3,0,1,0,2,19,10,5,4,0
,Marquand,193,0,0,0,0,0,0,0,0,0,0
,Marshall,13490,51,0,17,3,31,188,18,151,19,1
,Marshfield,7605,26,1,4,0,21,192,36,139,17,0
,Maryland Heights,27795,85,0,7,12,66,743,45,511,187,1
,Maryville,10791,27,0,11,0,16,202,43,146,13,4
,Milan,1787,5,0,0,0,5,12,1,11,0,0
,Miner,896,5,0,2,0,3,25,5,18,2,0
,Moberly,13998,36,1,2,2,31,216,34,165,17,4
,Moline Acres,2118,11,0,0,1,10,40,6,8,26,0
,Monett,9782,20,0,1,1,18,228,35,165,28,0
,Moscow Mills,3911,3,0,0,0,3,11,1,9,1,0
,Mountain Grove,4530,24,0,5,0,19,87,15,64,8,1
,Mountain View,2578,14,1,5,0,8,55,8,41,6,1
,Mount Vernon,4555,3,0,1,1,1,67,7,55,5,0
,Napoleon,209,0,0,0,0,0,0,0,0,0,0
,Neosho,12864,19,1,10,2,6,355,48,271,36,6
,Nevada,8182,75,0,22,1,52,442,39,371,32,2
,New Haven,2361,3,0,2,0,1,17,6,11,0,0
,New Madrid,2654,7,0,1,0,6,53,14,36,3,1
,Niangua,398,0,0,0,0,0,0,0,0,0,0
,Nixa,24860,18,0,6,0,12,209,17,182,10,0
,Normandy,8653,133,6,5,5,117,302,36,145,121,2
,North Kansas City,4534,49,0,6,6,37,573,15,437,121,1
,Northmoor,292,1,0,0,0,1,4,2,2,0,0
,Northwoods,3877,14,0,0,1,13,30,4,18,8,0
,Oak Grove,8388,11,0,6,2,3,101,9,72,20,0
,Oakview Village,363,0,0,0,0,0,4,0,1,3,0
,Odessa,5546,7,0,1,0,6,46,7,35,4,0
,O'Fallon,95689,90,2,24,8,56,688,44,581,63,3
,Olivette,8387,14,0,0,2,12,169,10,114,45,0
,Oronogo,2654,2,0,2,0,0,14,1,11,2,0
,Osage Beach,4741,15,0,6,0,9,179,9,161,9,0
,Overland,15632,71,3,4,9,55,555,41,355,159,0
,Owensville,2750,3,0,0,0,3,24,2,21,1,0
,Ozark,22447,24,1,8,1,14,291,20,242,29,0
,Pacific,7398,23,0,2,0,21,101,12,78,11,0
,Pagedale,2527,57,2,0,6,49,129,28,53,48,0
,Palmyra,3629,1,0,0,0,1,55,7,41,7,0
,Park Hills,8764,24,0,12,1,11,196,19,139,38,1
,Parkville,8412,8,0,1,3,4,123,9,93,21,1
,Peculiar,6037,12,0,2,0,10,105,10,85,10,0
,Perry,673,0,0,0,0,0,2,0,2,0,0
,Perryville,8458,27,2,7,2,16,117,7,99,11,0
,Pevely,5998,14,0,4,0,10,141,13,107,21,0
,Piedmont,1859,7,0,0,0,7,36,10,23,3,0
,Pilot Knob,648,0,0,0,0,0,3,1,2,0,0
,Platte City,4775,12,0,4,0,8,63,7,49,7,0
,Pleasant Hill,8811,6,0,1,0,5,42,5,31,6,0
,Pleasant Valley,2733,9,0,1,1,7,25,4,15,6,0
,Poplar Bluff,16181,7,0,0,0,7,70,7,47,16,1
,Portageville,2832,8,0,2,0,6,38,5,31,2,0
,Potosi,2519,23,0,5,0,18,189,13,166,10,1
,Prairie Home,267,0,0,0,0,0,0,0,0,0,0
,Puxico,865,0,0,0,0,0,0,0,0,0,0
,Raymore,25351,30,0,3,4,23,367,31,296,40,0
,Raytown,29224,163,5,9,34,115,1089,135,700,254,2
,Republic,19481,13,1,3,0,9,148,15,126,7,1
,Rich Hill,1246,2,0,1,0,1,19,8,10,1,0
,Richland,1726,2,0,0,0,2,23,1,17,5,0
,Richmond Heights,9120,53,0,1,12,40,608,13,490,105,1
,Riverside,4063,17,0,2,1,14,236,3,191,42,1
,Riverview,2352,66,2,3,6,55,91,15,23,53,0
,Rock Hill,4689,8,0,0,1,7,65,6,41,18,0
,Rock Port,1251,2,0,0,0,2,3,1,2,0,0
,Rogersville,4972,11,0,4,0,7,42,11,27,4,1
,Rolla,20321,112,0,13,6,93,681,130,508,43,4
,Rosebud,397,1,0,0,0,1,8,0,6,2,0
,Salem,4571,15,0,5,0,10,98,8,82,8,2
,Savannah,5032,5,0,0,0,5,19,2,12,5,0
,Scott City,4373,11,0,3,1,7,69,9,51,9,0
,Sedalia,21924,108,0,28,7,73,617,131,429,57,2
,Seligman,843,1,0,0,0,1,15,1,13,1,0
,Seneca,2290,2,0,0,0,2,63,15,43,5,0
,Seymour,1854,9,0,0,0,9,22,4,15,3,1
,Shelbina,1551,6,0,2,0,4,24,5,17,2,0
,Shrewsbury,6280,19,0,1,5,13,296,11,242,43,0
,Sikeston,16024,237,2,12,10,213,568,61,454,53,21
,Smithville,10654,13,0,3,1,9,60,5,47,8,0
,Sparta,1965,7,0,1,0,6,13,0,11,2,0
,Springfield,169822,2408,17,190,309,1892,8336,1368,5819,1149,21
,St. Ann,12788,39,1,2,5,31,263,18,174,71,0
,St. Charles,71079,151,1,16,20,114,1242,197,877,168,3
,St. Clair,4746,48,0,7,1,40,199,20,154,25,0
,Steelville,1373,24,0,5,0,19,62,13,45,4,1
,Ste. Genevieve,4686,12,0,4,0,8,59,4,52,3,0
,St. James,4010,7,0,2,1,4,129,14,106,9,2
,St. John,6538,39,0,4,5,30,162,16,91,55,4
,St. Joseph,70918,536,4,150,60,322,3068,362,2251,455,17
,St. Louis,286053,4212,200,151,803,3058,20750,2306,11150,7294,139
,St. Peters,58584,133,1,19,4,109,908,67,779,62,3
,Strafford,2633,4,0,1,0,3,68,5,51,12,0
,Sugar Creek,3177,9,0,2,1,6,84,11,54,19,0
,Sullivan,6811,35,0,7,2,26,359,43,291,25,2
,Sunrise Beach,480,2,0,1,0,1,16,0,11,5,0
,Sunset Hills,9053,11,0,1,3,7,196,12,148,36,1
,Thayer,1861,4,0,0,0,4,15,5,7,3,0
,Town and Country,11479,3,0,0,0,3,187,15,155,17,0
,Trenton,5581,8,1,1,0,6,82,9,60,13,0
,Troy,14027,37,0,1,4,32,268,26,227,15,1
,Truesdale,963,4,0,1,0,3,9,0,8,1,0
,Union,12575,60,0,15,1,44,466,38,372,56,3
,University City,34326,75,2,11,19,43,742,46,489,207,5
,Van Buren,761,4,0,0,0,4,4,0,3,1,0
,Velda City,1165,56,1,2,3,50,78,11,42,25,1
,Versailles,2571,6,0,1,0,5,26,5,20,1,1
,Vinita Park,8852,106,9,5,12,80,491,85,234,172,1
,Warrensburg,19703,40,0,16,1,23,527,37,461,29,1
,Warrenton,9215,26,0,3,0,23,239,18,195,26,0
,Warsaw,2282,5,0,1,0,4,46,3,34,9,0
,Warson Woods,1997,1,0,0,0,1,13,1,11,1,0
,Washburn,407,0,0,0,0,0,0,0,0,0,0
,Washington,15175,24,0,3,0,21,347,25,300,22,0
,Waynesville,5419,17,0,5,1,11,73,8,56,9,1
,Webb City,13433,35,0,7,2,26,510,44,411,55,2
,Webster Groves,23598,27,1,1,3,22,240,35,124,81,0
,Wentzville,46018,137,0,17,5,115,568,34,496,38,0
,Weston,1772,4,0,1,1,2,18,1,16,1,0
,West Plains,12252,51,1,9,1,40,399,54,309,36,0
,Willard,6430,20,0,0,0,20,39,1,30,8,0
,Willow Springs,2173,8,0,0,0,8,36,3,31,2,1
,Winfield,1574,9,0,1,1,7,5,0,4,1,0
,Woodson Terrace,3900,17,2,2,4,9,106,8,48,50,0
,Wright City,5360,18,0,2,0,16,27,2,22,3,1
MONTANA,Baker,1823,2,0,0,0,2,11,0,10,1,0
,Belgrade,12529,64,0,9,0,55,214,12,183,19,0
,Billings,117866,1095,13,89,144,849,5088,674,3613,801,28
,Bozeman,55997,166,2,40,2,122,996,76,848,72,6
,Colstrip,2009,2,0,0,0,2,1,0,1,0,0
,Columbia Falls,5734,15,0,3,1,11,120,11,99,10,2
,Columbus,1863,7,0,0,0,7,28,2,21,5,0
,Conrad,2398,6,0,0,0,6,35,5,27,3,0
,Cut Bank,3053,29,0,2,1,26,75,14,55,6,0
,Deer Lodge,2949,16,1,0,0,15,31,1,25,5,0
,Dillon,4075,10,0,1,0,9,29,5,24,0,0
,Ennis,1008,0,0,0,0,0,8,0,8,0,0
,Fairview ,858,3,0,0,0,3,12,3,7,2,0
,Fort Benton,1510,7,0,0,0,7,5,0,5,0,0
,Glasgow,3183,17,0,8,0,9,45,2,39,4,1
,Glendive,4860,17,0,3,0,14,34,4,27,3,1
,Great Falls,60386,300,2,48,19,231,2708,236,2290,182,12
,Hamilton,5138,7,0,1,0,6,69,1,65,3,0
,Hardin,3656,11,0,0,2,9,39,2,28,9,0
,Havre,9270,92,0,22,6,64,367,22,318,27,1
,Helena,33896,256,1,54,9,192,1088,93,899,96,10
,Hot Springs,610,1,0,1,0,0,5,2,3,0,0
,Kalispell,27710,138,1,22,5,110,723,43,620,60,4
,Laurel,7139,32,0,2,2,28,235,7,216,12,0
,Lewistown,6135,25,0,9,0,16,3,1,1,1,1
,Libby,3055,11,0,2,1,8,37,0,37,0,0
,Livingston,8552,31,0,7,1,23,188,21,153,14,8
,Manhattan,2154,2,0,0,0,2,30,0,29,1,0
,Miles City,8437,31,0,0,1,30,55,7,44,4,1
,Missoula,75705,480,2,62,31,385,2683,259,2260,164,10
,Plains,1203,1,0,0,0,1,3,0,3,0,0
,Polson,5495,58,0,4,6,48,249,19,198,32,3
,Ronan City,2255,14,0,0,0,14,92,4,81,7,0
,Sidney,6066,29,1,4,0,24,62,14,46,2,0
,St. Ignatius,803,1,0,0,0,1,33,2,24,7,1
,Thompson Falls,1447,8,0,3,0,5,23,5,16,2,0
,Troy,865,4,0,0,0,4,15,2,13,0,0
,West Yellowstone,1268,2,0,0,0,2,12,1,11,0,0
,Whitefish,9189,25,0,3,0,22,172,12,149,11,0
,Wolf Point,2620,22,0,0,1,21,33,5,26,2,0
NEBRASKA,Alliance,7807,37,0,4,1,32,131,17,105,9,1
,Ashland,3279,0,0,0,0,0,4,0,2,2,0
,Aurora,4631,5,0,3,0,2,21,4,17,0,0
,Beatrice,12164,33,0,11,1,21,122,19,92,11,0
,Bellevue,63178,115,1,68,14,32,883,73,682,128,4
,Blair,7855,6,0,3,0,3,69,8,58,3,0
,Boys Town,413,6,0,1,0,5,11,2,9,0,1
,Broken Bow,3448,1,0,0,0,1,4,0,4,0,0
,Central City,3038,2,0,0,0,2,12,0,8,4,0
,Columbus,24158,17,1,12,0,4,286,21,239,26,2
,Cozad,3857,3,0,1,1,1,40,4,33,3,1
,Creighton,1152,0,0,0,0,0,0,0,0,0,0
,Crete,7200,24,0,12,1,11,125,23,93,9,3
,Emerson,814,0,0,0,0,0,1,0,1,0,0
,Falls City,4032,7,0,1,1,5,36,2,32,2,0
,Franklin,934,0,0,0,0,0,3,1,2,0,0
,Gordon,1493,3,0,3,0,0,22,3,18,1,0
,Gothenburg,3372,4,0,0,0,4,20,2,15,3,0
,Grand Island,51733,210,1,49,20,140,1333,191,992,150,9
,Hastings,24930,93,0,17,2,74,588,36,499,53,8
,Holdrege,5469,7,0,4,1,2,17,1,15,1,0
,Kearney,34186,117,1,40,7,69,550,70,444,36,2
,Laurel,962,0,0,0,0,0,0,0,0,0,0
,La Vista,16515,19,0,7,1,11,246,30,187,29,2
,Lexington,10382,14,0,4,1,9,193,10,174,9,0
,Lincoln,293937,1123,11,239,145,728,8354,879,6633,842,85
,Madison,2174,0,0,0,0,0,3,0,3,0,0
,Milford,2142,2,0,1,0,1,7,5,1,1,0
,Minatare,715,0,0,0,0,0,23,3,18,2,0
,Norfolk,25048,16,0,7,1,8,201,19,163,19,0
,North Platte,22684,43,0,11,3,29,647,97,505,45,9
,Ogallala,4788,6,0,2,0,4,98,14,75,9,0
,Omaha,483462,2713,29,298,336,2050,16768,1255,12156,3357,
,O'Neill,3536,2,0,1,0,1,4,0,3,1,0
,Ord,2114,4,0,0,0,4,9,3,6,0,0
,Papillion,23874,22,0,12,3,7,273,17,244,12,3
,Pierce,1823,0,0,0,0,0,7,1,6,0,0
,Plattsmouth,6710,9,0,5,1,3,82,15,60,7,0
,Ralston,6448,7,0,1,3,3,112,10,78,24,0
,Schuyler,6476,1,0,0,0,1,7,0,6,1,0
,Scottsbluff,15224,64,1,13,2,48,447,42,367,38,5
,Seward,7695,6,0,3,0,3,44,1,40,3,1
,Sidney,6469,33,0,1,0,32,106,13,88,5,1
,South Sioux City,13652,25,0,8,2,15,371,18,313,40,0
,St. Paul,2407,1,0,0,0,1,14,2,12,0,0
,Tilden,972,0,0,0,0,0,0,0,0,0,0
,Valentine,2605,17,0,10,0,7,33,5,20,8,0
,Waterloo,911,0,0,0,0,0,11,1,7,3,0
,Wayne,6056,7,0,5,0,2,44,3,40,1,0
,West Point,3445,4,0,3,0,1,5,1,4,0,0
,York,8214,17,1,4,2,10,80,7,63,10,1
NEVADA,Boulder City,14848,9,0,2,0,7,159,31,106,22,0
,Carlin,2048,4,0,0,0,4,27,13,10,4,1
,Elko,20664,96,1,16,10,69,398,71,264,63,2
,Fallon,9359,16,1,1,0,14,135,10,110,15,0
,Henderson,325332,985,3,97,234,651,6242,950,4421,871,44
,Las Vegas Metropolitan Police Department,1667961,8605,147,1041,1622,5795,48669,9338,28710,10621,150
,Mesquite,21732,34,0,5,2,27,282,45,206,31,3
,North Las Vegas,284422,1199,26,132,363,678,5046,827,2381,1838,29
,Reno,273671,1565,11,277,300,977,6994,1113,4790,1091,36
,Sparks,110475,461,6,85,103,267,2222,281,1586,355,14
,West Wendover,4473,17,0,4,1,12,107,13,84,10,1
,Winnemucca,8775,47,2,7,3,35,234,60,135,39,3
NEW HAMPSHIRE,Alexandria,1789,1,0,0,0,1,4,0,4,0,0
,Allenstown,4788,7,0,4,0,3,21,1,20,0,1
,Alstead,1909,0,0,0,0,0,1,0,1,0,0
,Alton,6054,7,0,6,0,1,32,7,22,3,0
,Amherst,11876,4,0,2,1,1,98,5,93,0,1
,Andover,2434,1,0,1,0,0,6,0,6,0,0
,Antrim,2683,4,0,2,1,1,21,4,17,0,0
,Ashland,1969,1,0,0,1,0,46,0,43,3,0
,Atkinson,7343,7,0,2,1,4,10,4,3,3,0
,Auburn,6090,1,0,0,0,1,26,0,24,2,1
,Barnstead,5024,9,0,4,2,3,48,8,37,3,2
,Barrington,9531,6,0,4,0,2,40,7,25,8,0
,Bartlett,3363,3,0,1,0,2,19,1,18,0,0
,Bedford,23845,8,0,3,1,4,123,6,111,6,1
,Belmont,7425,6,0,4,0,2,114,7,98,9,0
,Bennington,1506,2,0,1,0,1,10,2,7,1,0
,Berlin,9717,18,0,3,2,13,172,13,150,9,4
,Bethlehem,2543,1,0,0,0,1,55,11,38,6,0
,Bow,8429,1,0,0,0,1,46,0,44,2,0
,Bradford,1726,1,0,1,0,0,9,1,7,1,0
,Brentwood,4610,2,0,0,1,1,10,0,10,0,0
,Bridgewater,1184,0,0,0,0,0,1,0,1,0,0
,Bristol,3303,3,0,1,0,2,31,1,28,2,0
,Brookline,5774,3,0,2,0,1,23,5,15,3,0
,Campton,3418,11,0,7,0,4,32,2,28,2,1
,Canaan,3818,1,0,1,0,0,22,3,18,1,0
,Candia,4162,2,0,0,0,2,15,1,14,0,0
,Canterbury,2483,1,0,0,0,1,13,1,11,1,0
,Carroll,812,0,0,0,0,0,7,0,7,0,0
,Charlestown,4950,4,0,1,0,3,19,3,15,1,1
,Chester,5279,3,0,1,0,2,16,0,15,1,0
,Chesterfield,3638,7,0,3,3,1,26,10,12,4,0
,Chichester,2777,5,0,1,0,4,36,3,31,2,0
,Claremont,13153,22,0,5,7,10,297,20,255,22,3
,Colebrook,2051,1,0,1,0,0,28,3,22,3,0
,Concord,44305,61,3,16,14,28,600,22,538,40,8
,Conway,10334,17,0,6,0,11,214,8,197,9,0
,Cornish,1659,0,0,0,0,0,7,0,7,0,0
,Danbury,1277,0,0,0,0,0,4,1,3,0,0
,Danville,4596,0,0,0,0,0,4,0,3,1,0
,Deerfield,4934,3,0,2,0,1,20,0,20,0,0
,Deering,1912,3,0,0,0,3,15,2,13,0,0
,Derry,34290,41,0,13,3,25,283,20,243,20,5
,Dover,33453,13,0,3,3,7,340,15,308,17,2
,Dublin,1586,2,0,1,0,1,4,0,4,0,0
,Dunbarton,3112,0,0,0,0,0,14,1,12,1,0
,Durham,15550,9,0,6,1,2,49,3,44,2,0
,East Kingston,2427,0,0,0,0,0,4,0,4,0,0
,Effingham,1781,1,0,0,0,1,4,1,2,1,0
,Enfield,4540,0,0,0,0,0,14,1,11,2,0
,Epping,7274,7,0,2,0,5,86,1,83,2,2
,Epsom,4957,4,0,2,0,2,26,1,21,4,0
,Exeter,16155,13,0,5,1,7,94,4,80,10,0
,Farmington,6872,25,0,10,0,15,78,9,60,9,3
,Fitzwilliam,2437,1,0,1,0,0,8,3,5,0,1
,Francestown,1640,0,0,0,0,0,0,0,0,0,0
,Franconia,1101,1,0,1,0,0,7,1,6,0,0
,Franklin,8850,8,0,3,1,4,95,3,89,3,0
,Freedom,1767,6,0,0,0,6,8,1,7,0,0
,Fremont,4797,3,0,1,0,2,13,1,11,1,1
,Gilford,7880,4,0,3,0,1,113,8,104,1,0
,Gilmanton,4022,3,0,3,0,0,19,3,10,6,0
,Goffstown,18375,17,0,6,1,10,118,6,106,6,2
,Gorham,2641,5,2,0,2,1,79,3,75,1,0
,Grantham,3497,2,0,1,0,1,6,1,3,2,0
,Greenfield,1719,2,0,2,0,0,4,0,3,1,0
,Greenland,4091,3,0,0,0,3,24,2,21,1,0
,Greenville,1970,0,0,0,0,0,0,0,0,0,0
,Groton,577,0,0,0,0,0,1,0,1,0,0
,Hampstead,9058,6,0,2,1,3,27,1,22,4,0
,Hampton,16384,19,0,4,3,12,122,6,110,6,0
,Hampton Falls,2408,1,0,0,0,1,13,1,11,1,0
,Hanover,11778,10,0,7,0,3,61,4,55,2,0
,Harrisville,1008,0,0,0,0,0,0,0,0,0,0
,Haverhill,4622,6,1,2,0,3,65,5,55,5,0
,Hebron,649,0,0,0,0,0,1,0,1,0,0
,Henniker,5870,9,0,2,1,6,26,4,18,4,1
,Hinsdale,4033,1,0,0,0,1,120,7,113,0,0
,Holderness,2037,4,0,0,0,4,14,1,10,3,0
,Hollis,8661,3,0,1,0,2,34,1,32,1,0
,Hooksett,15313,21,1,10,4,6,139,5,120,14,2
,Hopkinton,6079,1,0,1,0,0,15,0,14,1,0
,Hudson,25530,16,1,10,2,3,203,14,177,12,1
,Jaffrey,5495,17,0,11,1,5,25,3,22,0,2
,Keene,23271,40,1,18,11,10,498,26,452,20,3
,Kensington,2090,1,0,1,0,0,3,0,2,1,0
,Kingston,6231,2,0,2,0,0,17,3,12,2,0
,Laconia,17109,25,0,15,2,8,470,17,435,18,4
,Lancaster,3209,2,0,0,0,2,14,1,12,1,0
,Langdon,661,0,0,0,0,0,0,0,0,0,0
,Lebanon,15702,25,0,14,4,7,271,16,247,8,2
,Lee,4634,2,0,1,1,0,26,0,24,2,0
,Lincoln,1652,1,0,1,0,0,34,3,29,2,0
,Lisbon,1651,2,0,0,0,2,23,3,20,0,0
,Litchfield,8556,2,0,1,0,1,15,4,9,2,0
,Littleton,6058,2,0,1,0,1,40,1,35,4,0
,Londonderry,26340,32,0,24,3,5,182,9,157,16,3
,Loudon,5781,2,0,0,0,2,29,3,21,5,0
,Lyme,1758,0,0,0,0,0,3,0,3,0,0
,Lyndeborough,1705,0,0,0,0,0,2,0,2,0,0
,Madbury,1938,0,0,0,0,0,4,1,3,0,0
,Manchester,114650,472,5,50,87,330,2854,226,2381,247,17
,Marlborough,2163,2,0,1,0,1,12,0,12,0,0
,Mason,1450,1,0,0,0,1,5,3,2,0,0
,Meredith,6786,6,0,1,0,5,72,8,57,7,0
,Merrimack,27403,6,0,1,1,4,117,2,115,0,0
,Milford,16331,7,0,2,0,5,57,6,47,4,2
,Milton,4530,5,0,3,0,2,41,0,35,6,0
,Nashua,91027,143,4,50,21,68,973,63,845,65,9
,New Boston,6216,4,0,3,0,1,12,0,11,1,0
,Newbury,2236,0,0,0,0,0,10,1,9,0,0
,New Castle,999,0,0,0,0,0,2,0,2,0,0
,New Durham,2765,0,0,0,0,0,37,5,31,1,0
,Newfields,1761,0,0,0,0,0,4,2,2,0,0
,New Hampton,2433,2,0,1,0,1,22,1,19,2,0
,Newington,817,1,0,0,1,0,56,3,51,2,0
,New Ipswich,5333,1,0,1,0,0,34,2,26,6,0
,New London,4354,5,1,4,0,0,16,3,13,0,0
,Newmarket,9417,8,0,1,1,6,47,2,43,2,3
,Newport,6411,13,0,2,2,9,80,6,71,3,1
,Northfield,4998,2,0,0,0,2,51,4,43,4,0
,Northwood,4670,3,0,1,0,2,22,4,17,1,0
,Orford,1253,0,0,0,0,0,8,0,8,0,0
,Ossipee,4565,13,0,5,0,8,60,3,50,7,2
,Pelham,14364,4,0,1,0,3,80,2,71,7,0
,Pembroke,7684,17,0,11,0,6,41,2,35,4,0
,Peterborough,6479,5,0,1,1,3,27,3,23,1,1
,Piermont,778,1,0,0,0,1,5,0,5,0,0
,Pittsburg,806,0,0,0,0,0,1,0,1,0,0
,Pittsfield,4155,14,0,5,0,9,23,3,17,3,0
,Plainfield,2505,0,0,0,0,0,13,1,12,0,0
,Plaistow,7856,4,0,1,1,2,60,6,48,6,1
,Plymouth,6658,13,0,4,2,7,91,4,84,3,0
,Portsmouth,22513,40,0,10,2,28,282,12,252,18,2
,Raymond,10996,16,0,10,1,5,64,2,57,5,1
,Rindge,6633,2,0,1,0,1,32,5,26,1,13
,Rochester,33098,63,0,19,4,40,574,91,450,33,2
,Rollinsford,2646,5,0,1,1,3,18,2,13,3,0
,Roxbury,226,0,0,0,0,0,0,0,0,0,0
,Rumney,1513,0,0,0,0,0,1,0,1,0,0
,Rye,5550,0,0,0,0,0,15,1,13,1,0
,Salem,30712,29,0,9,11,9,436,16,400,20,1
,Sanbornton,3072,1,0,0,0,1,10,2,8,0,0
,Sandown,6575,2,0,2,0,0,20,2,17,1,0
,Somersworth,12160,11,0,7,1,3,245,10,218,17,2
,South Hampton,896,0,0,0,0,0,1,0,1,0,0
,Springfield,1316,0,0,0,0,0,9,1,8,0,0
,Stoddard,1422,0,0,0,0,0,0,0,0,0,0
,Strafford,4324,1,0,0,0,1,2,0,2,0,0
,Stratham,7844,1,0,0,0,1,18,1,16,1,0
,Sugar Hill,662,0,0,0,0,0,1,0,1,0,0
,Sunapee,3457,1,0,1,0,0,17,2,15,0,1
,Sutton,2038,1,0,1,0,0,0,0,0,0,0
,Swanzey,7468,17,0,9,1,7,37,18,19,0,0
,Tamworth,2949,1,0,0,0,1,25,2,23,0,0
,Thornton,2785,0,0,0,0,0,8,0,5,3,0
,Tilton,4106,5,0,1,1,3,167,4,154,9,0
,Tuftonboro,2614,2,0,2,0,0,16,2,14,0,0
,Wakefield,6315,10,0,1,0,9,34,4,28,2,0
,Warner,2969,1,0,0,0,1,20,0,19,1,0
,Warren,840,0,0,0,0,0,0,0,0,0,0
,Washington,1221,0,0,0,0,0,2,0,2,0,0
,Waterville Valley,510,1,0,1,0,0,17,0,17,0,0
,Weare,9213,7,0,6,0,1,25,1,20,4,0
,Webster,1976,3,0,2,0,1,5,0,4,1,1
,Wentworth,856,0,0,0,0,0,3,0,3,0,0
,Whitefield,2563,1,0,0,0,1,8,0,8,0,0
,Wilmot,1444,0,0,0,0,0,0,0,0,0,0
,Wilton,3994,11,0,2,0,9,25,3,20,2,2
,Winchester,4246,3,1,0,1,1,34,7,23,4,3
,Windham,15994,6,1,3,0,2,60,9,45,6,0
,Wolfeboro,6710,5,0,2,0,3,42,2,37,3,0
,Woodstock,1454,3,0,2,0,1,29,8,19,2,0
NEW JERSEY,Aberdeen Township,19345,24,0,0,2,22,113,16,84,13,0
,Absecon,9153,30,0,7,4,19,302,31,257,14,0
,Allenhurst,470,0,0,0,0,0,9,1,7,1,0
,Allentown,1737,0,0,0,0,0,5,0,5,0,0
,Alpha,2348,2,0,1,0,1,24,2,21,1,0
,Alpine,1743,0,0,0,0,0,34,10,11,13,0
,Andover Township,6227,3,0,0,0,3,11,1,9,1,0
,Asbury Park,15209,164,3,9,32,120,551,89,438,24,1
,Atlantic City,38502,651,7,56,205,383,3093,738,2103,252,6
,Atlantic Highlands,4416,3,1,0,0,2,20,3,17,0,0
,Audubon,8665,10,0,0,5,5,261,16,238,7,0
,Avalon,1209,1,0,0,0,1,95,15,75,5,0
,Avon-by-the-Sea,1899,0,0,0,0,0,34,7,27,0,0
,Barnegat Township,25142,18,0,4,1,13,108,11,93,4,0
,Barrington,7013,9,0,0,1,8,101,6,86,9,0
,Bayonne,66990,201,2,13,46,140,876,98,692,86,0
,Beach Haven,1082,0,0,0,0,0,112,0,112,0,1
,Beachwood,11188,10,0,0,1,9,102,17,79,6,0
,Bedminster Township,8123,0,0,0,0,0,35,6,24,5,0
,Belleville,37348,66,0,5,11,50,700,39,524,137,0
,Bellmawr,11645,20,0,0,4,16,211,25,178,8,2
,Belmar,5868,4,0,1,0,3,118,12,103,3,0
,Belvidere,2531,3,0,1,1,1,38,6,31,1,0
,Bergenfield,28082,12,0,1,2,9,89,9,62,18,0
,Berkeley Heights Township,13096,2,0,0,0,2,68,10,48,10,1
,Berkeley Township,45006,65,0,15,4,46,291,39,242,10,1
,Berlin,7522,6,0,0,0,6,127,19,100,8,0
,Bernards Township,27682,1,0,0,1,0,66,8,45,13,0
,Bernardsville,7786,0,0,0,0,0,27,1,20,6,0
,Beverly,2487,20,1,0,1,18,31,2,26,3,0
,Blairstown Township,5766,3,0,1,0,2,16,3,9,4,0
,Bloomfield,52663,46,1,0,9,36,640,30,494,116,0
,Bloomingdale,7616,5,0,2,0,3,23,5,17,1,0
,Boonton,8805,6,0,1,1,4,81,10,64,7,0
,Boonton Township,4387,3,0,2,0,1,9,0,9,0,0
,Bound Brook,11948,13,0,0,6,7,123,9,106,8,0
,Bradley Beach,4267,2,0,0,0,2,63,2,58,3,0
,Branchburg Township,14690,10,0,5,0,5,101,11,83,7,1
,Brick Township,76287,106,0,17,6,83,801,112,672,17,3
,Bridgeton,26524,187,1,22,78,86,845,111,689,45,3
,Brielle,4985,4,0,0,0,4,19,1,16,2,0
,Brigantine,7642,6,0,0,0,6,74,10,62,2,1
,Brooklawn,1802,17,0,1,3,13,184,18,149,17,0
,Burlington Township,23927,23,0,4,3,16,232,35,179,18,1
,Butler,8203,1,0,0,0,1,40,6,32,2,0
,Caldwell,8734,4,0,0,0,4,37,1,33,3,0
,Califon,1016,0,0,0,0,0,0,0,0,0,0
,Camden County Police Department,71616,1125,28,52,244,801,1970,316,1222,432,32
,Cape May,2845,6,0,0,0,6,108,3,100,5,0
,Carlstadt,6316,3,0,0,1,2,128,3,108,17,0
,Carney's Point Township,8763,22,0,5,4,13,79,9,62,8,1
,Cedar Grove Township,13822,4,0,0,1,3,78,7,55,16,0
,Chatham,9307,1,0,0,0,1,67,9,36,22,0
,Chatham Township,10897,0,0,0,0,0,26,4,19,3,0
,Cherry Hill Township,76401,112,1,0,60,51,2416,99,2199,118,0
,Chesilhurst,1543,2,0,0,0,2,14,5,7,2,0
,Chester,1676,0,0,0,0,0,20,1,19,0,0
,Chester Township,7711,0,0,0,0,0,31,3,27,1,0
,Clark Township,15308,8,0,1,2,5,276,13,243,20,0
,Clayton,9017,12,0,1,0,11,40,9,27,4,0
,Clementon,5318,14,0,0,9,5,125,32,92,1,0
,Cliffside Park,25531,7,0,3,3,1,107,3,101,3,0
,Clifton,88768,93,2,7,41,43,1714,104,1420,190,0
,Clinton,2795,3,0,0,0,3,9,1,7,1,0
,Clinton Township,13759,3,0,0,0,3,57,21,34,2,0
,Closter,8474,0,0,0,0,0,61,6,45,10,0
,Collingswood,14108,31,0,0,6,25,427,91,315,21,0
,Colts Neck Township,9967,1,0,1,0,0,77,17,38,22,0
,Cranbury Township,3989,1,0,0,0,1,39,4,32,3,0
,Cranford Township,24133,9,0,3,0,6,244,71,144,29,3
,Cresskill,9069,1,0,0,1,0,32,4,13,15,0
,Deal,892,1,0,0,0,1,35,3,19,13,0
,Delanco Township,4805,8,0,1,1,6,41,10,29,2,0
,Delaware Township,4589,0,0,0,0,0,9,4,4,1,0
,Delran Township,17822,12,0,3,2,7,216,7,190,19,1
,Demarest,4812,1,0,1,0,0,31,4,17,10,0
,Denville Township,17119,0,0,0,0,0,94,12,66,16,0
,Deptford Township,32429,77,1,11,24,41,1316,89,1185,42,0
,Dumont,18533,7,1,0,0,6,62,2,57,3,0
,Dunellen,7525,3,0,0,0,3,62,7,53,2,0
,Eastampton Township,6319,11,0,2,3,6,67,2,61,4,1
,East Brunswick Township,49038,45,1,8,8,28,640,75,526,39,4
,East Hanover Township,11103,1,0,0,1,0,170,14,148,8,0
,East Newark,2383,5,0,0,1,4,13,0,11,2,0
,East Rutherford,9904,8,0,1,2,5,167,8,138,21,0
,East Windsor Township,29788,12,0,1,2,9,236,20,199,17,0
,Eatontown,13607,28,0,3,9,16,242,21,204,17,1
,Edgewater,14793,8,0,2,1,5,182,18,140,24,1
,Edison Township,108050,177,0,8,41,128,1827,192,1476,159,4
,Egg Harbor City,4402,11,0,0,3,8,120,14,99,7,4
,Egg Harbor Township,47747,37,1,5,11,20,1032,165,826,41,4
,Elizabeth,134065,644,2,50,228,364,3421,300,2426,695,5
,Elmwood Park,21154,40,0,6,6,28,283,35,215,33,6
,Englewood,28975,105,0,7,23,75,338,37,247,54,2
,Englewood Cliffs,5352,0,0,0,0,0,86,8,42,36,0
,Englishtown,2362,1,0,0,1,0,17,3,12,2,0
,Essex Fells,2144,2,0,1,0,1,33,4,26,3,0
,Evesham Township,49166,33,1,6,2,24,515,34,454,27,3
,Ewing Township,37408,76,2,13,20,41,955,55,826,74,7
,"Fairfield Township, Essex County",7777,2,1,0,0,1,83,7,64,12,0
,Fair Haven,6156,0,0,0,0,0,29,4,20,5,0
,Fair Lawn,35424,18,0,1,5,12,255,26,207,22,3
,Fairview,14850,12,0,0,2,10,149,19,125,5,0
,Flemington,4923,6,0,0,1,5,112,12,92,8,1
,Florence Township,12747,7,1,0,0,6,15,5,8,2,0
,Florham Park,13685,4,0,2,0,2,53,4,39,10,0
,Fort Lee,39636,61,0,0,17,44,538,77,391,70,2
,Franklin,4983,3,0,0,0,3,59,5,54,0,0
,Franklin Lakes,10899,2,0,0,0,2,115,20,72,23,0
,"Franklin Township, Gloucester County",16579,26,1,1,3,21,206,62,119,25,1
,"Franklin Township, Hunterdon County",3303,1,0,0,0,1,26,1,23,2,0
,"Franklin Township, Somerset County",68782,67,1,7,19,40,598,51,472,75,0
,Freehold Township,35791,31,0,4,4,23,550,36,477,37,0
,Frenchtown,1387,2,0,0,0,2,20,2,17,1,1
,Galloway Township,37961,62,0,7,5,50,520,106,376,38,2
,Garfield,32351,36,0,3,9,24,499,32,431,36,1
,Garwood,4358,2,0,0,0,2,19,1,18,0,0
,Gibbsboro,2208,1,0,0,0,1,50,4,44,2,0
,Glassboro,21115,49,0,6,7,36,318,65,229,24,1
,Glen Ridge,7620,4,0,1,1,2,106,9,82,15,0
,Glen Rock,12017,4,0,0,3,1,57,7,42,8,0
,Gloucester City,11430,27,0,0,4,23,297,23,271,3,0
,Gloucester Township,65848,82,2,5,8,67,737,60,602,75,1
,Green Brook Township,7314,2,0,0,0,2,44,13,25,6,0
,"Greenwich Township, Gloucester County",5018,0,0,0,0,0,52,4,47,1,0
,"Greenwich Township, Warren County",5490,0,0,0,0,0,75,2,72,1,0
,Hackensack,45413,94,0,10,14,70,1097,75,943,79,1
,Hackettstown,10389,3,0,0,2,1,45,6,36,3,0
,Haddonfield,12467,4,0,0,3,1,151,29,113,9,0
,Haddon Heights,7461,3,0,0,1,2,58,9,46,3,0
,Haledon,8848,2,0,1,1,0,166,15,140,11,0
,Hamburg,3311,1,0,1,0,0,8,1,6,1,0
,"Hamilton Township, Atlantic County",28658,44,0,5,8,31,508,37,454,17,0
,"Hamilton Township, Mercer County",91408,203,1,20,54,128,1647,169,1369,109,4
,Hammonton,14861,44,0,1,4,39,104,13,78,13,1
,Hanover Township,14630,9,0,0,2,7,195,7,178,10,0
,Harding Township,3883,0,0,0,0,0,28,3,24,1,0
,Hardyston Township,8351,3,0,3,0,0,41,8,30,3,0
,Harrison,18999,57,0,5,18,34,395,16,333,46,0
,Harrison Township,13886,14,0,0,1,13,65,11,48,6,1
,Hasbrouck Heights,12005,3,0,0,2,1,76,1,74,1,1
,Hawthorne,19163,4,0,0,2,2,156,8,128,20,0
,Hazlet Township,20547,13,1,1,1,10,174,19,148,7,0
,Helmetta,2426,0,0,0,0,0,1,1,0,0,0
,High Bridge,3641,2,0,0,0,2,23,5,16,2,0
,Highland Park,14914,20,0,2,5,13,129,10,105,14,1
,Highlands,4654,8,0,0,0,8,12,0,12,0,0
,Hightstown,5859,7,0,0,2,5,40,7,30,3,0
,Hillsborough Township,42893,6,0,0,0,6,129,19,97,13,1
,Hillsdale,10011,1,0,0,0,1,33,1,28,4,0
,Hillside Township,22026,53,0,5,19,29,635,45,464,126,1
,Hi-Nella,923,3,0,0,0,3,14,6,8,0,0
,Hoboken,56882,88,1,4,16,67,880,81,741,58,0
,Holmdel Township,17421,1,0,0,0,1,185,11,149,25,0
,Hopatcong,14561,14,0,4,1,9,28,5,20,3,0
,Hopewell Township,17339,9,2,2,1,4,99,18,77,4,1
,Howell Township,54073,42,0,3,3,36,442,49,378,15,1
,Independence Township,5510,2,0,0,1,1,7,1,4,2,0
,Jackson Township,60762,21,1,8,0,12,263,26,217,20,1
,Jamesburg,5703,5,1,0,0,4,8,0,8,0,0
,Jefferson Township,20498,4,0,0,0,4,38,2,35,1,0
,Jersey City,276300,609,12,39,89,469,3825,61,3125,639,3
,Keansburg,9757,35,1,0,2,32,131,21,102,8,2
,Kearny,38906,47,1,0,33,13,867,30,724,113,0
,Kenilworth,8280,1,0,0,0,1,96,8,81,7,0
,Kinnelon,9983,0,0,0,0,0,31,2,23,6,0
,Lacey Township,29903,45,1,2,3,39,220,23,191,6,0
,Lakehurst,2708,6,0,1,0,5,24,5,19,0,1
,Lakewood Township,141190,123,0,14,25,84,914,151,661,102,17
,Lambertville,4173,0,0,0,0,0,20,0,20,0,0
,Laurel Springs,1971,4,0,0,1,3,15,2,12,1,0
,Lavallette,1852,0,0,0,0,0,10,0,9,1,0
,Lawnside,3343,4,0,0,1,3,163,5,156,2,0
,"Lawrence Township, Mercer County",32949,14,0,4,10,0,524,51,450,23,1
,Lebanon Township,6243,2,0,1,0,1,18,2,15,1,0
,Leonia,9198,4,1,0,0,3,80,19,57,4,0
,Lincoln Park,10904,4,0,3,0,1,74,9,59,6,0
,Linden,43652,141,0,16,35,90,1307,89,1098,120,1
,Lindenwold,21524,83,2,6,15,60,408,97,259,52,3
,Linwood,6950,2,0,2,0,0,54,5,46,3,0
,Little Falls Township,13220,14,1,1,1,11,109,12,84,13,0
,Little Silver,6050,0,0,0,0,0,41,7,27,7,0
,Livingston Township,30844,7,0,1,4,2,313,21,251,41,0
,Lodi,25788,34,2,3,4,25,334,24,272,38,1
,Logan Township,6103,5,0,0,0,5,95,1,80,14,1
,Long Branch,33094,62,0,11,7,44,421,54,339,28,1
,Long Hill Township,8610,1,0,0,0,1,50,5,41,4,0
,Longport,879,0,0,0,0,0,3,0,2,1,0
,Lopatcong Township,10057,3,0,0,2,1,45,8,35,2,0
,Lower Township,22238,34,0,4,4,26,164,20,139,5,3
,Lyndhurst Township,22183,12,0,0,4,8,211,11,182,18,1
,Mahwah Township,25150,6,0,0,4,2,102,9,78,15,0
,Manalapan Township,40897,10,0,3,3,4,225,44,145,36,0
,Manasquan,5949,1,0,1,0,0,80,9,68,3,1
,Manchester Township,46265,24,0,6,4,14,196,31,145,20,6
,"Mansfield Township, Warren County",7846,0,0,0,0,0,95,3,88,4,0
,Manville,10763,9,1,4,0,4,128,12,106,10,0
,Maple Shade Township,19911,60,3,7,14,36,444,62,324,58,1
,Maplewood Township,25088,26,0,1,17,8,353,24,235,94,1
,Margate City,5202,3,0,0,1,2,78,11,60,7,0
,Marlboro Township,41576,24,1,2,3,18,474,50,326,98,0
,Matawan,9734,0,0,0,0,0,4,2,1,1,0
,Maywood,9966,7,0,0,1,6,108,9,87,12,0
,Medford Township,24447,26,0,10,2,14,197,20,167,10,2
,Mendham,4975,0,0,0,0,0,15,7,7,1,0
,Middlesex Borough,14423,7,0,2,3,2,86,12,72,2,0
,Middle Township,20845,64,1,10,4,49,379,28,337,14,0
,Midland Park,6930,4,0,0,1,3,32,2,29,1,0
,Millburn Township,22417,4,0,0,4,0,550,23,487,40,0
,Milltown,6947,2,0,0,1,1,134,5,125,4,0
,Millville,27550,139,1,12,26,100,1063,104,921,38,2
,Monmouth Beach,3242,0,0,0,0,0,22,1,13,8,0
,"Monroe Township, Gloucester County",38222,31,0,3,3,25,358,70,260,28,0
,"Monroe Township, Middlesex County",48097,5,0,0,0,5,106,12,75,19,0
,Montclair,41117,44,1,6,9,28,440,59,293,88,0
,Montgomery Township,23441,1,0,0,0,1,66,27,29,10,0
,Montvale,8436,2,0,0,1,1,46,4,38,4,0
,Moonachie,3093,1,0,0,0,1,52,5,43,4,1
,Morris Plains,6138,2,0,0,0,2,78,9,66,3,0
,Morristown,20418,39,0,7,9,23,195,9,167,19,0
,Morris Township,23455,12,0,0,2,10,134,31,90,13,0
,Mount Arlington,5908,6,0,0,1,5,27,5,22,0,0
,Mount Ephraim,4615,11,0,3,2,6,288,13,267,8,1
,Mount Olive Township,28970,13,0,5,4,4,129,12,111,6,0
,Mullica Township,5798,9,1,1,0,7,61,22,38,1,0
,Neptune City,4620,15,0,1,2,12,88,5,80,3,1
,Neptune Township,28491,111,6,6,15,84,829,117,678,34,1
,Netcong,3973,4,0,0,0,4,29,8,20,1,0
,Newark,304311,1582,53,86,469,974,5539,537,2869,2133,29
,New Brunswick,55971,480,4,47,217,212,1211,152,959,100,3
,New Milford,16897,1,1,0,0,0,59,2,53,4,0
,New Providence,13548,1,0,1,0,0,57,1,47,9,0
,Newton,8593,7,0,1,0,6,44,1,43,0,1
,North Bergen Township,58378,80,0,14,16,50,377,39,284,54,1
,North Brunswick Township,43419,94,0,6,14,74,557,33,476,48,2
,Northfield,8435,3,0,0,0,3,50,3,44,3,0
,North Haledon,8788,3,0,0,0,3,36,11,21,4,0
,North Plainfield,22394,36,1,7,12,16,314,25,261,28,1
,Northvale,4759,2,0,1,0,1,8,0,8,0,0
,North Wildwood,3602,9,0,0,1,8,149,10,136,3,0
,Norwood,5565,0,0,0,0,0,26,6,18,2,0
,Oakland,12616,4,0,0,0,4,56,4,41,11,0
,Oaklyn,3908,9,0,0,3,6,185,40,137,8,0
,Ocean City,11258,14,0,0,0,14,672,22,637,13,0
,Ocean Gate,2000,2,0,0,0,2,30,9,20,1,0
,Oceanport,6119,6,1,0,2,3,40,12,25,3,0
,"Ocean Township, Monmouth County",28119,35,0,1,7,27,726,63,612,51,3
,"Ocean Township, Ocean County",9031,2,0,1,1,0,38,10,27,1,0
,Old Bridge Township,67876,41,2,0,4,35,564,61,425,78,0
,Old Tappan,5799,0,0,0,0,0,28,4,17,7,0
,Oradell,8139,1,0,0,1,0,43,12,25,6,1
,Orange City,33615,123,2,11,31,79,610,99,383,128,1
,Oxford Township,2456,0,0,0,0,0,5,2,3,0,0
,Palisades Park,19991,14,0,1,2,11,146,33,101,12,0
,Palmyra,7418,15,1,2,3,9,134,18,99,17,0
,Paramus,26242,10,0,0,7,3,1095,47,962,86,0
,Park Ridge,10040,1,0,0,0,1,27,1,26,0,0
,Parsippany-Troy Hills Township,56193,17,0,6,5,6,568,80,445,43,1
,Passaic,69003,375,2,23,85,265,1386,148,1043,195,3
,Paulsboro,6292,24,1,0,5,18,106,26,73,7,0
,Peapack-Gladstone,2588,0,0,0,0,0,37,15,21,1,0
,Pennsauken Township,37198,106,1,3,41,61,1282,186,948,148,11
,Penns Grove,4821,50,0,3,12,35,78,16,55,7,0
,Pennsville Township,12651,19,0,3,3,13,381,17,351,13,0
,Pequannock Township,15560,9,0,0,3,6,70,8,54,8,0
,Perth Amboy,55229,182,4,6,28,144,808,94,626,88,9
,Phillipsburg,15374,47,0,26,8,13,263,35,213,15,3
,Piscataway Township,61170,94,2,0,20,72,473,32,397,44,3
,Plainfield,55494,251,4,3,104,140,731,110,564,57,2
,Plainsboro Township,23798,6,0,0,1,5,151,7,136,8,0
,Pleasantville,20603,45,2,0,7,36,207,49,126,32,1
,Plumsted Township,8582,2,0,1,0,1,40,7,31,2,0
,Pohatcong Township,3270,3,0,0,1,2,150,5,143,2,0
,Point Pleasant,19501,21,0,3,0,18,123,10,108,5,0
,Point Pleasant Beach,4903,11,0,1,0,10,110,9,99,2,0
,Pompton Lakes,10875,9,0,3,0,6,66,5,59,2,0
,Princeton ,30797,9,0,1,3,5,226,23,193,10,0
,Prospect Park,6225,2,0,0,2,0,78,16,57,5,1
,Rahway,30149,42,1,8,12,21,294,26,227,41,5
,Ramsey,14621,5,0,0,2,3,105,6,86,13,0
,Randolph Township,26500,7,0,0,1,6,88,14,64,10,0
,Raritan,10609,1,0,0,0,1,81,4,71,6,0
,Raritan Township,24202,4,0,0,0,4,42,8,29,5,0
,Readington Township,16348,8,1,1,1,5,54,7,43,4,1
,Red Bank,12927,20,0,11,5,4,123,15,93,15,3
,Ridgefield,11368,3,0,0,0,3,83,8,64,11,0
,Ridgefield Park,13067,14,0,0,2,12,178,11,159,8,0
,Ridgewood,26485,8,0,1,1,6,202,21,128,53,1
,Ringwood,11456,0,0,0,0,0,21,7,14,0,0
,Riverdale,4105,1,0,1,0,0,77,2,66,9,0
,River Edge,11950,1,1,0,0,0,100,5,85,10,0
,River Vale Township,9789,2,0,0,0,2,36,4,26,6,2
,Rochelle Park Township,5841,9,1,0,5,3,68,10,53,5,1
,Rockaway,6589,0,0,0,0,0,17,1,16,0,0
,Rockaway Township,26377,18,0,2,4,12,223,13,200,10,0
,Rockleigh,395,0,0,0,0,0,0,0,0,0,0
,Roseland,6149,0,0,0,0,0,57,3,46,8,0
,Roselle,22257,28,0,1,8,19,254,27,168,59,0
,Roselle Park,13825,6,0,2,1,3,133,11,114,8,0
,Roxbury Township,23293,2,0,0,0,2,196,15,170,11,1
,Rumson,7228,1,0,0,0,1,41,4,22,15,0
,Rutherford,18592,7,0,0,1,6,218,21,166,31,1
,Saddle Brook Township,14408,4,0,0,2,2,208,3,193,12,0
,Saddle River,3338,1,0,0,0,1,50,29,13,8,0
,Salem,5319,79,3,5,8,63,91,18,55,18,1
,Sayreville,44981,39,1,1,6,31,430,46,328,56,2
,Scotch Plains Township,24490,15,0,3,3,9,199,22,125,52,0
,Sea Bright,1453,4,0,0,0,4,4,1,2,1,0
,Sea Girt,1885,1,0,0,0,1,3,1,1,1,0
,Sea Isle City,2135,11,0,2,1,8,114,17,95,2,0
,Seaside Heights,2507,23,0,0,2,21,88,12,76,0,0
,Seaside Park,1486,1,0,0,0,1,19,4,13,2,0
,Secaucus,20519,48,0,8,22,18,600,29,547,24,0
,Shrewsbury,4188,4,0,1,1,2,83,7,64,12,0
,Somerdale,5531,15,0,2,3,10,306,7,284,15,1
,Somers Point,10467,27,1,2,5,19,214,16,192,6,1
,Somerville,12759,10,0,0,3,7,141,13,118,10,0
,South Amboy,9277,12,0,1,1,10,113,21,65,27,0
,South Bound Brook,4784,1,0,0,0,1,43,4,32,7,0
,South Brunswick Township,46442,56,0,12,6,38,416,115,269,32,4
,South Hackensack Township,2668,16,0,1,5,10,89,3,74,12,0
,South Harrison Township,3459,0,0,0,0,0,7,0,6,1,0
,South Orange Village,18029,7,0,0,1,6,227,12,186,29,0
,South Plainfield,24211,29,0,2,8,19,367,40,302,25,0
,South River,15877,10,0,1,2,7,101,12,79,10,1
,Sparta Township,20348,5,0,1,1,3,89,19,68,2,0
,"Springfield Township, Burlington County",3222,0,0,0,0,0,11,0,10,1,0
,"Springfield Township, Union County",16860,10,0,1,1,8,234,18,186,30,2
,Spring Lake,2807,1,0,0,0,1,53,8,33,12,0
,Spring Lake Heights,4888,0,0,0,0,0,9,2,7,0,0
,Stafford Township,30365,13,0,1,0,12,249,7,226,16,0
,Stanhope,3572,3,0,0,1,2,12,3,8,1,0
,Stone Harbor,792,3,0,1,0,2,56,2,53,1,0
,Stratford,6954,7,0,0,0,7,87,24,61,2,0
,Summit,22414,7,0,3,1,3,200,21,153,26,0
,Surf City,1302,1,0,1,0,0,10,0,9,1,0
,Swedesboro,2749,2,0,0,0,2,29,2,21,6,0
,Teaneck Township,42128,39,0,7,13,19,444,35,381,28,0
,Tenafly,15109,4,0,0,1,3,96,12,56,28,0
,Teterboro,69,1,0,0,1,0,148,0,142,6,0
,Tewksbury Township,5918,1,0,0,0,1,4,3,1,0,0
,Tinton Falls,19556,19,0,3,2,14,185,14,160,11,0
,Toms River Township,99239,82,1,21,5,55,1038,104,871,63,4
,Totowa,10813,9,1,0,2,6,225,15,178,32,0
,Trenton,90313,960,23,66,282,589,1690,245,1130,315,13
,Tuckerton,3682,7,0,0,0,7,36,3,31,2,0
,Union Beach,5732,2,0,0,0,2,8,2,4,2,0
,Union City,63312,212,1,0,51,160,1101,69,950,82,2
,Upper Saddle River,8248,1,0,0,0,1,58,9,33,16,0
,Ventnor City,9226,6,0,0,1,5,265,22,238,5,0
,Vernon Township,22623,0,0,0,0,0,35,2,33,0,0
,Verona,14272,3,0,0,0,3,137,7,122,8,0
,Vineland,61110,280,7,28,31,214,1566,226,1282,58,8
,Waldwick,10055,2,0,0,0,2,31,3,24,4,0
,Wallington,11749,6,0,1,0,5,151,9,134,8,4
,Wall Township,26458,27,0,1,1,25,287,24,236,27,0
,Wanaque,11089,4,0,0,0,4,28,1,26,1,1
,Warren Township,15747,3,0,0,0,3,79,30,30,19,1
,Washington,7349,4,0,0,0,4,43,14,28,1,0
,"Washington Township, Gloucester County",49625,60,2,2,11,45,838,76,726,36,1
,"Washington Township, Morris County",18172,4,0,2,0,2,44,4,36,4,0
,"Washington Township, Warren County",6539,0,0,0,0,0,67,6,60,1,0
,Watchung,6468,4,0,0,0,4,289,22,253,14,0
,Waterford Township,10393,2,0,1,0,1,72,7,61,4,0
,Wayne Township,53828,52,0,1,3,48,1087,81,966,40,1
,Weehawken Township,17499,13,0,0,3,10,260,23,216,21,0
,Westampton Township,9099,23,0,3,5,15,218,23,182,13,0
,West Amwell Township,3033,0,0,0,0,0,26,5,20,1,0
,West Caldwell Township,10756,1,0,0,0,1,77,8,62,7,0
,Westfield,30628,5,0,1,2,2,233,13,193,27,0
,West Long Branch,8525,6,0,0,0,6,96,13,69,14,0
,West Milford Township,24373,5,0,2,0,3,70,6,58,6,0
,West New York,52021,129,1,11,36,81,603,61,501,41,0
,West Orange,47722,85,1,13,18,53,733,180,464,89,0
,Westville,4337,14,0,0,1,13,112,15,87,10,1
,West Windsor Township,29452,9,0,0,1,8,457,21,424,12,2
,Wharton,7225,9,0,0,0,9,70,8,61,1,0
,Wildwood,5105,55,0,0,7,48,339,28,305,6,0
,Wildwood Crest,3079,11,0,0,0,11,70,11,56,3,0
,Winfield Township,1395,0,0,0,0,0,20,4,14,2,0
,Winslow Township,39881,105,1,3,15,86,445,92,331,22,2
,Woodbridge Township,102980,194,1,11,46,136,1817,138,1506,173,5
,Woodbury,10108,36,0,3,16,17,354,22,306,26,1
,Woodbury Heights,3122,0,0,0,0,0,25,1,24,0,0
,Woodcliff Lake,6058,6,0,0,2,4,47,2,40,5,0
,Woodland Park,13171,7,0,0,1,6,143,8,127,8,0
,Woodlynne,2888,6,0,0,3,3,83,20,55,8,0
,Woodstown,3692,4,0,0,1,3,22,7,13,2,0
,Woolwich Township,13625,1,0,0,0,1,49,3,39,7,0
NEW MEXICO,Albuquerque,560557,7737,125,344,1651,5617,26883,4555,16431,5897,74
,Angel Fire,1215,5,0,0,0,5,14,1,13,0,0
,Anthony,8631,16,0,0,1,15,55,21,25,9,0
,Artesia,12084,44,0,14,1,29,312,64,215,33,2
,Aztec,6130,29,0,1,2,26,84,12,64,8,1
,Bayard,2070,12,0,1,0,11,12,5,4,3,1
,Belen,7460,82,1,4,3,74,333,128,166,39,3
,Bloomfield,7335,38,1,7,1,29,115,26,80,9,1
,Bosque Farms,4099,13,0,0,1,12,54,11,40,3,0
,Capitan,1414,5,0,0,0,5,20,2,16,2,1
,Carlsbad,31532,176,1,10,13,152,895,100,650,145,8
,Cimarron,814,2,0,0,0,2,5,0,4,1,0
,Clayton,2779,4,0,0,0,4,3,1,2,0,0
,Cloudcroft,786,2,0,1,0,1,7,1,6,0,0
,Clovis,37734,260,1,26,11,222,907,302,510,95,29
,Corrales,8652,13,0,1,1,11,48,12,30,6,0
,Dexter,1065,0,0,0,0,0,0,0,0,0,0
,Edgewood,6125,16,1,3,1,11,111,13,87,11,0
,Farmington,46249,495,4,78,29,384,1103,164,818,121,12
,Gallup,21228,330,2,16,59,253,1019,132,736,151,12
,Grants,9199,26,3,0,2,21,48,4,34,10,1
,Hobbs,38912,371,3,56,35,277,1881,453,1178,250,15
,Hope,106,0,0,0,0,0,1,0,1,0,0
,Jal,2099,5,0,1,0,4,28,9,16,3,0
,Las Cruces,114102,704,10,75,60,559,6093,1270,3927,896,8
,Las Vegas,13151,134,1,12,8,113,342,70,231,41,2
,Logan,966,2,0,2,0,0,11,8,2,1,0
,Lordsburg,2229,14,1,1,0,12,21,9,9,3,0
,Los Alamos,19227,9,0,4,0,5,62,4,53,5,0
,Los Lunas,18366,94,0,6,12,76,725,257,377,91,1
,Magdalena,795,7,0,0,0,7,15,3,9,3,0
,Mesilla,1788,2,0,0,1,1,25,7,8,10,0
,Milan,2567,24,0,0,0,24,24,4,12,8,0
,Moriarty,1973,6,0,0,2,4,87,19,47,21,0
,Peralta,3432,12,0,0,1,11,36,19,14,3,0
,Portales,11975,78,1,9,4,64,297,142,136,19,2
,Raton,6063,15,0,3,2,10,87,32,40,15,2
,Rio Rancho,107435,491,3,51,41,396,1796,205,1383,208,10
,Roswell,47625,420,9,38,28,345,1421,223,1036,162,30
,Santa Clara,1588,8,0,0,0,8,19,5,12,2,0
,Santa Fe,88705,819,5,42,100,672,4333,955,2713,665,34
,Santa Rosa,2846,2,0,0,0,2,44,5,27,12,0
,San Ysidro,166,0,0,0,0,0,0,0,0,0,0
,Springer,945,3,0,0,0,3,6,2,4,0,0
,Sunland Park,17441,80,1,3,1,75,118,27,71,20,2
,Taos,6613,46,0,3,7,36,422,129,256,37,3
,Truth or Consequences,6060,13,0,1,0,12,114,30,73,11,1
,Tucumcari,5162,0,0,0,0,0,50,16,31,3,1
NEW YORK,Adams Village,1703,0,0,0,0,0,3,1,2,0,0
,Addison Town and Village,2349,1,0,0,0,1,10,1,7,2,0
,Afton Village,787,0,0,0,0,0,0,0,0,0,0
,Akron Village,2889,0,0,0,0,0,6,1,5,0,0
,Albany,98104,912,11,60,230,611,3710,529,2626,555,24
,Albion Village,5620,19,0,5,2,12,136,17,115,4,1
,Alexandria Bay Village,965,0,0,0,0,0,1,0,1,0,0
,Alfred Village,3777,4,0,0,0,4,12,1,11,0,0
,Allegany Village,1571,1,0,0,0,1,16,0,16,0,0
,Altamont Village,1652,0,0,0,0,0,1,0,1,0,1
,Amherst Town,123527,193,2,21,44,126,2125,168,1784,173,4
,Amityville Village,9542,3,0,0,2,1,64,3,56,5,0
,Amsterdam,18199,24,0,1,5,18,255,38,199,18,1
,Angelica Village ,713,0,0,0,0,0,3,1,2,0,0
,Arcade Village,1975,2,0,1,0,1,9,3,5,1,0
,Ardsley Village,4944,1,0,0,0,1,32,5,24,3,0
,Asharoken Village,619,0,0,0,0,0,0,0,0,0,0
,Attica Village,2497,1,0,1,0,0,3,0,3,0,0
,Auburn,26531,65,3,16,8,38,566,60,471,35,8
,Baldwinsville Village,7712,7,0,0,0,7,43,2,38,3,0
,Ballston Spa Village,5088,7,0,0,2,5,25,4,21,0,0
,Batavia,15438,64,0,10,8,46,388,44,334,10,6
,Beacon,13729,14,0,0,2,12,133,15,114,4,0
,Bedford Town,16989,0,0,0,0,0,16,0,15,1,0
,Belmont Village,846,0,0,0,0,0,0,0,0,0,0
,Bethlehem Town,34872,20,0,6,5,9,385,22,350,13,4
,Binghamton,47259,318,0,21,49,248,1746,294,1343,109,21
,Black River,1268,0,0,0,0,0,0,0,0,0,0
,Blasdell Village,2546,5,0,0,1,4,33,5,26,2,0
,Blooming Grove Town,13073,15,0,2,1,12,101,15,77,9,1
,Boonville Village,1997,0,0,0,0,0,58,1,57,0,0
,Brewster,2512,1,0,0,0,1,15,1,12,2,1
,Briarcliff Manor Village,7391,1,0,0,0,1,31,6,23,2,0
,Brighton Town,36380,29,0,9,3,17,723,55,607,61,2
,Brockport Village,6924,1,0,0,0,1,37,1,35,1,0
,Brookville,2844,1,0,0,1,0,27,4,16,7,0
,Brownville Village ,955,0,0,0,0,0,2,0,2,0,0
,Buchanan Village,2227,1,0,1,0,0,4,0,4,0,0
,Buffalo,275710,2030,67,110,533,1320,8852,1324,6005,1523,77
,Cairo Town,6853,0,0,0,0,0,19,0,18,1,0
,Cambridge Village,1799,2,1,0,0,1,9,2,7,0,0
,Camden Village,2148,2,0,0,0,2,16,3,12,1,0
,Camillus Town and Village,25268,15,0,1,6,8,301,17,275,9,2
,Canajoharie Village,2085,2,0,0,0,2,12,2,10,0,0
,Canandaigua,10479,46,0,15,2,29,216,24,181,11,1
,Canastota Village,4541,24,0,2,1,21,56,12,40,4,0
,Canisteo Village,2179,13,0,2,0,11,13,3,6,4,0
,Canton Village,7046,1,0,0,0,1,43,7,34,2,0
,Cape Vincent Village,739,0,0,0,0,0,0,0,0,0,0
,Carmel Town,33868,22,0,1,3,18,150,5,132,13,2
,Carthage Village,3328,2,0,0,0,2,24,7,17,0,0
,Catskill Village,3884,6,0,1,0,5,78,10,68,0,0
,Cattaraugus Village,978,0,0,0,0,0,0,0,0,0,0
,Cayuga Heights Village,3977,1,0,0,0,1,22,2,19,1,0
,Cazenovia Village,2697,3,0,1,0,2,25,4,17,4,0
,Central Square Village,1843,0,0,0,0,0,43,2,41,0,0
,Centre Island Village,394,0,0,0,0,0,0,0,0,0,0
,Cheektowaga Town,79606,220,1,12,63,144,2610,242,2151,217,7
,Chester Town,8571,0,0,0,0,0,9,1,4,4,0
,Chester Village,4079,2,0,1,0,1,24,1,21,2,0
,Cicero Town,29252,10,0,0,0,10,367,32,311,24,1
,Clarkstown Town,80487,72,0,6,5,61,1155,44,1065,46,5
,Clayton Village,1735,0,0,0,0,0,1,0,1,0,0
,Clyde Village,2144,0,0,0,0,0,6,3,3,0,0
,Cobleskill Village,4206,7,0,0,2,5,88,6,78,4,0
,Coeymans Town,7161,8,0,0,3,5,32,5,26,1,1
,Cohoes,17890,48,0,7,6,35,264,25,214,25,1
,Colchester Town,1809,2,0,0,0,2,8,1,5,2,0
,Cold Spring Village,1999,0,0,0,0,0,2,0,2,0,0
,Colonie Town,81035,107,2,1,44,60,2632,168,2363,101,6
,Corning,10900,53,1,13,9,30,276,62,197,17,0
,Cornwall-on-Hudson Village,3056,1,0,0,0,1,5,0,5,0,0
,Cornwall Town,9840,2,0,0,1,1,17,2,15,0,0
,Cortland,17061,45,0,10,4,31,633,70,549,14,4
,Coxsackie Village,2821,1,0,0,0,1,5,1,4,0,0
,Crawford Town,9179,4,0,0,0,4,29,3,25,1,0
,Croton-on-Hudson Village,8114,3,0,2,0,1,59,3,53,3,0
,Cuba Town,3115,9,0,3,0,6,25,3,21,1,0
,Dansville Village,4332,1,0,0,1,0,81,5,75,1,0
,Deerpark Town,7531,3,0,0,0,3,33,7,22,4,0
,Delhi Village,2912,2,0,0,0,2,23,3,18,2,0
,Depew Village,14974,23,0,3,7,13,213,19,175,19,1
,DeWitt Town,25623,55,0,4,21,30,831,95,682,54,6
,Dexter Village,1014,0,0,0,0,0,0,0,0,0,0
,Dobbs Ferry Village,11361,5,0,1,1,3,107,7,96,4,7
,Dolgeville Village,2028,0,0,0,0,0,6,0,6,0,0
,Dryden Village,1930,1,0,0,1,0,32,0,32,0,0
,Dunkirk,12530,21,0,3,2,16,208,23,175,10,0
,Durham Town,2699,0,0,0,0,0,5,1,4,0,0
,East Aurora-Aurora Town,13936,11,0,2,3,6,121,11,97,13,0
,Eastchester Town,20277,4,0,0,2,2,135,8,104,23,1
,East Fishkill Town,29769,7,0,3,0,4,151,5,142,4,0
,East Greenbush Town,16558,21,0,3,3,15,363,40,303,20,0
,East Hampton Town,25765,4,0,0,0,4,96,2,89,5,0
,East Hampton Village,1531,1,0,0,0,1,33,1,30,2,0
,East Rochester Village,6212,6,0,1,2,3,71,7,57,7,0
,Eden Town,7504,3,0,1,0,2,35,4,31,0,0
,Ellicott Town,5350,7,0,1,0,6,167,29,133,5,0
,Ellicottville,1306,1,0,0,0,1,20,1,16,3,0
,Elmira Town,5645,1,0,1,0,0,35,0,35,0,0
,Elmsford Village,5114,5,0,0,0,5,9,0,6,3,0
,Endicott Village,13397,67,0,13,6,48,347,60,274,13,7
,Evans Town,15117,11,0,5,1,5,128,17,100,11,0
,Fairport Village,5378,4,0,1,0,3,15,4,11,0,0
,Fishkill Village,2153,4,0,0,1,3,36,1,32,3,0
,Floral Park Village,16000,10,0,0,2,8,136,12,117,7,0
,Florida Village,2931,1,0,0,0,1,3,1,2,0,0
,Fort Plain Village,2028,5,0,0,0,5,52,10,38,4,1
,Frankfort Town,4614,3,0,0,0,3,16,3,13,0,0
,Frankfort Village,2307,1,0,0,0,1,6,1,5,0,0
,Franklinville Village,1674,0,0,0,0,0,3,0,3,0,0
,Fredonia Village,9763,5,0,1,0,4,177,19,158,0,0
,Freeport Village,44003,79,0,0,19,60,407,22,345,40,0
,Friendship Town,1936,0,0,0,0,0,4,1,2,1,0
,Garden City Village,22929,6,0,0,2,4,193,3,174,16,1
,Geddes Town,10323,6,0,0,2,4,155,18,123,14,0
,Geneseo Village,8123,6,0,0,0,6,86,6,75,5,0
,Geneva,12365,56,2,11,5,38,259,49,197,13,3
,Glen Cove,28004,14,0,3,2,9,186,13,164,9,0
,Glen Park Village,452,0,0,0,0,0,0,0,0,0,0
,Glens Falls,14639,22,0,9,0,13,121,6,107,8,3
,Glenville Town,22061,17,0,0,1,16,334,19,311,4,3
,Goshen Town,8679,1,0,0,0,1,66,8,55,3,0
,Goshen Village,5777,4,0,1,0,3,28,1,27,0,0
,Gouverneur Village,3587,5,1,2,0,2,138,20,110,8,1
,Gowanda Village,2469,3,0,0,1,2,26,3,21,2,0
,Granville Village,2413,0,0,0,0,0,25,0,25,0,0
,Great Neck Estates Village,2919,0,0,0,0,0,32,5,14,13,0
,Greece Town,95525,132,1,11,47,73,1973,167,1661,145,5
,Greenburgh Town,45094,31,0,5,14,12,707,25,660,22,0
,Greene Village,1448,0,0,0,0,0,0,0,0,0,0
,Greenwich Village,1666,1,0,0,0,1,3,0,2,1,0
,Groton Village,2183,0,0,0,0,0,14,2,12,0,0
,Guilderland Town,35488,27,0,11,2,14,718,44,659,15,0
,Hamburg Town,47939,41,1,0,7,33,728,79,608,41,4
,Hamburg Village,9787,13,0,0,2,11,93,12,76,5,0
,Hamilton Village,3726,0,0,0,0,0,8,2,6,0,0
,Hammondsport Village,590,0,0,0,0,0,9,0,9,0,0
,Hancock Village,914,1,0,0,0,1,4,1,3,0,0
,Harriman Village,2680,1,0,0,0,1,12,0,12,0,0
,Harrison Town,28928,5,0,1,0,4,219,26,182,11,0
,Hastings-on-Hudson Village,8381,1,0,0,1,0,46,2,40,4,0
,Hempstead Village,58469,303,3,3,84,213,629,82,422,125,5
,Herkimer Village,7289,64,0,6,2,56,434,42,389,3,0
,Highland Falls Village,3728,0,0,0,0,0,0,0,0,0,0
,Highlands Town,8412,0,0,0,0,0,0,0,0,0,0
,Hoosick Falls Village,3191,4,0,0,1,3,17,3,12,2,0
,Hudson Falls Village,7370,9,0,2,1,6,21,2,19,0,1
,Hunter Town,3083,0,0,0,0,0,20,2,18,0,0
,Huntington Bay Village,1433,0,0,0,0,0,8,0,5,3,0
,Hyde Park Town,21071,9,0,1,1,7,94,11,76,7,0
,Ilion Village,7629,11,0,1,0,10,210,19,189,2,2
,Independence Town,1083,0,0,0,0,0,2,1,1,0,0
,Inlet Town,369,0,0,0,0,0,0,0,0,0,0
,Interlaken Village,626,0,0,0,0,0,1,0,1,0,0
,Irondequoit Town,50090,64,0,4,12,48,810,147,528,135,1
,Irvington Village,6449,1,0,0,0,1,30,1,23,6,0
,Ithaca,31576,96,2,8,16,70,1191,185,983,23,3
,Jamestown,28208,223,2,32,26,163,822,179,580,63,11
,Johnson City Village,15107,61,0,13,7,41,608,72,517,19,4
,Jordan Village,1225,0,0,0,0,0,2,0,2,0,0
,Kensington Village,1221,0,0,0,0,0,7,0,2,5,0
,Kent Town,12943,4,0,3,0,1,40,5,35,0,0
,Kings Point Village,5530,2,0,0,0,2,46,8,24,14,0
,Kingston,24203,62,0,6,13,43,497,35,433,29,1
,Lackawanna,19692,79,1,12,8,58,344,43,260,41,3
,Lake Placid Village,2235,5,0,5,0,0,26,7,17,2,0
,Lakewood-Busti,7434,2,0,0,1,1,297,37,256,4,0
,Lancaster Town,39305,16,0,2,2,12,425,28,380,17,0
,Larchmont Village,6448,1,0,0,1,0,80,10,60,10,0
,Le Roy Village,4263,9,0,2,0,7,79,7,68,4,1
,Lewisboro Town,11912,0,0,0,0,0,2,0,2,0,0
,Lewiston Town and Village,15781,4,1,1,0,2,116,6,93,17,3
,Liberty Village,5367,31,1,5,3,22,83,10,69,4,0
,Little Falls,4558,12,0,1,0,11,32,5,25,2,1
,Liverpool Village,2280,1,0,0,0,1,25,11,10,4,0
,Lloyd Harbor Village,3569,2,0,0,0,2,18,1,12,5,0
,Lloyd Town,11372,3,0,0,0,3,74,1,65,8,0
,Long Beach,34651,31,0,1,8,22,50,11,32,7,0
,Lowville Village,3332,2,0,1,0,1,16,2,14,0,0
,Lynbrook Village,20200,16,0,0,3,13,121,16,94,11,0
,Macedon Town and Village,9247,6,0,4,0,2,182,17,162,3,0
,Malone Village,5274,25,1,8,2,14,194,22,168,4,1
,Malverne Village,8477,0,0,0,0,0,18,1,11,6,0
,Mamaroneck Town,12479,0,0,0,0,0,104,12,81,11,0
,Mamaroneck Village,19674,24,0,6,4,14,258,29,212,17,0
,Marcellus Village,1776,0,0,0,0,0,7,1,6,0,
,Marlborough Town,8900,3,0,0,0,3,17,2,14,1,0
,Massena Village,10165,18,1,0,5,12,103,13,87,3,0
,Maybrook Village,3184,0,0,0,0,0,7,1,5,1,0
,Mechanicville,5158,22,0,2,0,20,59,5,51,3,0
,Medina Village,5978,16,0,0,2,14,78,8,67,3,2
,Menands Village,4478,8,0,1,2,5,106,8,88,10,0
,Middleport Village,1710,3,0,0,0,3,8,0,7,1,0
,Middletown,30538,109,2,8,22,77,438,42,373,23,5
,Millerton Village,2966,1,0,0,0,1,8,0,7,1,0
,Mohawk Village,2397,2,0,0,2,0,36,4,30,2,0
,Monroe Village,9552,7,0,1,4,2,64,7,55,2,0
,Montgomery Town,9563,6,0,1,0,5,30,1,23,6,0
,Montgomery Village,3816,0,0,0,0,0,4,0,4,0,0
,Monticello Village,7386,22,0,2,8,12,144,44,90,10,0
,Moravia Village,1264,0,0,0,0,0,9,0,9,0,0
,Moriah Town,4672,0,0,0,0,0,0,0,0,0,0
,Mount Hope Town,6405,2,0,0,0,2,17,0,17,0,0
,Mount Pleasant Town,25892,27,0,0,2,25,235,14,210,11,0
,Mount Vernon,71690,331,4,17,96,214,1119,103,864,152,1
,Muttontown,3512,1,0,1,0,0,17,5,6,6,0
,Nassau Village,1094,0,0,0,0,0,2,1,1,0,0
,Newark Village,8939,18,0,3,4,11,326,30,280,16,0
,New Berlin Town,1588,0,0,0,0,0,3,1,2,0,0
,Newburgh,28819,318,3,21,70,224,714,97,550,67,7
,Newburgh Town,32207,23,0,2,8,13,655,30,603,22,1
,New Castle Town,17777,1,0,0,0,1,76,2,66,8,1
,New Hartford Town and Village,20415,11,0,2,5,4,716,22,681,13,3
,New Paltz Town and Village,14732,5,0,1,0,4,88,0,88,0,0
,New Rochelle,82628,63,0,2,25,36,572,39,499,34,0
,New Windsor Town,28008,23,0,5,2,16,352,29,309,14,0
,New York,8236567,61293,438,2619,17433,40803,176361,14553,147831,13977,
,New York Mills Village,3197,7,0,0,0,7,53,2,44,7,0
,Niagara Falls,48129,388,5,10,69,304,1374,266,948,160,14
,Niagara Town,7808,9,0,2,2,5,188,20,144,24,1
,Niskayuna Town,23403,11,0,1,3,7,476,36,424,16,0
,Nissequogue Village,1610,0,0,0,0,0,2,1,1,0,0
,Norfolk Town ,4344,0,0,0,0,0,3,1,2,0,1
,North Castle Town,12124,7,0,0,0,7,91,10,71,10,0
,North Greenbush Town,13323,6,0,1,0,5,316,15,295,6,2
,Northport Village,7352,1,0,0,0,1,60,1,59,0,0
,North Tonawanda,30358,48,0,9,2,37,323,29,268,26,5
,Northville Village,1009,0,0,0,0,0,3,0,3,0,0
,Ocean Beach Village,171,0,0,0,0,0,28,0,28,0,0
,Ogdensburg,9933,30,1,3,4,22,352,43,297,12,5
,Ogden Town,20293,18,0,5,3,10,154,10,133,11,2
,Old Brookville Village,2070,0,0,0,0,0,25,7,6,12,0
,Old Westbury Village,4229,2,0,0,1,1,37,12,13,12,0
,Olean,13671,57,0,6,5,46,431,42,368,21,3
,Oneida,10268,62,0,8,4,50,422,48,355,19,2
,Oneonta City,12447,10,0,2,3,5,116,14,91,11,2
,Orangetown Town,39317,22,0,0,7,15,289,26,250,13,1
,Orchard Park Town,29775,15,0,2,2,11,374,34,303,37,1
,Oriskany Village,1314,0,0,0,0,0,5,1,4,0,0
,Ossining Village,26980,18,0,0,5,13,183,9,171,3,0
,Oswego City,17299,69,0,7,4,58,595,34,536,25,1
,Oxford Village,1327,0,0,0,0,0,2,0,2,0,0
,Oyster Bay Cove Village,4192,0,0,0,0,0,27,5,10,12,1
,Peekskill,26178,68,1,2,11,54,276,17,250,9,3
,Pelham Manor Village,5587,6,0,0,3,3,162,5,143,14,0
,Pelham Village,7115,6,0,0,4,2,40,1,39,0,0
,Perry Village,3664,6,0,3,0,3,46,3,40,3,0
,Philmont Village,1527,0,0,0,0,0,7,1,5,1,0
,Phoenix Village,2208,1,0,1,0,0,12,2,6,4,0
,Pine Plains Town,2215,0,0,0,0,0,1,0,1,0,0
,Plattekill Town,10534,2,0,0,1,1,25,1,23,1,0
,Plattsburgh City,19904,25,1,6,3,15,294,23,251,20,2
,Pleasantville Village,7324,1,0,0,0,1,51,2,46,3,0
,Port Byron Village,1093,0,0,0,0,0,1,0,1,0,0
,Port Chester Village,30804,19,0,0,8,11,329,15,295,19,0
,Port Dickinson Village,1697,0,0,0,0,0,2,1,1,0,0
,Port Jervis,8738,45,0,5,7,33,148,16,127,5,1
,Portville Village,900,0,0,0,0,0,10,0,10,0,0
,Port Washington,20071,6,0,0,2,4,138,12,118,8,0
,Potsdam Village,8279,4,0,1,0,3,70,8,59,3,0
,Poughkeepsie,32202,198,5,16,36,141,594,71,473,50,4
,Poughkeepsie Town,40966,68,1,12,17,38,908,51,833,24,3
,Pound Ridge Town,4929,3,0,0,0,3,31,2,28,1,0
,Pulaski Village,2411,0,0,0,0,0,10,0,10,0,0
,Quogue Village,1687,0,0,0,0,0,22,1,17,4,0
,Red Hook Village,1956,1,0,0,0,1,51,1,48,2,0
,Rensselaer City,9292,10,0,3,2,5,95,7,76,12,2
,Rhinebeck Village,2692,1,0,0,0,1,23,0,23,0,0
,Riverhead Town,36064,42,0,3,18,21,744,48,683,13,
,Rochester,210270,1538,66,69,478,925,7529,932,5233,1364,126
,Rockville Centre Village,25703,15,0,0,8,7,131,9,105,17,0
,Rome,31834,77,0,11,18,48,481,57,399,25,3
,Rosendale Town,5813,0,0,0,0,0,23,1,21,1,0
,Rotterdam Town,30569,18,0,2,3,13,673,30,620,23,1
,Rye,16243,0,0,0,0,0,25,3,14,8,0
,Rye Brook Village,9863,1,0,0,0,1,82,14,56,12,0
,Sackets Harbor Village,1387,0,0,0,0,0,1,0,1,0,0
,Sag Harbor Village,2792,0,0,0,0,0,0,0,0,0,0
,Salamanca,5837,35,0,3,5,27,105,10,86,9,1
,Sands Point Village,2716,1,0,0,0,1,7,0,6,1,0
,Saratoga Springs,28436,95,0,18,11,66,519,75,434,10,2
,Saugerties Town,19323,20,0,7,4,9,153,24,120,9,1
,Schenectady,67101,508,8,29,118,353,2296,315,1773,208,26
,Schodack Town,11424,9,0,0,0,9,57,4,49,4,0
,Schoharie Village,954,0,0,0,0,0,5,0,5,0,0
,Scotia Village,7253,15,0,4,1,10,95,7,81,7,1
,Seneca Falls Town,8894,25,0,6,3,16,154,4,137,13,0
,Shandaken Town,2896,1,0,0,0,1,16,2,14,0,0
,Shawangunk Town,13680,1,0,0,0,1,25,6,19,0,0
,Shelter Island Town,3293,1,0,1,0,0,19,3,16,0,0
,Sherburne Village,1366,1,0,0,0,1,9,1,8,0,
,Sherrill,3001,1,0,0,0,1,14,2,9,3,0
,Sidney Village,3707,8,0,2,0,6,68,21,47,0,1
,Skaneateles Village,2546,0,0,0,0,0,7,0,7,0,0
,Sleepy Hollow Village,12088,0,0,0,0,0,1,0,1,0,1
,Solvay Village,6574,15,0,0,3,12,65,15,43,7,1
,Southampton Town,59691,28,0,4,5,19,558,31,477,50,1
,Southampton Village,4636,2,0,1,0,1,61,5,48,8,0
,South Glens Falls Village,3781,11,0,2,3,6,52,9,41,2,0
,Southold Town,21347,13,0,1,0,12,310,22,275,13,0
,Spring Valley Village,33044,111,2,9,37,63,545,33,503,9,5
,Stillwater Town,7405,2,0,0,0,2,22,3,19,0,0
,St. Johnsville Village,1701,1,0,0,1,0,22,1,20,1,0
,Stony Point Town,14749,9,2,0,2,5,51,3,45,3,0
,Syracuse,145179,1294,17,80,287,910,4430,1171,2636,623,24
,Tarrytown Village,11587,5,0,1,1,3,60,11,45,4,0
,Theresa Village,766,0,0,0,0,0,0,0,0,0,0
,Tonawanda,14988,25,0,5,4,16,199,15,171,13,1
,Tonawanda Town,56698,113,4,11,16,82,898,101,658,139,4
,Troy,50106,337,5,18,82,232,1679,248,1319,112,8
,Trumansburg Village,1745,0,0,0,0,0,11,0,11,0,0
,Tuckahoe Village,6887,1,0,0,1,0,3,0,2,1,0
,Tuxedo Park Village,639,0,0,0,0,0,0,0,0,0,0
,Ulster Town,12803,8,0,2,1,5,145,9,127,9,1
,Utica,63906,363,1,40,82,240,2178,274,1749,155,10
,Vernon Village,1164,0,0,0,0,0,0,0,0,0,0
,Vestal Town,29553,26,1,3,4,18,667,32,626,9,0
,Walden Village,6819,3,0,0,1,2,77,10,65,2,0
,Wappingers Falls Village,6077,1,0,0,0,1,68,2,66,0,0
,Warsaw Village,3632,3,0,1,0,2,18,2,14,2,0
,Warwick Town,19419,7,0,1,1,5,64,7,56,1,1
,Washingtonville Village,5804,1,0,1,0,0,35,1,34,0,0
,Waterford Town and Village,8228,4,0,0,2,2,39,12,21,6,1
,Waterloo Village,4841,13,0,1,0,12,44,4,34,6,1
,Watertown,24558,156,0,33,11,112,1009,103,883,23,7
,Wayland Village,1716,1,0,1,0,0,0,0,0,0,0
,Webb Town,1804,1,0,0,0,1,4,0,4,0,0
,Webster Town and Village,45230,25,0,9,2,14,353,32,304,17,1
,Weedsport Village,1790,0,0,0,0,0,9,0,9,0,0
,Wellsville Village,4595,16,0,3,4,9,69,7,57,5,0
,West Carthage Village,1782,0,0,0,0,0,9,2,7,0,0
,Westfield Village,2951,1,0,1,0,0,19,2,16,1,0
,Westhampton Beach Village,2190,4,0,0,2,2,40,5,31,4,1
,West Seneca Town,45119,63,1,11,14,37,795,87,672,36,4
,Whitehall Village,2478,9,0,7,0,2,36,8,26,2,0
,White Plains,59488,68,0,7,14,47,757,37,701,19,4
,Whitesboro Village,3599,0,0,0,0,0,42,3,36,3,0
,Windham Town,1769,0,0,0,0,0,0,0,0,0,0
,Wolcott Village,1581,0,0,0,0,0,0,0,0,0,0
,Woodbury Town,11705,4,0,2,1,1,408,6,398,4,0
,Woodridge Village,722,1,0,0,0,1,7,1,6,0,0
,Woodstock Town,6322,0,0,0,0,0,33,1,32,0,0
,Yonkers,208100,645,2,18,207,418,1907,238,1412,257,6
,Yorktown Town,35529,12,0,1,3,8,249,20,221,8,0
,Yorkville Village,2590,8,0,1,2,5,118,11,103,4,0
NORTH CAROLINA,Aberdeen,9528,28,0,2,6,20,259,26,217,16,2
,Ahoskie,4830,29,1,3,3,22,111,21,83,7,1
,Albemarle,16819,98,1,10,7,80,594,85,474,35,9
,Andrews,1707,6,0,4,0,2,31,1,29,1,1
,Angier,6127,18,0,5,1,12,162,98,63,1,1
,Apex,66024,36,0,11,9,16,755,66,650,39,6
,Archdale,12002,20,0,1,5,14,198,31,137,30,1
,Asheboro,27275,112,2,15,13,82,1047,214,761,72,5
,Asheville,93729,879,12,61,136,670,4811,676,3717,418,29
,Atlantic Beach,1420,2,1,0,0,1,72,20,46,6,1
,Ayden,5068,22,2,3,2,15,75,12,59,4,1
,Beaufort,4678,28,0,2,0,26,89,15,71,3,0
,Beech Mountain,678,6,0,1,0,5,9,3,5,1,0
,Belhaven,1405,6,0,3,0,3,19,3,14,2,0
,Belmont,15297,30,0,1,7,22,544,48,472,24,1
,Benson,4246,47,0,6,4,37,184,38,131,15,1
,Bessemer City,5569,17,2,2,1,12,76,18,46,12,0
,Beulaville,1109,0,0,0,0,0,38,1,36,1,0
,Biltmore Forest,1433,0,0,0,0,0,13,6,5,2,1
,Biscoe,1868,6,0,0,0,6,96,1,95,0,0
,Blowing Rock,1399,2,0,0,0,2,31,8,22,1,0
,Boiling Spring Lakes,6349,11,0,3,1,7,86,26,58,2,0
,Boone,18007,20,0,5,2,13,275,50,212,13,2
,Boonville,1190,0,0,0,0,0,16,4,11,1,0
,Brevard,7778,14,0,3,0,11,110,18,88,4,1
,Broadway,1300,2,0,0,2,0,17,5,12,0,0
,Bryson City,1445,9,0,2,0,7,12,0,12,0,0
,Bunn,353,0,0,0,0,0,13,1,11,1,0
,Burgaw,3138,22,0,3,0,19,53,3,45,5,0
,Burlington,60069,500,4,33,64,399,2270,342,1703,225,6
,Butner,8618,18,0,2,6,10,153,16,126,11,1
,Candor,813,1,0,0,1,0,12,3,8,1,1
,Canton,4433,16,0,3,4,9,136,47,78,11,0
,Carolina Beach,6652,31,0,7,0,24,148,37,107,4,1
,Carrboro,21190,58,1,6,5,46,367,59,275,33,1
,Carthage,2839,5,0,2,0,3,64,12,46,6,0
,Cary,178600,142,0,12,29,101,1975,300,1534,141,6
,Chadbourn,1534,29,3,1,0,25,87,20,58,9,0
,Chapel Hill,60984,113,2,9,26,76,1213,190,951,72,6
,Charlotte-Mecklenburg,955466,7132,108,271,1381,5372,32246,4095,24356,3795,148
,Cherryville,6194,12,0,4,2,6,113,32,70,11,0
,China Grove,4477,6,1,0,0,5,71,14,46,11,1
,Clayton,30036,34,2,3,5,24,371,30,312,29,7
,Cleveland,862,1,0,0,0,1,11,2,7,2,0
,Clinton,8004,79,2,9,6,62,290,52,225,13,4
,Columbus,1020,0,0,0,0,0,14,0,14,0,0
,Concord,109660,116,6,15,31,64,1079,82,863,134,5
,Conover,8525,33,2,6,2,23,340,40,266,34,2
,Cornelius,31781,42,1,3,5,33,320,48,245,27,3
,Creedmoor,5095,20,0,6,2,12,58,19,38,1,0
,Dallas,6086,13,0,2,3,8,115,20,81,14,1
,Davidson,15189,5,0,1,1,3,71,10,58,3,0
,Dobson,1386,3,0,1,0,2,20,3,17,0,0
,Drexel,1757,0,0,0,0,0,2,0,1,1,0
,Duck,770,0,0,0,0,0,20,3,16,1,0
,Dunn,8426,72,3,10,12,47,386,114,250,22,0
,Durham,286377,1968,42,146,587,1193,9498,1462,7166,870,40
,East Spencer,1581,18,1,3,1,13,25,4,16,5,0
,Eden,15253,82,1,4,4,73,379,79,290,10,2
,Edenton,4400,16,1,3,2,10,82,14,62,6,0
,Elizabeth City,18751,101,8,9,7,77,528,151,333,44,2
,Elkin,4045,14,1,2,2,9,214,34,171,9,0
,Elon,11369,10,0,0,2,8,71,46,21,4,0
,Emerald Isle,3940,13,0,1,1,11,82,21,57,4,0
,Erwin,4662,23,3,4,3,13,120,27,84,9,1
,Fair Bluff,720,0,0,0,0,0,14,5,9,0,0
,Fairmont,2169,27,2,0,2,23,143,38,96,9,1
,Farmville,4495,39,0,5,3,31,86,17,65,4,1
,Fayetteville,208980,2044,35,90,242,1677,7224,1298,5381,545,82
,Fletcher,8059,13,0,5,2,6,138,43,83,12,0
,Forest City,7353,50,0,8,6,36,499,137,332,30,2
,Franklin,4289,11,0,2,0,9,125,10,108,7,0
,Franklinton,2664,5,0,0,2,3,49,17,29,3,0
,Fuquay-Varina,39037,27,0,4,7,16,332,37,278,17,1
,Garner,32577,149,0,12,29,108,1131,91,979,61,3
,Gastonia,81937,645,8,27,99,511,3227,474,2411,342,22
,Gibsonville,9049,18,0,5,1,12,85,24,51,10,0
,Goldsboro,32464,366,6,15,38,307,1660,241,1302,117,2
,Graham,17377,73,0,12,10,51,358,53,257,48,6
,Granite Falls,4920,7,0,2,3,2,219,63,140,16,1
,Granite Quarry,3023,6,0,0,0,6,28,3,20,5,0
,Greensboro,298719,2447,40,79,465,1863,11308,1662,8415,1231,75
,Greenville,89363,508,12,22,67,407,2438,273,2017,148,13
,Grifton,2495,6,0,0,0,6,17,4,10,3,0
,Havelock,17108,34,3,1,3,27,343,61,273,9,1
,Haw River,2271,3,0,2,1,0,55,8,40,7,0
,Henderson,14806,262,7,10,31,214,618,100,478,40,3
,Hendersonville,15122,37,0,8,3,26,594,125,431,38,5
,Hickory,43756,232,8,17,22,185,1532,267,1142,123,9
,Highlands,1102,0,0,0,0,0,44,7,36,1,1
,High Point,114280,626,15,24,108,479,3076,525,2239,312,12
,Hillsborough,9732,50,2,3,9,36,546,34,489,23,0
,Holly Ridge,4639,4,0,0,0,4,28,18,10,0,0
,Holly Springs,45406,30,0,7,5,18,456,59,386,11,1
,Hope Mills,17843,79,4,6,12,57,665,97,515,53,5
,Hudson,3769,10,0,4,0,6,84,14,63,7,2
,Huntersville,62105,84,0,12,13,59,753,100,576,77,4
,Indian Beach,227,1,0,0,0,1,11,7,4,0,0
,Jacksonville,72570,226,5,26,24,171,1505,247,1194,64,5
,Jefferson,1523,1,0,0,0,1,23,2,19,2,0
,Jonesville,2310,9,0,1,0,8,72,15,48,9,0
,Kannapolis,55480,109,4,16,27,62,1135,161,822,152,2
,Kernersville,27076,75,0,7,8,60,971,93,819,59,6
,Kill Devil Hills,7911,18,1,0,3,14,215,37,170,8,1
,King,7213,5,0,2,0,3,132,6,120,6,0
,Kings Mountain,11624,56,1,1,8,46,262,32,200,30,2
,Kinston,19342,137,9,7,7,114,627,164,399,64,13
,Knightdale,19659,41,0,4,4,33,503,37,430,36,1
,Laurinburg,15199,237,7,11,20,199,679,209,410,60,6
,Lenoir,18160,38,0,13,5,20,668,172,426,70,0
,Lexington,19544,95,3,5,12,75,615,116,438,61,3
,Lillington,4603,14,0,4,2,8,97,32,49,16,0
,Lincolnton,11651,44,1,7,4,32,424,64,327,33,4
,Long View,5148,20,1,4,6,9,127,21,79,27,2
,Louisburg,3098,24,1,5,1,17,107,10,97,0,1
,Lowell,3740,4,1,0,0,3,51,10,37,4,1
,Lumberton,18583,446,8,16,61,361,2087,558,1378,151,11
,Madison,2112,6,0,0,0,6,66,12,49,5,1
,Maggie Valley,1702,8,3,1,0,4,168,107,54,7,0
,Magnolia,833,8,0,0,0,8,19,3,15,1,0
,Manteo,1647,2,0,1,1,0,42,3,38,1,0
,Marion,7633,19,2,1,3,13,313,92,190,31,3
,Marshville,2603,17,0,4,1,12,56,16,39,1,0
,Matthews,29739,49,1,4,18,26,886,111,726,49,0
,Maxton,2110,18,3,2,1,12,91,20,59,12,3
,Mayodan,2419,1,0,0,0,1,163,9,148,6,0
,Maysville,838,0,0,0,0,0,8,0,8,0,0
,Mebane,18956,45,0,8,3,34,568,35,506,27,0
,Middlesex,913,1,0,0,0,1,16,2,10,4,0
,Mint Hill,26728,23,1,1,7,14,259,40,199,20,4
,Monroe,35204,277,6,36,27,208,1387,258,1024,105,12
,Mooresville,52762,95,0,24,12,59,1125,84,952,89,3
,Morehead City,9810,29,0,5,0,24,251,45,193,13,1
,Morganton,17568,72,0,9,5,58,585,164,386,35,1
,Morrisville,32600,39,0,3,18,18,699,87,558,54,3
,Mount Airy,10511,40,1,4,5,30,283,67,187,29,3
,Mount Gilead,1176,8,1,0,0,7,40,10,25,5,0
,Mount Holly,18177,38,0,7,3,28,265,50,180,35,1
,Mount Olive,4027,9,0,1,2,6,104,22,76,6,0
,Murfreesboro,2490,8,0,3,2,3,32,5,25,2,0
,Nags Head,3218,11,0,2,0,9,74,12,60,2,0
,New Bern,31614,160,3,11,12,134,645,146,466,33,2
,Newland,719,1,0,0,0,1,11,1,10,0,0
,Newport,4564,12,0,6,1,5,81,10,64,7,1
,Newton,13252,31,1,1,3,26,275,57,192,26,2
,North Topsail Beach,1001,1,0,1,0,0,23,5,17,1,0
,North Wilkesboro,4215,15,0,3,2,10,114,33,72,9,0
,Oxford,8895,65,3,2,9,51,188,23,150,15,1
,Pembroke,2803,19,0,2,1,16,187,16,160,11,1
,Pinehurst,18426,6,0,5,1,0,69,15,51,3,3
,Pine Knoll Shores,1397,1,0,0,0,1,17,7,9,1,0
,Pineville,10718,55,0,2,13,40,967,86,814,67,0
,Pittsboro,4662,17,0,1,1,15,88,4,75,9,2
,Plymouth,3204,45,2,2,2,39,93,33,56,4,2
,Raeford,4725,17,3,0,3,11,90,14,75,1,0
,Raleigh,470829,2353,44,174,439,1696,10992,1207,8584,1201,44
,Ranlo,4621,11,0,2,0,9,35,12,19,4,0
,Red Springs,3102,26,0,1,7,18,198,52,135,11,3
,Reidsville,14481,143,2,5,8,128,555,77,425,53,4
,Richlands,2325,1,0,1,0,0,24,5,17,2,0
,Roanoke Rapids,15025,111,1,13,28,69,690,161,480,49,5
,Robbins,1220,0,0,0,0,0,3,2,1,0,1
,Rockingham,8865,68,4,9,11,44,394,93,272,29,3
,Rocky Mount,53668,473,19,17,89,348,1486,312,1026,148,18
,Rolesville,10549,9,0,1,0,8,69,9,58,2,0
,Rowland,884,0,0,0,0,0,15,0,11,4,0
,Roxboro,8079,104,5,7,5,87,357,54,287,16,0
,Rutherfordton,3622,14,0,2,1,11,87,27,56,4,0
,Salisbury,35938,318,7,5,41,265,1314,169,1005,140,7
,Selma,6843,43,2,5,5,31,111,26,67,18,1
,Shallotte,4453,7,0,1,1,5,169,10,157,2,1
,Shelby,21989,199,2,13,24,160,558,113,395,50,11
,Siler City,7969,58,1,4,4,49,253,62,169,22,1
,Smithfield,12042,75,0,3,6,66,620,132,453,35,3
,Snow Hill,1532,4,0,2,1,1,38,15,22,1,0
,Southern Pines,16388,40,1,5,7,27,326,71,221,34,3
,Southern Shores,3237,0,0,0,0,0,10,3,6,1,0
,Southport,4253,10,0,1,0,9,64,7,57,0,1
,Spencer,3327,10,1,1,1,7,67,14,39,14,0
,Spring Lake,11603,65,0,6,10,49,356,61,275,20,4
,Spruce Pine,2227,0,0,0,0,0,3,0,3,0,0
,Stallings,16758,16,1,1,2,12,158,40,101,17,1
,Stantonsburg,743,4,0,0,0,4,10,2,8,0,0
,Star,812,2,1,0,0,1,13,4,7,2,0
,Stoneville,1318,0,0,0,0,0,15,6,9,0,0
,St. Pauls,2050,10,0,0,0,10,77,6,67,4,1
,Sugar Mountain,376,0,0,0,0,0,1,0,1,0,0
,Surf City,4338,13,1,6,1,5,84,13,70,1,1
,Swansboro,3920,5,0,2,0,3,59,5,53,1,0
,Sylva,2633,13,0,4,2,7,135,37,88,10,0
,Tabor City,3646,12,1,5,1,5,93,29,57,7,0
,Taylorsville,2328,2,0,1,0,1,36,6,27,3,0
,Troutman,3889,15,0,3,1,11,95,17,76,2,0
,Troy,2915,9,0,5,0,4,53,10,41,2,0
,Tryon,1584,0,0,0,0,0,36,13,20,3,0
,Valdese,4663,10,0,1,1,8,69,21,43,5,0
,Vass,1003,0,0,0,0,0,22,7,15,0,0
,Wadesboro,5036,132,2,4,9,117,391,108,247,36,6
,Wake Forest,51385,59,1,6,5,47,536,53,451,32,3
,Wallace,3296,17,0,3,2,12,167,25,135,7,0
,Warrenton,861,19,2,0,2,15,58,3,52,3,1
,Warsaw,2668,11,0,3,3,5,97,24,68,5,0
,Washington,9614,41,0,2,5,34,271,37,214,20,1
,Waxhaw,22613,19,0,7,1,11,166,16,143,7,0
,Waynesville,10225,44,0,5,2,37,352,39,300,13,5
,Weaverville,4689,1,0,0,0,1,159,5,153,1,0
,Weldon,1414,7,0,0,0,7,55,15,34,6,0
,Wendell,13408,23,0,2,3,18,106,20,76,10,1
,West Jefferson,1237,6,0,2,0,4,102,15,86,1,0
,Whispering Pines,5235,3,1,1,1,0,17,3,14,0,0
,Whiteville,4630,47,1,3,2,41,420,76,325,19,1
,Wilkesboro,3567,17,0,1,2,14,187,29,145,13,3
,Williamston,5047,83,1,7,8,67,208,37,157,14,2
,Wilmington,119159,634,12,77,111,434,3415,470,2675,270,16
,Wilson,47518,245,5,6,41,193,1171,187,907,77,16
,Windsor,3304,4,1,1,0,2,31,6,23,2,0
,Winston-Salem,251295,2954,30,87,282,2555,9785,1796,7070,919,51
,Winterville,10725,17,1,4,1,11,52,15,35,2,0
,Woodfin,8097,15,0,3,0,12,87,31,44,12,0
,Woodland,534,1,0,0,0,1,3,1,2,0,1
,Wrightsville Beach,2396,9,0,2,1,6,88,16,71,1,0
,Youngsville,2197,3,0,0,1,2,47,3,38,6,0
,Zebulon,9003,53,1,1,11,40,278,39,227,12,3
NORTH DAKOTA,Berthold,463,0,0,0,0,0,1,0,1,0,0
,Beulah,3032,6,0,0,1,5,24,4,17,3,0
,Bismarck,74604,231,6,32,43,150,2509,383,1870,256,7
,Bowman,1394,3,0,2,0,1,14,2,11,1,0
,Burlington,1255,0,0,0,0,0,0,0,0,0,0
,Carrington,2029,2,1,1,0,0,4,2,1,1,1
,Cavalier,1228,0,0,0,0,0,6,1,4,1,0
,Devils Lake,7212,35,0,15,2,18,293,37,204,52,1
,Dickinson,24577,61,0,10,2,49,426,63,318,45,0
,Drayton,737,0,0,0,0,0,4,1,2,1,0
,Dunseith,624,0,0,0,0,0,6,1,3,2,0
,Ellendale,1067,0,0,0,0,0,5,1,4,0,0
,Emerado,449,1,0,0,0,1,13,2,10,1,1
,Fargo,127649,787,5,144,116,522,5294,1075,3534,685,36
,Garrison,1435,3,0,0,0,3,8,2,6,0,0
,Grafton,4117,10,0,1,0,9,53,6,40,7,0
,Grand Forks,58620,172,2,30,19,121,1751,365,1263,123,3
,Harvey,1586,1,0,0,0,1,5,0,4,1,1
,Hazen,2271,0,0,0,0,0,3,0,3,0,0
,Jamestown,15772,36,0,11,0,25,328,68,243,17,0
,Kenmare,912,0,0,0,0,0,5,0,4,1,0
,Killdeer,892,2,0,0,0,2,17,2,13,2,0
,Lincoln,4387,6,0,1,0,5,23,2,20,1,1
,Lisbon,2177,0,0,0,0,0,13,1,10,2,0
,Mandan,24666,58,1,12,2,43,858,132,599,127,8
,Medora,119,0,0,0,0,0,0,0,0,0,0
,Minot,47278,141,3,45,8,85,495,94,270,131,7
,Napoleon,752,0,0,0,0,0,0,0,0,0,1
,New Town,2713,5,0,1,0,4,5,1,4,0,0
,Northwood,946,0,0,0,0,0,1,0,1,0,0
,Oakes,1778,0,0,0,0,0,5,3,2,0,0
,Powers Lake,377,0,0,0,0,0,3,0,3,0,0
,Ray,666,0,0,0,0,0,2,1,1,0,0
,Rolette,478,2,0,0,0,2,8,0,7,1,0
,Rolla,1173,1,0,0,0,1,14,0,9,5,0
,Rugby,2505,5,0,0,0,5,21,7,9,5,0
,Stanley,2327,1,0,0,0,1,6,1,5,0,0
,Steele,657,0,0,0,0,0,9,2,5,2,1
,Surrey,1343,0,0,0,0,0,2,0,0,2,0
,Thompson,1086,1,0,0,0,1,0,0,0,0,0
,Tioga,1922,1,0,0,0,1,14,1,12,1,0
,Valley City,6547,10,0,2,0,8,115,14,93,8,2
,Wahpeton,7956,15,0,3,2,10,182,39,117,26,0
,Watford City,5513,28,0,6,0,22,123,7,103,13,0
,West Fargo,39987,73,0,16,3,54,515,92,373,50,4
,Williston,25513,127,1,17,7,102,549,80,414,55,1
,Wishek,852,1,0,0,0,1,2,0,1,1,0
OHIO,Ada,5238,0,0,0,0,0,10,1,9,0,0
,Akron,188534,1548,38,206,156,1148,6464,1030,4525,909,89
,Alliance,21817,68,0,3,1,64,535,56,452,27,3
,Amberley Village,3801,2,0,0,0,2,25,5,20,0,0
,American Township,12355,16,0,2,0,14,167,22,143,2,0
,Amherst,12993,1,0,0,0,1,99,5,93,1,1
,Archbold,4484,8,0,2,0,6,52,8,44,0,0
,Ashland,19193,23,0,10,4,9,260,24,230,6,1
,Ashville,4696,10,0,3,0,7,51,4,46,1,0
,Athens,24220,41,0,8,5,28,544,68,430,46,3
,Aurora,17486,6,0,1,2,3,99,2,91,6,0
,Austintown,35462,36,2,4,6,24,640,54,538,48,0
,Avon Lake,25846,18,0,1,1,16,112,10,94,8,1
,Barberton,24840,85,0,22,7,56,630,91,506,33,2
,Barnesville,3955,1,0,1,0,0,9,2,7,0,0
,Batavia,1906,1,0,0,0,1,27,1,25,1,1
,"Bath Township, Summit County",9922,0,0,0,0,0,178,6,171,1,0
,Bay Village,15826,7,0,0,0,7,51,3,40,8,0
,Bazetta Township,5916,4,0,0,3,1,135,4,130,1,0
,Beachwood,13797,22,0,5,1,16,448,14,388,46,0
,Beavercreek,46749,44,0,16,9,19,743,35,664,44,2
,Beaver Township,6716,7,0,0,0,7,76,21,53,2,0
,Bedford Heights,10736,39,1,0,7,31,273,12,170,91,0
,Bellaire,3808,11,0,1,0,10,19,5,12,2,0
,Bellbrook,7345,5,0,3,0,2,43,5,37,1,0
,Bellefontaine,14065,17,0,7,0,10,109,8,101,0,1
,Bellville,1976,1,0,0,0,1,20,4,13,3,0
,Belpre,6649,9,0,3,0,6,62,5,54,3,0
,Berea,18736,7,0,0,1,6,94,8,68,18,0
,Bethel,2646,4,0,1,0,3,19,4,15,0,0
,Beverly,1225,2,0,2,0,0,15,3,12,0,1
,Blanchester,4234,5,0,1,0,4,117,30,79,8,1
,Blendon Township,7926,11,0,0,4,7,112,10,69,33,1
,Blue Ash,13314,14,0,7,1,6,276,8,255,13,1
,Bluffton,4256,2,0,1,0,1,21,7,11,3,0
,Boardman,39490,90,1,21,30,38,1440,143,1238,59,6
,Bowling Green,30730,16,0,8,1,7,412,25,377,10,1
,Bratenahl,1399,1,0,0,0,1,8,3,2,3,0
,Brecksville,13466,4,0,0,1,3,48,1,47,0,0
,Brewster,2107,4,0,0,0,4,26,9,17,0,1
,Bridgeport,1559,0,0,0,0,0,5,1,4,0,0
,Brimfield Township,11450,7,0,1,2,4,220,7,204,9,0
,Broadview Heights,19490,2,0,0,0,2,28,2,26,0,0
,Brooklyn,11043,8,0,2,1,5,521,14,459,48,0
,Brookville,5945,11,0,1,1,9,25,2,21,2,0
,Brunswick,35235,38,1,1,0,36,182,8,157,17,0
,Buckeye Lake,2575,7,0,1,0,6,39,8,29,2,2
,Bucyrus,11571,34,1,9,5,19,212,26,178,8,1
,Butler Township,8219,13,0,5,4,4,439,26,387,26,0
,Byesville,2352,9,0,0,1,8,24,1,22,1,0
,Cambridge,9978,10,0,5,0,5,78,6,71,1,0
,Canal Fulton,5321,6,0,2,1,3,42,10,31,1,0
,Canfield,7551,1,0,1,0,0,32,3,25,4,0
,Canton,70070,827,10,154,92,571,3887,602,2711,574,15
,Carrollton,3101,9,0,2,0,7,27,3,23,1,0
,Centerville,25249,10,0,4,1,5,259,23,221,15,2
,Chagrin Falls,4084,2,0,1,0,1,40,2,32,6,0
,Cheviot,8579,18,0,4,0,14,225,41,151,33,0
,Cincinnati,307761,2591,73,259,640,1619,11543,1877,7655,2011,1
,Circleville,14274,34,1,15,4,14,401,56,330,15,6
,Clayton,13228,17,0,6,2,9,123,15,86,22,0
,Clearcreek Township,19152,9,0,2,0,7,67,5,59,3,0
,Cleveland,363764,5870,145,453,1549,3723,15704,3004,8728,3972,124
,Cleveland Heights,44105,98,1,15,32,50,503,68,353,82,11
,Clinton Township,4353,2,0,0,0,2,61,1,59,1,0
,Coldwater,4676,3,0,3,0,0,24,0,24,0,0
,Colerain Township,58548,96,0,17,19,60,1263,119,1058,86,6
,Columbiana,6806,0,0,0,0,0,21,2,18,1,0
,Columbus,907196,4082,127,1005,1275,1675,31609,4288,20028,7293,14
,Commercial Point,3168,5,0,0,0,5,33,9,22,2,0
,Copley Township,18244,21,0,5,4,12,185,15,164,6,2
,Cortland,7090,4,0,0,0,4,35,5,30,0,0
,Covington,2576,0,0,0,0,0,1,0,1,0,0
,Crestline,4466,7,0,2,0,5,30,4,25,1,0
,Cuyahoga Falls,50607,70,2,13,5,50,921,91,764,66,4
,Dayton,137084,1605,34,203,259,1109,5875,1339,3096,1440,42
,Defiance,16923,44,0,16,2,26,203,18,175,10,0
,Delaware,44042,62,0,26,1,35,412,27,369,16,5
,Delhi Township,28476,25,0,8,6,11,368,25,315,28,1
,Delphos,7007,12,0,7,0,5,44,3,37,4,1
,Delta,3374,6,0,0,1,5,17,1,16,0,0
,Dennison,2658,1,0,0,0,1,1,0,1,0,0
,Dover,12936,17,0,8,1,8,57,11,40,6,0
,Dublin,48799,33,0,15,11,7,549,35,439,75,1
,East Canton,1509,2,0,1,0,1,48,8,35,5,0
,East Cleveland,13418,142,5,5,25,107,303,59,140,104,2
,East Palestine,4697,3,1,1,0,1,56,8,46,2,1
,Eaton,8347,9,1,6,0,2,118,2,103,13,0
,Elida,1859,0,0,0,0,0,8,0,8,0,0
,Elyria,52902,105,8,24,22,51,1007,158,766,83,1
,Englewood,13338,33,0,11,7,15,326,16,293,17,1
,Euclid,48344,131,4,17,28,82,921,84,604,233,11
,Evendale,2624,2,0,0,0,2,148,8,134,6,0
,Fairborn,34725,95,1,36,7,51,421,74,304,43,11
,Fairfax,1738,3,0,0,2,1,226,4,222,0,0
,Fairlawn,7665,2,1,0,0,1,316,2,308,6,0
,Fairview Park,16821,12,0,4,1,7,93,4,73,16,0
,Findlay,39881,70,1,27,10,32,707,94,589,24,3
,Forest Park,19824,72,1,7,22,42,383,41,269,73,2
,Franklin,11604,41,0,11,2,28,391,38,331,22,1
,Franklin Township,10484,0,0,0,0,0,12,1,9,2,0
,Fredericktown,2643,0,0,0,0,0,24,3,21,0,0
,Fremont,15757,8,0,2,1,5,358,47,290,21,0
,Gahanna,35167,84,0,20,9,55,835,54,679,102,1
,Galion,10338,16,0,4,1,11,99,14,81,4,1
,Gallipolis,3296,19,0,3,1,15,135,11,117,7,0
,Garfield Heights,29022,140,8,23,13,96,511,79,403,29,2
,Gates Mills,2231,0,0,0,0,0,2,1,1,0,0
,Georgetown,4453,3,1,2,0,0,28,5,22,1,0
,Germantown,5798,17,0,5,0,12,33,3,28,2,0
,"Goshen Township, Clermont County",16296,23,0,3,1,19,109,24,82,3,2
,"Goshen Township, Mahoning County",3046,9,0,2,0,7,68,12,53,3,0
,Grafton,5621,0,0,0,0,0,16,0,16,0,0
,Grandview Heights,8254,8,0,0,1,7,191,13,166,12,1
,Granville,5741,4,0,4,0,0,30,3,26,1,0
,Greenfield,4334,9,0,5,0,4,21,4,13,4,0
,Greenhills,3658,8,0,1,0,7,41,6,35,0,0
,Green Township,59568,65,2,10,12,41,984,124,792,68,4
,Grove City,42248,59,0,16,7,36,1026,51,902,73,0
,Groveport,5820,12,1,2,2,7,107,9,84,14,0
,Hamilton,62536,240,4,34,40,162,1376,243,986,147,22
,"Hamilton Township, Warren County",27421,7,0,1,0,6,78,3,70,5,1
,Hartville,3331,3,0,0,1,2,39,6,32,1,1
,Heath,10641,17,0,5,2,10,472,92,363,17,2
,Hebron,2376,4,0,1,1,2,39,6,29,4,0
,Highland Heights,8536,2,0,1,0,1,67,1,65,1,1
,Hilliard,36644,52,0,7,5,40,352,35,287,30,1
,Hillsboro,6482,6,0,2,0,4,151,20,124,7,1
,Hinckley Township,8119,1,0,0,0,1,9,2,7,0,0
,Holland,1797,6,0,1,3,2,376,7,365,4,0
,Howland Township,17177,16,0,1,1,14,227,30,175,22,0
,Hubbard,7607,15,0,3,1,11,65,6,58,1,0
,Hubbard Township,5319,6,0,0,0,6,58,9,43,6,1
,Huber Heights,43233,69,0,28,10,31,806,75,631,100,4
,Hudson,22902,6,0,2,0,4,96,10,84,2,0
,Independence,7474,17,0,4,6,7,116,0,105,11,0
,Ironton,10312,15,0,2,4,9,61,16,39,6,1
,Jackson,6168,21,0,5,0,16,108,10,93,5,0
,"Jackson Township, Mahoning County",2096,1,0,1,0,0,17,3,13,1,0
,"Jackson Township, Stark County",42745,65,1,24,13,27,984,101,838,45,1
,Jamestown,2056,0,0,0,0,0,15,3,11,1,0
,Kent,27723,39,0,0,4,35,327,47,258,22,1
,Kenton,7938,27,0,8,0,19,213,21,184,8,0
,Kettering,57107,29,0,11,6,12,804,85,633,86,6
,Kirtland,6899,0,0,0,0,0,4,0,4,0,0
,Lakemore,2894,15,0,3,0,12,76,12,63,1,0
,Lakewood,49490,62,0,4,25,33,670,71,493,106,3
,Lancaster,40937,109,0,22,19,68,881,107,717,57,10
,Lawrence Township,8179,10,0,3,0,7,42,7,31,4,1
,Lebanon,21547,32,0,10,0,22,303,13,267,23,2
,Lexington,4863,1,0,0,0,1,1,0,1,0,0
,Liberty Township,11925,36,0,9,7,20,186,17,151,18,0
,Lima,35633,230,3,23,30,174,1290,301,954,35,1
,Lisbon,2566,0,0,0,0,0,8,1,7,0,0
,Lockland,3467,30,1,3,5,21,85,12,59,14,0
,Lodi,2765,5,0,1,0,4,14,1,13,0,0
,London,10646,15,0,1,1,13,72,7,63,2,0
,Lorain,65536,308,1,26,51,230,1191,222,873,96,19
,Lordstown,3341,5,0,1,0,4,38,6,32,0,0
,Loudonville,2774,5,0,3,0,2,19,3,16,0,0
,Louisville,9497,4,0,1,1,2,120,15,100,5,1
,Loveland,13095,6,0,2,0,4,79,8,66,5,2
,Lyndhurst,13682,16,0,1,2,13,138,9,124,5,1
,Macedonia,12248,7,0,2,0,5,218,2,211,5,0
,Madison,3410,5,0,1,0,4,15,1,14,0,0
,"Madison Township, Franklin County",18785,29,0,4,3,22,142,24,97,21,1
,Mansfield,47845,229,6,43,28,152,1529,287,1131,111,15
,Mariemont,3446,0,0,0,0,0,10,1,9,0,0
,Marietta,13366,10,0,6,0,4,233,9,221,3,1
,Marion,35775,81,4,35,5,37,635,146,468,21,6
,Martins Ferry,6171,18,0,6,0,12,39,10,29,0,0
,Marysville,27026,17,0,11,1,5,331,19,304,8,0
,Mason,35344,5,0,2,0,3,236,11,221,4,0
,Maumee,13725,27,0,3,7,17,381,20,332,29,1
,Mayfield Heights,19813,15,0,4,4,7,223,8,197,18,0
,McArthur,1754,3,0,0,1,2,30,12,18,0,0
,McConnelsville,1631,4,0,0,0,4,40,6,31,3,0
,Mechanicsburg,1702,6,0,1,0,5,15,2,12,1,0
,Medina,25921,22,0,10,3,9,184,20,159,5,0
,Mentor,47063,75,0,10,1,64,667,38,614,15,4
,Mentor-on-the-Lake,7072,6,0,2,0,4,37,2,34,1,0
,Miamisburg,19723,28,1,7,7,13,327,31,263,33,1
,"Miami Township, Clermont County",44356,32,1,14,1,16,359,21,313,25,0
,Middleport,2171,2,0,0,0,2,16,9,7,0,0
,Middletown,50970,124,0,5,22,97,1112,186,838,88,8
,Mifflin Township,2563,0,0,0,0,0,5,0,3,2,0
,Milford,6456,18,0,12,0,6,144,9,130,5,1
,Mogadore,3785,5,0,1,0,4,40,5,31,4,0
,Monroe,17817,17,0,4,1,12,298,8,270,20,0
,Monroeville,1287,2,0,0,0,2,9,0,8,1,0
,Montgomery,10766,8,0,2,0,6,121,3,110,8,1
,Montpelier,3865,17,0,10,0,7,119,22,87,10,2
,Montville Township,13304,3,0,0,1,2,45,6,37,2,0
,Moraine,6540,53,1,13,7,32,429,29,362,38,2
,Mount Gilead,3514,5,0,1,2,2,41,16,25,0,0
,Munroe Falls,5007,7,0,1,0,6,16,1,15,0,0
,Napoleon,8744,21,0,4,0,17,128,11,115,2,0
,Nelsonville,4542,11,1,1,1,8,72,20,48,4,0
,New Albany,10851,10,0,4,1,5,149,14,127,8,0
,Newark,50818,118,0,19,27,72,1381,220,1020,141,30
,New Boston,2267,9,0,0,0,9,87,6,79,2,2
,New Franklin,13744,8,0,2,1,5,77,12,63,2,0
,New Lebanon,3781,16,0,3,1,12,36,5,30,1,1
,New Lexington,4437,14,0,2,0,12,67,13,51,3,0
,New Philadelphia,17508,4,0,1,0,3,19,6,13,0,0
,New Richmond,2761,10,0,1,0,9,12,1,9,2,0
,New Waterford,1175,0,0,0,0,0,2,0,2,0,0
,Niles,18344,52,0,9,16,27,499,69,401,29,3
,North Canton,17855,16,0,1,0,15,224,8,212,4,0
,Northfield,3511,1,0,0,1,0,36,0,33,3,0
,North Olmsted,31641,28,0,3,3,22,446,22,393,31,3
,North Ridgeville,36968,15,0,5,0,10,145,29,107,9,1
,North Royalton,30687,12,0,5,0,7,162,10,141,11,0
,Northwood,5190,11,0,1,2,8,127,6,107,14,0
,Norton,11507,16,0,2,4,10,187,25,148,14,0
,Norwalk,16986,20,1,8,3,8,179,21,156,2,0
,Norwood,18602,54,2,9,8,35,531,61,439,31,4
,Oak Harbor,2798,5,0,2,0,3,26,1,24,1,0
,Oberlin,8238,11,0,8,0,3,109,6,100,3,1
,Obetz,6074,6,0,1,2,3,113,12,80,21,0
,Olmsted Falls,8614,2,0,0,0,2,48,3,37,8,0
,Olmsted Township,14486,3,0,0,0,3,46,6,27,13,0
,Oregon,19800,33,0,11,3,19,858,52,774,32,0
,Orrville,8453,16,0,9,0,7,56,8,47,1,0
,Ottawa Hills,4816,0,0,0,0,0,42,4,26,12,0
,Parma,79098,114,2,18,15,79,711,80,490,141,5
,Parma Heights,20306,5,0,0,1,4,79,5,61,13,0
,Pataskala,18283,14,0,1,3,10,118,8,99,11,0
,Paulding,3578,10,0,3,0,7,13,3,8,2,0
,Pepper Pike,6834,2,0,0,0,2,42,4,30,8,0
,Perrysburg,25165,4,0,4,0,0,155,8,147,0,0
,Perrysburg Township,13666,10,0,0,1,9,109,7,95,7,0
,"Perry Township, Franklin County",3786,0,0,0,0,0,16,3,12,1,0
,"Perry Township, Stark County",28143,71,0,14,9,48,420,99,285,36,1
,Pickerington,24647,24,1,5,9,9,231,18,201,12,2
,Pierce Township,15277,16,1,2,4,9,146,14,124,8,1
,Pioneer,1412,1,0,0,0,1,16,1,15,0,0
,Piqua,20516,74,0,27,8,39,617,75,506,36,1
,Plain City,4651,3,0,0,0,3,4,0,4,0,0
,Port Clinton,5951,11,0,4,0,7,83,18,61,4,0
,Portsmouth,17896,71,3,12,10,46,465,97,340,28,0
,Powell,14407,6,0,2,0,4,88,5,80,3,0
,Ravenna,11299,20,1,2,2,15,260,25,218,17,1
,Reading,11177,28,0,5,2,21,282,32,229,21,1
,Richmond Heights,10546,24,0,3,1,20,179,16,127,36,1
,Richwood,2398,4,0,2,0,2,40,4,35,1,0
,Riverside,24322,51,1,15,11,24,387,46,286,55,5
,Rocky River,21309,17,0,4,3,10,151,5,135,11,0
,Ross Township,8776,5,0,0,0,5,55,11,42,2,0
,Rutland,422,1,0,0,1,0,12,1,11,0,0
,Sabina,2495,8,1,3,0,4,43,13,27,3,0
,Sagamore Hills,10759,0,0,0,0,0,12,6,6,0,0
,Salem,11776,16,0,2,0,14,196,21,164,11,0
,Salineville,1183,1,0,0,0,1,13,2,11,0,0
,Sandusky,24531,23,1,1,7,14,443,71,339,33,2
,Sebring,4154,8,2,1,0,5,35,16,18,1,3
,Seven Hills,11516,11,4,0,0,7,77,4,67,6,0
,Shaker Heights,28615,16,1,0,10,5,167,11,137,19,0
,Shawnee Township,12314,7,0,5,0,2,91,15,74,2,0
,Sheffield Village,4444,2,1,0,0,1,23,1,22,0,1
,Shelby,9303,13,0,3,0,10,124,15,106,3,2
,Sidney,20309,61,0,23,7,31,466,115,331,20,5
,Solon,23680,15,0,2,4,9,195,14,168,13,0
,South Bloomfield,2181,1,0,0,0,1,23,2,19,2,0
,South Euclid,21360,37,1,6,6,24,540,22,499,19,0
,South Zanesville,1905,2,0,0,0,2,11,0,10,1,0
,Spencerville,2153,1,0,1,0,0,18,0,16,2,0
,Springboro,19431,6,0,2,1,3,93,6,82,5,1
,Springfield,58725,707,6,58,136,507,2651,531,1765,355,46
,"Springfield Township, Hamilton County",35363,43,1,1,10,31,525,59,405,61,1
,"Springfield Township, Mahoning County",6703,8,0,2,0,6,65,21,44,0,0
,"Springfield Township, Summit County",14025,36,0,8,6,22,548,36,491,21,2
,St. Bernard,3941,15,0,1,2,12,116,6,96,14,0
,St. Clairsville,5021,3,0,0,1,2,2,0,2,0,0
,Steubenville,17869,29,2,1,6,20,616,57,544,15,2
,Stow,34244,36,0,12,2,22,481,34,434,13,1
,Strasburg,2696,1,0,0,0,1,7,0,7,0,0
,Streetsboro,17908,23,0,2,3,18,261,19,231,11,1
,Strongsville,45703,31,3,4,0,24,390,20,352,18,0
,Sugarcreek Township,9579,9,0,2,2,5,174,9,158,7,0
,Swanton,3853,3,0,0,0,3,29,4,25,0,0
,Sylvania,19055,8,0,1,1,6,151,18,122,11,0
,Sylvania Township,31833,34,1,3,10,20,641,41,539,61,2
,Tallmadge,18240,21,0,4,1,16,180,21,144,15,2
,Tiffin,17773,37,0,23,3,11,309,30,275,4,1
,Toledo,266984,3105,61,227,494,2323,8225,1505,5564,1156,161
,Toronto,5264,7,1,3,0,3,7,0,7,0,0
,Trotwood,22930,134,6,25,12,91,752,153,434,165,13
,Troy,26544,31,0,3,5,23,324,94,218,12,2
,Twinsburg,19402,15,0,2,1,12,127,7,111,9,0
,Uhrichsville,5177,27,1,4,1,21,97,21,63,13,0
,Union,6865,3,0,2,0,1,37,5,27,5,0
,Uniontown,3304,4,1,1,0,2,91,8,82,1,0
,"Union Township, Clermont County",50164,31,0,18,3,10,541,32,495,14,1
,University Heights,13701,19,0,2,3,14,109,6,92,11,0
,Upper Arlington,35831,12,0,0,4,8,363,22,305,36,0
,Upper Sandusky,6577,9,0,4,1,4,83,10,67,6,2
,Urbana,11119,19,0,10,1,8,227,20,199,8,3
,Utica,2114,2,0,0,0,2,8,2,6,0,0
,Van Wert,11005,35,0,12,3,20,258,46,204,8,1
,Village of Leesburg,1269,2,0,2,0,0,16,1,14,1,0
,Wadsworth,24546,37,0,19,4,14,244,23,217,4,1
,Wapakoneta,9742,10,0,2,0,8,170,9,157,4,0
,Warren,38943,171,2,14,38,117,1115,282,746,87,20
,Washington Court House,14494,22,1,7,3,11,267,22,228,17,6
,Waterville,6022,8,0,1,1,6,31,7,24,0,0
,Wauseon,7492,16,0,8,0,8,100,5,90,5,1
,Waverly,4139,3,0,3,0,0,18,2,16,0,0
,Weathersfield,8043,9,0,1,0,8,125,17,103,5,3
,Wellston,5400,16,2,1,0,13,116,16,88,12,1
,West Carrollton,12951,30,0,6,1,23,235,30,138,67,0
,West Chester Township,62374,57,2,9,14,32,1046,97,902,47,3
,Westerville,38528,56,0,13,6,37,764,65,635,64,3
,West Jefferson,4293,10,0,1,0,9,53,8,37,8,0
,Westlake,33734,14,0,2,2,10,141,20,101,20,0
,Whitehall,20094,171,1,25,47,98,1212,117,964,131,8
,Whitehouse,5042,2,0,0,1,1,15,0,15,0,0
,Wickliffe,12622,10,0,0,0,10,132,2,119,11,0
,Williamsburg,2590,3,0,2,0,1,16,1,15,0,0
,Willoughby,23853,24,1,5,5,13,231,15,204,12,0
,Willoughby Hills,9943,10,0,4,0,6,116,18,82,16,1
,Willowick,14103,7,0,0,1,6,38,5,32,1,1
,Wintersville,3724,9,0,2,0,7,38,1,35,2,1
,Woodville,1988,2,0,0,0,2,4,1,3,0,0
,Wooster,26750,73,2,25,10,36,633,63,542,28,8
,Worthington,14346,14,0,1,3,10,229,13,197,19,0
,Wyoming,8646,2,0,0,0,2,50,6,37,7,0
,Xenia,25513,48,0,24,1,23,488,57,386,45,4
,Yellow Springs,3710,2,0,0,0,2,54,6,43,5,0
,Youngstown,59944,411,18,36,61,296,1721,447,1004,270,15
,Zanesville,24703,74,0,16,14,44,872,77,770,25,1
OKLAHOMA,Achille,411,0,0,0,0,0,3,0,2,1,0
,Ada,16946,30,1,3,3,23,412,72,287,53,0
,Adair,732,0,0,0,0,0,9,4,3,2,0
,Alex,494,0,0,0,0,0,4,1,3,0,0
,Allen,788,0,0,0,0,0,16,2,12,2,1
,Altus,18757,50,0,3,5,42,276,74,181,21,1
,Alva,4991,8,0,3,0,5,43,12,27,4,0
,Amber,429,0,0,0,0,0,1,1,0,0,0
,Anadarko,5865,55,0,4,3,48,230,55,160,15,3
,Antlers,2179,4,0,0,0,4,41,9,29,3,2
,Apache,1071,4,0,0,0,4,23,6,14,3,0
,Ardmore,24999,220,4,20,12,184,722,173,457,92,5
,Arkoma,1831,1,1,0,0,0,6,2,3,1,0
,Atoka,3210,29,0,0,1,28,120,33,74,13,1
,Avant,298,0,0,0,0,0,1,0,1,0,0
,Barnsdall,1016,1,0,1,0,0,14,3,11,0,0
,Bartlesville,37479,113,2,26,12,73,996,234,648,114,3
,Beaver,1225,1,0,1,0,0,12,3,8,1,0
,Beggs,1178,8,0,0,3,5,13,6,5,2,0
,Bennington,290,0,0,0,0,0,0,0,0,0,0
,Bernice,436,0,0,0,0,0,12,2,10,0,0
,Bethany,20322,54,1,3,8,42,400,184,172,44,6
,Big Cabin,171,0,0,0,0,0,1,0,1,0,0
,Binger,436,1,0,0,0,1,11,1,8,2,0
,Bixby,29690,31,2,8,3,18,327,49,229,49,0
,Blackwell,6089,27,0,8,0,19,105,23,74,8,1
,Blair,730,0,0,0,0,0,1,0,1,0,0
,Blanchard,9488,4,0,1,0,3,66,13,46,7,1
,Boise City,1119,5,1,1,2,1,19,4,7,8,0
,Bokchito,594,2,0,0,0,2,14,2,11,1,0
,Boley,950,2,0,0,0,2,3,3,0,0,0
,Boswell,593,1,0,0,0,1,2,0,0,2,0
,Bristow,4262,17,0,3,1,13,109,24,68,17,0
,Broken Arrow,118683,185,6,34,12,133,1910,268,1419,223,2
,Broken Bow,4270,30,1,3,3,23,289,67,187,35,3
,Burns Flat,1953,0,0,0,0,0,13,4,6,3,0
,Butler,202,0,0,0,0,0,0,0,0,0,0
,Cache,3073,5,0,0,1,4,36,9,22,5,0
,Caddo,1048,1,0,0,0,1,5,1,3,1,0
,Calera,2998,2,0,1,0,1,52,7,38,7,1
,Calumet,472,0,0,0,0,0,4,1,2,1,0
,Calvin,321,0,0,0,0,0,2,0,1,1,0
,Caney,204,0,0,0,0,0,4,1,2,1,0
,Canton,448,0,0,0,0,0,0,0,0,0,0
,Carnegie,1428,5,0,2,0,3,21,7,11,3,1
,Carney,558,0,0,0,0,0,4,0,3,1,0
,Cashion,889,0,0,0,0,0,4,1,3,0,0
,Catoosa,7402,42,0,4,2,36,200,35,117,48,0
,Cement,455,0,0,0,0,0,0,0,0,0,0
,Chandler,2913,7,0,1,0,6,59,14,37,8,0
,Chattanooga,409,0,0,0,0,0,0,0,0,0,0
,Checotah,3077,10,0,1,1,8,51,12,30,9,0
,Chelsea,1991,10,0,4,0,6,32,7,22,3,2
,Cherokee,1507,4,0,1,0,3,27,12,13,2,0
,Chickasha,16031,64,0,21,1,42,549,182,296,71,2
,Choctaw,12228,23,0,8,0,15,153,38,101,14,0
,Chouteau,2095,4,0,0,0,4,57,13,32,12,1
,Claremore,19659,49,0,14,2,33,437,106,296,35,0
,Cleveland,3243,4,0,1,1,2,52,13,30,9,0
,Clinton,8280,37,0,6,4,27,164,42,103,19,2
,Coalgate,1648,2,0,0,1,1,8,2,3,3,0
,Colbert,1066,1,0,0,0,1,5,0,3,2,0
,Colcord,759,2,0,0,0,2,5,0,5,0,1
,Collinsville,8740,11,0,4,1,6,79,16,51,12,0
,Comanche,1396,4,0,0,0,4,28,9,16,3,0
,Commerce,2285,9,0,1,0,8,42,19,18,5,1
,Cordell,2770,1,0,1,0,0,16,4,9,3,0
,Covington,460,1,0,1,0,0,4,1,3,0,0
,Coweta,10623,18,0,5,1,12,109,20,68,21,0
,Crescent,1355,1,0,0,0,1,5,2,3,0,0
,Cushing,8195,19,0,1,2,16,205,47,137,21,2
,Cyril,855,1,0,0,0,1,4,0,3,1,0
,Davenport,849,2,0,0,0,2,16,2,12,2,0
,Davis,2773,17,0,3,0,14,92,25,56,11,1
,Del City,21382,125,1,15,12,97,722,86,561,75,2
,Depew,406,2,0,1,0,1,16,7,8,1,0
,Dewar,761,0,0,0,0,0,3,0,1,2,0
,Dewey,3387,4,0,1,0,3,115,35,69,11,1
,Dibble,943,1,0,0,0,1,7,3,4,0,0
,Dickson,1350,2,0,1,0,1,16,8,7,1,0
,Disney,223,0,0,0,0,0,0,0,0,0,0
,Drumright,2539,9,0,0,1,8,98,24,57,17,1
,Duke,395,0,0,0,0,0,0,0,0,0,0
,Duncan,22915,34,1,5,3,25,503,138,324,41,4
,Durant,19481,58,1,16,2,39,573,100,410,63,4
,Earlsboro,608,2,0,0,2,0,6,3,1,2,0
,Edmond,95946,153,0,34,14,105,1557,207,1279,71,4
,Eldorado,315,0,0,0,0,0,1,1,0,0,0
,Elgin,3782,0,0,0,0,0,1,0,1,0,0
,Elk City,11417,24,0,5,2,17,165,30,112,23,4
,Elmore City,749,0,0,0,0,0,7,1,5,1,0
,El Reno,18385,32,1,9,1,21,245,40,173,32,3
,Enid,49990,204,0,45,13,146,1424,360,980,84,7
,Erick,978,0,0,0,0,0,1,0,1,0,0
,Eufaula,2777,13,0,4,2,7,57,8,31,18,0
,Fairfax,1109,3,0,1,0,2,13,4,8,1,0
,Fairland,1112,1,0,0,0,1,6,0,5,1,1
,Fairview,2658,2,0,0,0,2,36,9,23,4,1
,Forest Park,1042,0,0,0,0,0,6,3,2,1,0
,Fort Cobb,537,0,0,0,0,0,0,0,0,0,0
,Fort Gibson,3818,8,0,1,0,7,48,8,36,4,0
,Fort Towson,502,0,0,0,0,0,0,0,0,0,0
,Foyil,388,2,0,1,0,1,3,0,3,0,0
,Frederick,3560,9,0,0,0,9,81,33,44,4,1
,Gans,250,0,0,0,0,0,1,0,0,1,0
,Garber,710,0,0,0,0,0,1,1,0,0,0
,Geary,969,2,0,0,0,2,27,8,18,1,1
,Geronimo,1171,2,0,1,0,1,8,3,5,0,0
,Glenpool,13983,37,1,10,1,25,344,76,234,34,1
,Goodwell,1059,0,0,0,0,0,3,0,2,1,0
,Gore,941,1,0,0,1,0,10,0,9,1,0
,Grandfield,934,5,0,0,0,5,14,3,10,1,1
,Granite,1753,4,0,2,0,2,5,1,2,2,4
,Grove,7179,24,0,2,1,21,218,23,180,15,1
,Guthrie,11255,32,0,3,3,26,173,46,119,8,2
,Guymon,12292,24,0,5,3,16,132,39,82,11,1
,Hammon,465,0,0,0,0,0,1,0,0,1,0
,Harrah,6425,8,1,3,0,4,122,40,72,10,0
,Hartshorne,1904,3,0,0,0,3,30,10,16,4,0
,Haskell,1702,11,0,0,1,10,54,17,30,7,0
,Haworth,283,0,0,0,0,0,0,0,0,0,0
,Healdton,2335,3,0,0,1,2,35,12,16,7,0
,Heavener,3009,13,0,1,0,12,33,6,17,10,0
,Hennessey,2154,0,0,0,0,0,14,7,7,0,0
,Henryetta,5619,10,0,1,0,9,109,45,47,17,1
,Hinton,3144,5,0,0,1,4,38,4,24,10,0
,Hobart,3344,5,0,1,1,3,36,10,21,5,1
,Holdenville,5788,9,0,0,0,9,68,26,37,5,3
,Hollis,1714,7,1,0,0,6,15,6,7,2,2
,Hominy,3244,8,0,1,0,7,22,10,10,2,1
,Hooker,1705,5,0,0,0,5,4,1,2,1,0
,Howe,630,1,0,0,0,1,5,1,3,1,0
,Hugo,5215,25,0,1,3,21,131,36,80,15,2
,Hulbert,516,2,0,0,0,2,12,1,7,4,0
,Hydro,929,0,0,0,0,0,7,3,3,1,0
,Idabel,7043,12,0,1,2,9,293,39,241,13,3
,Inola,1884,2,0,1,0,1,17,2,13,2,0
,Jay,2410,16,0,6,0,10,72,19,37,16,4
,Jenks,27208,35,0,6,2,27,303,50,213,40,1
,Jennings,290,1,0,0,0,1,2,0,1,1,1
,Jones,2991,11,0,1,0,10,35,13,18,4,0
,Kansas,732,0,0,0,0,0,9,3,5,1,2
,Kellyville,1010,0,0,0,0,0,7,0,5,2,0
,Kiefer,2220,2,0,0,0,2,30,7,21,2,0
,Kingfisher,4832,8,0,1,0,7,79,15,59,5,1
,Kingston,1466,1,0,0,0,1,30,11,13,6,0
,Kiowa,589,2,0,0,0,2,10,2,3,5,1
,Konawa,1299,3,0,1,0,2,13,3,5,5,4
,Krebs,2085,7,0,0,0,7,57,17,35,5,1
,Lahoma,515,0,0,0,0,0,3,1,1,1,0
,Lamont,291,0,0,0,0,0,0,0,0,0,0
,Langley,608,0,0,0,0,0,2,1,0,1,0
,Langston,1756,1,0,0,0,1,9,1,7,1,0
,Laverne,1170,0,0,0,0,0,2,0,1,1,0
,Lawton,91596,767,22,98,54,593,1898,884,786,228,57
,Lexington,1989,11,0,1,0,10,43,7,29,7,1
,Lindsay,2895,11,0,1,1,9,51,15,33,3,1
,Locust Grove,1373,8,0,1,1,6,91,18,50,23,2
,Lone Grove,5109,14,0,3,0,11,53,15,30,8,0
,Luther,1491,0,0,0,0,0,9,4,5,0,0
,Madill,4031,6,0,1,0,5,113,10,95,8,0
,Mangum,2674,10,0,0,0,10,25,7,14,4,1
,Mannford,3279,5,0,2,0,3,27,2,20,5,0
,Marble City,186,0,0,0,0,0,0,0,0,0,0
,Marietta,2847,11,0,6,0,5,54,16,31,7,0
,Marlow,4435,8,0,4,0,4,50,18,29,3,0
,Maud,867,1,0,0,0,1,12,6,4,2,0
,Maysville,1091,2,0,0,0,2,22,5,15,2,0
,McAlester,18219,50,0,17,8,25,478,73,376,29,3
,McCurtain,363,0,0,0,0,0,0,0,0,0,0
,McLoud,4265,12,0,0,0,12,51,14,31,6,0
,Medford,882,0,0,0,0,0,6,2,2,2,0
,Medicine Park,449,0,0,0,0,0,3,1,2,0,0
,Meeker,1017,1,0,0,0,1,17,2,13,2,0
,Miami,12904,65,0,5,4,56,449,85,301,63,9
,Midwest City,57826,195,0,23,9,163,1540,186,1212,142,3
,Minco,1523,0,0,0,0,0,6,1,3,2,0
,Moore,63421,152,1,19,12,120,1297,254,927,116,2
,Mooreland,1143,1,0,0,0,1,6,1,5,0,0
,Morris,1304,2,0,0,0,2,4,2,2,0,0
,Mounds,957,6,0,0,0,6,13,0,10,3,0
,Mountain Park,312,0,0,0,0,0,0,0,0,0,0
,Mountain View,729,2,0,0,0,2,4,2,0,2,0
,Muldrow,3350,29,0,5,1,23,72,18,42,12,1
,Muskogee,36713,408,2,37,30,339,1239,293,832,114,12
,Mustang,22026,36,0,8,3,25,205,26,158,21,1
,Nash,189,0,0,0,0,0,0,0,0,0,0
,Newcastle,13290,9,0,5,0,4,191,27,143,21,0
,Newkirk,2201,2,0,0,0,2,39,8,26,5,0
,Nichols Hills,3827,0,0,0,0,0,68,11,47,10,0
,Nicoma Park,2283,6,0,1,0,5,44,15,20,9,0
,Ninnekah,800,0,0,0,0,0,4,0,3,1,0
,Noble,7746,9,0,2,0,7,109,26,71,12,0
,Norman,128878,391,2,78,38,273,3547,455,2729,363,9
,North Enid,976,0,0,0,0,0,11,3,6,2,0
,Nowata,3480,5,0,0,0,5,85,17,61,7,3
,Oilton,875,3,0,1,0,2,11,3,6,2,1
,Okeene,1032,0,0,0,0,0,5,0,4,1,0
,Okemah,3045,10,0,0,1,9,109,34,57,18,2
,Oklahoma City,692726,4448,65,506,642,3235,21191,3831,14398,2962,130
,Okmulgee,11408,42,0,6,11,25,349,82,229,38,1
,Olustee,466,0,0,0,0,0,1,1,0,0,0
,Oologah,1316,10,1,1,0,8,27,12,12,3,0
,Owasso,38998,57,0,14,3,40,615,66,481,68,0
,Panama,1293,1,0,0,0,1,5,3,0,2,0
,Paoli,586,0,0,0,0,0,3,2,1,0,0
,Pauls Valley,6066,33,0,6,0,27,258,63,177,18,0
,Pawhuska,2924,7,0,1,0,6,54,13,34,7,3
,Pawnee,1935,7,0,1,1,5,15,5,7,3,0
,Perkins,3318,5,0,1,0,4,40,7,29,4,1
,Perry,4537,13,0,3,1,9,85,20,53,12,1
,Piedmont,8318,3,0,1,0,2,42,10,31,1,0
,Pocola,4402,4,0,0,0,4,32,11,13,8,1
,Ponca City,24487,139,1,17,7,114,766,176,501,89,10
,Pond Creek,893,2,0,0,0,2,7,4,2,1,0
,Porum,608,8,0,0,0,8,8,4,4,0,0
,Poteau,8871,56,2,8,3,43,332,95,198,39,0
,Prague,2379,8,0,0,0,8,64,14,46,4,0
,Pryor Creek,9467,53,2,11,2,38,252,32,180,40,0
,Purcell,6647,31,1,3,1,26,178,46,109,23,1
,Quinton,849,4,0,1,0,3,41,3,16,22,1
,Ramona,540,0,0,0,0,0,7,2,4,1,1
,Ratliff City,64,1,0,0,0,1,5,0,4,1,0
,Rattan,280,0,0,0,0,0,1,0,1,0,0
,Roland,3645,12,1,2,0,9,73,18,44,11,0
,Rush Springs,1008,5,0,1,0,4,20,4,13,3,0
,Salina,1078,5,0,0,1,4,44,14,28,2,1
,Sallisaw,8505,37,0,5,3,29,346,42,284,20,5
,Sand Springs,20006,39,0,7,4,28,788,89,632,67,1
,Sapulpa,22447,55,4,15,5,31,366,84,234,48,3
,Savanna,619,0,0,0,0,0,17,6,10,1,0
,Sawyer,344,0,0,0,0,0,3,0,1,2,0
,Sayre,4363,4,0,0,0,4,36,8,23,5,0
,Seiling,827,0,0,0,0,0,1,0,0,1,0
,Seminole,7063,20,0,2,0,18,152,36,89,27,2
,Shady Point,990,0,0,0,0,0,5,3,1,1,0
,Shattuck,1248,0,0,0,0,0,1,0,1,0,0
,Shawnee,31865,182,0,30,17,135,1114,210,761,143,6
,Skiatook,8651,22,0,12,2,8,162,36,117,9,1
,Snyder,1241,2,0,1,1,0,17,6,8,3,0
,South Coffeyville,680,1,0,1,0,0,12,1,10,1,0
,Sparks,123,0,0,0,0,0,0,0,0,0,0
,Spavinaw,352,1,0,0,0,1,10,5,5,0,0
,Spencer,3890,24,0,0,2,22,62,8,38,16,1
,Sperry,1123,7,0,0,0,7,32,6,17,9,1
,Spiro,2135,8,0,1,0,7,25,3,18,4,3
,Sterling,674,1,0,0,0,1,2,0,1,1,0
,Stigler,2699,1,0,0,1,0,39,6,31,2,0
,Stillwater,48384,150,5,25,9,111,928,213,646,69,6
,Stilwell,3651,26,1,1,1,23,188,51,111,26,8
,Stratford,1414,4,0,0,0,4,19,5,9,5,0
,Stringtown,460,0,0,0,0,0,0,0,0,0,0
,Stroud,2772,10,0,2,1,7,76,21,42,13,1
,Sulphur,4841,15,0,2,3,10,67,17,46,4,0
,Tahlequah,16757,26,0,0,2,24,244,21,217,6,1
,Talala,260,0,0,0,0,0,2,0,2,0,0
,Talihina,919,2,0,1,0,1,18,8,9,1,2
,Tecumseh,6365,12,1,2,2,7,126,38,72,16,0
,Texhoma,817,0,0,0,0,0,3,0,2,1,0
,Thackerville,412,0,0,0,0,0,10,1,8,1,0
,The Village,9402,24,0,6,4,14,181,19,148,14,0
,Thomas,1126,2,0,0,1,1,7,1,3,3,1
,Tipton,911,0,0,0,0,0,6,3,1,2,0
,Tishomingo,2974,4,0,0,0,4,34,14,13,7,0
,Tonkawa,3051,8,0,2,0,6,50,10,35,5,1
,Tryon,389,0,0,0,0,0,0,0,0,0,0
,Tulsa,410135,3810,57,369,470,2914,17522,3590,10793,3139,56
,Tupelo,322,0,0,0,0,0,2,1,1,0,0
,Tushka,452,3,0,2,0,1,5,1,3,1,0
,Tuttle,7981,5,0,1,0,4,60,9,43,8,0
,Tyrone,698,1,0,0,0,1,5,5,0,0,0
,Union City,1941,2,0,1,0,1,9,1,8,0,1
,Valley Brook,650,8,0,1,1,6,17,4,13,0,0
,Valliant,811,2,0,0,0,2,31,4,21,6,0
,Velma,567,0,0,0,0,0,5,4,0,1,0
,Verden,519,1,0,0,0,1,4,3,1,0,0
,Verdigris,5605,3,0,0,0,3,23,11,11,1,0
,Vian,1368,5,0,0,1,4,38,9,27,2,0
,Vici,590,0,0,0,0,0,1,0,1,0,0
,Vinita,5170,8,0,2,0,6,119,32,67,20,1
,Wagoner,8071,26,0,4,2,20,228,43,167,18,1
,Wakita,289,0,0,0,0,0,0,0,0,0,0
,Walters,2361,6,0,0,0,6,47,15,28,4,0
,Warner,1554,7,0,0,0,7,23,6,16,1,0
,Warr Acres,10439,37,1,3,8,25,413,63,322,28,3
,Washington,695,0,0,0,0,0,2,1,1,0,0
,Watonga,2579,6,0,1,0,5,40,16,23,1,0
,Watts,278,2,1,0,0,1,2,0,1,1,1
,Waukomis,1303,0,0,0,0,0,12,4,6,2,0
,Waurika,1921,15,0,1,0,14,32,12,16,4,1
,Waynoka,716,2,0,1,0,1,6,1,5,0,0
,Weatherford,11891,9,0,1,1,7,149,16,120,13,0
,Webbers Falls,340,1,0,1,0,0,13,1,4,8,0
,Weleetka,794,1,0,0,0,1,12,1,7,4,0
,Wellston,686,1,0,0,0,1,10,1,5,4,0
,West Siloam Springs,989,2,0,0,0,2,42,7,28,7,0
,Westville,1361,4,0,1,0,3,43,10,23,10,0
,Wetumka,1152,8,0,0,0,8,42,5,25,12,1
,Wewoka,3077,11,2,0,1,8,41,7,28,6,0
,Wilburton,2321,1,0,0,0,1,61,16,42,3,0
,Wilson,1429,5,0,0,1,4,37,13,20,4,1
,Wister,1054,0,0,0,0,0,11,3,8,0,0
,Woodward,11876,49,0,17,0,32,358,124,219,15,7
,Wyandotte,497,0,0,0,0,0,4,1,3,0,0
,Wynnewood,1939,4,0,0,0,4,24,6,13,5,0
,Wynona,369,0,0,0,0,0,3,2,1,0,0
,Yale,1089,6,0,0,0,6,29,8,20,1,0
,Yukon,25514,50,0,4,3,43,581,73,490,18,0
OREGON,Albany,57058,107,2,12,33,60,1577,148,1246,183,23
,Ashland,21797,36,0,5,13,18,531,61,414,56,7
,Astoria,10448,47,0,14,8,25,345,48,266,31,8
,Baker City,10259,27,1,9,5,12,241,44,179,18,1
,Bandon,3342,1,0,0,0,1,57,9,44,4,0
,Banks,1821,1,0,0,0,1,28,9,18,1,0
,Beaverton,98991,303,3,37,46,217,2707,317,2019,371,16
,Bend,104649,158,2,30,27,99,1660,169,1327,164,18
,Boardman,4005,18,0,3,1,14,48,12,28,8,0
,Brookings,6880,19,1,4,1,13,120,13,93,14,1
,Canby,18101,22,1,5,4,12,210,17,165,28,6
,Carlton,2243,1,0,0,0,1,30,4,23,3,0
,Central Point,19670,27,0,5,5,17,286,33,234,19,5
,Columbia City,1958,1,0,0,0,1,18,3,13,2,0
,Coos Bay,15871,98,1,13,12,72,928,213,643,72,11
,Coquille,4042,12,0,1,0,11,59,9,41,9,2
,Cornelius,14107,61,1,6,6,48,297,23,250,24,2
,Corvallis,60031,124,0,22,29,73,2197,249,1829,119,19
,Cottage Grove,10622,31,0,1,1,29,100,9,86,5,3
,Dallas,17622,49,0,6,2,41,346,33,281,32,10
,Eagle Point,10035,16,0,6,4,6,164,19,138,7,1
,Eugene,175390,662,3,124,132,403,5989,803,4416,770,97
,Florence,9514,13,1,2,0,10,261,14,241,6,5
,Forest Grove,26016,89,1,17,11,60,484,58,382,44,9
,Gaston,673,0,0,0,0,0,16,4,12,0,0
,Gervais,2597,2,0,1,0,1,29,3,25,1,0
,Gladstone,11946,24,0,7,1,16,340,32,227,81,4
,Grants Pass,39519,146,1,20,39,86,1563,128,1280,155,20
,Gresham,111590,485,10,55,132,288,3287,448,1690,1149,26
,Hermiston,19438,57,0,10,9,38,605,43,506,56,5
,Hillsboro,106345,315,4,58,63,190,2730,318,2077,335,35
,Hood River,8396,7,0,0,0,7,329,18,274,37,0
,Hubbard,3437,2,0,0,0,2,24,2,15,7,1
,Independence,10368,17,0,0,1,16,150,14,119,17,1
,Jacksonville,3011,4,0,1,1,2,35,6,27,2,0
,Junction City,7442,12,1,2,3,6,112,14,87,11,1
,Keizer,38958,76,1,3,13,59,1001,81,798,122,8
,King City,5043,4,0,0,1,3,45,15,24,6,0
,Klamath Falls,23078,118,0,8,22,88,596,95,378,123,11
,La Grande,13174,37,0,8,3,26,326,56,236,34,13
,Lake Oswego,40044,32,0,10,3,19,633,92,471,70,2
,Lebanon,19456,35,0,1,4,30,244,20,184,40,2
,Lincoln City,10110,38,2,3,6,27,247,58,164,25,1
,McMinnville,34912,104,0,24,11,69,803,91,648,64,10
,Medford,86876,323,2,46,76,199,3566,337,2866,363,62
,Milton-Freewater,7119,30,0,4,7,19,154,29,91,34,4
,Milwaukie,20784,27,0,4,2,21,278,29,172,77,4
,Molalla,10179,22,0,6,0,16,119,18,83,18,5
,Monmouth,11123,20,0,0,0,20,164,10,139,15,2
,Mount Angel,3403,7,1,2,0,4,23,1,20,2,3
,Myrtle Creek,3522,7,0,1,0,6,98,12,72,14,3
,Newberg-Dundee,25503,34,0,12,3,19,408,37,331,40,16
,Newport,10667,40,0,6,2,32,313,36,258,19,6
,North Bend,10256,13,0,1,2,10,421,88,300,33,11
,North Plains,3406,3,0,2,0,1,45,12,25,8,0
,Nyssa,3218,10,1,5,0,4,44,8,21,15,1
,Ontario,11638,98,0,15,14,69,699,79,568,52,4
,Oregon City,37192,136,0,20,23,93,824,84,621,119,18
,Pendleton,16780,42,0,5,7,30,643,91,484,68,2
,Philomath,5881,8,0,2,1,5,61,7,49,5,0
,Phoenix,4051,8,0,1,0,7,136,18,102,16,2
,Pilot Rock,1332,6,0,1,0,5,16,7,8,1,0
,Portland,630129,4733,94,354,1279,3006,39852,4790,24206,10856,252
,Prineville,11586,29,0,9,1,19,140,32,94,14,0
,Rainier,1912,3,0,0,3,0,102,20,71,11,1
,Redmond,37472,62,0,8,7,47,801,54,661,86,7
,Reedsport,4346,7,0,3,1,3,104,15,85,4,1
,Rogue River,2427,2,0,0,1,1,160,82,77,1,1
,Roseburg,23973,85,0,19,14,52,1138,115,920,103,16
,Salem,179661,866,7,44,175,640,6506,749,4568,1189,145
,Scappoose,8102,12,0,1,1,10,109,14,70,25,1
,Sherwood,20102,40,0,11,3,26,447,25,384,38,0
,Silverton,10622,16,0,4,1,11,139,12,107,20,0
,Springfield,62217,201,4,24,40,133,2041,229,1593,219,23
,Stanfield,2153,3,0,0,0,3,30,6,20,4,0
,Stayton,8162,20,0,2,0,18,184,11,140,33,1
,St. Helens,14356,40,0,3,1,36,164,46,81,37,5
,Sunriver,1390,0,0,0,0,0,32,7,23,2,0
,Sutherlin,8662,24,0,3,4,17,198,30,140,28,4
,Sweet Home,10055,22,0,6,3,13,375,48,308,19,4
,The Dalles,16100,58,0,5,19,34,610,81,451,78,8
,Tigard,56550,202,3,17,67,115,2080,249,1564,267,15
,Tillamook,5314,12,0,3,2,7,186,17,160,9,3
,Tualatin,27195,71,0,7,17,47,1072,92,830,150,7
,Umatilla,7513,8,0,1,0,7,77,8,56,13,0
,Warrenton,6537,19,0,4,5,10,380,12,356,12,0
,West Linn,26842,22,0,5,3,14,288,41,205,42,4
,Winston,5701,6,0,0,1,5,105,10,79,16,2
,Woodburn,26117,100,0,11,30,59,939,48,717,174,7
,Yamhill,1165,0,0,0,0,0,11,1,10,0,0
PENNSYLVANIA2,Allegheny Valley Regional,4565,3,0,0,0,3,16,1,13,2,1
,Avoca,2516,1,0,0,0,1,11,1,10,0,0
,Baldwin Borough,20941,31,0,1,1,29,78,12,54,12,1
,Bellevue,8091,13,1,1,6,5,90,9,75,6,0
,Bentleyville,2325,2,0,0,1,1,10,0,10,0,0
,Berwick,10360,17,2,5,1,9,135,10,121,4,1
,Brentwood,9819,9,0,1,2,6,64,10,42,12,1
,"Butler Township, Luzerne County",9819,12,1,0,1,10,59,9,48,2,0
,California,5852,12,0,0,1,11,42,6,32,4,0
,Camp Hill,8203,4,0,0,1,3,73,0,73,0,1
,Carlisle,20237,45,2,9,4,30,284,12,265,7,2
,Carroll Valley,4485,3,0,2,0,1,22,1,21,0,0
,"Conemaugh Township, Cambria County",1913,1,0,0,0,1,7,3,3,1,0
,Coraopolis,5405,16,0,0,1,15,54,3,49,2,0
,Cranberry Township,34468,6,0,2,1,3,305,8,293,4,0
,Crescent Township,2438,1,0,0,0,1,8,0,8,0,0
,Danville,4185,5,1,0,0,4,32,1,28,3,0
,"Derry Township, Dauphin County",24896,32,0,7,4,21,253,16,225,12,1
,Donora,4504,2,0,1,0,1,23,5,18,0,0
,East Earl Township,8142,3,0,1,0,2,52,3,45,4,0
,Eastern Pike Regional,5160,12,0,2,1,9,160,6,149,5,0
,East Lampeter Township,26642,44,0,5,2,37,477,20,444,13,1
,East Pennsboro Township,21146,15,0,8,1,6,111,7,99,5,0
,Elizabeth Township,12643,12,0,5,2,5,75,13,58,4,2
,Erie,93363,567,5,49,86,427,2114,280,1719,115,20
,Etna,3345,2,0,0,0,2,23,4,15,4,0
,"Fairview Township, York County",17772,22,0,3,0,19,148,8,133,7,0
,Forest Hills,6257,2,0,0,0,2,47,3,36,8,0
,"Foster Township, Schuylkill County",247,0,0,0,0,0,2,0,2,0,0
,Green Tree,4809,1,0,0,0,1,27,1,23,3,0
,Hampden Township,34244,16,0,10,0,6,98,6,84,8,2
,Hatboro,8228,4,0,2,1,1,55,9,43,3,0
,Hawley,1226,0,0,0,0,0,7,0,7,0,0
,Hellam Township,10910,17,0,5,0,12,76,7,61,8,0
,Hooversville,616,0,0,0,0,0,1,1,0,0,0
,Jamestown,572,0,0,0,0,0,5,0,5,0,0
,Jeannette,8636,65,1,1,4,59,30,5,25,0,0
,Jenkins Township,4389,1,0,1,0,0,40,1,37,2,0
,Kingston,14232,12,1,0,2,9,207,16,182,9,0
,Kingston Township,7110,2,0,0,0,2,22,0,21,1,0
,Kline Township,1486,0,0,0,0,0,22,2,19,1,0
,Latrobe,7934,39,0,3,1,35,64,8,55,1,1
,Lehigh Township,1878,0,0,0,0,0,14,0,13,1,0
,Ligonier Valley Regional,7635,3,0,0,0,3,61,6,55,0,0
,Limerick Township,20764,13,0,7,0,6,267,16,249,2,0
,Mahanoy Township,3047,0,0,0,0,0,11,3,8,0,0
,"Mahoning Township, Montour County",4588,7,1,0,0,6,13,1,8,4,0
,Marlborough Township,3522,0,0,0,0,0,11,0,11,0,0
,McDonald Borough,7527,5,0,1,0,4,30,4,23,3,0
,Mifflinburg,3394,2,0,0,0,2,26,6,20,0,0
,Montgomery Township,26158,14,0,1,3,10,370,15,345,10,0
,Mount Lebanon,33188,14,0,4,3,7,112,11,97,4,0
,Narberth,4492,6,0,0,1,5,60,4,54,2,0
,New Cumberland,7588,5,1,1,1,2,58,1,55,2,0
,Norristown,35888,162,9,6,66,81,722,69,474,179,2
,North Strabane Township,16162,19,0,6,1,12,38,5,30,3,1
,Osceola Township,583,0,0,0,0,0,0,0,0,0,0
,Palmyra,7714,6,0,0,0,6,64,2,61,1,0
,Penbrook,3254,11,0,2,3,6,49,9,29,11,0
,Penn,430,0,0,0,0,0,0,0,0,0,0
,Philadelphia,1555812,16202,514,785,5763,9140,67233,6485,48067,12681,528
,Plymouth,5747,59,0,2,5,52,116,14,88,14,0
,"Plymouth Township, Montgomery County",18329,29,0,1,13,15,973,54,876,43,1
,Point Marion,1122,1,0,0,0,1,1,1,0,0,0
,Ralpho Township,4184,1,0,0,0,1,36,6,30,0,0
,Rockledge,2619,5,0,0,4,1,54,2,41,11,0
,Rockwood,837,0,0,0,0,0,0,0,0,0,0
,Ross Township,32854,15,0,6,4,5,551,18,524,9,3
,Rostraver Township,11368,17,2,3,2,10,234,8,223,3,0
,Saxton,716,2,0,1,0,1,27,5,21,1,0
,Scottdale,4349,8,0,0,0,8,42,5,35,2,0
,Scranton,75798,310,1,111,34,164,1281,134,1059,88,13
,Shaler Township,27427,8,0,1,3,4,174,17,150,7,0
,Shamokin,6874,13,1,2,3,7,56,15,41,0,2
,Shamokin Dam,1626,9,0,1,0,8,8,0,8,0,0
,Sharpsburg,3099,3,0,0,1,2,27,1,22,4,0
,Shippensburg,5521,7,0,1,0,6,71,4,65,2,1
,Silver Spring Township,20806,12,0,3,0,9,154,11,137,6,0
,South Londonderry Township,8833,2,0,0,0,2,31,1,28,2,1
,South Pymatuning Township,2619,2,0,0,0,2,9,1,7,1,0
,"Springfield Township, Montgomery County",20839,10,0,0,5,5,204,15,180,9,0
,St. Marys City,12602,14,3,9,0,2,102,13,89,0,1
,Sunbury,9624,16,5,5,1,5,54,17,37,0,1
,Trafford,3259,2,0,0,0,2,44,2,35,7,0
,Tunkhannock,1757,6,0,2,0,4,9,0,8,1,0
,Upper Allen Township,23290,12,0,4,3,5,90,5,77,8,0
,"Upper Providence Township, Montgomery County",24741,17,0,6,3,8,353,8,333,12,0
,"Washington Township, Franklin County",15104,4,0,0,0,4,199,12,182,5,1
,"Washington Township, Westmoreland County",6818,5,0,0,0,5,12,0,12,0,0
,Waynesboro,10925,27,3,5,3,16,134,19,108,7,0
,West Conshohocken,1502,4,0,1,1,2,41,2,36,3,0
,Westfield,1108,0,0,0,0,0,33,1,32,0,0
,West Mifflin,19122,8,0,0,4,4,63,4,57,2,0
,West Pike Run,1914,1,0,0,0,1,2,0,2,0,0
,West Shore Regional,7783,7,0,2,1,4,57,13,42,2,0
,Wilkes-Barre,44497,177,1,17,27,132,717,85,580,52,10
,Wilson,8192,12,0,2,6,4,117,8,101,8,0
,York,44901,319,15,22,78,204,1149,134,820,195,10
,York County Regional,12612,118,0,11,9,98,467,39,383,45,1
RHODE ISLAND,Barrington,17364,8,0,4,0,4,97,13,78,6,1
,Bristol,22220,12,0,0,0,12,67,6,57,4,1
,Burrillville,16246,10,0,7,0,3,55,12,41,2,0
,Central Falls,22340,90,0,15,10,65,266,22,192,52,1
,Charlestown,8117,6,1,3,0,2,38,4,34,0,0
,Coventry,35730,26,0,14,1,11,355,33,301,21,0
,Cranston,82205,98,0,27,12,59,950,189,695,66,3
,Cumberland,36345,21,1,14,0,6,202,50,133,19,2
,East Greenwich,14260,9,0,4,0,5,80,8,68,4,0
,East Providence,46655,31,0,10,4,17,391,50,295,46,4
,Foster,4454,7,0,1,0,6,15,2,12,1,1
,Glocester,10147,4,0,0,0,4,20,1,11,8,0
,Hopkinton,8486,4,0,1,0,3,26,4,20,2,0
,Jamestown,5545,1,0,0,0,1,23,5,16,2,0
,Johnston,29430,31,0,7,3,21,368,47,276,45,4
,Lincoln,22400,29,0,9,7,13,233,21,184,28,2
,Little Compton,3599,0,0,0,0,0,9,4,5,0,0
,Middletown,16898,22,0,10,1,11,119,11,104,4,0
,Narragansett,14653,9,0,5,0,4,64,9,49,6,0
,Newport,25039,57,1,22,4,30,394,57,317,20,9
,New Shoreham,1423,1,0,0,1,0,10,1,9,0,0
,North Kingstown,28008,32,0,14,4,14,168,18,143,7,1
,North Providence,33809,39,1,5,4,29,320,30,230,60,2
,North Smithfield,12538,10,0,6,0,4,117,8,103,6,1
,Pawtucket,74967,215,3,36,35,141,1689,152,1304,233,9
,Portsmouth,17716,3,0,2,0,1,62,12,47,3,1
,Providence,189064,643,7,65,136,435,4786,385,3687,714,7
,Richmond,8243,3,0,2,0,1,22,2,18,2,1
,Scituate,10385,1,0,1,0,0,17,3,14,0,1
,Smithfield,21762,9,0,8,0,1,113,7,98,8,0
,South Kingstown,32046,15,0,12,0,3,138,11,117,10,2
,Tiverton,16244,11,0,5,0,6,139,11,109,19,2
,Warren,11243,24,0,2,2,20,86,20,59,7,0
,Warwick,82966,63,0,19,6,38,1167,82,990,95,8
,Westerly,23563,16,0,7,1,8,209,32,158,19,0
,West Greenwich,6727,2,0,0,0,2,34,3,28,3,0
,West Warwick,31227,49,0,15,7,27,217,39,144,34,4
,Woonsocket,42925,193,0,24,26,143,767,128,518,121,9
SOUTH CAROLINA,Abbeville,4868,28,3,2,0,23,94,11,76,7,1
,Aiken,31985,190,2,19,13,156,1113,80,971,62,2
,Allendale,2626,33,2,2,0,29,69,18,47,4,0
,Anderson,29398,181,2,11,14,154,1728,242,1353,133,15
,Aynor,1048,2,0,0,1,1,14,2,10,2,0
,Bamberg,3019,34,1,2,4,27,84,5,70,9,0
,Barnwell,4468,55,3,8,2,42,169,34,119,16,1
,Batesburg-Leesville,5249,38,0,4,1,33,190,21,158,11,0
,Beaufort,13003,43,0,3,6,34,396,39,344,13,2
,Belton,4463,10,0,1,0,9,250,150,91,9,0
,Bennettsville,6891,88,2,3,5,78,221,32,177,12,1
,Bishopville,2899,23,2,0,0,21,112,36,73,3,2
,Blacksburg,1886,7,0,1,1,5,46,13,30,3,0
,Blackville,1952,10,0,1,2,7,27,9,15,3,1
,Bluffton,36064,25,1,3,4,17,211,30,160,21,2
,Bowman,766,9,2,0,1,6,9,2,6,1,0
,Branchville,966,1,0,0,0,1,17,3,13,1,0
,Burnettown,3181,6,0,0,0,6,17,4,11,2,0
,Calhoun Falls,1726,11,0,0,1,10,40,10,25,5,2
,Camden,8044,88,1,3,1,83,394,38,338,18,1
,Cameron,371,0,0,0,0,0,4,2,2,0,0
,Cayce,13710,138,3,4,6,125,549,87,399,63,3
,Central,5335,1,0,0,1,0,95,3,83,9,0
,Chapin,1876,7,1,1,1,4,32,2,30,0,0
,Charleston,152324,571,8,54,73,436,2878,229,2146,503,8
,Cheraw,4920,57,1,2,6,48,301,49,236,16,2
,Chesnee,866,0,0,0,0,0,37,6,25,6,0
,Chester,5222,134,2,5,2,125,154,37,107,10,1
,Chesterfield,1326,11,0,1,0,10,33,2,30,1,0
,Clemson,18174,41,0,10,5,26,354,20,295,39,0
,Clinton,7663,92,0,5,12,75,303,52,233,18,3
,Clio,600,5,0,1,0,4,9,4,3,2,0
,Clover,7153,8,0,2,2,4,88,6,78,4,0
,Columbia,137768,825,13,45,100,667,3934,495,3011,428,15
,Conway,23664,162,5,11,11,135,643,35,548,60,2
,Cottageville,700,1,0,0,0,1,26,4,21,1,0
,Coward,746,0,0,0,0,0,0,0,0,0,0
,Cowpens,2104,4,0,1,1,2,60,9,44,7,0
,Darlington,6051,85,7,3,8,67,422,62,322,38,0
,Dillon,6213,159,2,3,8,146,498,81,386,31,4
,Due West,1197,1,0,1,0,0,3,0,3,0,0
,Duncan,4241,11,0,0,1,10,67,4,52,11,0
,Easley,23786,85,1,5,6,73,634,50,553,31,1
,Edgefield,2416,2,1,0,0,1,18,5,11,2,1
,Edisto Beach,1024,1,0,0,0,1,31,2,29,0,0
,Elgin,1603,5,0,1,0,4,77,3,73,1,0
,Elloree,553,2,0,0,1,1,11,2,8,1,0
,Estill,1790,44,0,0,2,42,54,8,38,8,0
,Eutawville,235,2,0,0,0,2,26,3,22,1,0
,Florence,39997,520,21,19,49,431,2227,203,1900,124,8
,Forest Acres,10514,35,1,5,3,26,381,41,310,30,0
,Fort Mill,31023,21,0,2,1,18,230,23,186,21,2
,Fountain Inn,11523,52,1,2,3,46,206,46,146,14,0
,Gaffney,12291,44,1,9,3,31,519,60,407,52,2
,Gaston,1629,4,0,2,0,2,67,8,51,8,0
,Georgetown,8323,147,1,7,8,131,407,49,335,23,3
,Goose Creek,46665,130,2,14,11,103,835,121,621,93,5
,Great Falls,1935,14,0,0,2,12,73,15,52,6,0
,Greenville,73311,397,4,24,55,314,2696,274,2156,266,5
,Greenwood,22145,182,58,18,19,87,898,169,689,40,8
,Greer,42196,107,0,9,12,86,850,93,688,69,1
,Hampton,2727,13,0,2,2,9,110,29,71,10,1
,Hanahan,22320,88,0,18,9,61,323,39,250,34,2
,Hardeeville,9995,24,0,2,6,16,253,32,206,15,0
,Hartsville,7614,133,1,4,15,113,528,73,435,20,1
,Hemingway,489,3,0,0,2,1,33,3,30,0,0
,Holly Hill,1254,14,0,0,0,14,44,4,33,7,0
,Honea Path,3793,10,0,1,0,9,63,3,50,10,0
,Inman,3111,11,0,0,2,9,45,2,38,5,0
,Irmo,11937,55,1,6,8,40,396,59,317,20,2
,Isle of Palms,4284,12,0,1,0,11,55,6,45,4,0
,Iva,1154,9,0,0,0,9,66,13,45,8,0
,Jamestown,71,1,0,0,1,0,3,1,2,0,0
,Johnsonville,1358,2,0,1,0,1,18,5,11,2,0
,Johnston,2081,5,0,1,1,3,45,9,32,4,0
,Jonesville,832,6,0,2,1,3,17,5,10,2,0
,Kingstree,3122,24,0,1,1,22,118,13,92,13,0
,Lake City,5946,123,2,7,6,108,223,52,150,21,2
,Landrum,2587,9,0,1,2,6,47,8,34,5,0
,Lane,473,0,0,0,0,0,1,0,1,0,0
,Latta,1270,7,0,0,0,7,45,5,36,4,0
,Laurens,9307,58,0,5,2,51,285,32,238,15,0
,Lexington,24880,60,3,6,3,48,409,34,351,24,0
,Liberty,3310,8,0,3,0,5,76,7,56,13,2
,Loris,2676,14,0,0,0,14,64,5,56,3,0
,Lyman,6437,17,0,0,1,16,53,6,43,4,0
,Manning,3830,48,0,2,2,44,278,46,225,7,0
,Marion,6232,63,5,0,6,52,337,63,260,14,0
,Mauldin,26576,78,1,15,12,50,498,67,375,56,3
,McBee,760,0,0,0,0,0,0,0,0,0,0
,McColl,2051,32,0,2,1,29,70,23,43,4,2
,McCormick,2252,1,0,0,0,1,47,8,35,4,0
,Moncks Corner,13906,86,1,4,6,75,392,49,309,34,1
,Mount Pleasant,93951,119,0,17,12,90,1332,129,1016,187,3
,Mullins,3884,36,2,3,5,26,160,53,97,10,3
,Myrtle Beach,38117,386,6,68,65,247,2553,218,2138,197,7
,Newberry,10507,68,5,8,3,52,291,38,241,12,4
,Ninety Six,2074,5,0,1,0,4,25,2,23,0,0
,North,680,0,0,0,0,0,36,6,28,2,0
,North Augusta,24957,42,4,8,13,17,570,61,476,33,1
,North Charleston,119198,1123,33,83,228,779,5728,565,4455,708,24
,North Myrtle Beach,19888,89,2,11,12,64,864,75,733,56,1
,Olanta,538,0,0,0,0,0,0,0,0,0,0
,Orangeburg,12307,209,10,12,28,159,755,203,522,30,10
,Pacolet,2375,10,0,1,1,8,25,4,19,2,0
,Pageland,2436,50,0,1,2,47,112,21,84,7,0
,Pamplico,1046,14,1,4,3,6,35,10,23,2,0
,Pelion,622,4,0,1,0,3,26,4,21,1,0
,Pendleton,3608,15,0,2,0,13,96,19,66,11,0
,Pickens,3365,20,0,2,0,18,120,3,113,4,0
,Pine Ridge,2267,1,0,0,1,0,16,4,10,2,0
,Port Royal,13430,35,0,5,5,25,168,16,136,16,0
,Quinby,904,0,0,0,0,0,1,0,1,0,0
,Ridgeland,3680,3,1,0,0,2,47,9,38,0,0
,Ridge Spring,577,11,0,2,0,9,5,0,3,2,0
,Ridgeville,1539,0,0,0,0,0,0,0,0,0,0
,Rock Hill,74047,355,8,25,22,300,1984,194,1627,163,8
,Salem,121,0,0,0,0,0,3,0,3,0,0
,Saluda,3025,13,0,4,0,9,31,5,25,1,0
,Santee,780,17,0,1,2,14,73,14,54,5,0
,Seneca,8964,59,0,8,4,47,192,30,144,18,0
,Simpsonville,25847,81,0,10,8,63,949,87,820,42,3
,South Congaree,2391,17,0,3,0,14,89,16,66,7,1
,Spartanburg,38271,457,2,39,42,374,2247,391,1665,191,19
,Springdale,2749,28,1,1,1,25,66,9,41,16,1
,Springfield,438,1,0,0,0,1,16,7,8,1,0
,St. George,1774,12,0,1,0,11,76,17,48,11,0
,St. Stephen,1533,11,0,1,1,9,77,12,58,7,0
,Sullivan's Island,1870,0,0,0,0,0,18,4,14,0,0
,Summerton,793,6,0,0,1,5,47,5,39,3,0
,Summerville,51423,188,2,28,23,135,1378,118,1106,154,7
,Sumter,42613,376,6,10,24,336,1372,181,1076,115,5
,Surfside Beach,4301,10,0,2,2,6,152,12,125,15,0
,Swansea,737,8,0,0,1,7,84,4,78,2,0
,Tega Cay,13607,6,0,1,0,5,141,11,129,1,0
,Timmonsville,2085,41,0,0,3,38,77,13,53,11,1
,Travelers Rest,7836,1,0,0,0,1,219,16,194,9,0
,Union,7977,87,0,6,8,73,431,66,333,32,0
,Walhalla,4121,11,1,1,2,7,61,8,48,5,1
,Walterboro,5432,52,1,2,5,44,397,30,348,19,3
,Wellford,3478,3,0,3,0,0,30,0,22,8,0
,West Columbia,17581,129,2,5,19,103,971,93,799,79,1
,Westminster,2374,13,0,1,1,11,95,23,68,4,3
,Whitmire,1418,5,0,0,0,5,52,3,48,1,0
,Williamston,4172,26,0,0,3,23,116,9,95,12,0
,Williston,2882,16,4,1,2,9,130,26,96,8,0
,Winnsboro,3126,12,1,0,0,11,73,19,49,5,0
,Woodruff,4372,21,0,0,4,17,138,63,64,11,2
,Yemassee,1149,13,0,0,2,11,37,3,25,9,0
,York,8699,60,1,3,7,49,342,44,281,17,0
SOUTH DAKOTA,Aberdeen,28206,103,0,27,2,74,441,83,325,33,5
,Belle Fourche,5799,7,0,0,0,7,74,5,66,3,0
,Beresford,2112,2,0,0,0,2,34,9,21,4,0
,Box Elder,12710,51,1,15,2,33,184,23,132,29,1
,Brandon,10914,6,0,0,0,6,67,11,49,7,1
,Brookings,23725,42,0,12,1,29,311,29,270,12,0
,Canton,3033,12,0,7,0,5,34,5,27,2,0
,Chamberlain,2451,12,0,0,0,12,78,10,63,5,0
,Deadwood,1255,11,0,0,0,11,40,1,38,1,0
,Flandreau,2338,6,0,0,0,6,34,10,22,2,0
,Hot Springs,3605,10,0,0,0,10,6,0,6,0,0
,Madison,5967,8,0,4,0,4,40,5,33,2,0
,Martin,957,9,0,3,0,6,42,6,32,4,0
,Mitchell,15579,51,0,14,1,36,387,24,318,45,4
,Mobridge,3154,4,0,0,0,4,20,2,16,2,1
,North Sioux City,2987,9,0,0,0,9,51,2,44,5,0
,Pierre,13977,69,1,20,5,43,248,30,200,18,0
,Rapid City,78063,532,5,97,65,365,2799,475,1921,403,3
,Sioux Falls,199879,1092,7,75,140,870,6162,738,4345,1079,35
,Sisseton,2389,10,0,1,0,9,2,0,2,0,0
,Spearfish,12517,31,1,16,1,13,296,26,252,18,0
,Sturgis,7121,31,0,4,1,26,187,59,113,15,0
,Tea,6894,14,0,1,0,13,96,13,64,19,0
,Wagner,1425,1,1,0,0,0,1,1,0,0,0
,Watertown,22832,50,0,21,1,28,356,68,257,31,0
,Yankton,15507,62,1,15,0,46,402,29,353,20,1
TENNESSEE,Adamsville,2244,15,0,2,1,12,30,10,18,2,0
,Alamo,2335,7,0,0,1,6,25,5,17,3,1
,Alcoa,11689,47,1,8,3,35,246,23,189,34,0
,Algood,4012,11,0,0,0,11,60,3,50,7,0
,Ashland City,5152,23,0,0,1,22,130,16,100,14,1
,Athens,14409,114,0,9,7,98,803,125,602,76,2
,Atoka,10345,21,0,1,1,19,50,9,38,3,0
,Bartlett,56928,137,1,17,16,103,1111,86,900,125,6
,Baxter,1677,1,0,0,0,1,25,4,17,4,0
,Belle Meade,2593,0,0,0,0,0,24,5,17,2,0
,Bells,2501,15,0,3,0,12,21,4,15,2,2
,Benton,1506,4,0,1,0,3,35,1,32,2,0
,Berry Hill,1865,3,0,0,1,2,85,9,73,3,0
,Big Sandy,484,0,0,0,0,0,2,1,1,0,0
,Blaine,2103,6,0,1,0,5,21,1,15,5,0
,Bluff City,1820,7,0,0,0,7,21,3,11,7,0
,Bolivar,5127,98,3,2,1,92,88,29,50,9,0
,Brentwood,45581,31,2,10,2,17,384,43,320,21,0
,Brighton,2858,10,0,1,0,9,17,3,11,3,0
,Bristol,27862,140,0,16,4,120,640,85,479,76,2
,Brownsville,9578,120,2,4,5,109,228,45,159,24,0
,Bruceton,1496,2,0,0,0,2,21,1,16,4,0
,Camden,3711,10,0,0,1,9,59,6,51,2,0
,Carthage,2276,5,0,0,0,5,112,8,103,1,0
,Caryville,2179,12,0,1,0,11,38,5,27,6,0
,Centerville,3569,7,0,0,0,7,45,10,30,5,1
,Chapel Hill,1780,5,0,1,1,3,16,0,15,1,0
,Charleston,678,1,0,0,1,0,6,3,3,0,0
,Chattanooga,182603,2077,24,166,218,1669,9534,1066,7108,1360,23
,Church Hill,7105,21,0,1,0,20,25,4,19,2,4
,Clarksville,174738,871,11,93,68,699,3493,514,2537,442,9
,Cleveland,48579,352,1,17,26,308,1650,172,1336,142,5
,Clinton,10050,48,0,3,4,41,232,25,182,25,3
,Collegedale,12032,12,0,2,1,9,184,5,170,9,0
,Collierville,51439,76,0,9,9,58,611,50,533,28,1
,Columbia,44852,306,2,17,24,263,940,121,708,111,6
,Cookeville,35771,88,2,7,8,71,834,96,652,86,2
,Coopertown,4702,3,0,0,0,3,37,9,26,2,0
,Cornersville,1267,2,0,0,0,2,11,7,3,1,0
,Covington,8582,92,2,4,7,79,169,29,116,24,0
,Cowan,1779,10,0,1,0,9,22,1,19,2,0
,Crossville,12487,87,1,10,3,73,438,73,345,20,3
,Dandridge,3475,17,0,1,1,15,60,6,52,2,0
,Dayton,7170,17,0,1,0,16,153,23,114,16,0
,Decatur,1646,24,0,3,0,21,44,2,38,4,0
,Decherd,2369,13,0,1,0,12,40,4,28,8,0
,Dickson,16154,118,1,11,1,105,384,26,316,42,0
,Dover,1768,1,0,0,0,1,4,0,2,2,0
,Dresden,3026,4,0,1,0,3,37,8,28,1,0
,Dunlap,5644,20,0,0,1,19,100,11,69,20,0
,Dyer,2312,4,1,0,0,3,24,2,22,0,0
,Dyersburg,15988,183,4,14,6,159,801,176,572,53,3
,East Ridge,21790,132,1,11,8,112,477,63,341,73,4
,Elizabethton,13868,42,1,0,0,41,269,26,229,14,1
,Englewood,1519,3,0,0,0,3,18,3,12,3,0
,Erin,1209,2,0,0,0,2,5,1,4,0,0
,Erwin,5931,3,0,0,0,3,33,5,22,6,0
,Estill Springs,2266,13,0,0,1,12,25,6,17,2,0
,Etowah,3668,15,0,2,0,13,50,1,43,6,0
,Fairview,9844,18,1,3,1,13,50,7,37,6,0
,Fayetteville,6942,85,3,4,3,75,202,25,161,16,0
,Franklin,87081,170,0,19,9,142,899,101,733,65,0
,Gallatin,49220,125,0,12,10,103,331,35,267,29,1
,Gallaway,502,4,0,0,0,4,11,0,10,1,0
,Gatlinburg,3873,18,1,4,2,11,127,20,94,13,0
,Germantown,40859,69,0,4,6,59,625,28,527,70,2
,Gleason,1407,2,0,0,0,2,24,6,17,1,0
,Goodlettsville,16963,43,0,3,10,30,317,35,232,50,0
,Greenbrier,6963,38,1,3,1,33,36,13,16,7,1
,Greeneville,15556,55,2,7,2,44,481,57,365,59,1
,Greenfield,2083,8,0,0,0,8,21,7,11,3,0
,Halls,2076,12,0,1,1,10,47,8,33,6,0
,Harriman,5984,6,0,1,0,5,99,12,76,11,0
,Henderson,6372,29,0,1,1,27,67,11,48,8,0
,Hendersonville,62475,85,3,2,3,77,522,38,446,38,3
,Hohenwald,3882,8,0,0,0,8,71,4,61,6,0
,Humboldt,7831,74,0,7,3,64,143,36,96,11,3
,Huntingdon,4432,9,0,0,0,9,51,1,47,3,1
,Jacksboro,2313,2,0,0,0,2,53,2,48,3,1
,Jackson,68059,612,9,28,55,520,1973,249,1525,199,7
,Jamestown,1920,11,0,2,0,9,51,11,39,1,0
,Jasper,3626,9,0,0,1,8,38,4,24,10,0
,Jefferson City,8319,23,0,0,2,21,153,31,111,11,1
,Jellico,2131,8,0,0,0,8,33,4,20,9,1
,Johnson City,71987,270,3,55,24,188,2461,229,2048,184,18
,Jonesborough,6081,5,0,1,0,4,90,7,70,13,2
,Kenton,1184,6,1,1,0,4,14,1,11,2,0
,Kimball,1578,13,0,0,1,12,60,4,52,4,0
,Kingsport,55799,439,2,42,28,367,2271,255,1706,310,11
,Kingston,6067,3,0,0,0,3,47,5,37,5,0
,Knoxville,194724,1640,32,151,179,1278,7609,874,5780,955,4
,Lafayette,5650,19,0,3,0,16,160,12,139,9,0
,La Follette,7271,24,0,0,0,24,110,22,69,19,1
,La Vergne,39424,150,1,12,16,121,557,35,435,87,1
,Lawrenceburg,11874,48,0,3,3,42,272,50,205,17,0
,Lebanon,43321,196,1,23,14,158,712,105,536,71,2
,Lenoir City,10597,41,0,1,2,38,254,17,224,13,0
,Lewisburg,12659,67,1,8,2,56,255,39,191,25,4
,Lexington,7944,24,1,2,0,21,184,29,134,21,1
,Livingston,4047,12,0,1,0,11,55,4,43,8,0
,Loretto,1783,2,0,0,0,2,15,6,6,3,0
,Loudon,6479,1,0,1,0,0,32,9,22,1,0
,Madisonville,5118,26,0,1,0,25,160,17,133,10,1
,Manchester,13045,71,0,5,5,61,327,67,236,24,1
,Martin,10562,48,1,0,5,42,241,39,193,9,0
,Maryville,32717,60,1,12,0,47,291,40,229,22,2
,Maynardville,2507,6,0,0,0,6,21,0,20,1,0
,McEwen,1735,1,0,0,0,1,12,6,6,0,0
,McKenzie,5451,21,0,2,0,19,99,30,63,6,0
,McMinnville,13952,70,0,16,4,50,307,35,253,19,1
,Medina,5338,6,0,1,0,5,28,5,19,4,0
,Memphis,624944,15129,269,397,2324,12139,44783,6022,27837,10924,329
,Metropolitan Nashville Police Department,679562,7491,83,385,1224,5799,25991,3470,19534,2987,88
,Milan,8167,41,0,2,0,39,184,49,121,14,1
,Millersville,6239,18,0,2,0,16,33,3,25,5,1
,Millington,10461,78,0,2,8,68,429,96,295,38,0
,Monteagle,1375,4,0,0,0,4,36,11,22,3,0
,Monterey,2750,3,0,0,0,3,35,9,17,9,0
,Morristown,30988,223,0,15,14,194,1141,132,851,158,6
,Mosheim,2488,8,0,1,0,7,59,10,39,10,0
,Mountain City,2467,15,0,0,0,15,41,7,30,4,0
,Mount Carmel,5522,11,0,1,0,10,58,11,37,10,0
,Mount Pleasant,4871,30,0,4,1,25,68,12,44,12,1
,Munford,6466,10,0,3,0,7,73,13,51,9,1
,Murfreesboro,161810,827,9,114,59,645,3415,291,2762,362,6
,Newbern,3296,14,0,2,1,11,61,6,53,2,1
,New Johnsonville,1851,5,0,1,0,4,7,0,6,1,0
,New Market,1369,2,0,0,0,2,2,0,2,0,0
,Newport,6972,31,0,4,1,26,397,26,342,29,0
,New Tazewell,2802,6,1,0,0,5,39,6,31,2,0
,Nolensville,16990,15,0,2,1,12,56,8,45,3,0
,Oakland,10004,10,2,0,0,8,23,3,17,3,0
,Oak Ridge,32243,102,1,14,3,84,572,52,481,39,2
,Oliver Springs,3305,7,1,0,0,6,34,9,19,6,0
,Oneida,3793,23,0,2,0,21,111,8,95,8,0
,Paris,10371,37,1,0,1,35,272,35,224,13,0
,Parsons,2074,3,0,0,0,3,29,6,21,2,0
,Pigeon Forge,6340,52,0,10,5,37,250,29,191,30,2
,Pikeville,1889,4,0,0,0,4,28,5,22,1,0
,Pleasant View,5379,15,0,0,4,11,55,2,44,9,0
,Portland,13460,35,0,4,2,29,103,24,68,11,3
,Pulaski,8240,37,1,7,1,28,249,29,196,24,5
,Red Bank,11862,48,1,1,4,42,96,21,60,15,0
,Ripley,7772,158,4,2,5,147,211,53,143,15,2
,Rockwood,5571,41,0,4,3,34,257,37,198,22,3
,Rocky Top,3594,14,0,1,0,13,66,8,48,10,3
,Rogersville,4665,16,0,2,1,13,127,24,94,9,0
,Savannah,7207,39,0,1,0,38,273,50,203,20,0
,Selmer,4419,25,0,1,1,23,110,10,86,14,1
,Sevierville,19021,125,2,15,3,105,706,40,620,46,0
,Shelbyville,24160,136,2,24,4,106,484,81,334,69,1
,Signal Mountain,8824,1,0,0,0,1,27,1,24,2,0
,Smithville,5242,20,1,1,0,18,114,18,87,9,0
,Smyrna,57595,153,2,17,12,122,1092,69,888,135,2
,Soddy-Daisy,13112,27,1,1,0,25,199,30,153,16,0
,Somerville,3470,22,0,1,1,20,46,10,32,4,0
,South Fulton,2178,13,0,0,0,13,30,8,19,3,0
,South Pittsburg,3065,6,1,0,0,5,14,4,8,2,0
,Sparta,4993,5,1,0,0,4,116,18,88,10,0
,Spencer,1592,0,0,0,0,0,1,0,1,0,0
,Springfield,19330,97,1,4,3,89,231,16,182,33,0
,Spring Hill,56232,59,2,10,3,44,460,32,402,26,2
,Sweetwater,6345,33,1,1,2,29,145,15,111,19,2
,Tazewell,2360,14,0,1,0,13,54,9,39,6,0
,Tiptonville,4071,17,0,0,1,16,37,10,23,4,1
,Townsend,598,0,0,0,0,0,8,2,6,0,0
,Tracy City,1424,6,0,1,1,4,32,0,24,8,2
,Tullahoma,20948,105,2,8,1,94,462,48,379,35,5
,Unicoi,3763,10,0,0,0,10,14,2,11,1,0
,Union City,10996,95,0,9,1,85,446,52,355,39,1
,Vonore,1600,16,0,0,1,15,50,8,40,2,0
,Wartburg,897,1,0,0,0,1,14,1,11,2,0
,Watertown,1556,5,0,0,0,5,7,2,5,0,0
,Waynesboro,2353,14,0,1,1,12,24,1,19,4,0
,Westmoreland,2740,8,0,1,0,7,4,0,2,2,0
,White Bluff,4065,12,0,1,0,11,22,2,13,7,0
,White House,14290,23,0,5,0,18,205,23,169,13,0
,White Pine,2583,9,3,0,0,6,42,3,36,3,0
,Whitwell,1612,4,0,0,0,4,21,5,10,6,0
,Winchester,9703,56,0,3,2,51,255,37,203,15,3
,Woodbury,2713,2,0,0,0,2,18,1,17,0,1
TEXAS,Abernathy,2783,5,0,0,0,5,12,8,0,4,0
,Abilene,125186,587,7,107,82,391,2498,446,1854,198,10
,Addison,17531,83,1,15,12,55,1424,115,1074,235,2
,Alamo,20383,116,1,20,14,81,839,153,638,48,1
,Alamo Heights,7412,11,0,3,3,5,240,25,202,13,0
,Alba,493,0,0,0,0,0,7,5,2,0,0
,Alice,17727,175,5,11,5,154,668,145,474,49,10
,Alma,407,0,0,0,0,0,0,0,0,0,0
,Alpine,5757,8,0,1,0,7,10,3,7,0,2
,Alton,19391,95,0,1,6,88,210,32,157,21,1
,Alvarado,5504,31,0,5,2,24,75,3,59,13,1
,Alvin,27974,73,0,12,8,53,481,67,368,46,1
,Amarillo,201572,1537,23,197,199,1118,6997,1166,4899,932,53
,Andrews,13233,65,1,4,0,60,192,22,154,16,1
,Angleton,19369,52,1,14,4,33,279,57,175,47,2
,Anna,23541,29,0,8,7,14,211,35,159,17,2
,Anthony,3662,9,0,2,3,4,40,0,30,10,0
,Aransas Pass,8056,45,3,7,4,31,244,53,166,25,0
,Archer City,1593,1,0,1,0,0,8,4,2,2,0
,Arcola,2260,11,0,2,3,6,24,7,12,5,0
,Argyle,4986,1,0,1,0,0,22,2,19,1,0
,Arlington,391591,2272,16,336,276,1644,9886,1024,7625,1237,18
,Arp,953,0,0,0,0,0,12,4,7,1,0
,Athens,12986,44,1,7,2,34,225,36,160,29,1
,Atlanta,5443,13,1,4,1,7,80,14,56,10,0
,Aubrey,7873,15,0,4,2,9,84,23,54,7,0
,Austin,965234,5215,69,528,939,3679,34650,4816,24481,5353,149
,Azle,13615,39,1,12,5,21,310,35,246,29,0
,Baird,1529,0,0,0,0,0,12,6,5,1,0
,Balch Springs,26973,129,3,14,26,86,810,92,472,246,1
,Balcones Heights,2709,43,0,0,8,35,282,38,195,49,3
,Ballinger,3577,10,0,0,0,10,68,49,17,2,0
,Bangs,1541,3,0,0,0,3,2,1,0,1,0
,Bastrop,11101,51,0,5,5,41,331,16,277,38,5
,Bay City,17796,66,1,8,11,46,594,92,478,24,1
,Baytown,81477,358,2,58,68,230,3182,438,2225,519,1
,Beaumont,110898,1198,18,105,257,818,4305,971,2973,361,25
,Bedford,48579,102,1,21,18,62,1072,115,856,101,2
,Bee Cave,8870,12,0,2,0,10,158,20,123,15,0
,Beeville,13592,57,0,6,7,44,709,426,252,31,3
,Bellaire,16783,27,0,4,16,7,368,47,259,62,0
,Bellmead,10589,41,1,11,5,24,292,50,199,43,4
,Bells,1557,1,0,0,0,1,2,1,0,1,0
,Bellville,4066,25,0,8,0,17,38,5,25,8,0
,Belton,24188,39,3,14,6,16,506,42,445,19,2
,Benbrook,24739,54,2,12,9,31,278,20,236,22,2
,Bertram,1913,3,0,0,0,3,10,3,5,2,0
,Beverly Hills,1867,14,0,3,0,11,57,16,33,8,1
,Big Sandy,1295,9,0,2,1,6,13,5,6,2,0
,Big Spring,25254,172,5,15,15,137,543,118,378,47,3
,Blanco,1870,9,0,2,0,7,19,3,13,3,0
,Blue Mound,2325,3,0,0,0,3,7,2,2,3,0
,Boerne,20488,22,0,6,1,15,311,89,177,45,0
,Bogata,1098,3,0,2,1,0,18,3,14,1,0
,Borger,12366,54,0,14,1,39,213,97,93,23,0
,Bovina,1706,3,0,0,0,3,5,2,3,0,0
,Bowie,5659,7,0,0,2,5,163,91,60,12,2
,Brady,4998,4,1,1,0,2,71,25,36,10,0
,Brazoria,2823,5,0,1,0,4,54,5,40,9,0
,Breckenridge,5294,15,0,1,2,12,69,17,43,9,2
,Bremond,862,1,0,0,0,1,77,77,0,0,0
,Brenham,18785,69,0,9,0,60,277,42,203,32,0
,Bridge City,9495,7,0,2,1,4,68,10,48,10,0
,Bridgeport,6186,13,0,1,1,11,84,27,50,7,0
,Brookshire,5739,24,1,2,4,17,54,7,39,8,0
,Brownfield,8877,46,0,8,1,37,111,31,66,14,2
,Brownsville,188906,817,4,71,127,615,3467,398,2880,189,18
,Brownwood,18751,72,2,14,4,52,440,78,327,35,2
,Bruceville-Eddy,1428,3,0,1,0,2,18,10,6,2,0
,Buda,16000,33,0,2,3,28,353,28,279,46,2
,Buffalo,1812,5,1,0,0,4,30,10,19,1,0
,Bullard,4062,4,0,0,0,4,26,8,17,1,0
,Bulverde,6268,12,0,0,1,11,140,10,124,6,0
,Burkburnett,11057,21,1,11,0,9,52,14,32,6,1
,Burleson,55356,138,1,39,7,91,659,53,553,53,1
,Burnet,6861,23,1,2,0,20,62,11,44,7,0
,Cactus,3058,10,0,2,1,7,28,4,17,7,0
,Caddo Mills,3568,8,0,2,2,4,21,9,9,3,0
,Caldwell,4249,2,0,0,1,1,35,10,22,3,0
,Calvert,965,4,0,2,0,2,19,9,9,1,0
,Cameron,5415,14,0,0,1,13,32,12,15,5,0
,Canton,4408,11,1,1,2,7,147,49,84,14,2
,Canyon,15680,26,0,2,2,22,125,23,97,5,3
,Carrollton,133610,276,3,44,49,180,2219,271,1734,214,2
,Carthage,6558,29,0,3,4,22,231,20,197,14,1
,Castle Hills,3921,20,3,0,5,12,249,44,163,42,1
,Castroville,3052,1,0,0,0,1,73,20,48,5,0
,Cedar Hill,48483,81,3,13,10,55,913,68,728,117,2
,Cedar Park,79353,85,1,33,7,44,1049,86,886,77,0
,Celina,24190,19,0,4,1,14,214,21,190,3,3
,Center,5111,23,0,3,1,19,112,26,81,5,1
,Chandler,3529,2,0,1,0,1,21,4,16,1,0
,Childress,5915,11,0,3,0,8,38,22,11,5,2
,China Grove,1128,3,0,0,1,2,15,2,8,5,0
,Cibolo,34159,45,0,14,3,28,500,108,353,39,0
,Cisco,3902,7,0,3,0,4,55,21,29,5,0
,Cleburne,32728,60,2,22,4,32,345,61,265,19,2
,Clifton,3526,7,0,0,1,6,10,2,6,2,0
,Clute,10557,44,0,12,6,26,327,123,175,29,0
,Clyde,4038,5,0,1,1,3,33,15,16,2,0
,Cockrell Hill,3687,7,0,0,1,6,86,18,43,25,0
,Coffee City,246,3,0,0,0,3,4,1,0,3,0
,Coleman,3943,6,0,2,1,3,20,6,9,5,0
,College Station,121618,248,1,89,16,142,2342,251,1905,186,0
,Colleyville,25897,15,0,9,0,6,113,10,100,3,0
,Collinsville,1993,4,0,0,0,4,0,0,0,0,0
,Columbus,3598,7,1,3,0,3,52,3,44,5,1
,Comanche,4276,10,0,2,0,8,80,13,59,8,4
,Combes,3071,8,0,2,0,6,38,7,22,9,0
,Commerce,8876,35,0,5,0,30,168,25,124,19,1
,Conroe,98623,314,3,59,35,217,2001,225,1561,215,3
,Converse,29503,111,1,6,5,99,492,122,323,47,1
,Coppell,42021,40,1,13,2,24,580,50,502,28,0
,Copperas Cove,37841,120,2,35,8,75,654,89,506,59,9
,Corinth,22719,19,0,4,1,14,179,9,148,22,0
,Corpus Christi,317694,2512,41,240,355,1876,9915,1593,7478,844,84
,Corrigan,1487,0,0,0,0,0,24,4,13,7,0
,Corsicana,25585,157,6,26,11,114,536,64,422,50,7
,Crandall,4671,32,0,5,6,21,139,37,86,16,0
,Crane,3485,2,0,1,0,1,9,7,2,0,0
,Crockett,6428,28,0,6,7,15,205,31,153,21,0
,Crowley,20362,47,1,11,2,33,300,42,238,20,0
,Cuero,8271,54,1,0,2,51,114,14,91,9,0
,Cuney,115,1,0,0,0,1,0,0,0,0,0
,Daingerfield,2520,11,1,0,1,9,41,7,30,4,0
,Dalhart,8410,21,0,2,3,16,55,12,29,14,1
,Dallas,1286121,10009,157,492,2134,7226,49037,6787,28878,13372,186
,Dayton,9451,27,2,2,5,18,147,31,89,27,2
,Decatur,7147,31,0,5,5,21,204,5,188,11,1
,Deer Park,33022,37,0,10,3,24,512,62,409,41,0
,De Leon,2310,9,0,0,1,8,30,12,13,5,0
,Del Rio,34495,75,1,16,13,45,488,147,310,31,7
,Denison,25828,73,0,12,1,60,323,60,201,62,4
,Denton,154230,445,7,117,45,276,3672,450,2780,442,8
,Denver City,4346,7,0,0,0,7,20,11,9,0,1
,DeSoto,55956,168,4,19,32,113,1130,119,772,239,3
,Devine,4483,3,0,0,1,2,84,6,70,8,1
,Diboll,4466,13,0,3,0,10,31,8,18,5,0
,Dickinson,21936,58,4,12,12,30,355,57,248,50,0
,Dilley,3318,3,0,0,1,2,17,9,3,5,0
,Dimmitt,4183,7,0,2,1,4,19,7,8,4,0
,Donna,16842,193,2,11,6,174,447,54,347,46,4
,Double Oak,3052,1,0,0,0,1,14,4,10,0,0
,Driscoll,668,0,0,0,0,0,1,0,0,1,0
,Dublin,3469,2,1,0,0,1,17,13,2,2,0
,Dumas,14140,32,1,5,1,25,267,31,217,19,0
,Duncanville,39474,126,3,11,47,65,1003,132,633,238,2
,Eagle Pass,28811,66,0,1,10,55,771,167,520,84,2
,Early,3161,14,1,0,0,13,21,4,16,1,0
,Eastland,3630,3,0,1,0,2,48,5,40,3,0
,Edgewood,1649,2,2,0,0,0,0,0,0,0,0
,Edinburg,104987,352,3,68,59,222,2323,229,2008,86,6
,Edna,5976,25,0,3,1,21,33,7,18,8,0
,El Campo,12235,74,1,12,0,61,477,49,403,25,4
,Electra,2286,3,0,2,0,1,25,0,21,4,0
,Elgin,11245,18,3,2,0,13,141,18,116,7,0
,Elmendorf,2202,3,0,0,0,3,23,4,12,7,0
,El Paso,678232,2123,22,294,267,1540,9353,970,6973,1410,61
,Elsa,5683,29,1,2,2,24,254,45,200,9,0
,Emory,1359,0,0,0,0,0,8,1,6,1,0
,Ennis,22254,27,0,4,1,22,449,49,352,48,1
,Euless,59901,175,1,35,35,104,1336,145,1058,133,2
,Everman,5993,9,0,1,2,6,53,8,40,5,0
,Fairfield,2939,17,0,1,1,15,225,192,27,6,0
,Fair Oaks Ranch,11119,9,0,5,0,4,124,38,74,12,0
,Fairview,10917,5,0,0,0,5,68,3,61,4,0
,Falfurrias,4754,12,0,1,1,10,10,4,4,2,0
,Farmers Branch,36595,90,3,14,19,54,1456,172,1066,218,1
,Farmersville,4024,5,0,0,0,5,38,11,26,1,0
,Farwell,1383,0,0,0,0,0,4,0,3,1,0
,Fate,23955,16,0,10,0,6,101,6,89,6,1
,Ferris,2893,6,0,0,1,5,41,7,29,5,0
,Flatonia,1348,5,1,0,0,4,8,3,2,3,1
,Florence,1218,1,0,0,0,1,6,2,3,1,0
,Floresville,7971,16,0,3,1,12,134,38,73,23,1
,Flower Mound,78167,37,0,12,5,20,607,63,513,31,0
,Floydada,2638,12,0,1,1,10,30,7,14,9,0
,Forest Hill,13685,50,5,9,14,22,246,42,152,52,1
,Forney,31105,62,0,5,3,54,361,32,286,43,1
,Fort Stockton,8411,7,0,2,0,5,37,12,17,8,1
,Fort Worth,948605,4765,100,591,689,3385,25989,3993,18439,3557,112
,Franklin,1781,1,0,0,0,1,9,3,4,2,0
,Frankston,1117,6,0,1,0,5,19,2,16,1,0
,Fredericksburg,11348,18,0,7,0,11,112,13,95,4,0
,Freeport,10500,64,0,4,2,58,150,26,124,0,1
,Freer,2454,7,0,0,0,7,10,6,2,2,0
,Friendswood,40851,34,1,15,6,12,233,33,174,26,0
,Friona,4121,2,0,1,0,1,18,9,5,4,0
,Frisco,218962,225,0,43,25,157,2928,210,2592,126,4
,Fulshear,18058,5,0,1,0,4,103,10,80,13,0
,Gainesville,17789,41,1,4,5,31,431,55,320,56,0
,Galena Park,10240,32,0,5,4,23,136,23,82,31,0
,Galveston,52920,248,6,64,38,140,1548,202,1137,209,1
,Ganado,1998,1,0,0,0,1,14,3,6,5,0
,Garden Ridge,4442,4,0,1,0,3,68,12,46,10,0
,Garland,241095,593,5,73,198,317,6178,914,4207,1057,11
,Garrison,791,1,0,0,0,1,3,1,2,0,0
,Gatesville,17154,23,0,5,3,15,130,20,90,20,3
,Georgetown,83371,133,2,44,11,76,1048,128,865,55,14
,George West,2194,3,0,0,0,3,32,5,17,10,0
,Giddings,5144,17,0,4,1,12,97,19,69,9,2
,Gilmer,4997,19,0,4,1,14,145,13,122,10,0
,Gladewater,6174,7,0,0,1,6,65,9,50,6,0
,Glenn Heights,18398,51,1,6,3,41,205,25,143,37,1
,Godley,2245,6,0,1,0,5,24,3,17,4,0
,Gonzales,7089,105,1,7,1,96,124,32,75,17,0
,Graham,8823,14,0,4,1,9,101,6,84,11,0
,Granbury,12132,15,3,3,2,7,436,38,390,8,2
,Grand Prairie,199663,405,8,42,67,288,3770,304,2971,495,6
,Grand Saline,3236,2,0,1,0,1,23,7,11,5,1
,Grapeland,1504,2,0,1,0,1,4,1,3,0,0
,Grapevine,50988,72,0,25,4,43,1500,101,1200,199,2
,Greenville,30890,95,2,19,14,60,468,74,351,43,6
,Groesbeck,3638,18,1,5,1,11,79,18,54,7,0
,Groves,16682,54,1,6,5,42,193,43,128,22,2
,Gun Barrel City,6551,10,0,1,1,8,52,9,33,10,0
,Gunter,2449,0,0,0,0,0,11,5,6,0,0
,Hallettsville,2762,15,1,3,1,10,38,6,31,1,3
,Hallsville,4707,5,0,0,1,4,21,12,6,3,0
,Haltom City,45488,74,8,8,13,45,464,77,295,92,0
,Hamilton,2860,9,0,2,0,7,31,11,19,1,0
,Hamlin,1899,3,0,1,0,2,11,2,8,1,0
,Harker Heights,34001,76,3,20,8,45,454,68,342,44,1
,Harlingen,72047,233,3,11,52,167,2034,260,1646,128,11
,Haskell,3033,3,0,0,0,3,21,2,12,7,1
,Hawkins,1353,3,1,0,0,2,9,5,4,0,0
,Hawley,575,0,0,0,0,0,0,0,0,0,0
,Hearne,4517,28,1,2,1,24,36,12,12,12,1
,Heath,10661,9,0,6,0,3,67,18,49,0,0
,Hedwig Village,2295,7,0,0,6,1,127,8,114,5,0
,Helotes,9263,3,0,1,0,2,169,29,135,5,0
,Hempstead,6388,35,1,5,4,25,120,13,85,22,2
,Hereford,14626,44,1,5,6,32,272,55,170,47,6
,Hewitt,16291,27,0,9,2,16,146,13,120,13,0
,Hickory Creek,5786,5,0,2,0,3,93,5,79,9,0
,Hico,1360,0,0,0,0,0,0,0,0,0,0
,Hidalgo,14468,9,1,3,3,2,195,16,160,19,1
,Highland Park,8732,7,0,1,4,2,189,23,156,10,0
,Highland Village,15988,11,0,3,1,7,134,8,122,4,0
,Hill Country Village,939,2,0,0,1,1,35,3,30,2,0
,Hillsboro,8407,17,0,0,3,14,150,11,123,16,0
,Hitchcock,7502,26,0,9,2,15,151,29,100,22,5
,Hollywood Park,3091,3,0,0,0,3,69,3,55,11,0
,Hondo,8522,24,0,2,1,21,178,49,104,25,2
,Honey Grove,1789,8,0,2,0,6,10,0,10,0,1
,Hooks,2510,8,0,0,1,7,34,6,21,7,0
,Horizon City,23726,33,0,4,1,28,198,24,142,32,0
,Horseshoe Bay,4693,7,0,3,0,4,49,12,35,2,0
,Houston,2276533,25987,433,1140,6955,17459,104304,14939,72021,17344,454
,Howe,3659,7,0,3,0,4,23,7,11,5,0
,Hudson Oaks,2547,8,0,1,0,7,103,8,87,8,0
,Hughes Springs,1542,1,0,0,0,1,0,0,0,0,0
,Humble,16085,177,2,33,45,97,1739,146,1388,205,6
,Huntington,2020,2,0,1,0,1,27,14,8,5,0
,Huntsville,46780,222,1,35,16,170,853,101,657,95,3
,Hurst,39796,98,0,29,18,51,938,63,809,66,2
,Hutchins,5594,41,0,4,8,29,325,35,185,105,0
,Hutto,33891,39,0,8,4,27,216,31,171,14,2
,Idalou,2118,5,0,1,0,4,15,5,10,0,1
,Ingleside,10207,36,0,10,1,25,183,54,107,22,0
,Ingram,1834,4,0,1,0,3,40,17,22,1,1
,Iowa Colony,11056,18,0,3,1,14,78,30,39,9,0
,Iowa Park,6595,3,0,1,0,2,27,7,17,3,0
,Irving,254141,853,12,144,164,533,6433,748,4698,987,8
,Italy,2038,3,0,0,0,3,25,9,13,3,0
,Itasca,1682,3,0,1,1,1,0,0,0,0,0
,Jacinto City,9190,7,0,0,2,5,334,17,278,39,0
,Jacksboro,4292,7,0,2,0,5,26,6,19,1,1
,Jacksonville,14196,78,0,6,2,70,360,72,245,43,1
,Jamaica Beach,1065,2,0,1,0,1,5,0,5,0,0
,Jarrell,2469,3,0,0,1,2,19,1,15,3,0
,Jasper,7706,36,1,0,8,27,284,43,229,12,2
,Jefferson,1830,6,0,1,1,4,10,2,5,3,2
,Jersey Village,7575,28,1,2,6,19,308,49,170,89,0
,Jonestown,2506,8,0,3,0,5,31,11,14,6,0
,Josephine,4711,1,1,0,0,0,25,12,13,0,0
,Joshua,8256,23,0,6,3,14,72,12,53,7,1
,Jourdanton,4179,14,0,0,0,14,23,5,11,7,1
,Junction,2536,1,0,0,0,1,6,3,2,1,0
,Karnes City,3271,5,0,2,0,3,33,9,19,5,0
,Katy,25511,56,0,13,15,28,844,57,713,74,2
,Kaufman,7829,24,0,1,3,20,71,6,58,7,0
,Keene,6355,18,1,7,1,9,61,15,42,4,0
,Keller,45080,44,0,10,2,32,301,43,249,9,3
,Kemah,1794,8,0,2,2,4,76,8,61,7,0
,Kemp,1237,6,0,3,0,3,27,7,17,3,0
,Kempner,1211,0,0,0,0,0,0,0,0,0,0
,Kenedy,3589,13,0,2,4,7,89,30,53,6,2
,Kennedale,8417,17,3,5,3,6,102,25,62,15,0
,Kerens,1518,7,0,0,1,6,13,4,6,3,0
,Kermit,5749,4,0,0,0,4,27,7,14,6,0
,Kerrville,24696,45,0,9,3,33,225,25,178,22,1
,Kilgore,13419,54,1,12,2,39,285,61,192,32,0
,Killeen,159546,864,19,79,85,681,2787,560,1808,419,6
,Kingsville,24802,73,0,15,10,48,726,145,533,48,0
,Kirby,8069,102,0,4,3,95,136,11,80,45,1
,Knox City,1047,4,0,1,0,3,19,12,7,0,0
,Kountze,2371,1,0,0,0,1,19,4,9,6,0
,Kyle,57724,139,2,19,13,105,747,61,610,76,2
,Lacy-Lakeview,7143,29,1,2,2,24,183,36,126,21,0
,La Feria,6791,34,0,8,2,24,165,23,135,7,0
,Lago Vista,9637,9,0,3,0,6,51,8,40,3,1
,La Grange,4455,17,0,3,0,14,100,17,78,5,0
,La Grulla,1208,4,0,0,2,2,8,1,4,3,1
,Laguna Vista,3673,1,0,1,0,0,15,5,10,0,0
,La Joya,4666,22,0,5,0,17,24,8,16,0,0
,Lake Dallas,7738,12,0,6,3,3,53,6,34,13,0
,Lake Jackson,27595,69,1,18,5,45,458,36,384,38,1
,Lakeport,970,0,0,0,0,0,2,0,0,2,0
,Lakeside,1603,6,0,2,1,3,21,1,19,1,0
,"Lakeview, Harrison County",6490,4,0,0,0,4,47,10,30,7,0
,Lakeway,19267,11,0,4,0,7,208,26,168,14,0
,Lake Worth,4652,29,0,7,2,20,341,22,292,27,0
,La Marque,19068,84,5,23,5,51,695,122,513,60,3
,Lamesa,8726,43,1,6,2,34,211,44,150,17,3
,Lampasas,7737,20,0,4,0,16,185,15,158,12,0
,Lancaster,40615,255,3,14,45,193,1252,197,841,214,6
,La Porte,36646,84,1,7,6,70,525,89,375,61,1
,Laredo,256973,814,12,67,130,605,3303,404,2621,278,35
,La Vernia,1224,0,0,0,0,0,44,12,16,16,0
,Lavon,6277,5,0,2,0,3,37,5,30,2,1
,League City,116511,126,2,36,13,75,1497,187,1181,129,2
,Leonard,2085,1,0,0,0,1,6,2,3,1,0
,Leon Valley,11402,64,2,7,15,40,732,55,526,151,1
,Levelland,12579,134,0,5,5,124,278,80,174,24,0
,Lewisville,113568,334,7,69,43,215,2505,232,1915,358,9
,Lexington,1246,1,0,0,0,1,2,0,2,0,0
,Liberty,8790,32,0,6,2,24,196,24,149,23,0
,Liberty Hill,6909,4,0,1,0,3,51,7,39,5,0
,Lindale,6509,10,0,2,1,7,94,9,67,18,0
,Linden,1788,4,0,0,0,4,10,2,7,1,0
,Little Elm,55340,89,1,24,6,58,264,26,197,41,2
,Littlefield,5814,9,0,1,0,8,87,18,61,8,0
,Live Oak,15884,36,0,5,13,18,604,45,485,74,3
,Livingston,5937,45,0,4,2,39,348,13,305,30,1
,Llano,3406,3,0,1,0,2,30,13,11,6,0
,Lockhart,15068,19,1,4,3,11,122,19,79,24,2
,Lockney,1474,3,0,0,0,3,5,3,1,1,0
,Log Cabin,820,0,0,0,0,0,2,0,2,0,0
,Lone Star,1412,5,0,0,0,5,9,2,5,2,0
,Longview,81811,360,13,54,71,222,2350,477,1659,214,2
,Lorena,1787,3,0,0,0,3,21,3,14,4,1
,Los Fresnos,8164,35,0,2,0,33,114,4,106,4,0
,Lubbock,264142,2809,25,301,349,2134,10922,2260,7445,1217,82
,Lufkin,34063,161,2,33,21,105,1258,199,960,99,4
,Luling,5511,16,0,3,2,11,68,8,51,9,0
,Lumberton,14004,17,1,9,0,7,119,14,96,9,0
,Lytle,3037,4,0,0,2,2,202,91,92,19,1
,Madisonville,4670,16,0,4,1,11,65,12,42,11,0
,Magnolia,2906,3,0,1,0,2,40,11,25,4,0
,Manor,23497,48,1,8,7,32,251,28,200,23,3
,Mansfield,75993,61,0,17,10,34,1077,99,905,73,1
,Manvel,14821,15,0,2,0,13,130,24,94,12,0
,Marble Falls,7408,28,2,8,0,18,160,46,102,12,0
,Marfa,1749,2,0,0,0,2,4,0,3,1,0
,Marlin,5631,14,0,1,1,12,56,34,12,10,2
,Marshall,22628,102,4,13,12,73,419,137,251,31,1
,Mathis,4379,14,1,0,3,10,105,40,56,9,6
,Maud,969,1,0,0,0,1,13,4,6,3,0
,Maypearl,945,2,0,0,0,2,3,1,2,0,0
,McAllen,145510,285,5,58,42,180,2840,159,2618,63,13
,McKinney,208415,238,3,49,24,162,2163,210,1767,186,7
,Meadows Place,4591,5,0,1,3,1,143,4,108,31,0
,Melissa,20071,5,0,1,0,4,64,4,55,5,0
,Memorial Villages,10987,4,0,0,2,2,82,9,69,4,0
,Memphis,2086,1,0,0,0,1,6,3,2,1,0
,Mercedes,16365,131,0,12,7,112,474,47,387,40,4
,Meridian,1424,2,0,0,0,2,9,4,5,0,0
,Merkel,2431,6,0,1,0,5,19,6,7,6,0
,Mesquite,147226,687,9,57,134,487,5372,718,3618,1036,9
,Mexia,6865,23,0,2,6,15,129,19,98,12,0
,Midland,129945,639,13,70,42,514,2482,289,1906,287,6
,Midlothian,38587,41,2,9,2,28,382,29,299,54,1
,Miles,927,0,0,0,0,0,1,1,0,0,0
,Milford,736,4,0,2,0,2,5,2,2,1,0
,Mineola,5031,17,0,6,1,10,75,10,64,1,1
,Mineral Wells,15010,27,0,7,3,17,511,145,319,47,2
,Mission,86577,294,1,74,30,189,1451,160,1174,117,6
,Missouri City,75323,119,3,17,23,76,895,141,679,75,3
,Monahans,7185,28,2,3,3,20,49,7,33,9,0
,Mont Belvieu,8902,22,1,5,3,13,148,15,110,23,0
,Montgomery,2679,6,0,0,0,6,36,2,31,3,0
,Morgans Point Resort,4789,2,0,1,0,1,22,0,19,3,0
,Moulton,869,0,0,0,0,0,1,0,1,0,0
,Mount Pleasant,16044,79,0,19,5,55,274,46,200,28,2
,Mount Vernon,2500,9,0,5,0,4,122,104,15,3,0
,Muleshoe,5066,2,0,0,0,2,28,6,19,3,0
,Murphy,21297,9,0,0,2,7,148,11,137,0,0
,Mustang Ridge,991,6,0,1,0,5,30,4,17,9,0
,Nacogdoches,32055,73,2,16,8,47,647,90,522,35,2
,Nassau Bay,5105,7,0,3,0,4,99,20,73,6,0
,Natalia,1342,3,0,0,2,1,22,15,3,4,0
,Navasota,8459,60,1,4,3,52,201,51,132,18,2
,Nederland,18034,34,0,6,3,25,282,28,222,32,1
,Needville,3040,4,0,0,0,4,31,2,26,3,0
,New Boston,4557,36,0,0,5,31,132,15,107,10,2
,New Braunfels,107017,201,0,30,20,151,1513,179,1157,177,1
,Newton,1997,4,0,0,0,4,17,6,11,0,1
,Nolanville,6560,10,0,5,0,5,39,8,22,9,1
,Northeast,3962,1,0,0,0,1,3,2,1,0,0
,Northlake,8513,7,0,0,1,6,102,7,76,19,0
,North Richland Hills,70108,159,4,35,23,97,1393,139,1108,146,2
,"Oak Ridge, Kaufman County",979,0,0,0,0,0,6,5,1,0,0
,Oak Ridge North,3011,7,0,1,1,5,65,1,57,7,0
,Odem,2277,6,0,0,0,6,27,6,13,8,0
,Odessa,110163,573,8,65,64,436,2278,357,1632,289,16
,Olmos Park,2151,2,0,0,1,1,40,17,20,3,0
,Olney,3033,8,0,1,1,6,21,7,14,0,0
,Onalaska,3225,22,0,11,0,11,43,6,23,14,0
,Orange,19056,93,3,14,10,66,317,67,204,46,0
,Overton,2294,4,0,0,0,4,30,6,24,0,1
,Ovilla,4365,3,0,0,1,2,18,3,13,2,0
,Oyster Creek,1196,2,0,0,0,2,23,8,12,3,0
,Palacios,4425,20,0,1,1,18,43,12,30,1,3
,Palestine,19113,133,1,31,7,94,493,122,340,31,3
,Palmer,2510,6,0,0,0,6,25,10,6,9,0
,Palmhurst,2600,6,0,1,1,4,177,4,172,1,0
,Palmview,15919,70,0,5,7,58,227,70,144,13,0
,Pampa,16343,70,0,10,4,56,388,79,292,17,1
,Panhandle,2310,0,0,0,0,0,1,0,1,0,0
,Pantego,2497,6,0,3,0,3,46,5,29,12,0
,Paris,24392,189,2,27,9,151,650,159,433,58,5
,Parker,6144,5,0,0,0,5,20,3,14,3,0
,Pasadena,145954,915,11,116,126,662,4090,594,2858,638,11
,Patton Village,1799,10,0,0,0,10,16,3,12,1,0
,Payne Springs,755,0,0,0,0,0,0,0,0,0,0
,Pearland,125894,117,1,14,33,69,2152,164,1822,166,0
,Pearsall,7661,34,0,1,1,32,109,42,50,17,2
,Pecos,12483,68,1,4,3,60,99,30,58,11,0
,Penitas,6348,6,0,2,1,3,32,5,25,2,0
,Perryton,8143,33,1,5,1,26,95,20,71,4,0
,Petersburg,972,1,0,0,0,1,2,1,0,1,0
,Pflugerville,67817,116,2,23,22,69,1079,61,923,95,1
,Pharr,79558,207,0,54,27,126,1213,164,938,111,0
,Pilot Point,4892,4,0,2,0,2,25,6,15,4,0
,Pinehurst,2209,10,0,0,0,10,54,20,29,5,1
,Pineland,910,3,0,1,0,2,2,1,1,0,0
,Pittsburg,4433,16,1,2,1,12,78,22,43,13,1
,Plainview,19554,72,0,7,5,60,413,85,285,43,1
,Plano,289847,458,1,91,86,280,5496,682,4293,521,12
,Pleasanton,10951,20,0,5,2,13,255,27,205,23,0
,Point Comfort,565,1,0,0,0,1,0,0,0,0,0
,Ponder,2417,4,0,2,0,2,8,0,8,0,0
,Port Aransas,3286,21,0,5,1,15,183,16,136,31,3
,Port Arthur,55899,417,8,40,48,321,1008,273,620,115,1
,Port Isabel,5165,28,0,4,0,24,110,13,88,9,0
,Portland,20742,28,0,7,4,17,273,18,243,12,1
,Port Lavaca,11048,22,0,3,0,19,207,39,153,15,0
,Port Neches,13293,38,1,5,0,32,129,24,81,24,0
,Poteet,2970,9,1,0,0,8,39,15,19,5,0
,Prairie View ,7059,17,0,1,2,14,79,29,38,12,0
,Primera,5319,5,0,1,0,4,9,1,7,1,0
,Princeton,22867,33,0,7,3,23,186,15,152,19,0
,Prosper,37752,29,0,8,3,18,331,34,275,22,1
,Queen City,1410,4,0,2,0,2,16,10,5,1,0
,Quitman,2021,1,0,0,0,1,2,0,2,0,0
,Rancho Viejo,2867,0,0,0,0,0,19,4,14,1,0
,Ranger,2287,3,0,2,0,1,26,7,15,4,1
,Raymondville,10552,62,1,5,7,49,209,57,144,8,4
,Red Oak,16396,39,0,9,5,25,205,22,137,46,0
,Refugio,2866,2,0,0,0,2,27,6,18,3,0
,"Reno, Lamar County",3457,3,0,0,0,3,27,4,22,1,0
,"Reno, Parker County",3457,7,0,0,0,7,40,13,21,6,1
,Rhome,1839,2,0,0,0,2,9,2,2,5,0
,Rice,1259,4,0,0,1,3,8,2,5,1,0
,Richardson,115771,183,2,31,60,90,2630,281,2004,345,1
,Richland Hills,8385,34,0,3,5,26,206,25,165,16,1
,Richmond,12936,39,0,6,12,21,288,38,234,16,0
,Richwood,4730,6,0,3,0,3,52,3,44,5,0
,Rio Grande City,15705,23,1,0,2,20,272,71,179,22,1
,Rio Hondo,2012,8,0,1,1,6,34,4,27,3,0
,River Oaks,7420,26,0,9,2,15,113,17,80,16,0
,Roanoke,10024,7,0,3,1,3,132,17,102,13,0
,Robinson,12954,32,0,8,4,20,142,29,102,11,3
,Robstown,10155,55,0,8,3,44,300,88,199,13,3
,Rockdale,5473,38,0,0,6,32,111,43,52,16,0
,Rockport,10759,47,0,6,2,39,324,71,236,17,0
,Rockwall,51724,53,0,8,10,35,794,44,685,65,0
,Rogers,1107,0,0,0,0,0,1,1,0,0,0
,Rollingwood,1398,1,0,0,0,1,32,3,23,6,0
,Roma,11547,39,0,2,2,35,85,11,65,9,0
,Roman Forest,1963,8,0,1,0,7,69,15,48,6,0
,Roscoe,1231,0,0,0,0,0,4,1,3,0,0
,Rosenberg,40472,114,1,18,20,75,695,83,546,66,0
,Round Rock,127349,215,2,47,42,124,2934,166,2597,171,5
,Rowlett,65196,154,3,13,15,123,968,96,780,92,0
,Royse City,18613,43,1,6,5,31,316,43,253,20,0
,Runaway Bay,1764,3,0,0,0,3,14,1,13,0,0
,Rusk,5583,23,1,3,0,19,67,6,54,7,0
,Sabinal,1410,3,0,0,0,3,4,4,0,0,0
,Sachse,31317,11,0,8,2,1,218,30,164,24,1
,Saginaw,23993,59,2,16,8,33,301,21,244,36,0
,Salado,2395,1,0,1,0,0,20,2,15,3,0
,San Angelo,99243,334,6,64,26,238,2802,428,2174,200,15
,San Antonio,1465608,12935,230,1555,1700,9450,74288,9338,52586,12364,255
,San Augustine,1844,12,1,0,2,9,40,18,20,2,1
,San Benito,24712,128,0,0,10,118,426,65,327,34,2
,San Elizario,10080,4,0,0,1,3,30,6,19,5,0
,Sanger,9877,21,0,0,1,20,152,11,122,19,0
,San Juan,35806,97,0,12,14,71,691,79,560,52,2
,San Marcos,69470,445,0,106,47,292,1811,211,1380,220,9
,San Saba,3197,2,0,0,0,2,22,9,13,0,1
,Sansom Park Village,5336,35,0,7,3,25,115,24,61,30,1
,Santa Anna,1029,1,0,0,0,1,2,0,0,2,0
,Santa Fe,12802,21,0,9,4,8,120,30,73,17,0
,Schertz,43162,62,0,8,10,44,502,64,345,93,1
,Schulenburg,2742,13,0,1,0,12,41,5,31,5,1
,Seabrook,13544,31,0,13,6,12,187,27,141,19,0
,Seadrift,997,3,0,0,0,3,4,0,4,0,0
,Seagoville,19389,29,1,6,6,16,389,99,178,112,1
,Sealy,6720,4,0,0,1,3,99,15,67,17,0
,Seguin,32452,135,3,11,17,104,676,80,528,68,3
,Selma,11824,26,0,5,4,17,323,22,268,33,0
,Seminole,7066,18,0,0,2,16,63,9,46,8,1
,Seven Points,1430,9,1,1,0,7,34,6,21,7,0
,Seymour,2590,1,0,0,0,1,6,4,0,2,0
,Shallowater,2917,6,0,1,0,5,34,8,20,6,0
,Shavano Park,3609,4,0,0,1,3,73,5,57,11,0
,Shenandoah,3682,10,0,0,4,6,355,13,301,41,0
,Sherman,45881,161,3,25,15,118,866,272,496,98,5
,Shiner,2183,6,0,0,0,6,8,3,4,1,0
,Silsbee,6831,20,0,5,0,15,69,7,57,5,0
,Sinton,5602,23,1,8,1,13,104,10,90,4,0
,Slaton,5752,9,0,1,1,7,111,34,61,16,0
,Smithville,4150,7,0,2,0,5,44,2,41,1,1
,Snyder,11179,161,0,15,3,143,150,33,109,8,1
,Socorro,37952,85,3,22,9,51,281,42,182,57,1
,Somerset,1777,2,0,1,0,1,11,3,2,6,1
,Somerville,1346,4,0,1,0,3,15,5,9,1,0
,Sonora,2432,2,0,1,0,1,11,5,3,3,0
,Sour Lake,1807,0,0,0,0,0,24,2,20,2,0
,South Houston,15613,97,3,8,32,54,500,80,297,123,0
,Southlake,30949,16,1,6,3,6,376,28,335,13,0
,South Padre Island,2048,32,0,12,5,15,288,12,257,19,0
,Southside Place,1820,0,0,0,0,0,46,1,38,7,0
,Spearman,3034,0,0,0,0,0,0,0,0,0,0
,Splendora,1860,7,0,0,1,6,31,6,19,6,0
,Springtown,3638,13,0,0,0,13,19,2,17,0,0
,Spring Valley,4209,3,0,0,1,2,82,2,72,8,0
,Stafford,17110,88,2,11,19,56,884,44,743,97,0
,Stamford,3005,3,0,1,0,2,33,9,17,7,1
,Stanton,2630,3,0,0,2,1,33,14,14,5,2
,Stephenville,21505,49,0,26,2,21,239,36,189,14,0
,Stratford,1973,0,0,0,0,0,0,0,0,0,0
,Sudan,934,1,0,1,0,0,0,0,0,0,0
,Sugar Land,107989,97,0,12,33,52,1745,133,1497,115,0
,Sullivan City,3896,11,0,0,1,10,40,12,26,2,0
,Sulphur Springs,16128,29,0,7,4,18,105,16,81,8,0
,Sunnyvale,8381,7,0,0,1,6,122,6,94,22,0
,Sunray,1701,1,0,1,0,0,13,3,2,8,0
,Sunrise Beach Village,787,1,0,1,0,0,2,0,2,0,0
,Sunset Valley,637,4,0,0,1,3,172,8,138,26,0
,Surfside Beach,669,2,0,0,0,2,8,2,6,0,0
,Sweeny,3566,16,0,5,1,10,44,5,37,2,0
,Sweetwater,10420,61,0,1,7,53,146,60,70,16,1
,Taft,2835,0,0,0,0,0,30,20,7,3,0
,Tahoka,2419,8,0,0,1,7,29,9,19,1,1
,Tatum,1357,0,0,0,0,0,9,1,8,0,0
,Taylor,17259,26,1,8,1,16,274,82,175,17,3
,Teague,3497,6,1,1,1,3,42,15,20,7,0
,Temple,88484,312,5,81,34,192,1549,191,1220,138,8
,Tenaha,995,0,0,0,0,0,0,0,0,0,0
,Terrell,19670,52,0,4,4,44,535,69,392,74,0
,Terrell Hills,5036,2,1,1,0,0,64,22,34,8,0
,Texarkana,35859,150,2,13,28,107,1045,105,821,119,4
,Texas City,56311,156,7,38,24,87,1304,173,1022,109,2
,The Colony,45357,132,0,36,8,88,1278,57,1146,75,2
,Thorndale,1312,1,0,0,0,1,1,0,1,0,0
,Tioga,1220,1,0,1,0,0,0,0,0,0,0
,Todd Mission,126,0,0,0,0,0,2,0,2,0,0
,Tomball,13322,68,1,15,9,43,335,17,276,42,1
,Tom Bean,934,0,0,0,0,0,0,0,0,0,0
,Tool,2243,3,0,0,0,3,21,4,14,3,0
,Trophy Club,13794,6,0,2,0,4,79,4,66,9,0
,Tulia,4501,24,2,4,2,16,98,29,61,8,1
,Tye,1192,2,0,1,0,1,4,1,2,1,0
,Tyler,108422,575,11,87,43,434,2523,274,2038,211,1
,Universal City,19903,62,0,18,14,30,527,73,398,56,3
,University Park,24918,10,0,2,8,0,330,145,157,28,0
,Uvalde,15410,118,22,18,4,74,380,65,293,22,3
,Valley Mills,1256,0,0,0,0,0,9,2,7,0,0
,Van,2825,2,0,0,0,2,19,5,5,9,0
,Van Alstyne,6023,13,0,5,0,8,31,4,24,3,0
,Venus,7843,8,0,2,0,6,27,1,22,4,0
,Vernon,9945,39,2,10,1,26,90,25,54,11,2
,Victoria,65165,247,7,35,36,169,1452,269,1107,76,14
,Vidor,9671,20,0,4,1,15,193,75,92,26,0
,Waco,140911,906,14,117,106,669,4550,750,3420,380,22
,Wake Village,5861,2,0,0,0,2,73,15,50,8,1
,Waller,2846,6,0,1,0,5,34,3,15,16,1
,Wallis,1302,1,0,0,0,1,10,4,6,0,0
,Watauga,23027,40,2,3,4,31,285,73,179,33,1
,Waxahachie,45422,113,0,24,8,81,739,55,625,59,1
,Weatherford,36796,72,0,29,3,40,630,111,448,71,2
,Webster,11952,57,0,7,13,37,1003,125,754,124,1
,Weimar,2083,3,0,0,2,1,15,5,7,3,0
,Weslaco,41478,147,1,25,26,95,1247,126,1088,33,0
,West,2587,2,0,0,1,1,21,9,9,3,0
,West Columbia,3587,12,0,1,0,11,57,6,45,6,0
,West Lake Hills,3220,1,0,0,0,1,84,2,79,3,0
,West Orange,3418,20,0,2,2,16,89,13,71,5,0
,Westover Hills,638,5,0,0,0,5,7,3,3,1,0
,West University Place,14524,7,0,1,3,3,144,21,94,29,0
,Westworth,2614,18,0,0,1,17,91,8,78,5,1
,Wharton,8627,26,0,1,4,21,268,30,223,15,3
,Whitehouse,9175,11,0,4,0,7,80,13,58,9,0
,White Oak,6147,16,0,10,1,5,58,10,41,7,0
,White Settlement,17954,56,1,7,13,35,433,75,264,94,0
,Wichita Falls,103337,486,14,110,53,309,2964,516,2147,301,0
,Willis,6986,28,1,4,6,17,204,29,145,30,1
,Willow Park,5427,15,0,2,0,13,90,17,60,13,0
,Wills Point,3977,4,0,0,0,4,24,10,9,5,0
,Wilmer,5590,15,0,4,3,8,71,13,34,24,0
,Windcrest,5793,17,0,0,3,14,388,21,322,45,2
,Wink,844,3,0,1,0,2,7,3,4,0,0
,Winnsboro,3581,6,0,0,1,5,29,9,18,2,0
,Winters,2363,5,0,1,1,3,23,12,9,2,1
,Wolfforth,6482,6,0,1,0,5,32,6,21,5,0
,Woodbranch,1497,0,0,0,0,0,0,0,0,0,0
,Woodsboro,1275,1,0,0,0,1,5,1,3,1,0
,Woodville,2471,4,0,0,1,3,27,5,15,7,0
,Woodway,9514,5,0,0,0,5,101,1,93,7,0
,Wortham,1015,7,0,0,2,5,17,9,4,4,0
,Wylie,60910,36,0,7,4,25,352,36,288,28,2
,Yoakum,5958,3,0,0,0,3,22,6,11,5,1
,Zavalla,610,1,0,0,0,1,12,0,10,2,0
UTAH,American Fork/Cedar Hills,45310,46,0,20,8,18,767,64,649,54,4
,Blanding,3295,3,0,1,0,2,32,5,26,1,0
,Bluffdale,20386,18,0,7,0,11,154,19,108,27,0
,Bountiful,45098,50,0,23,2,25,540,43,448,49,1
,Brian Head,159,1,0,1,0,0,13,0,13,0,0
,Cedar City,39266,31,0,14,2,15,517,54,420,43,3
,Centerville,16719,26,0,11,1,14,298,32,246,20,7
,Clearfield,32586,77,2,18,6,51,500,67,396,37,3
,Clinton,23784,24,0,6,1,17,287,15,251,21,0
,Cottonwood Heights,32191,40,0,8,7,25,637,57,525,55,0
,Draper,53049,51,0,14,1,36,878,136,663,79,6
,Enoch,8518,7,0,2,0,5,23,4,18,1,0
,Ephraim,5834,8,0,7,0,1,42,4,38,0,0
,Grantsville,14431,23,1,3,0,19,119,8,93,18,0
,Harrisville,6948,5,0,2,0,3,225,6,215,4,1
,Heber,17659,17,1,5,0,11,143,13,123,7,1
,Helper,2082,2,0,0,0,2,27,4,22,1,0
,Herriman,60138,46,0,13,6,27,469,40,373,56,4
,Hurricane,23607,47,0,11,0,36,326,57,224,45,0
,Kanab,5324,10,0,1,0,9,36,2,32,2,0
,Kaysville,33004,21,0,12,1,8,261,25,218,18,1
,La Verkin,4582,8,0,3,0,5,73,5,64,4,0
,Layton,84636,138,0,38,8,92,1410,152,1155,103,12
,Lindon,11922,9,1,3,1,4,366,31,321,14,0
,Logan,56267,100,0,40,2,58,716,82,588,46,1
,Lone Peak,30258,7,0,2,1,4,116,11,94,11,0
,Mantua,1336,1,0,0,0,1,7,4,3,0,0
,Mapleton,13415,16,0,8,0,8,45,6,35,4,0
,Moab,5263,39,0,12,0,27,106,6,91,9,0
,Mount Pleasant,3836,5,0,3,0,2,21,0,19,2,0
,Murray,48884,175,1,31,33,110,2470,233,1876,361,17
,Naples,2383,4,0,3,0,1,23,4,16,3,0
,Nephi,6739,6,0,3,0,3,51,9,35,7,0
,North Ogden,21977,19,0,4,2,13,171,42,109,20,0
,North Park,16904,16,0,6,1,9,132,52,73,7,0
,North Salt Lake,22679,28,0,13,1,14,401,54,289,58,0
,Ogden,86870,482,3,98,44,337,2204,272,1661,271,9
,Orem,97430,182,6,90,10,76,1642,129,1363,150,4
,Park City,8516,42,0,23,2,17,204,18,182,4,0
,Payson,22989,20,0,6,2,12,193,27,162,4,0
,Perry,5921,3,0,1,1,1,121,7,105,9,1
,Pleasant Grove,38095,32,1,16,4,11,362,62,265,35,0
,Pleasant View,11234,9,0,1,0,8,80,18,48,14,0
,Price,8230,24,0,6,0,18,99,19,78,2,1
,Provo,114120,168,0,46,14,108,1597,159,1301,137,27
,Richfield,8379,15,0,1,0,14,254,15,227,12,1
,Riverdale,9408,30,0,7,2,21,443,29,398,16,1
,Riverton,44920,36,0,10,5,21,491,33,420,38,0
,Roosevelt,7004,22,0,4,1,17,179,21,145,13,2
,Roy,39305,66,0,14,8,44,406,81,288,37,0
,Salem,10308,2,0,1,0,1,46,4,38,4,0
,Salt Lake City,201373,1970,13,380,413,1164,12934,1316,9887,1731,65
,Santaquin/Genola,18616,7,0,2,2,3,62,8,50,4,0
,Saratoga Springs,50850,51,0,19,1,31,329,27,286,16,0
,Smithfield,14455,3,0,0,1,2,47,11,35,1,1
,South Jordan,82250,54,0,21,10,23,1117,101,908,108,2
,South Ogden,17585,36,0,12,7,17,205,35,142,28,1
,Spanish Fork,45005,40,2,20,4,14,451,20,394,37,1
,Springdale,589,1,0,0,0,1,15,1,13,1,0
,Springville,36907,40,3,13,6,18,385,27,326,32,1
,St. George,104158,170,3,38,8,121,1139,95,918,126,6
,Sunset,5557,15,0,2,0,13,84,13,61,10,0
,Syracuse,34354,22,0,10,0,12,297,26,256,15,4
,Taylorsville City,58059,126,2,17,28,79,1535,109,1226,200,4
,Tooele,38318,177,3,38,12,124,692,98,534,60,3
,Tremonton Garland,13682,13,0,5,0,8,210,62,141,7,2
,Washington,33535,62,0,19,1,42,426,39,342,45,1
,West Jordan,115900,386,5,107,34,240,2498,202,2023,273,4
,West Valley,138020,609,8,82,97,422,3960,420,2908,632,16
,Woods Cross,11846,16,0,1,2,13,210,21,145,44,0
VERMONT,Barre,8447,45,0,17,2,26,219,17,201,1,1
,Barre Town,7970,5,0,1,0,4,81,7,73,1,0
,Bellows Falls,2820,5,0,0,0,5,52,4,44,4,0
,Bennington,15301,93,2,2,7,82,475,34,435,6,1
,Berlin,2936,26,0,8,1,17,174,6,165,3,0
,Bradford,2822,1,0,0,0,1,12,6,5,1,0
,Brandon,4112,15,0,0,0,15,45,8,37,0,0
,Brattleboro,12256,60,1,8,5,46,747,134,610,3,0
,Bristol,3730,2,0,0,0,2,4,0,4,0,0
,Burlington,44689,183,5,14,12,152,2291,175,1804,312,5
,Castleton,4599,1,0,0,0,1,5,0,5,0,0
,Colchester,17710,45,0,12,2,31,334,19,304,11,0
,Dover,1859,3,0,1,0,2,33,0,30,3,0
,Essex,22481,36,0,8,2,26,326,24,293,9,0
,Hardwick,2997,4,0,0,0,4,49,3,46,0,0
,Hartford,10863,38,0,13,0,25,163,15,133,15,1
,Hinesburg,4699,1,0,1,0,0,6,3,3,0,0
,Killington,1414,4,0,0,0,4,4,0,3,1,0
,Ludlow,2204,3,0,0,0,3,30,1,29,0,0
,Lyndonville,1200,4,0,0,0,4,41,1,36,4,0
,Manchester,4499,8,0,2,0,6,37,10,27,0,0
,Middlebury,9037,14,0,3,0,11,80,9,67,4,0
,Milton,10656,17,0,7,0,10,69,5,62,2,1
,Montpelier,7995,26,0,6,1,19,147,13,131,3,1
,Morristown,5610,7,0,2,0,5,88,2,86,0,2
,Newport,4433,41,0,5,3,33,106,9,96,1,0
,Northfield,6291,18,0,5,2,11,10,0,10,0,0
,Norwich,3681,1,0,0,0,1,25,5,17,3,0
,Pittsford,2879,0,0,0,0,0,30,2,28,0,0
,Royalton,2794,1,0,1,0,0,21,2,19,0,0
,Rutland,15858,76,1,5,13,57,770,39,711,20,3
,Rutland Town,3929,7,0,0,1,6,244,6,233,5,0
,Shelburne,7903,5,0,1,1,3,131,8,117,6,1
,South Burlington,20307,60,1,9,4,46,810,31,740,39,0
,Springfield,9180,25,0,7,5,13,198,47,133,18,0
,St. Albans,7022,40,0,4,2,34,257,16,236,5,2
,St. Johnsbury,7404,26,0,2,3,21,272,29,240,3,0
,Stowe,5359,3,0,1,0,2,80,8,69,3,1
,Swanton,6813,9,0,1,2,6,30,2,28,0,0
,Vergennes,2565,2,0,1,0,1,33,0,33,0,1
,Weathersfield,2887,8,0,6,0,2,10,0,8,2,0
,Williston,10067,6,0,0,0,6,329,12,304,13,0
,Wilmington,2310,7,0,2,0,5,9,0,8,1,0
,Windsor,3595,4,0,2,1,1,39,3,34,2,0
,Winooski,8647,47,1,3,7,36,343,33,284,26,1
,Woodstock,3064,2,0,1,0,1,28,1,27,0,0
VIRGINIA,Abingdon,8265,16,0,5,0,11,127,13,105,9,0
,Alexandria,150957,281,6,7,103,165,2946,155,2459,332,4
,Altavista,3348,10,0,1,1,8,77,5,68,4,0
,Ashland,7661,44,0,3,3,38,168,9,147,12,0
,Bedford,6681,15,0,8,1,6,201,10,181,10,1
,Berryville,4588,2,0,2,0,0,29,2,24,3,0
,Big Stone Gap,5155,8,0,1,1,6,92,5,81,6,0
,Blacksburg,45749,20,1,11,3,5,266,21,235,10,2
,Blackstone,3347,7,0,0,0,7,111,5,105,1,1
,Bluefield,4957,16,0,5,4,7,246,8,233,5,0
,Bridgewater,6215,5,0,0,0,5,42,7,34,1,0
,Bristol,16909,63,2,14,5,42,456,49,361,46,0
,Broadway,4269,3,0,1,0,2,26,3,20,3,0
,Buena Vista,6605,10,0,2,0,8,50,2,42,6,1
,Charlottesville,45089,244,2,36,35,171,1538,126,1249,163,2
,Chase City,2037,7,1,0,1,5,24,5,17,2,0
,Chatham,1182,0,0,0,0,0,1,0,1,0,0
,Chesapeake,253745,1059,25,72,104,858,5102,409,4287,406,15
,Chilhowie,1652,8,0,1,1,6,18,1,13,4,0
,Chincoteague,3284,4,0,1,0,3,34,3,27,4,1
,Christiansburg,21746,40,0,10,2,28,514,22,473,19,0
,Clifton Forge,3433,16,0,3,0,13,53,10,43,0,1
,Colonial Beach,3980,15,0,3,1,11,49,3,42,4,0
,Colonial Heights,18419,56,1,8,14,33,630,25,593,12,2
,Covington,5733,16,0,10,0,6,55,6,47,2,3
,Crewe,2257,6,0,2,0,4,52,9,37,6,0
,Culpeper,20836,43,1,7,5,30,339,8,315,16,2
,Damascus,782,0,0,0,0,0,51,8,41,2,0
,Danville,42111,137,8,20,25,84,1345,75,1172,98,8
,Dublin,2636,6,1,3,2,0,43,6,34,3,0
,Dumfries,5659,15,3,1,4,7,93,4,65,24,1
,Eastville,295,0,0,0,0,0,0,0,0,0,0
,Elkton,3008,3,0,1,0,2,37,1,32,4,0
,Emporia,5637,25,3,2,10,10,199,24,162,13,0
,Exmore,1432,3,0,0,1,2,42,4,34,4,1
,Fairfax City,24509,27,1,7,12,7,566,17,507,42,2
,Falls Church,14384,8,0,2,6,0,249,12,216,21,1
,Farmville,7216,33,1,5,1,26,212,8,203,1,1
,Franklin,8292,43,3,3,11,26,259,26,217,16,1
,Fredericksburg,28844,119,0,7,14,98,1146,57,1039,50,5
,Front Royal,15201,32,0,16,2,14,230,20,191,19,0
,Galax,6652,17,0,2,1,14,254,22,202,30,0
,Gate City,2015,7,0,1,0,6,16,1,13,2,1
,Glade Spring,1355,2,0,0,0,2,10,0,9,1,0
,Gordonsville,1466,4,0,0,0,4,8,1,7,0,0
,Gretna,1274,1,0,0,0,1,13,0,10,3,0
,Grottoes,2965,3,0,0,1,2,12,1,11,0,0
,Grundy,805,1,0,0,0,1,38,0,36,2,0
,Halifax,1098,4,0,1,0,3,14,3,10,1,0
,Hampton,138843,375,21,45,86,223,4035,274,3387,374,23
,Harrisonburg,51363,129,1,26,8,94,929,65,812,52,1
,Herndon,24070,61,1,8,26,26,411,13,378,20,0
,Hillsville,2856,7,2,2,0,3,40,4,33,3,0
,Hopewell,23395,126,9,10,30,77,459,61,349,49,2
,Jonesville,862,0,0,0,0,0,6,0,6,0,0
,Kenbridge,1110,5,0,1,0,4,16,2,13,1,0
,Kilmarnock,1419,1,0,0,0,1,47,0,46,1,0
,Lawrenceville,1025,2,0,0,0,2,10,4,6,0,0
,Lebanon,3098,3,0,1,0,2,91,2,83,6,1
,Leesburg,49395,148,2,22,16,108,697,21,645,31,5
,Lexington,7628,8,0,3,1,4,50,5,44,1,0
,Louisa,2118,5,0,1,0,4,33,0,32,1,0
,Luray,4813,7,0,3,0,4,101,8,92,1,1
,Lynchburg,79421,284,8,24,52,200,1955,214,1436,305,6
,Manassas,42836,126,0,21,38,67,948,50,823,75,4
,Marion,5711,18,0,2,3,13,131,11,104,16,1
,Martinsville,13660,52,0,7,10,35,289,30,234,25,1
,Middletown,1413,1,0,1,0,0,9,1,8,0,0
,Mount Jackson,2010,1,0,1,0,0,26,1,25,0,0
,New Market,2180,2,0,0,1,1,21,2,18,1,0
,Newport News,183903,1121,31,58,177,855,4233,337,3434,462,30
,Norfolk,233419,1640,63,98,301,1178,11372,546,8962,1864,9
,Norton,3666,14,3,2,2,7,248,6,227,15,2
,Onancock,1156,0,0,0,0,0,28,9,19,0,0
,Orange,5254,24,0,3,2,19,82,7,71,4,0
,Pearisburg,2812,1,0,1,0,0,64,5,57,2,2
,Pembroke,1124,0,0,0,0,0,17,0,17,0,0
,Pennington Gap,1595,3,0,0,0,3,43,5,38,0,1
,Petersburg,33546,273,21,17,45,190,857,88,682,87,3
,Pocahontas,259,0,0,0,0,0,2,0,2,0,0
,Poquoson,12738,21,0,4,3,14,61,9,48,4,7
,Portsmouth,98003,858,47,48,209,554,4784,421,3940,423,10
,Pulaski,8944,30,0,7,1,22,310,63,227,20,0
,Purcellville,9103,6,0,2,0,4,56,4,50,2,0
,Radford,16978,54,0,4,4,46,185,9,153,23,1
,Rich Creek,719,1,0,0,0,1,15,1,12,2,0
,Richlands,5158,20,1,8,0,11,67,11,51,5,0
,Richmond,227323,818,59,10,221,528,7803,785,6253,765,37
,Roanoke,98204,594,18,114,98,364,4212,508,3295,409,24
,Rocky Mount,4929,10,1,2,3,4,181,5,169,7,0
,Rural Retreat,1527,0,0,0,0,0,14,1,13,0,0
,Salem,25460,32,0,9,7,16,441,52,349,40,3
,Saltville,1774,3,0,0,0,3,26,5,14,7,0
,Shenandoah,2510,1,0,1,0,0,25,5,19,1,0
,Smithfield,8827,20,0,0,7,13,96,2,89,5,1
,South Boston,7884,26,3,3,2,18,184,17,157,10,0
,South Hill,4737,27,3,1,3,20,194,14,169,11,0
,Stanley,1721,4,0,3,0,1,28,3,24,1,0
,Staunton,25611,36,1,6,3,26,478,33,425,20,7
,Stephens City,2109,0,0,0,0,0,25,0,25,0,0
,St. Paul,838,1,0,0,0,1,16,2,13,1,1
,Strasburg,7270,12,0,3,2,7,56,5,50,1,0
,Suffolk,98065,467,12,35,60,360,1757,102,1487,168,11
,Tappahannock,2236,12,0,2,0,10,55,4,48,3,1
,Tazewell,4374,6,0,3,1,2,63,16,38,9,0
,Timberville,3013,5,0,0,1,4,6,3,3,0,0
,Vienna,16194,9,0,3,2,4,167,5,153,9,0
,Vinton,7996,16,0,2,3,11,158,6,132,20,0
,Virginia Beach,457556,400,21,54,139,186,7369,352,6216,801,24
,Warrenton,10218,16,0,5,2,9,110,5,96,9,0
,Waynesboro,22903,52,0,10,7,35,429,39,350,40,4
,Weber City,1228,3,0,0,0,3,14,1,13,0,0
,West Point,3424,4,0,1,1,2,12,1,10,1,0
,White Stone,388,0,0,0,0,0,0,0,0,0,0
,Williamsburg,15790,33,0,4,3,26,243,10,226,7,0
,Winchester,28363,76,1,28,11,36,787,75,683,29,5
,Windsor,2876,11,0,1,0,10,28,1,24,3,0
,Wintergreen,166,1,0,0,0,1,21,1,20,0,0
,Wise,2884,3,0,0,1,2,45,4,37,4,0
,Woodstock,5929,15,0,6,0,9,83,3,79,1,2
,Wytheville,8199,10,0,7,1,2,303,33,252,18,0
WASHINGTON,Aberdeen,17338,76,0,15,17,44,723,148,480,95,6
,Airway Heights,10803,35,1,3,8,23,437,44,296,97,3
,Algona,3194,15,0,0,1,14,62,15,32,15,0
,Anacortes,17990,16,1,6,4,5,591,82,458,51,1
,Arlington,20176,67,0,7,16,44,574,114,354,106,1
,Auburn,84279,421,13,42,125,241,4334,882,2186,1266,32
,Bainbridge Island,24336,23,0,12,0,11,340,55,256,29,1
,Battle Ground,21385,33,0,13,3,17,333,25,267,41,2
,Beaux Arts,304,1,0,1,0,0,2,0,2,0,0
,Bellevue,147079,230,2,17,103,108,5569,786,4299,484,12
,Bellingham,93014,378,2,22,135,219,6058,801,4764,493,20
,Bingen,737,1,0,1,0,0,13,4,8,1,1
,Black Diamond,7021,0,0,0,0,0,72,24,43,5,0
,Blaine,6050,15,1,0,1,13,122,34,71,17,0
,Bonney Lake,22898,50,0,5,13,32,711,96,537,78,2
,Bothell,47407,37,1,10,10,16,985,120,752,113,3
,Bremerton,44256,210,1,40,44,125,1859,316,1191,352,13
,Brewster,2027,2,0,1,0,1,19,4,13,2,0
,Brier,6448,10,0,0,0,10,63,15,30,18,0
,Buckley,5982,17,1,1,0,15,66,14,37,15,1
,Burien,50159,249,2,30,78,139,2063,416,1037,610,17
,Burlington,10187,34,2,5,22,5,1166,130,933,103,1
,Camas,27653,8,0,5,0,3,313,40,231,42,1
,Carnation,2170,0,0,0,0,0,27,6,19,2,0
,Castle Rock,2442,3,0,2,0,1,74,25,41,8,1
,Centralia,18993,63,2,13,12,36,974,125,730,119,5
,Chehalis,7870,24,0,1,7,16,538,54,434,50,0
,Cheney,13092,26,0,10,3,13,241,42,178,21,3
,Clarkston,7267,42,0,9,1,32,344,69,256,19,4
,Cle Elum,3198,8,0,2,1,5,107,14,77,16,0
,College Place,9907,7,0,0,2,5,221,49,163,9,0
,Colville,5026,2,0,0,0,2,20,6,8,6,0
,Connell,4945,6,0,3,1,2,46,11,26,9,0
,Coulee Dam,1241,3,0,2,0,1,13,5,7,1,0
,Covington,20686,67,0,11,28,28,852,153,577,122,0
,Darrington,1468,6,0,1,0,5,10,4,3,3,0
,Des Moines,32541,99,3,9,33,54,1136,132,740,264,9
,Dupont,10024,9,0,2,3,4,214,33,136,45,1
,Duvall,8778,5,0,0,1,4,49,3,43,3,0
,East Wenatchee,14243,20,0,3,4,13,294,47,223,24,0
,Eatonville,2849,8,0,0,1,7,21,2,11,8,2
,Edgewood,12900,22,0,8,4,10,434,109,253,72,3
,Edmonds,42714,104,1,7,32,64,1119,171,838,110,5
,Ellensburg,19822,50,2,9,9,30,533,71,425,37,1
,Elma,3509,6,0,2,0,4,72,21,43,8,0
,Enumclaw,12833,7,0,2,3,2,264,33,174,57,0
,Ephrata,8465,20,0,5,2,13,430,115,279,36,1
,Everett,110694,490,12,54,110,314,4816,738,3082,996,20
,Everson,4653,4,1,1,0,2,26,2,23,1,0
,Federal Way,97094,534,8,56,154,316,5099,724,2904,1471,27
,Ferndale,15816,28,3,5,8,12,442,40,373,29,5
,Fife,10900,170,1,14,49,106,1324,180,699,445,10
,Fircrest,7047,12,0,1,4,7,153,21,86,46,2
,Gig Harbor,12301,30,0,2,12,16,746,90,537,119,1
,Gold Bar,2384,3,0,1,1,1,23,10,12,1,0
,Goldendale,3551,3,0,0,0,3,162,22,139,1,0
,Grand Coulee,1919,4,1,0,0,3,65,11,39,15,1
,Grandview,10901,33,0,5,6,22,384,110,221,53,4
,Granite Falls,4842,8,0,2,1,5,54,22,29,3,0
,Hoquiam,8918,11,2,0,0,9,205,45,141,19,1
,Ilwaco,1132,0,0,0,0,0,15,3,8,4,0
,Index,157,0,0,0,0,0,2,0,2,0,0
,Issaquah,38917,19,0,2,12,5,1692,133,1422,137,1
,Kalama,3061,4,0,0,0,4,80,32,39,9,1
,Kelso,12723,52,2,9,10,31,594,124,402,68,6
,Kenmore,23107,14,0,4,2,8,296,54,198,44,4
,Kennewick,85058,406,8,68,61,269,3961,505,2720,736,18
,Kent,133066,611,9,73,209,320,7356,1545,3802,2009,24
,Kettle Falls,1665,7,0,1,1,5,26,1,22,3,0
,Kirkland,91464,106,0,19,28,59,2161,247,1678,236,4
,La Center,4142,7,0,0,0,7,60,13,45,2,0
,Lacey,55101,121,2,16,32,71,1896,257,1362,277,10
,Lake Forest Park,13096,13,0,3,2,8,263,29,206,28,2
,Lake Stevens,36828,62,0,13,10,39,366,56,249,61,2
,Lakewood,63044,529,4,34,112,379,3282,537,1749,996,17
,Langley,1155,2,0,0,1,1,29,7,21,1,1
,Liberty Lake,12897,26,0,5,3,18,246,20,201,25,0
,Long Beach,1752,11,0,6,0,5,37,14,20,3,0
,Longview,37768,132,0,26,35,71,1694,292,1188,214,10
,Lynden,16275,18,0,7,2,9,340,30,299,11,2
,Lynnwood,42764,141,5,18,54,64,2528,310,1949,269,4
,Maple Valley,28175,31,0,5,11,15,497,91,332,74,2
,Marysville,71395,181,0,38,36,107,1240,180,847,213,7
,Medina,2849,1,0,0,0,1,33,8,19,6,0
,Mercer Island,25121,25,2,3,5,15,425,54,328,43,0
,Mill Creek,20925,36,1,3,9,23,527,95,373,59,3
,Milton,9113,40,0,1,17,22,359,48,210,101,0
,Monroe,20309,54,0,10,11,33,549,63,446,40,4
,Montesano,4196,1,0,0,0,1,53,8,44,1,0
,Moses Lake,25709,134,2,9,25,98,1399,193,1103,103,13
,Mountlake Terrace,21589,34,1,6,9,18,613,88,419,106,4
,Mount Vernon,35511,96,1,9,20,66,1047,155,737,155,15
,Moxee,4408,10,1,1,0,8,34,6,21,7,0
,Mukilteo,21009,25,0,3,4,18,510,93,370,47,1
,Napavine,1999,2,0,0,0,2,38,14,20,4,0
,Newcastle,12782,11,0,2,3,6,300,53,186,61,1
,Newport,2182,4,1,0,0,3,37,4,30,3,1
,Normandy Park,6519,6,0,1,2,3,127,25,86,16,0
,North Bend,7889,7,0,1,2,4,341,40,267,34,0
,Oak Harbor,24858,15,0,4,2,9,220,33,151,36,0
,Oakville,733,2,0,0,0,2,37,3,27,7,0
,Olympia,56214,293,2,31,84,176,2363,344,1661,358,12
,Orting,8877,15,0,0,1,14,108,19,71,18,2
,Othello,8876,13,0,7,1,5,257,24,192,41,1
,Pacific,6966,16,0,2,5,9,201,52,102,47,1
,Pasco,79899,254,2,28,58,166,2255,313,1414,528,17
,Port Angeles,20290,136,1,29,18,88,768,157,531,80,7
,Port Orchard,16351,72,0,15,17,40,955,136,596,223,2
,Port Townsend,10452,19,0,0,1,18,145,24,106,15,2
,Poulsbo,11814,38,0,6,8,24,442,63,317,62,1
,Prosser,6136,7,0,0,1,6,138,13,96,29,1
,Pullman,32848,30,0,15,1,14,309,50,248,11,0
,Puyallup,42580,162,1,21,70,70,3095,384,1929,782,39
,Quincy,8413,14,1,4,3,6,210,46,126,38,3
,Raymond,3201,4,1,1,1,1,44,12,25,7,0
,Reardan,685,0,0,0,0,0,10,4,4,2,0
,Redmond,79403,94,0,16,41,37,2520,265,2036,219,16
,Renton,103619,382,7,22,141,212,4796,669,2773,1354,20
,Richland,63081,197,5,43,25,124,2341,282,1742,317,5
,Ridgefield,14465,15,0,6,1,8,165,29,113,23,1
,Ritzville,1704,4,0,2,0,2,96,5,86,5,0
,Roy,805,3,0,1,0,2,13,7,4,2,1
,Royal City,1828,2,0,1,0,1,27,5,9,13,0
,Ruston,1053,4,0,0,0,4,63,9,31,23,2
,Sammamish,65738,39,1,13,3,22,603,102,460,41,0
,SeaTac,30203,191,2,33,53,103,1573,140,900,533,4
,Seattle,729691,6115,54,311,1748,4002,41745,8765,26038,6942,180
,Sedro Woolley,12565,16,0,0,0,16,269,66,171,32,0
,Selah,8258,10,0,7,1,2,182,25,141,16,2
,Sequim,8439,20,0,4,2,14,310,58,216,36,0
,Shelton,11102,66,2,18,14,32,377,72,249,56,3
,Shoreline,57147,156,2,24,48,82,1629,335,993,301,23
,Skykomish,156,0,0,0,0,0,7,5,2,0,0
,Snohomish,10125,21,0,0,8,13,275,59,180,36,2
,Snoqualmie,13523,1,0,0,1,0,326,27,258,41,1
,Soap Lake,1708,9,0,2,0,7,62,12,39,11,0
,South Bend,1784,1,0,0,0,1,24,3,19,2,0
,Spokane,229292,1541,18,194,309,1020,13153,1771,9579,1803,75
,Spokane Valley,108076,360,3,49,71,237,4390,593,3230,567,8
,Stanwood,9132,7,0,1,1,5,123,22,93,8,0
,Steilacoom,6690,5,1,1,0,3,91,11,61,19,0
,Sultan,6102,14,0,0,3,11,76,16,55,5,0
,Sumas,1647,3,0,2,0,1,7,1,5,1,0
,Sumner,10681,24,1,6,4,13,619,126,367,126,7
,Sunnyside,16300,78,1,4,17,56,607,83,422,102,2
,Tacoma,219027,3526,41,147,746,2592,18704,2381,10422,5901,243
,Toppenish,8717,76,2,7,13,54,649,124,420,105,5
,Tukwila,21473,166,3,12,88,63,4293,321,3077,895,4
,Tumwater,26227,60,0,8,13,39,881,143,600,138,3
,Union Gap,6514,24,3,4,10,7,513,67,399,47,1
,University Place,34846,87,1,9,20,57,1025,123,639,263,9
,Vancouver,193273,1229,14,132,293,790,10777,1351,6625,2801,53
,Walla Walla,33899,126,2,27,10,87,1037,206,741,90,18
,Warden,2574,2,0,0,0,2,103,21,65,17,0
,Washougal,16902,47,0,10,8,29,304,40,211,53,7
,Wenatchee,35462,85,2,17,9,57,982,154,733,95,16
,Westport,2280,6,0,2,1,3,113,27,79,7,0
,West Richland,17557,16,0,4,2,10,199,30,141,28,0
,White Salmon,2663,0,0,0,0,0,22,5,15,2,0
,Winlock,1704,2,0,1,0,1,32,4,24,4,0
,Woodinville,13357,25,0,6,12,7,528,69,403,56,2
,Woodland,6544,12,0,3,3,6,206,23,147,36,1
,Woodway,1302,0,0,0,0,0,17,6,11,0,0
,Yakima,96267,589,12,51,121,405,3026,545,1975,506,23
,Yelm,10749,29,0,7,6,16,301,51,219,31,2
WEST VIRGINIA,Barboursville,4264,0,0,0,0,0,91,0,91,0,0
,Beckley,16843,125,1,15,8,101,1297,134,1114,49,0
,Bluefield,9411,131,2,2,0,127,8,0,8,0,0
,Bridgeport,9206,25,0,3,0,22,104,4,94,6,0
,Buckhannon,5243,3,0,1,0,2,86,0,86,0,0
,Ceredo,1372,4,0,1,0,3,13,2,10,1,1
,Chapmanville,980,0,0,0,0,0,16,3,10,3,0
,Charleston,47350,302,10,44,35,213,1943,423,1375,145,29
,Clearview,455,0,0,0,0,0,1,0,1,0,0
,Fairmont,18121,71,1,9,5,56,251,54,179,18,5
,Fayetteville,2815,2,0,0,0,2,143,2,141,0,0
,Follansbee,2760,0,0,0,0,0,15,2,10,3,0
,Glen Dale,1467,0,0,0,0,0,13,1,11,1,0
,Grafton,4578,0,0,0,0,0,31,14,15,2,1
,Huntington,45547,288,6,31,36,215,1274,236,871,167,19
,Kenova,2940,0,0,0,0,0,28,3,18,7,0
,Madison,2779,9,0,1,0,8,22,6,15,1,1
,Moorefield,2459,25,0,1,0,24,48,4,43,1,0
,Morgantown,29279,84,6,19,8,51,715,41,648,26,0
,Nitro,6444,11,0,2,0,9,259,38,210,11,0
,Parkersburg,29190,129,5,26,9,89,1011,110,825,76,23
,Ripley,3061,8,0,0,0,8,30,3,27,0,0
,Romney,1718,14,0,1,0,13,6,0,5,1,0
,Shepherdstown,1504,0,0,0,0,0,8,0,7,1,0
,South Charleston,13138,82,1,6,3,72,610,39,547,24,3
,Spencer,2022,3,0,2,0,1,49,2,47,0,0
,Summersville,3371,7,0,0,0,7,85,9,75,1,0
,Vienna,10521,19,0,6,2,11,381,12,362,7,2
,Weirton,18544,17,0,7,0,10,70,0,70,0,4
,Wheeling,26244,323,5,25,14,279,633,187,405,41,1
,Williamstown,2971,4,0,0,0,4,1,0,1,0,0
WISCONSIN,Adams,1776,6,0,3,0,3,60,6,52,2,1
,Algoma,3205,5,0,2,0,3,15,4,10,1,1
,Altoona,9320,8,1,4,0,3,178,14,156,8,0
,Amery,2942,8,0,2,0,6,32,3,28,1,0
,Antigo,7947,17,0,2,0,15,133,12,112,9,0
,Appleton,74411,200,1,31,8,160,1115,115,949,51,4
,Arcadia,3654,2,0,0,0,2,6,1,5,0,0
,Ashland,7975,13,0,6,1,6,264,23,223,18,2
,Ashwaubenon,16833,25,0,12,1,12,359,24,318,17,0
,Augusta,1534,3,0,2,0,1,27,5,21,1,0
,Bangor,1420,2,0,2,0,0,6,0,5,1,0
,Baraboo,12312,31,0,7,2,22,193,8,170,15,0
,Barneveld,1318,0,0,0,0,0,1,0,0,1,0
,Barron,3644,8,0,0,0,8,17,4,10,3,0
,Bayfield,590,0,0,0,0,0,0,0,0,0,1
,Bayside,4365,0,0,0,0,0,25,1,21,3,0
,Beaver Dam,16656,26,1,10,1,14,114,6,104,4,1
,Belleville,2614,2,0,0,0,2,15,5,10,0,1
,Beloit,36784,225,3,22,26,174,773,98,568,107,10
,Beloit Town,7895,9,0,1,1,7,83,19,56,8,1
,Berlin,5665,21,0,1,0,20,60,6,51,3,0
,Birchwood,408,0,0,0,0,0,0,0,0,0,0
,Black River Falls,3495,2,0,1,0,1,89,5,79,5,2
,Bloomer,3742,4,0,1,0,3,23,1,19,3,0
,Boscobel,3291,7,0,0,0,7,15,0,12,3,1
,Boyceville,1094,5,0,5,0,0,10,0,9,1,0
,Brillion,3395,4,0,2,0,2,17,0,15,2,0
,Brodhead,3241,2,0,1,1,0,29,0,27,2,0
,Brookfield,41489,17,0,5,7,5,541,29,469,43,0
,Brookfield Township,6429,4,0,1,1,2,95,3,86,6,0
,Brown Deer,12817,33,2,3,9,19,653,11,528,114,3
,Burlington,10991,7,0,1,0,6,64,7,56,1,0
,Butler,1765,3,0,1,1,1,58,2,50,6,0
,Caledonia,25165,9,0,1,1,7,115,25,79,11,0
,Campbell Township,4198,3,0,1,0,2,46,3,42,1,0
,Cashton,1150,1,0,0,0,1,6,0,6,0,0
,Cedarburg,12636,4,0,0,0,4,82,1,78,3,0
,Chetek,2160,1,0,0,0,1,11,3,6,2,0
,Chilton,3898,8,1,4,0,3,15,2,12,1,0
,Chippewa Falls,14832,41,3,7,1,30,79,9,59,11,2
,Cleveland,1599,0,0,0,0,0,4,1,3,0,0
,Clinton,2178,2,0,0,0,2,20,2,15,3,0
,Colby-Abbotsford,4312,4,0,0,0,4,43,1,38,4,0
,Columbus,5478,0,0,0,0,0,35,0,30,5,0
,Cornell,1448,3,0,2,0,1,10,1,9,0,0
,Cottage Grove,7328,3,0,0,0,3,11,1,7,3,0
,Crandon,1764,2,0,0,0,2,7,1,6,0,0
,Cross Plains,4011,2,0,0,0,2,14,1,8,5,0
,Cudahy,17702,23,0,5,0,18,200,14,134,52,2
,Cumberland,2269,1,0,0,0,1,0,0,0,0,0
,Darlington,2458,1,0,0,0,1,7,1,6,0,0
,Deforest,10869,8,4,0,0,4,126,6,107,13,0
,Delafield,7192,3,0,1,0,2,101,2,99,0,0
,Delavan,10193,11,0,2,0,9,155,5,136,14,0
,Delavan Town,5347,2,0,0,0,2,11,3,8,0,0
,De Pere,25382,20,0,3,1,16,148,12,125,11,0
,Eagle Village,2119,0,0,0,0,0,6,0,6,0,0
,East Troy,4748,4,0,0,0,4,14,0,13,1,0
,Eau Claire,69569,96,1,38,5,52,1549,217,1250,82,8
,Edgar,1456,0,0,0,0,0,5,1,4,0,0
,Edgerton,5954,3,0,0,0,3,38,3,32,3,0
,Elkhorn,10359,9,0,2,0,7,69,3,64,2,0
,Elk Mound,979,4,0,2,0,2,22,1,21,0,0
,Ellsworth,3318,5,0,2,0,3,19,2,13,4,0
,Elm Grove,6512,1,0,0,1,0,41,5,34,2,0
,Everest Metropolitan,17819,41,0,14,2,25,154,28,106,20,1
,Fall River,1802,2,0,1,0,1,0,0,0,0,0
,Fennimore,2783,0,0,0,0,0,8,3,5,0,0
,Fitchburg,31796,98,0,13,12,73,421,45,306,70,1
,Fond du Lac,44613,129,4,28,5,92,732,42,653,37,1
,Fort Atkinson,12432,38,0,3,2,33,112,10,98,4,0
,Fox Crossing,18866,9,0,5,0,4,174,24,135,15,1
,Fox Point,6749,1,0,0,0,1,51,1,43,7,0
,Franklin,36396,16,0,3,2,11,487,23,436,28,0
,Fulton,3660,0,0,0,0,0,3,0,3,0,0
,Geneva Town,5484,0,0,0,0,0,9,0,7,2,0
,Genoa City,2997,2,0,0,0,2,11,0,10,1,0
,Germantown,20956,11,0,1,1,9,347,11,318,18,0
,Gillett,1282,1,0,1,0,0,14,1,11,2,0
,Glendale,13004,35,0,4,14,17,641,22,516,103,0
,Grafton,12471,6,0,3,1,2,115,4,108,3,0
,Grand Chute,23871,72,0,28,2,42,1020,83,902,35,1
,Green Bay,106916,456,6,67,30,353,1844,251,1419,174,8
,Greendale,14459,18,0,4,3,11,231,4,200,27,0
,Greenfield,36924,61,1,7,13,40,956,46,788,122,0
,Hales Corners,7516,2,0,1,0,1,64,4,59,1,0
,Hartford,15803,42,0,4,0,38,60,1,57,2,0
,Hartford Township,3399,0,0,0,0,0,0,0,0,0,0
,Hartland,9644,9,3,0,1,5,27,3,23,1,1
,Hayward,2566,12,0,3,0,9,98,6,91,1,1
,Hobart-Lawrence,16948,1,0,1,0,0,23,5,17,1,0
,Holmen,11058,2,0,1,0,1,67,8,57,2,0
,Horicon,3827,7,0,4,0,3,17,0,16,1,0
,Hortonville,3111,2,0,1,0,1,16,1,14,1,1
,Hudson,15571,27,1,3,2,21,361,14,311,36,0
,Hurley,1564,3,0,1,0,2,12,0,11,1,0
,Janesville,66242,112,1,28,17,66,1299,112,1086,101,9
,Jefferson,7709,17,0,2,0,15,130,2,123,5,0
,Juneau,2656,2,0,0,0,2,2,0,2,0,0
,Kaukauna,17288,14,1,5,1,7,160,51,101,8,0
,Kenosha,98841,393,7,62,46,278,1078,117,837,124,10
,Kewaskum,4429,7,0,3,0,4,20,1,18,1,0
,Kewaunee,2774,2,0,2,0,0,12,0,11,1,0
,Kiel,3969,2,0,0,0,2,18,0,18,0,0
,Kohler,2184,1,0,1,0,0,68,0,68,0,0
,Kronenwetter,8530,9,2,4,0,3,23,4,18,1,0
,La Crosse,51727,158,3,44,16,95,1601,114,1394,93,5
,La Farge,720,0,0,0,0,0,5,2,3,0,0
,Lake Delton,3447,23,0,4,3,16,314,11,291,12,0
,Lake Geneva,8631,12,1,4,0,7,147,2,140,5,0
,Lake Hallie,7352,11,0,0,1,10,98,2,92,4,0
,Lake Mills,6662,15,0,4,2,9,47,3,42,2,0
,Lancaster,3911,33,0,12,0,21,49,1,47,1,0
,Linden,505,0,0,0,0,0,0,0,0,0,0
,Linn Township,2734,0,0,0,0,0,13,2,11,0,0
,Lodi,3213,5,0,0,0,5,17,2,13,2,0
,Lomira,2680,3,0,2,0,1,15,1,13,1,0
,Luxemburg,2699,4,0,3,0,1,4,0,3,1,0
,Madison,269546,810,6,85,113,606,6459,921,4866,672,21
,Manitowoc,34688,68,0,9,5,54,523,85,415,23,2
,Maple Bluff,1326,11,0,0,0,11,6,0,3,3,0
,Marinette,11015,44,1,6,0,37,211,13,185,13,1
,Markesan,1386,0,0,0,0,0,5,0,4,1,0
,Marshall Village,3833,14,0,0,0,14,22,4,16,2,0
,Mauston,4294,11,0,1,1,9,84,2,80,2,0
,Mayville,5124,4,0,2,0,2,45,0,45,0,1
,McFarland,9555,10,0,0,0,10,81,11,66,4,0
,Medford,4298,7,0,5,0,2,78,20,55,3,0
,Menasha,17971,25,0,10,1,14,187,20,162,5,0
,Menomonee Falls,39312,28,1,7,2,18,357,18,303,36,1
,Menomonie,16781,31,0,1,0,30,218,12,196,10,0
,Mequon,25347,16,0,0,3,13,199,20,166,13,2
,Merrill,9341,16,1,0,2,13,262,18,234,10,1
,Middleton,23346,19,0,3,1,15,221,13,185,23,0
,Milton,5683,2,0,0,0,2,27,3,22,2,0
,Milton Town,3106,0,0,0,0,0,0,0,0,0,0
,Milwaukee,561743,8474,214,425,1577,6258,19702,2232,8027,9443,249
,Minocqua,5186,3,0,2,0,1,39,4,35,0,0
,Monona,8920,13,0,3,4,6,297,14,267,16,0
,Monroe,10461,10,1,2,1,6,176,1,167,8,0
,Montello,1444,0,0,0,0,0,13,0,13,0,0
,Mount Horeb,7687,5,0,0,0,5,12,1,11,0,0
,Mount Pleasant,27625,31,0,4,2,25,488,26,438,24,1
,Mukwonago,8477,6,0,0,2,4,96,1,93,2,0
,Mukwonago Town,7792,4,0,0,0,4,10,0,9,1,0
,Muscoda,1301,2,0,1,0,1,11,4,7,0,0
,Muskego,25406,12,0,0,2,10,116,4,105,7,0
,Neenah,27706,64,0,15,5,44,352,57,254,41,1
,Nekoosa,2434,7,0,2,0,5,10,1,8,1,0
,New Berlin,40358,18,0,3,3,12,311,33,264,14,2
,New Glarus,2221,0,0,0,0,0,22,1,21,0,0
,New Holstein,3033,4,0,2,0,2,28,2,23,3,0
,New London,7286,8,0,5,0,3,39,1,38,0,0
,New Richmond,10610,13,2,3,0,8,112,4,98,10,0
,Niagara,1582,4,0,0,0,4,9,0,7,2,0
,North Fond du Lac,5423,5,0,4,0,1,47,4,38,5,1
,North Hudson,3953,3,0,2,0,1,18,0,12,6,0
,Norwalk,594,0,0,0,0,0,1,1,0,0,0
,Oak Creek,35995,45,0,11,5,29,744,22,643,79,0
,Oconomowoc,18531,3,0,2,1,0,95,4,89,2,0
,Oconomowoc Town,8853,0,0,0,0,0,15,4,10,1,0
,Oconto,4589,2,0,0,0,2,33,5,28,0,0
,Oconto Falls,2961,3,0,3,0,0,27,2,25,0,0
,Omro,3662,3,0,3,0,0,16,0,16,0,2
,Onalaska,18807,7,0,3,1,3,399,20,368,11,1
,Oregon,11538,10,0,5,1,4,72,11,57,4,0
,Osceola,2849,3,1,1,0,1,20,6,12,2,0
,Oshkosh,66521,224,1,56,14,153,1080,147,862,71,2
,Palmyra,1686,2,0,1,0,1,13,3,10,0,0
,Park Falls,2379,7,0,0,0,7,14,1,13,0,0
,Pewaukee Village,8177,4,0,0,4,0,166,5,160,1,0
,Phillips,1512,2,0,2,0,0,9,0,9,0,0
,Pittsville,835,3,0,1,0,2,8,0,8,0,0
,Platteville,11771,31,1,7,0,23,250,5,238,7,2
,Pleasant Prairie,21421,56,0,6,2,48,207,13,179,15,1
,Plover,13850,21,0,11,0,10,206,9,192,5,2
,Plymouth,8885,0,0,0,0,0,68,0,65,3,0
,Portage,10251,16,0,4,0,12,202,15,176,11,1
,Port Washington,12867,5,0,2,0,3,66,6,59,1,0
,Poynette,2580,3,0,0,0,3,6,3,3,0,0
,Prairie du Chien,5461,10,0,6,0,4,77,9,65,3,0
,Prescott,4340,4,0,0,0,4,15,4,9,2,1
,Princeton,1280,0,0,0,0,0,2,0,2,0,0
,Racine,76679,333,5,30,68,230,1154,339,647,168,7
,Reedsburg,10113,13,0,5,0,8,162,3,157,2,0
,Rhinelander,8341,11,0,4,0,7,111,6,98,7,0
,Rice Lake,8941,44,0,6,0,38,145,4,128,13,1
,Richland Center,4997,5,0,2,0,3,54,6,43,5,0
,Ripon,7793,14,0,6,0,8,51,5,41,5,1
,River Falls ,17169,10,0,2,0,8,103,4,94,5,0
,Roberts,2050,2,0,0,0,2,9,0,9,0,0
,Rome Town,3158,3,0,2,0,1,19,4,15,0,0
,Rosendale,1052,0,0,0,0,0,0,0,0,0,0
,Rothschild,5522,2,0,0,0,2,35,1,30,4,0
,Sauk Prairie,4572,8,0,2,0,6,87,2,79,6,0
,Saukville,4283,5,0,0,0,5,51,2,48,1,0
,Seymour,3512,7,0,2,0,5,7,0,6,1,0
,Sharon,1590,0,0,0,0,0,2,1,0,1,0
,Shawano,9240,13,0,3,3,7,147,9,126,12,0
,Sheboygan,49917,166,0,45,11,110,696,66,601,29,10
,Sheboygan Falls,8140,5,1,1,0,3,37,5,30,2,0
,Shorewood,13453,15,0,0,8,7,231,11,172,48,1
,Siren,835,4,0,1,0,3,12,1,10,1,0
,South Milwaukee,20247,28,2,3,5,18,235,16,199,20,0
,Sparta,9901,57,1,21,0,35,315,40,268,7,1
,Stanley,3800,10,0,1,0,9,24,0,23,1,0
,St. Croix Falls,2242,13,0,1,0,12,140,6,128,6,0
,Stevens Point,25777,43,0,13,2,28,245,25,202,18,2
,St. Francis,9758,20,0,3,1,16,97,2,79,16,1
,Stoughton,12948,14,0,1,0,13,177,18,148,11,1
,Strum,1056,0,0,0,0,0,1,0,1,0,0
,Sturgeon Bay,9758,8,0,0,0,8,67,4,61,2,0
,Sturtevant,6970,5,0,0,0,5,49,1,40,8,0
,Summit,5201,4,0,0,0,4,26,4,21,1,0
,Sun Prairie,36153,99,0,9,5,85,555,38,463,54,2
,Superior,26429,56,0,19,3,34,630,56,514,60,3
,Thiensville,3302,0,0,0,0,0,6,0,6,0,0
,Thorp,1767,2,0,1,0,1,21,0,21,0,0
,Tomahawk,3432,4,0,2,0,2,41,4,34,3,0
,Town of East Troy,4068,1,0,0,0,1,8,1,6,1,0
,Two Rivers,11273,21,0,5,1,15,56,2,51,3,1
,Verona,14413,8,0,5,1,2,119,16,100,3,0
,Viroqua,4421,4,0,3,0,1,92,6,80,6,0
,Walworth,2778,0,0,0,0,0,29,0,29,0,0
,Washburn,2060,8,0,0,0,8,7,0,6,1,0
,Waterford Town,6455,2,0,0,0,2,15,3,12,0,0
,Waterloo,3475,9,0,3,0,6,12,1,11,0,0
,Watertown,22885,56,0,13,1,42,309,32,269,8,0
,Waukesha,71147,71,1,20,1,49,564,50,473,41,1
,Waunakee,14914,9,0,2,0,7,44,7,34,3,0
,Waupaca,6436,13,0,4,0,9,117,4,111,2,0
,Waupun,11530,19,0,5,1,13,32,2,28,2,0
,Wausau,39349,153,0,40,7,106,504,59,409,36,3
,Wautoma,2252,2,0,0,0,2,21,1,18,2,0
,Wauwatosa,47149,94,0,5,42,47,1201,62,893,246,1
,West Allis,58681,168,1,15,60,92,1530,127,1122,281,3
,West Bend,31773,68,0,14,1,53,677,23,631,23,3
,Westby,2360,3,0,3,0,0,32,8,21,3,0
,West Milwaukee,3997,52,0,3,27,22,579,17,442,120,2
,West Salem,5271,7,0,2,0,5,43,5,34,4,0
,Whitefish Bay,14549,13,1,0,3,9,117,3,97,17,0
,Whitehall,1616,0,0,0,0,0,4,0,3,1,0
,Whitewater,14327,33,0,10,2,21,184,11,166,7,1
,Williams Bay,3017,2,0,1,0,1,10,1,8,1,0
,Wilton,520,0,0,0,0,0,0,0,0,0,0
,Winneconne,2515,0,0,0,0,0,5,0,4,1,0
,Wisconsin Dells,3448,28,0,8,2,18,129,14,110,5,3
,Wisconsin Rapids,18693,80,0,32,1,47,391,38,324,29,2
,Woodruff,2105,1,0,0,0,1,15,0,15,0,0
WYOMING,Buffalo,4567,4,0,2,0,2,43,8,31,4,0
,Cheyenne,64941,181,0,63,16,102,2361,272,1821,268,9
,Cody,10281,22,0,8,1,13,90,17,69,4,0
,Diamondville,530,1,0,1,0,0,7,6,1,0,0
,Douglas,6336,12,0,0,0,12,58,6,50,2,0
,Evanston,11886,47,0,31,0,16,186,28,144,14,1
,Gillette,32320,105,0,30,3,72,636,41,571,24,1
,Glenrock,2396,3,0,1,0,2,18,2,13,3,0
,Green River,11435,22,2,5,0,15,91,8,78,5,2
,Hanna,687,1,0,1,0,0,7,4,2,1,0
,Jackson,10932,8,0,6,0,2,84,9,70,5,1
,Laramie,32009,34,1,12,2,19,401,66,329,6,4
,Lingle,401,0,0,0,0,0,7,7,0,0,0
,Lusk,1496,8,0,0,0,8,14,3,10,1,0
,Medicine Bow,249,0,0,0,0,0,0,0,0,0,0
,Mills,4239,7,0,1,0,6,72,3,61,8,0
,Moorcroft,981,0,0,0,0,0,10,1,9,0,0
,Newcastle,3176,2,0,2,0,0,29,0,27,2,0
,Pine Bluffs,1146,1,0,0,0,1,2,0,1,1,0
,Powell,6484,21,0,4,0,17,80,16,57,7,3
,Riverton,10623,65,1,11,4,49,362,13,296,53,0
,Rock Springs,22914,39,0,9,1,29,288,32,236,20,1
,Sheridan,19373,27,0,0,2,25,336,29,294,13,2
,Thermopolis,2691,1,0,1,0,0,29,2,25,2,1
,Torrington,6145,9,0,6,0,3,138,40,88,10,0
,Upton,904,5,0,2,0,3,16,0,15,1,0
,Worland,4817,3,0,3,0,0,26,5,18,3,0
1 The FBI does not publish arson data unless it receives data from either the agency or the state for all 12 months of the calendar year.,,,,,,,,,,,,
"2 Limited data for 2022 were available for Florida, Illinois, Maryland, and Pennsylvania. ",,,,,,,,,,,,
