Table 8,,,,,,,,,,,,,
Offenses Known to Law Enforcement,,,,,,,,,,,,,
"by State by City, 2023",,,,,,,,,,,,,
State,City,Population,"Violent
crime","Murder and
nonnegligent
manslaughter",Rape,Robbery,"Aggravated
assault","Property
crime",Burglary,"Larceny-
theft","Motor
vehicle
theft",Arson1,
ALABAMA,Abbeville,2371,6,0,0,0,6,27,6,21,0,0,
,Adamsville,4158,17,0,1,5,11,201,23,158,20,0,
,Addison,674,3,0,1,0,2,14,2,10,2,0,
,Alabaster,34120,37,1,1,5,30,551,16,518,17,2,
,Albertville,22887,68,0,11,3,54,415,40,315,60,6,
,Alexander City,14544,113,2,10,8,93,646,249,354,43,4,
,Aliceville,2032,5,0,0,0,5,15,4,10,1,0,
,Andalusia,8763,37,0,6,5,26,337,43,271,23,1,
,Anniston,21018,190,10,16,28,136,1056,249,672,135,4,
,Arab,8711,26,0,3,3,20,304,47,229,28,0,
,Ardmore,1423,4,0,0,2,2,26,7,18,1,0,
,Argo,4364,4,1,0,0,3,24,8,12,4,0,
,Arley,333,0,0,0,0,0,12,3,8,1,0,
,Ashland,1959,22,0,1,0,21,29,5,22,2,1,
,Ashville,2396,1,0,0,0,1,18,4,12,2,0,
,Athens,30265,67,2,5,14,46,778,154,582,42,3,
,Atmore,8309,147,6,7,8,126,319,61,227,31,3,
,Attalla,5839,45,0,2,6,37,390,120,243,27,1,
,Auburn,81755,145,1,27,4,113,923,66,801,56,2,
,Bay Minette,8356,58,0,1,3,54,178,11,153,14,0,
,Bayou La Batre,2147,30,1,2,1,26,104,26,69,9,1,
,Bear Creek,1056,1,0,0,0,1,15,4,8,3,0,
,Berry,1196,1,0,1,0,0,4,0,3,1,1,
,Bessemer,24915,590,9,11,74,496,1976,287,1429,260,8,
,Birmingham,195224,3024,122,40,454,2408,8911,1399,5390,2122,126,
,Blountsville,1817,7,0,0,1,6,24,3,16,5,0,
,Brent,2765,28,1,1,1,25,62,5,54,3,0,
,Brewton,5186,40,0,2,3,35,239,18,202,19,1,
,Bridgeport,2238,11,0,3,0,8,37,6,27,4,1,
,Brighton,2233,62,0,2,9,51,73,16,36,21,2,
,Brilliant,828,2,0,0,0,2,14,3,10,1,0,
,Brookside,1199,7,1,0,1,5,35,3,26,6,1,
,Brookwood,2433,7,0,1,0,6,35,6,23,6,0,
,Brundidge,2018,13,0,0,2,11,106,19,78,9,0,
,Butler,1776,6,1,0,0,5,34,12,21,1,0,
,Calera,18531,34,0,8,3,23,268,22,229,17,2,
,Carrollton,971,0,0,0,0,0,15,1,12,2,0,
,Cedar Bluff,1890,2,0,0,0,2,36,5,27,4,0,
,Centre,3699,9,0,3,1,5,154,27,122,5,0,
,Centreville,2690,19,0,5,0,14,26,7,16,3,0,
,Chatom,1070,5,1,0,0,4,15,3,12,0,0,
,Cherokee,959,0,0,0,0,0,20,4,14,2,0,
,Chickasaw,6241,31,0,0,4,27,124,19,85,20,0,
,Citronelle,3887,6,2,0,0,4,34,3,28,3,2,
,Clanton,9062,38,0,3,0,35,368,29,322,17,1,
,Clayton,2210,22,0,0,1,21,31,7,23,1,1,
,Cleveland,1256,2,0,0,0,2,18,4,14,0,0,
,Collinsville,2050,3,0,0,0,3,15,7,5,3,0,
,Columbiana,4833,9,0,0,0,9,87,8,79,0,0,
,Coosada,1256,2,0,0,0,2,2,1,1,0,0,
,Cordova,1652,9,0,2,0,7,65,8,46,11,0,
,Cottonwood,1059,2,0,1,0,1,19,3,12,4,0,
,Courtland,583,2,0,0,0,2,2,1,1,0,0,
,Creola,1949,4,0,0,0,4,28,1,22,5,0,
,Cuba,283,0,0,0,0,0,1,1,0,0,0,
,Cullman,19685,43,2,6,5,30,568,37,499,32,0,
,Dadeville,2964,13,4,0,0,9,53,7,45,1,0,
,Daphne,30718,15,5,2,2,6,353,45,285,23,0,
,Dauphin Island,1866,4,0,0,0,4,122,1,36,85,0,
,Decatur,58005,284,1,21,42,220,1400,157,1085,158,129,
,Demopolis,6757,64,2,5,7,50,268,36,208,24,2,
,Dora,2237,7,1,0,2,4,61,9,46,6,0,
,Dothan,71312,653,14,56,42,541,2416,431,1841,144,11,
,Double Springs,1125,3,0,1,0,2,18,4,13,1,0,
,Douglas,777,10,0,0,0,10,32,4,24,4,0,
,East Brewton,2261,23,0,3,1,19,42,7,26,9,0,
,Eclectic,1200,6,0,0,0,6,18,3,11,4,0,
,Elba,3444,19,0,4,4,11,109,27,72,10,2,
,Elberta,2084,16,0,1,0,15,72,5,59,8,1,
,Enterprise,30247,225,1,12,11,201,831,146,621,64,4,
,Eufaula,12376,61,0,5,9,47,331,50,250,31,2,
,Evergreen,3316,27,5,0,1,21,33,7,23,3,0,
,Excel,532,5,0,2,0,3,28,6,14,8,1,
,Fairhope,24465,44,0,4,1,39,325,41,267,17,1,
,Falkville,1195,3,0,1,0,2,16,2,14,0,0,
,Fayette,4139,14,0,3,1,10,60,8,41,11,1,
,Flomaton,1456,11,0,0,0,11,51,9,37,5,1,
,Florence,42260,211,1,22,12,176,989,117,799,73,3,
,Foley,25224,45,2,2,1,40,394,26,331,37,0,
,Fort Deposit,1125,2,0,1,0,1,32,8,13,11,0,
,Fort Payne,14880,32,0,8,3,21,207,47,135,25,0,
,Frisco City,1125,8,0,0,0,8,12,1,9,2,0,
,Fultondale,9582,29,3,3,5,18,236,20,177,39,1,
,Fyffe,969,0,0,0,0,0,4,1,2,1,0,
,Gadsden,33067,208,4,13,28,163,1285,187,972,126,19,
,Gardendale,16361,52,0,3,5,44,395,26,345,24,1,
,Georgiana,1278,6,0,0,1,5,15,4,10,1,1,
,Geraldine,904,4,0,0,0,4,22,3,14,5,0,
,Grant,1051,3,0,0,0,3,32,6,21,5,0,
,Greenville,7056,30,7,0,2,21,265,19,225,21,1,
,Grove Hill,1737,2,1,0,0,1,16,1,8,7,0,
,Guin,2147,3,0,0,0,3,17,3,14,0,0,
,Gulf Shores,16726,82,0,14,2,66,360,25,328,7,0,
,Guntersville,9026,41,2,3,3,33,343,26,283,34,1,
,Gurley,835,3,0,0,0,3,19,2,15,2,0,
,Haleyville,4350,21,0,3,0,18,159,23,126,10,4,
,Hamilton,6956,9,0,0,0,9,117,13,99,5,3,
,Hammondville,422,0,0,0,0,0,0,0,0,0,0,
,Hanceville,3305,10,0,3,0,7,32,7,22,3,0,
,Harpersville,1818,9,0,1,0,8,21,4,17,0,1,
,Hartselle,15741,24,0,6,1,17,261,27,209,25,1,
,Hayden,1351,2,0,0,0,2,35,1,28,6,0,
,Hayneville,763,0,0,0,0,0,5,1,4,0,0,
,Headland,5376,20,2,1,1,16,75,7,60,8,2,
,Heflin,3467,6,0,0,1,5,57,13,35,9,0,
,Helena,22283,10,0,4,1,5,119,16,95,8,2,
,Henagar,2293,5,0,1,0,4,36,3,30,3,0,
,Hillsboro,406,0,0,0,0,0,0,0,0,0,0,
,Hokes Bluff,4586,7,0,0,0,7,29,8,18,3,0,
,Hollywood,918,0,0,0,0,0,10,2,7,1,0,
,Homewood,28107,48,2,8,5,33,688,45,556,87,5,
,Hoover,92296,72,0,10,8,54,1313,91,1127,95,2,
,Hueytown,16164,85,3,7,13,62,357,48,265,44,1,
,Huntsville,224777,292,6,34,39,213,1584,229,1172,183,5,
,Ider,733,3,0,0,0,3,15,5,9,1,0,
,Irondale,13303,36,0,0,6,30,264,48,149,67,0,
,Jackson,4511,49,0,1,9,39,160,29,122,9,2,
,Jacksons Gap,756,4,0,0,0,4,11,2,9,0,0,
,Jacksonville,14500,126,0,8,0,118,251,44,200,7,3,
,Jasper,14243,56,1,7,3,45,627,63,498,66,4,
,Jemison,2856,3,1,0,1,1,77,9,55,13,0,
,Killen,1038,1,0,0,0,1,13,2,11,0,0,
,Kimberly,4264,4,0,0,0,4,14,1,11,2,0,
,Kinsey,2303,1,0,0,1,0,10,2,4,4,0,
,Kinston,591,1,0,0,0,1,19,4,12,3,0,
,LaFayette,2612,5,0,0,0,5,16,3,10,3,2,
,Lake View,3806,7,0,0,0,7,13,0,8,5,0,
,Lanett,6674,42,3,5,6,28,190,32,139,19,1,
,Leeds,12355,53,0,6,8,39,283,26,237,20,2,
,Level Plains,1824,9,0,0,2,7,35,9,23,3,1,
,Lexington,738,0,0,0,0,0,9,0,6,3,0,
,Lincoln,7459,29,1,2,4,22,191,32,129,30,1,
,Lineville,2469,3,0,0,0,3,12,0,12,0,0,
,Littleville,1044,3,0,1,0,2,20,2,14,4,0,
,Livingston,3143,27,0,1,4,22,49,12,32,5,0,
,Louisville,388,1,0,0,0,1,6,1,5,0,0,
,Loxley,4844,20,0,3,0,17,116,13,86,17,1,
,Luverne,2660,5,0,2,0,3,51,9,40,2,0,
,Lynn,624,1,0,0,0,1,11,1,10,0,1,
,Madison,61071,72,0,9,6,57,565,63,460,42,1,
,Maplesville,654,0,0,0,0,0,10,2,8,0,0,
,McIntosh,197,3,0,2,0,1,27,8,16,3,0,
,McKenzie,490,0,0,0,0,0,0,0,0,0,0,
,Midfield,4945,16,4,0,2,10,43,6,30,7,2,
,Midland City,2294,7,0,0,2,5,58,6,50,2,0,
,Millbrook,17357,51,1,8,0,42,576,22,540,14,1,
,Mobile,237469,2141,33,82,150,1876,5907,878,4451,578,6,
,Monroeville,5724,34,0,1,1,32,124,21,92,11,0,
,Montevallo,7851,11,1,1,1,8,67,19,44,4,2,
,Moody,13770,34,0,3,0,31,121,11,93,17,1,
,Morris,2261,1,0,1,0,0,14,2,8,4,0,
,Moulton,3400,9,3,0,1,5,113,10,94,9,1,
,Mountain Brook,21685,14,1,2,2,9,216,23,181,12,0,
,Mount Vernon,1387,10,0,0,0,10,31,13,14,4,1,
,Muscle Shoals,17368,47,0,5,1,41,492,45,419,28,1,
,Napier Field,414,2,0,0,0,2,10,1,9,0,0,
,New Brockton,1502,3,0,0,0,3,15,3,8,4,1,
,New Hope,2877,4,0,0,0,4,21,2,14,5,0,
,Newton,1635,5,0,1,1,3,44,8,33,3,0,
,Newville,553,0,0,0,0,0,0,0,0,0,0,
,North Courtland,488,2,0,0,0,2,1,0,1,0,0,
,Northport,30931,134,2,7,8,117,570,67,469,34,1,
,Notasulga,867,2,0,0,0,2,4,1,2,1,0,
,Odenville,4985,13,0,1,0,12,47,8,29,10,1,
,Ohatchee,1187,3,0,0,0,3,38,4,31,3,9,
,Oneonta,6979,10,0,2,1,7,268,14,236,18,0,
,Opelika,33681,235,3,32,23,177,956,91,786,79,1,
,Opp,6703,26,1,5,2,18,158,32,117,9,2,
,Orange Beach,8610,39,1,4,1,33,188,16,167,5,0,
,Owens Cross Roads,2662,4,0,0,0,4,23,2,18,3,0,
,Oxford,21962,49,2,5,5,37,617,41,550,26,0,
,Parrish,958,3,0,1,0,2,32,3,22,7,2,
,Pelham,25015,40,1,5,5,29,271,21,230,20,0,
,Pell City,13973,48,7,5,3,33,281,37,218,26,0,
,Phenix City,38005,337,12,38,55,232,1467,214,1108,145,3,
,Piedmont,4672,36,0,1,1,34,49,6,40,3,1,
,Pine Hill,714,13,0,0,1,12,12,0,12,0,1,
,Pleasant Grove,9401,15,1,1,2,11,195,103,71,21,0,
,Powell,919,6,0,1,1,4,28,2,19,7,0,
,Prattville,39250,101,1,10,5,85,843,100,679,64,2,
,Priceville,3889,9,0,0,1,8,28,5,21,2,0,
,Prichard,18682,233,14,5,34,180,479,131,251,97,8,
,Ragland,1701,4,0,1,0,3,36,5,24,7,0,
,Rainbow City,10309,13,0,2,0,11,138,16,110,12,1,
,Rainsville,5749,2,0,1,0,1,8,1,7,0,1,
,Ranburne,429,1,0,0,0,1,8,1,7,0,0,
,Red Bay,3193,7,0,1,0,6,76,10,58,8,0,
,Riverside,2239,7,0,1,0,6,40,6,32,2,0,
,Robertsdale,7422,24,5,6,0,13,180,34,141,5,3,
,Rogersville,1404,2,0,0,0,2,24,4,17,3,0,
,Russellville,10735,11,0,2,0,9,265,27,219,19,0,
,Saraland,16454,20,0,1,0,19,346,23,228,95,0,
,Sardis City,1783,1,0,0,0,1,26,4,20,2,0,
,Satsuma,6829,8,1,0,0,7,57,3,50,4,0,
,Selma,16639,137,3,8,11,115,322,97,190,35,12,
,Semmes,5754,41,5,2,3,31,385,57,266,62,1,
,Sheffield,9282,27,2,3,1,21,139,29,91,19,0,
,Silverhill,1797,5,0,1,1,3,21,3,18,0,0,
,Snead,1040,3,0,0,0,3,14,2,11,1,0,
,Somerville,813,0,0,0,0,0,16,3,12,1,0,
,Southside,9595,6,0,3,0,3,25,3,20,2,0,
,Spanish Fort,10925,13,0,2,2,9,185,15,157,13,0,
,Springville,5164,7,1,0,0,6,78,6,68,4,0,
,Stevenson,1964,12,0,0,1,11,31,4,21,6,0,
,St. Florian,704,4,0,0,0,4,30,8,21,1,0,
,Sulligent,1819,8,0,1,0,7,31,6,24,1,0,
,Sumiton,2364,10,0,0,0,10,148,11,125,12,0,
,Summerdale,1588,4,0,0,0,4,47,3,38,6,0,
,Sylacauga,12145,80,8,5,5,62,341,48,247,46,3,
,Sylvania,1800,1,0,0,0,1,11,0,11,0,0,
,Talladega,14395,122,3,10,8,101,498,94,364,40,2,
,Tallassee,4757,32,1,4,2,25,198,35,145,18,1,
,Thomasville,3510,20,1,0,2,17,174,18,133,23,1,
,Thorsby,2152,0,0,0,0,0,13,0,11,2,0,
,Triana,4552,5,0,1,0,4,23,5,17,1,0,
,Trinity,2558,3,0,0,0,3,34,4,23,7,0,
,Troy,17831,87,4,4,8,71,586,45,517,24,0,
,Trussville,26684,27,0,4,6,17,536,16,497,23,0,
,Tuscaloosa,113956,638,14,27,76,521,3348,337,2684,327,5,
,Tuscumbia,9143,8,0,1,0,7,52,8,38,6,0,
,Tuskegee,8625,73,1,3,5,64,131,37,68,26,2,
,Union Springs,3203,37,1,0,7,29,53,8,40,5,0,
,Uniontown,1964,25,0,1,0,24,20,4,13,3,1,
,Valley,10231,41,1,8,3,29,394,33,309,52,4,
,Vance,2142,2,0,0,0,2,0,0,0,0,0,
,Vernon,1835,6,0,2,0,4,49,16,31,2,0,
,Vestavia Hills,37889,29,0,1,3,25,324,16,259,49,2,
,Wadley,891,2,0,0,0,2,17,1,16,0,0,
,Walnut Grove,775,0,0,0,0,0,0,0,0,0,0,
,Warrior,3181,4,0,0,0,4,11,2,6,3,0,
,Weaver,3301,13,0,4,2,7,86,16,63,7,0,
,Wedowee,746,5,0,0,1,4,45,13,28,4,0,
,Wetumpka,7461,20,0,1,2,17,115,12,100,3,0,
,Winfield,4774,7,0,1,0,6,130,16,101,13,1,
,Woodstock,1613,6,0,0,0,6,42,8,30,4,0,
ALASKA,Anchorage,285026,3026,22,428,461,2115,8242,952,6078,1212,85,
,Bethel,6247,53,0,5,1,47,46,10,27,9,1,
,Bristol Bay Borough,883,4,0,1,0,3,4,1,1,2,0,
,Cordova,2160,7,0,0,0,7,11,3,8,0,0,
,Craig,1016,0,0,0,0,0,2,0,2,0,0,
,Fairbanks,31961,190,4,20,27,139,1277,128,987,162,10,
,Haines,2039,1,0,0,0,1,6,1,3,2,0,
,Homer,6047,13,0,5,1,7,66,2,62,2,0,
,Juneau,31400,170,1,37,23,109,883,106,711,66,6,
,Kenai,7765,23,1,6,0,16,70,3,63,4,0,
,Ketchikan,8017,24,0,7,0,17,241,13,228,0,1,
,Kodiak,5357,18,0,3,1,14,57,2,44,11,0,
,Kotzebue,2927,43,1,13,0,29,40,7,25,8,3,
,Nome,3634,55,0,29,0,26,27,3,19,5,2,
,North Pole,2439,11,0,0,0,11,47,3,39,5,1,
,North Slope Borough,10698,69,1,11,1,56,76,18,27,31,3,
,Palmer,6497,13,0,2,1,10,85,7,70,8,3,
,Petersburg,3335,4,0,1,0,3,29,8,16,5,0,
,Seward,2908,12,0,5,0,7,41,3,33,5,0,
,Sitka,8353,19,0,1,1,17,70,9,54,7,0,
,Skagway,1008,3,0,0,0,3,3,0,2,1,0,
,Soldotna,4602,14,0,0,0,14,89,9,73,7,0,
,Unalaska,4151,7,0,1,0,6,13,2,8,3,0,
,Valdez,3840,3,0,0,0,3,14,4,7,3,0,
,Wasilla,10024,56,0,6,9,41,379,56,298,25,1,
,Wrangell,2040,6,0,1,0,5,1,0,1,0,0,
ARIZONA,Apache Junction,40917,207,4,28,7,168,675,69,521,85,6,
,Avondale,92661,429,6,53,82,288,2288,195,1820,273,11,
,Bisbee,5052,8,0,0,0,8,43,7,29,7,1,
,Buckeye,112048,206,2,59,12,133,933,104,701,128,6,
,Bullhead City,43652,189,5,7,17,160,900,109,669,122,5,
,Camp Verde,12530,17,0,1,0,16,191,19,145,27,0,
,Casa Grande,63228,335,4,26,39,266,1313,171,918,224,14,
,Chandler,282419,490,7,102,79,302,4079,381,3339,359,6,
,Chino Valley,13958,14,0,2,1,11,45,4,39,2,1,
,Clarkdale,5035,4,0,0,0,4,32,3,27,2,0,
,Colorado City,2587,16,0,8,0,8,86,16,67,3,4,
,Coolidge,18635,41,3,2,2,34,283,38,211,34,3,
,Cottonwood,13323,33,0,1,2,30,193,19,164,10,1,
,El Mirage,36002,134,2,15,10,107,480,48,360,72,5,
,Eloy,17767,114,2,7,2,103,228,48,157,23,2,
,Flagstaff,75343,303,2,57,28,216,1650,226,1340,84,24,
,Florence,23892,23,0,1,1,21,109,13,87,9,4,
,Fredonia,1315,0,0,0,0,0,3,0,3,0,0,
,Gilbert,278495,326,4,77,24,221,2604,282,2130,192,9,
,Glendale,253768,1443,16,158,207,1062,7316,815,4942,1559,40,
,Globe,7206,34,0,0,2,32,288,24,262,2,2,
,Goodyear,109929,175,4,26,25,120,1802,256,1406,140,10,
,Huachuca City,1608,2,0,1,0,1,12,3,9,0,0,
,Jerome,466,1,0,0,0,1,13,2,10,1,,
,Kingman,35976,91,0,10,8,73,1014,115,800,99,5,
,Lake Havasu City,59720,172,2,32,3,135,736,97,587,52,9,
,Litchfield Park,6994,9,0,2,1,6,85,20,58,7,0,
,Marana,57718,49,1,4,3,41,1037,69,934,34,1,
,Maricopa,70355,180,0,6,10,164,549,51,437,61,2,
,Mesa,515848,2246,27,194,282,1743,8385,1020,5985,1380,47,
,Nogales,19878,36,0,0,1,35,778,139,461,178,0,
,Oro Valley,48738,28,0,5,1,22,556,42,502,12,2,
,Page,7327,34,0,5,1,28,382,17,349,16,1,
,Paradise Valley,12566,3,0,1,0,2,164,50,108,6,0,
,Parker,3331,8,1,1,0,6,47,15,26,6,1,
,Payson,16783,59,0,2,2,55,323,54,256,13,2,
,Peoria,200886,425,9,81,49,286,2597,383,1910,304,11,
,Phoenix,1660686,13033,191,1089,2803,8950,41249,5690,26195,9364,183,
,Pinetop-Lakeside,4222,34,1,4,3,26,128,11,112,5,1,
,Prescott,48396,170,1,17,8,144,698,97,560,41,3,
,Prescott Valley,50166,131,1,15,2,113,467,30,413,24,1,
,Queen Creek,76239,92,0,8,6,78,647,75,530,42,7,
,Sahuarita,36300,46,3,4,3,36,327,29,282,16,5,
,San Luis,35862,21,0,1,2,18,202,26,139,37,0,
,Scottsdale,243644,404,1,94,63,246,5382,526,4352,504,9,
,Show Low,12210,101,0,10,1,90,251,36,198,17,0,
,Sierra Vista,45464,99,0,11,10,78,724,85,604,35,5,
,Somerton,14660,19,0,2,2,15,62,10,39,13,1,
,St. Johns,3389,21,0,2,0,19,46,20,20,6,1,
,Superior,2527,10,0,0,0,10,87,22,50,15,1,
,Surprise,159346,160,2,34,19,105,1991,196,1605,190,5,
,Tempe,188144,949,12,138,123,676,6716,746,5277,693,18,
,Thatcher,5508,2,0,0,0,2,28,5,23,0,0,
,Wickenburg,8139,6,0,0,0,6,108,10,84,14,0,
,Willcox,3203,5,0,0,0,5,40,10,28,2,1,
,Williams,3494,19,0,0,1,18,71,2,62,7,1,
,Yuma,99610,458,9,31,46,372,1459,316,938,205,18,
ARKANSAS,Alexander,3796,13,0,1,0,12,66,20,36,10,1,
,Alma,5940,26,1,5,0,20,116,17,89,10,0,
,Altus,671,2,0,0,0,2,10,1,7,2,0,
,Amity,673,0,0,0,0,0,3,1,2,0,0,
,Arkadelphia,10209,28,0,2,1,25,183,46,131,6,4,
,Ashdown,4139,17,0,3,0,14,112,21,85,6,1,
,Ash Flat,1183,3,0,0,0,3,35,1,31,3,0,
,Atkins,2875,7,0,0,0,7,47,13,32,2,0,
,Austin,4277,2,0,1,0,1,20,8,10,2,0,
,Bald Knob,2546,6,0,3,0,3,41,4,35,2,0,
,Barling,4982,18,0,6,2,10,63,9,46,8,0,
,Batesville,11160,73,1,29,1,42,189,36,135,18,2,
,Bay,1805,5,0,2,0,3,38,17,18,3,0,
,Beebe,8865,45,0,9,0,36,196,26,154,16,2,
,Bella Vista,32516,48,0,16,0,32,124,21,98,5,0,
,Benton,37357,171,1,21,13,136,954,133,748,73,2,
,Bentonville,59465,145,1,29,2,113,651,87,524,40,1,
,Berryville,5791,17,0,7,3,7,140,14,121,5,1,
,Black Rock,581,1,0,0,0,1,0,0,0,0,0,
,Blytheville,12400,88,3,2,6,77,470,47,413,10,0,
,Bono,2829,3,0,2,0,1,47,11,32,4,0,
,Booneville,3805,19,0,2,0,17,68,16,50,2,0,
,Bradford,686,0,0,0,0,0,15,1,12,2,0,
,Brinkley,2550,22,0,1,1,20,70,8,56,6,1,
,Brookland,4503,17,0,4,0,13,35,5,27,3,0,
,Bryant,21878,29,1,3,4,21,563,55,477,31,0,
,Bull Shoals,1938,6,0,1,0,5,21,3,17,1,0,
,Cabot,26988,109,2,18,6,83,523,97,372,54,0,
,Caddo Valley,589,8,0,0,0,8,21,3,18,0,0,
,Camden,10151,121,4,9,8,100,364,73,273,18,1,
,Cammack Village,750,0,0,0,0,0,9,0,9,0,0,
,Caraway,1100,4,0,0,0,4,6,0,5,1,0,
,Carlisle,2001,23,0,3,0,20,54,11,38,5,0,
,Cave Springs,6283,2,0,0,0,2,19,8,9,2,0,
,Centerton,23406,53,0,10,0,43,86,28,51,7,0,
,Charleston,2654,11,1,1,0,9,35,8,26,1,0,
,Cherokee Village,4943,6,0,4,0,2,39,13,21,5,0,
,Cherry Valley,557,1,0,0,0,1,9,3,6,0,0,
,Clarendon,1455,11,0,2,2,7,54,18,30,6,0,
,Clarksville,9653,46,0,13,0,33,187,33,151,3,2,
,Conway,69315,380,5,38,27,310,1714,133,1452,129,6,
,Corning,3108,6,1,1,0,4,21,6,13,2,0,
,Cotter,947,2,0,0,0,2,4,1,3,0,0,
,Crossett,4523,29,1,1,0,27,154,35,114,5,1,
,Damascus,396,1,0,0,0,1,5,1,4,0,0,
,Danville,1992,3,0,1,0,2,16,2,14,0,1,
,Dardanelle,4524,30,0,8,1,21,62,18,39,5,1,
,Decatur,1726,10,0,2,0,8,36,5,28,3,0,
,De Queen,6022,10,0,3,0,7,120,22,94,4,0,
,Des Arc,1835,3,0,1,0,2,12,6,4,2,0,
,De Valls Bluff,497,1,1,0,0,0,6,2,4,0,0,
,DeWitt,2881,15,0,1,0,14,55,5,50,0,0,
,Diamond City,820,2,0,1,0,1,11,2,9,0,0,
,Diaz,1208,0,0,0,0,0,5,3,2,0,0,
,Dover,1348,0,0,0,0,0,15,2,13,0,0,
,Dumas,3671,26,0,1,2,23,64,6,55,3,1,
,Earle,1753,4,0,0,0,4,23,6,16,1,1,
,El Dorado,16758,297,10,10,11,266,582,189,340,53,2,
,Elkins,3782,15,0,6,0,9,28,6,22,0,0,
,England,2427,16,2,1,1,12,39,7,31,1,1,
,Etowah,240,1,0,0,0,1,0,0,0,0,0,
,Eudora,1641,3,0,2,0,1,26,4,15,7,0,
,Eureka Springs,2204,8,0,3,0,5,38,3,35,0,1,
,Fairfield Bay,2174,11,0,3,0,8,22,7,14,1,0,
,Farmington,10339,27,0,5,0,22,47,11,31,5,0,
,Fayetteville,101624,426,5,45,27,349,3277,255,2724,298,3,
,Flippin,1338,8,0,4,1,3,67,8,57,2,0,
,Fordyce,3170,37,1,2,1,33,97,24,66,7,1,
,Forrest City,12530,234,4,10,7,213,432,63,280,89,3,
,Fort Smith,90417,924,4,85,56,779,3768,478,2964,326,17,
,Gassville,2208,5,0,1,0,4,53,3,47,3,0,
,Gentry,4406,9,0,5,0,4,11,0,9,2,0,
,Gillett,596,0,0,0,0,0,6,2,3,1,0,
,Glenwood,2063,2,0,1,0,1,23,8,13,2,0,
,Goshen,2295,3,0,1,0,2,11,3,8,0,0,
,Gosnell,2697,15,0,3,0,12,42,9,30,3,0,
,Gravette,3779,14,0,6,0,8,38,9,24,5,0,
,Green Forest,3220,25,0,9,1,15,16,2,11,3,0,
,Greenland,1204,3,0,0,0,3,8,1,6,1,0,
,Greenwood,9667,22,0,5,0,17,30,14,13,3,0,
,Greers Ferry,847,1,0,0,0,1,6,3,3,0,0,
,Gurdon,1835,8,0,1,0,7,26,8,16,2,1,
,Hackett,867,5,0,0,1,4,8,0,5,3,0,
,Hamburg,2386,15,0,0,0,15,40,9,31,0,0,
,Hampton,1154,7,0,1,0,6,14,6,8,0,1,
,Hardy,768,5,0,0,0,5,7,0,6,1,1,
,Harrisburg,2205,28,0,7,0,21,86,12,70,4,0,
,Harrison,13475,45,2,11,0,32,266,29,222,15,0,
,Hartford,500,0,0,0,0,0,1,0,1,0,0,
,Haskell,4071,9,0,1,0,8,32,7,25,0,0,
,Hazen,1414,13,0,0,0,13,24,9,14,1,0,
,Heber Springs,7323,28,0,3,2,23,186,35,146,5,0,
,Helena-West Helena,8565,104,4,12,4,84,328,127,169,32,8,
,Higginson,864,1,0,0,0,1,3,0,3,0,0,
,Highfill,2509,6,0,1,0,5,1,0,1,0,0,
,Highland,1057,2,0,0,0,2,10,4,6,0,0,
,Hope,8489,88,0,7,10,71,317,66,238,13,1,
,Hot Springs,38180,197,5,33,29,130,2298,412,1711,175,4,
,Hoxie,2612,2,0,0,0,2,14,6,8,0,0,
,Humphrey,451,1,0,0,0,1,2,0,1,1,0,
,Jacksonville,28946,325,1,12,31,281,1232,240,798,194,8,
,Jericho,99,0,0,0,0,0,2,0,2,0,0,
,Johnson,3647,10,0,1,0,9,67,18,45,4,0,
,Jonesboro,80395,516,6,78,35,397,2658,870,1591,197,16,
,Judsonia,1898,5,1,2,0,2,25,5,18,2,0,
,Kensett,1417,4,0,1,0,3,11,4,7,0,0,
,Kibler,1031,2,0,0,0,2,7,1,6,0,0,
,Lake City,2649,5,0,3,0,2,16,4,10,2,0,
,Lake Village,1950,18,1,2,1,14,84,11,70,3,5,
,Lamar,1748,3,0,2,0,1,26,1,24,1,0,
,Lavaca,2525,6,0,3,0,3,18,2,16,0,0,
,Leachville,1903,7,0,3,0,4,21,2,16,3,0,
,Lead Hill,285,1,0,0,0,1,2,0,1,1,0,
,Lepanto,1654,13,0,1,0,12,34,20,10,4,2,
,Lewisville,863,11,0,1,1,9,11,7,1,3,0,
,Lincoln,2338,15,0,4,0,11,38,7,28,3,0,
,Little Flock,3055,17,0,4,0,13,18,3,12,3,1,
,Little Rock,202986,3656,62,248,453,2893,11017,1879,8127,1011,58,
,Lonoke,4219,39,0,3,3,33,143,23,108,12,0,
,Lowell,11665,24,1,0,1,22,92,34,54,4,0,
,Luxora,874,1,0,0,0,1,5,1,3,1,0,
,Madison ,719,0,0,0,0,0,0,0,0,0,0,
,Magnolia,10606,36,3,6,0,27,282,99,175,8,2,
,Malvern,11021,72,0,9,7,56,313,119,186,8,3,
,Mammoth Spring,951,0,0,0,0,0,5,0,4,1,0,
,Manila,3650,32,0,2,0,30,54,15,36,3,0,
,Mansfield,1052,1,0,1,0,0,16,2,13,1,0,
,Marianna,3382,12,2,2,0,8,68,12,49,7,1,
,Marion,13514,85,0,13,8,64,368,75,266,27,0,
,Marked Tree,2183,15,0,0,0,15,45,22,21,2,0,
,Marmaduke,1216,2,0,1,0,1,13,3,10,0,0,
,Marshall,1342,8,0,3,0,5,4,0,4,0,0,
,Maumelle,19409,44,0,8,3,33,219,42,157,20,0,
,Mayflower,2083,21,1,7,2,11,51,15,34,2,0,
,McCrory,1498,9,0,5,2,2,27,6,19,2,0,
,McGehee,3561,18,0,1,0,17,73,15,54,4,0,
,McRae,617,1,0,0,0,1,6,1,5,0,0,
,Mena,5612,19,1,10,1,7,174,17,154,3,0,
,Monette,1609,4,0,0,0,4,21,0,21,0,0,
,Monticello,8056,48,2,4,3,39,172,51,107,14,1,
,Morrilton,7122,34,0,9,3,22,247,21,210,16,2,
,Mountain Home,13309,35,0,13,0,22,321,16,288,17,1,
,Mountain View,2939,14,0,4,0,10,44,9,35,0,0,
,Mulberry,1613,7,0,6,0,1,22,7,13,2,0,
,Murfreesboro,1492,1,0,0,0,1,27,11,15,1,0,
,Nashville,4012,16,0,3,1,12,112,22,83,7,1,
,Newport,7945,65,1,7,1,56,240,56,173,11,2,
,Norfork,470,0,0,0,0,0,0,0,0,0,0,
,North Little Rock,64612,806,17,31,94,664,2653,400,1892,361,10,
,Ola,922,1,0,0,0,1,9,2,7,0,0,
,Osceola,6519,42,0,2,0,40,37,6,27,4,0,
,Ozark,3562,28,0,5,0,23,56,13,39,4,0,
,Paragould,30445,384,2,33,11,338,1105,168,843,94,4,
,Paris,3194,28,0,3,0,25,76,32,37,7,1,
,Parkin,769,3,1,1,0,1,18,4,12,2,0,
,Patterson,292,0,0,0,0,0,5,1,3,1,0,
,Pea Ridge,8534,28,0,5,1,22,37,8,29,0,0,
,Perryville,1394,3,0,0,0,3,24,6,17,1,0,
,Piggott,3506,11,0,4,0,7,50,9,39,2,0,
,Pine Bluff,38775,643,31,30,53,529,1895,399,1270,226,11,
,Plumerville,743,0,0,0,0,0,1,0,1,0,0,
,Pocahontas,7620,33,2,9,1,21,182,21,148,13,1,
,Pottsville,3282,2,0,0,0,2,14,2,9,3,0,
,Prairie Grove,7852,20,1,8,0,11,58,16,42,0,0,
,Prescott,3010,13,0,1,1,11,73,22,48,3,0,
,Quitman,700,0,0,0,0,0,16,0,16,0,0,
,Ravenden,418,0,0,0,0,0,8,3,4,1,0,
,Redfield,1478,6,0,1,0,5,16,2,11,3,0,
,Rogers,74365,273,2,93,9,169,1180,115,991,74,8,
,Rose Bud,504,0,0,0,0,0,6,0,6,0,0,
,Russellville,29223,159,0,13,4,142,610,68,505,37,0,
,Salem,1627,9,0,3,0,6,23,6,16,1,0,
,Searcy,23035,106,1,21,11,73,760,84,626,50,1,
,Shannon Hills,4690,14,2,2,0,10,42,21,12,9,0,
,Sheridan,5153,24,1,6,0,17,67,9,54,4,1,
,Sherwood,33225,189,2,9,4,174,760,151,517,92,2,
,Siloam Springs,19250,84,0,19,5,60,381,75,276,30,1,
,Smackover,1572,7,0,0,0,7,25,9,15,1,0,
,Springdale,90937,510,3,98,35,374,2419,199,1972,248,3,
,Stamps,1199,2,0,0,1,1,4,1,2,1,0,
,Star City,2107,26,0,3,0,23,68,21,42,5,1,
,St. Charles,192,1,0,1,0,0,0,0,0,0,0,
,Stuttgart,7743,106,0,12,1,93,271,61,184,26,1,
,Sulphur Springs,475,4,0,2,0,2,3,1,2,0,0,
,Swifton,712,1,0,0,0,1,8,4,3,1,0,
,Texarkana,29276,273,3,13,18,239,1146,114,956,76,2,
,Tontitown,7691,13,0,2,0,11,59,16,39,4,0,
,Trumann,7258,87,0,8,2,77,279,56,207,16,0,
,Tuckerman,1670,4,0,0,0,4,19,4,13,2,0,
,Tyronza,680,2,0,0,0,2,3,1,2,0,0,
,Van Buren,24017,82,0,11,3,68,680,210,417,53,4,
,Vilonia,4574,3,0,1,0,2,44,3,37,4,1,
,Waldron,3341,6,0,2,0,4,89,24,60,5,1,
,Walnut Ridge,5539,21,0,4,0,17,67,20,41,6,0,
,Ward,6908,46,0,9,1,36,92,20,60,12,1,
,Warren,5131,19,0,2,2,15,82,27,48,7,3,
,Weiner,618,2,0,0,0,2,8,0,8,0,1,
,West Fork,2315,3,0,1,0,2,22,6,15,1,0,
,West Memphis,23466,580,7,28,48,497,1151,168,730,253,7,
,White Hall,5432,16,0,1,0,15,63,20,40,3,0,
,Wilson,708,0,0,0,0,0,3,1,2,0,0,
,Wynne,8164,68,0,11,2,55,264,52,182,30,1,
CALIFORNIA,Agoura Hills,19093,34,0,3,7,24,260,50,197,13,3,
,Alameda,75061,258,0,17,123,118,4255,376,2599,1280,20,
,Albany,19022,37,1,0,22,14,543,84,364,95,5,
,Alhambra,79087,195,4,12,85,94,2002,240,1450,312,8,
,Aliso Viejo,50736,57,0,0,13,44,360,39,267,54,4,
,Alturas,2637,13,0,2,0,11,23,5,15,3,1,
,American Canyon,21262,64,0,4,11,49,322,21,245,56,1,
,Anaheim,343147,2260,8,133,349,1770,8426,1518,5298,1610,39,
,Anderson,11296,67,0,20,7,40,310,50,234,26,1,
,Angels Camp,3842,8,0,1,1,6,68,9,53,6,0,
,Antioch,115271,646,11,37,206,392,3433,602,1609,1222,7,
,Arcadia,54071,152,0,4,61,87,1647,376,1161,110,13,
,Arcata,18464,110,2,9,18,81,357,27,277,53,4,
,Arroyo Grande,18360,83,0,5,5,73,216,43,157,16,2,
,Artesia,15498,82,2,4,15,61,343,114,159,70,2,
,Atascadero,29658,65,0,7,19,39,303,34,246,23,2,
,Atherton,6769,9,0,0,6,3,88,22,66,0,0,
,Atwater,32583,197,3,11,24,159,784,99,583,102,22,
,Auburn,13710,52,0,8,6,38,132,33,82,17,3,
,Avalon,3248,20,0,2,1,17,31,4,21,6,0,
,Avenal,13329,66,2,8,2,54,67,14,38,15,0,
,Azusa,48173,140,5,8,35,92,748,141,462,145,5,
,Bakersfield,413409,3647,29,197,614,2807,13761,2842,6650,4269,14,
,Baldwin Park,68230,332,5,20,99,208,1200,173,681,346,6,
,Banning,31279,156,3,16,14,123,530,136,264,130,0,
,Barstow,25138,215,2,12,47,154,660,206,242,212,15,
,Bear Valley,120,3,0,2,0,1,10,0,10,0,0,
,Beaumont,57819,189,2,14,20,153,649,93,481,75,2,
,Bell,31982,222,3,12,64,143,534,59,376,99,6,
,Bellflower,75152,452,2,34,118,298,1636,272,679,685,5,
,Bell Gardens,37221,168,1,8,57,102,551,68,234,249,11,
,Belmont,26072,55,0,9,10,36,335,47,254,34,7,
,Belvedere,2057,2,0,0,0,2,16,2,12,2,0,
,Benicia,26309,28,0,3,6,19,307,49,207,51,4,
,Berkeley,116595,791,4,102,379,306,7018,1139,4511,1368,61,
,Beverly Hills,30717,150,0,10,68,72,1541,292,1131,118,12,
,Bishop,3746,28,0,4,0,24,124,11,104,9,2,
,Blythe,17039,127,3,9,9,106,222,26,147,49,6,
,Bradbury,869,0,0,0,0,0,13,11,2,0,0,
,Brea,46754,107,1,11,44,51,1496,174,1223,99,3,
,Brentwood,66976,176,1,15,59,101,1460,196,1082,182,14,
,Brisbane,4481,14,0,1,3,10,96,14,68,14,0,
,Broadmoor,4128,9,0,0,5,4,54,9,33,12,2,
,Buellton,5075,3,0,0,1,2,71,9,49,13,0,
,Buena Park,81753,232,1,13,64,154,2329,227,1710,392,9,
,Burbank,102345,377,0,20,110,247,3264,347,2605,312,36,
,Burlingame,30218,64,0,11,9,44,801,86,626,89,5,
,Calabasas,22155,40,0,4,9,27,318,91,214,13,3,
,Calexico,38108,41,0,4,11,26,312,51,115,146,22,
,California City,15165,89,1,7,12,69,260,77,112,71,1,
,Calimesa,11474,10,0,0,3,7,254,46,177,31,0,
,Calistoga,4939,16,0,3,1,12,50,4,37,9,0,
,Camarillo,70010,57,0,7,11,39,892,67,786,39,1,
,Campbell,41535,147,1,17,39,90,1103,196,729,178,13,
,Canyon Lake,11171,11,0,0,0,11,84,7,52,25,3,
,Capitola,9530,26,0,0,9,17,199,11,173,15,2,
,Carlsbad,113796,226,0,18,47,161,1849,271,1426,152,9,
,Carmel,3115,4,0,1,0,3,57,15,41,1,0,
,Carpinteria,12808,21,0,2,1,18,192,19,155,18,0,
,Carson,90974,401,5,25,102,269,2493,358,1347,788,25,
,Cathedral City,52963,157,2,11,23,121,715,152,337,226,6,
,Central Marin,34966,67,0,14,10,43,619,53,518,48,4,
,Ceres,48827,203,1,39,48,115,1189,130,831,228,9,
,Cerritos,46540,145,1,6,80,58,2241,353,1513,375,4,
,Chico,100896,623,3,97,75,448,1837,231,1316,290,26,
,Chino,94162,318,3,38,70,207,2562,300,1915,347,4,
,Chowchilla,18700,98,2,11,7,78,213,33,135,45,5,
,Chula Vista,280748,972,5,42,195,730,3584,366,2069,1149,28,
,Citrus Heights,85894,362,5,43,91,223,1770,233,1239,298,24,
,Claremont,35424,185,0,9,17,159,793,144,560,89,9,
,Clayton,10826,9,0,1,4,4,66,15,48,3,0,
,Clearlake,16689,173,1,37,14,121,365,78,212,75,5,
,Cloverdale,8719,23,0,2,1,20,70,9,55,6,10,
,Clovis,126552,295,2,29,70,194,2238,276,1724,238,25,
,Coachella,43246,135,2,17,34,82,732,102,411,219,7,
,Coalinga,16718,96,0,7,3,86,127,18,91,18,10,
,Colma,1553,24,0,0,13,11,996,52,910,34,5,
,Colton,53893,216,3,6,70,137,1775,212,1156,407,10,
,Colusa,6353,37,0,2,3,32,72,24,39,9,1,
,Commerce,11591,162,4,5,70,83,1611,281,919,411,10,
,Compton,90323,1077,21,53,307,696,3108,390,1568,1150,83,
,Concord,121331,621,4,50,186,381,3850,700,2363,787,45,
,Corcoran,22902,131,1,12,5,113,252,48,163,41,4,
,Corning,8223,43,0,1,6,36,136,32,69,35,3,
,Corona,160590,366,2,43,87,234,3452,568,2399,485,17,
,Coronado,19002,59,1,8,7,43,379,44,255,80,1,
,Cotati,7390,15,1,2,2,10,101,14,72,15,2,
,Covina,48668,176,1,9,47,119,992,345,511,136,5,
,Crescent City,5736,84,0,3,9,72,357,35,306,16,9,
,Cudahy,21594,124,5,7,26,86,358,63,178,117,4,
,Culver City,38948,306,2,12,130,162,2610,294,2045,271,10,
,Cupertino,56740,59,1,7,27,24,692,119,525,48,8,
,Cypress,48786,120,0,5,33,82,839,255,480,104,6,
,Daly City,97774,346,2,22,120,202,2064,191,1502,371,9,
,Dana Point,32169,40,1,1,5,33,313,39,223,51,0,
,Danville,42340,34,2,1,10,21,303,31,227,45,2,
,Davis,67193,135,2,19,35,79,1845,188,1496,161,23,
,Delano,51347,172,6,20,32,114,837,100,498,239,50,
,Del Mar,3850,5,0,0,0,5,73,21,40,12,0,
,Del Rey Oaks,1536,6,0,2,0,4,45,6,38,1,0,
,Desert Hot Springs,33392,166,3,16,21,126,479,110,182,187,2,
,Diamond Bar,51863,70,2,9,21,38,1002,287,610,105,1,
,Dinuba,25601,160,5,21,11,123,565,59,437,69,32,
,Dixon,19222,50,0,9,10,31,292,33,222,37,2,
,Dorris,847,6,0,0,0,6,4,0,4,0,0,
,Dos Palos,5832,32,0,8,2,22,83,14,36,33,4,
,Downey,107969,475,1,31,167,276,3116,318,1609,1189,10,
,Duarte,21885,57,2,3,16,36,326,58,208,60,1,
,Dublin,71833,107,1,6,34,66,1218,85,1016,117,8,
,Dunsmuir,1680,4,0,0,0,4,4,2,2,0,0,
,East Palo Alto,27640,164,0,17,52,95,584,30,403,151,11,
,Eastvale,71564,94,0,9,29,56,1273,142,931,200,3,
,El Cajon,103569,486,0,37,103,346,1571,214,1061,296,25,
,El Centro,43615,147,1,17,33,96,676,105,491,80,8,
,El Cerrito,25393,124,1,4,76,43,1002,96,721,185,24,
,Elk Grove,177976,332,1,27,90,214,2141,252,1667,222,17,
,El Monte,103463,436,3,39,169,225,2064,416,1195,453,21,
,El Segundo,16335,74,0,3,29,42,1076,268,659,149,5,
,Emeryville,12900,195,1,6,128,60,2230,113,1661,456,4,
,Encinitas,61062,133,0,3,28,102,733,103,545,85,4,
,Escalon,7434,34,0,0,3,31,91,10,70,11,1,
,Escondido,149837,574,2,35,131,406,2384,351,1670,363,15,
,Etna,669,4,0,0,0,4,3,0,1,2,0,
,Eureka,25957,250,1,35,67,147,955,146,675,134,21,
,Exeter,10237,39,1,5,4,29,237,43,152,42,0,
,Fairfax,7343,12,0,2,1,9,64,9,49,6,3,
,Fairfield,119071,684,7,63,163,451,2630,370,1815,445,59,
,Farmersville,10282,46,6,2,6,32,131,27,85,19,2,
,Ferndale,1395,4,0,1,0,3,17,1,16,0,0,
,Fillmore,16782,28,0,2,6,20,82,6,62,14,3,
,Firebaugh,8589,11,0,1,3,7,73,11,45,17,3,
,Folsom,84559,204,3,40,40,121,1328,120,1149,59,8,
,Fontana,214429,603,8,53,163,379,2927,434,1846,647,17,
,Fort Bragg,6838,48,0,4,11,33,188,27,142,19,4,
,Fort Jones,687,4,0,0,0,4,4,1,3,0,0,
,Fortuna,12515,21,1,2,2,16,146,25,104,17,5,
,Foster City,31228,15,0,2,6,7,334,35,268,31,0,
,Fountain Valley,55419,76,2,7,24,43,1180,242,824,114,10,
,Fowler,7357,39,0,0,4,35,80,21,45,14,0,
,Fremont,220775,476,6,23,170,277,6316,1164,3831,1321,34,
,Fresno,547134,3970,37,265,909,2759,16754,2470,10925,3359,167,
,Fullerton,139131,528,0,70,110,348,3026,486,2053,487,13,
,Galt,25414,121,0,10,16,95,430,57,321,52,3,
,Gardena,57853,430,4,15,119,292,1853,241,1009,603,11,
,Garden Grove,168015,309,2,25,90,192,2415,476,1553,386,15,
,Gilroy,57331,310,4,42,83,181,1690,197,1135,358,34,
,Glendale,185923,422,2,28,168,224,4152,538,3123,491,35,
,Glendora,50008,121,0,16,36,69,1048,189,773,86,16,
,Goleta,32281,56,1,6,12,37,471,64,361,46,4,
,Gonzales,8344,19,1,2,5,11,53,13,35,5,1,
,Grass Valley,13892,129,0,11,17,101,351,52,226,73,8,
,Greenfield,19552,154,1,14,14,125,191,31,122,38,7,
,Gridley,7157,27,0,6,3,18,161,28,107,26,7,
,Grover Beach,12581,25,0,6,2,17,196,32,145,19,3,
,Guadalupe,8938,12,0,7,0,5,72,13,35,24,0,
,Gustine,6197,38,0,2,1,35,62,11,38,13,1,
,Hanford,58657,236,5,20,19,192,701,91,463,147,6,
,Hawaiian Gardens,13346,70,0,2,14,54,271,89,115,67,1,
,Hawthorne,82988,548,7,40,180,321,1921,251,968,702,15,
,Hayward,153914,1023,10,93,294,626,6068,654,3037,2377,19,
,Healdsburg,11896,40,0,1,1,38,178,11,155,12,1,
,Hemet,91115,429,7,32,107,283,1800,394,968,438,20,
,Hercules,25876,54,0,6,13,35,157,12,107,38,1,
,Hermosa Beach,18644,53,0,5,14,34,537,123,378,36,2,
,Hidden Hills,1680,1,0,0,0,1,4,2,2,0,0,
,Hillsborough,10761,17,0,2,2,13,81,50,29,2,0,
,Hollister,45421,146,2,13,18,113,374,23,295,56,5,
,Holtville,5470,13,0,0,0,13,41,8,30,3,0,
,Hughson,7855,3,0,0,0,3,42,9,27,6,0,
,Huntington Beach,192292,416,4,55,92,265,3909,469,3108,332,39,
,Huntington Park,51623,414,2,27,227,158,2183,330,1060,793,21,
,Huron,6259,69,0,1,9,59,22,3,13,6,1,
,Imperial,21654,35,0,3,1,31,59,9,34,16,2,
,Imperial Beach,25625,92,0,4,16,72,236,18,113,105,3,
,Indian Wells,4903,8,0,1,3,4,113,24,85,4,0,
,Indio,93364,376,6,19,62,289,1660,210,1113,337,23,
,Industry,253,114,2,2,56,54,1398,308,858,232,4,
,Inglewood,101790,776,15,36,327,398,3822,371,2347,1104,26,
,Ione,5463,7,1,2,0,4,28,3,21,4,0,
,Irvine,316132,274,2,64,77,131,4888,808,3807,273,16,
,Irwindale,1389,28,0,0,7,21,230,94,93,43,1,
,Isleton,775,6,0,0,0,6,47,21,25,1,1,
,Jackson,5169,21,0,3,1,17,78,11,59,8,3,
,Jurupa Valley,108777,353,3,15,79,256,2833,322,1735,776,5,
,Kensington,5018,3,0,2,1,0,102,9,71,22,1,
,Kerman,16293,73,1,3,3,66,237,26,171,40,0,
,King City,13936,47,0,8,5,34,145,27,88,30,0,
,Kingsburg,12697,22,0,5,3,14,211,55,118,38,0,
,La Canada Flintridge,19386,31,0,1,9,21,372,95,262,15,1,
,Lafayette,24882,20,0,1,9,10,310,22,263,25,2,
,Laguna Beach,22377,114,1,10,15,88,347,61,243,43,1,
,Laguna Hills,30206,82,0,6,16,60,387,103,240,44,4,
,Laguna Niguel,63502,66,0,1,25,40,625,82,462,81,2,
,Laguna Woods,16983,9,1,0,3,5,92,14,70,8,2,
,La Habra,61426,194,1,14,36,143,1263,200,915,148,2,
,La Habra Heights,5343,3,0,1,0,2,52,14,34,4,0,
,Lake Elsinore,72695,168,0,11,43,114,1567,255,1055,257,2,
,Lake Forest,85533,113,3,2,33,75,840,121,590,129,7,
,Lake Shastina,2532,5,0,0,0,5,9,2,6,1,0,
,Lakewood,77534,274,1,14,96,163,1727,262,1022,443,8,
,La Mesa,60008,227,2,15,58,152,996,174,627,195,6,
,La Mirada,45583,102,2,3,38,59,882,125,585,172,5,
,Lancaster,167293,1434,33,75,318,1008,2959,680,1161,1118,43,
,La Palma,15015,16,0,1,4,11,326,39,229,58,2,
,La Puente,35990,131,0,9,35,87,490,110,235,145,2,
,La Quinta,38779,71,1,3,19,48,944,136,739,69,0,
,Lathrop,36256,135,0,17,17,101,636,72,476,88,3,
,La Verne,29835,64,0,10,18,36,768,129,581,58,5,
,Lawndale,30019,187,1,6,46,134,639,86,386,167,5,
,Lemon Grove,27031,160,2,2,30,126,416,56,241,119,5,
,Lemoore,27232,107,2,32,4,69,357,43,214,100,6,
,Lincoln,53950,77,0,33,9,35,373,52,287,34,7,
,Lindsay,12481,66,0,6,14,46,264,41,145,78,12,
,Livermore,83155,191,0,33,60,98,1609,183,1183,243,10,
,Livingston,15020,66,0,8,10,48,208,26,139,43,5,
,Lomita,19667,82,0,6,26,50,332,70,176,86,3,
,Lompoc,43413,211,4,11,32,164,768,75,380,313,22,
,Long Beach,444415,2782,27,168,817,1770,13294,2268,7260,3766,145,
,Los Alamitos,11441,44,0,3,6,35,279,121,105,53,1,
,Los Altos,29972,27,0,4,8,15,311,83,213,15,0,
,Los Altos Hills,8012,7,0,2,4,1,77,61,15,1,0,
,Los Angeles,3786018,31047,324,1945,8711,20067,107777,15385,66798,25594,179,
,Los Banos,47745,101,1,23,34,43,769,79,562,128,6,
,Los Gatos,31903,45,2,8,6,29,545,67,438,40,1,
,Lynwood,62766,473,2,24,164,283,1760,212,699,849,15,
,Madera,68862,405,4,46,50,305,838,66,634,138,25,
,Malibu,10249,60,1,10,13,36,423,70,317,36,1,
,Mammoth Lakes,7030,29,0,5,2,22,84,5,77,2,1,
,Manhattan Beach,33534,84,0,8,36,40,925,115,735,75,3,
,Manteca,88518,354,3,34,78,239,1563,242,1001,320,16,
,Marina,22596,89,0,11,13,65,351,49,279,23,6,
,Martinez,36083,79,0,3,14,62,517,68,347,102,16,
,Marysville,12630,86,5,7,10,64,257,48,99,110,5,
,Maywood,23676,124,0,8,40,76,363,62,172,129,7,
,McFarland,14033,79,0,3,12,64,165,28,89,48,0,
,Mendota,12604,107,1,3,5,98,90,17,40,33,2,
,Menifee,112660,218,2,31,26,159,1317,181,884,252,2,
,Menlo Park,31632,79,0,5,14,60,557,106,414,37,4,
,Merced,94125,778,8,75,178,517,2510,392,1586,532,89,
,Mill Valley,13905,7,0,2,3,2,111,14,80,17,2,
,Milpitas,76573,246,1,31,103,111,2593,277,2022,294,7,
,Mission Viejo,90944,128,1,0,36,91,1141,114,894,133,7,
,Modesto,217778,1408,9,149,239,1011,4855,575,3575,705,105,
,Monrovia,36432,80,0,8,20,52,832,100,614,118,10,
,Montague,1206,4,0,1,0,3,4,1,2,1,1,
,Montclair,37620,289,5,10,79,195,1612,343,865,404,29,
,Monterey,29269,134,0,21,31,82,537,75,420,42,3,
,Monterey Park,57419,191,12,5,51,123,1326,282,795,249,4,
,Monte Sereno,3281,4,0,0,0,4,34,18,13,3,0,
,Moorpark,35162,26,1,8,4,13,239,37,182,20,2,
,Moraga,16627,20,0,2,3,15,139,39,80,20,0,
,Moreno Valley,213349,678,8,21,209,440,4149,623,2711,815,11,
,Morgan Hill,44716,111,0,16,20,75,491,73,330,88,10,
,Morro Bay,10669,30,0,3,2,25,99,16,78,5,0,
,Mountain View,80382,204,1,13,58,132,2286,350,1755,181,7,
,Mount Shasta,3179,13,0,1,0,12,17,1,9,7,0,
,Murrieta,115037,191,0,30,32,129,1404,252,994,158,8,
,Napa,77956,291,0,42,35,214,1368,135,1087,146,20,
,National City,55270,366,1,20,115,230,1167,140,677,350,11,
,Nevada City,3095,38,0,2,0,36,43,11,23,9,2,
,Newark,47164,148,0,10,59,79,1705,212,1082,411,5,
,Newman,12215,37,0,5,4,28,53,6,31,16,1,
,Newport Beach,83392,172,1,27,40,104,1673,310,1230,133,11,
,Norco,24874,41,2,4,16,19,675,112,496,67,0,
,Norwalk,96656,398,7,24,126,241,1998,283,1130,585,15,
,Novato,51733,164,1,15,22,126,868,71,633,164,16,
,Oakdale,23164,85,0,24,11,50,359,65,253,41,3,
,Oakland,425484,15490,118,372,3831,11169,43048,3886,22652,16510,153,
,Oakley,45312,131,2,8,26,95,567,88,326,153,2,
,Oceanside,171348,737,3,53,110,571,3046,485,2172,389,28,
,Ojai,7499,9,0,2,0,7,66,12,50,4,1,
,Ontario,180688,615,3,88,157,367,4163,657,2292,1214,22,
,Orange,134582,296,2,14,84,196,2447,933,1233,281,8,
,Orange Cove,9469,19,0,1,0,18,58,11,35,12,0,
,Orinda,19275,17,0,2,6,9,147,23,108,16,0,
,Orland,8175,33,0,5,5,23,108,16,72,20,0,
,Oroville,20083,209,2,33,35,139,971,186,466,319,13,
,Oxnard,199508,1213,7,104,259,843,3485,442,2380,663,52,
,Pacifica,35567,66,1,9,16,40,455,45,368,42,3,
,Pacific Grove,14651,24,0,4,2,18,114,13,95,6,0,
,Palmdale,160829,816,9,41,206,560,2660,405,1630,625,30,
,Palm Desert,51776,144,1,10,34,99,1878,298,1416,164,5,
,Palm Springs,45526,262,0,30,56,176,1678,279,1159,240,15,
,Palo Alto,64855,135,0,20,55,60,1819,177,1526,116,11,
,Palos Verdes Estates,12541,1,0,0,0,1,165,59,94,12,1,
,Paradise,7647,32,0,2,1,29,92,31,45,16,4,
,Paramount,50717,370,1,14,122,233,1414,226,567,621,7,
,Parlier,14523,121,0,12,17,92,163,27,74,62,2,
,Pasadena,132210,699,6,43,169,481,3430,550,2576,304,36,
,Paso Robles,31539,124,1,21,20,82,492,54,392,46,5,
,Patterson,23856,66,0,4,10,52,298,61,186,51,1,
,Perris,80974,282,4,19,89,170,2028,231,1331,466,6,
,Petaluma,58099,163,1,28,30,104,718,72,580,66,9,
,Pico Rivera,58754,298,5,18,84,191,1473,234,672,567,16,
,Piedmont,10598,30,0,5,8,17,447,46,320,81,1,
,Pinole,18375,63,0,3,23,37,432,49,318,65,2,
,Pismo Beach,8037,59,1,8,5,45,235,19,205,11,3,
,Pittsburg,78061,425,5,34,107,279,1607,242,779,586,8,
,Placentia,52069,139,1,5,22,111,967,204,620,143,5,
,Placerville,10631,80,0,7,6,67,155,39,102,14,3,
,Pleasant Hill,33575,104,1,9,38,56,1709,239,1361,109,2,
,Pleasanton,75238,92,3,20,33,36,1494,206,1100,188,6,
,Pomona,143578,974,15,62,276,621,4229,721,2428,1080,18,
,Porterville,63165,278,3,24,69,182,1294,151,802,341,6,
,Port Hueneme,21136,54,1,7,13,33,345,33,275,37,3,
,Poway,47731,80,0,2,10,68,396,80,271,45,4,
,Rancho Cordova,81151,369,5,19,95,250,1799,392,1022,385,10,
,Rancho Mirage,17935,49,1,7,8,33,635,136,426,73,1,
,Rancho Palos Verdes,39744,47,2,4,10,31,337,92,221,24,1,
,Rancho Santa Margarita,46157,22,0,0,4,18,200,34,157,9,1,
,Red Bluff,14293,174,0,23,35,116,844,86,672,86,22,
,Redlands,74147,266,0,50,72,144,2087,247,1563,277,9,
,Redondo Beach,67742,210,2,16,82,110,1665,315,1157,193,1,
,Redwood City,78765,386,1,54,134,197,1737,239,1202,296,13,
,Reedley,25552,145,1,9,13,122,273,66,157,50,2,
,Rialto,103257,575,2,53,147,373,2863,370,2025,468,19,
,Richmond,113282,1211,8,31,293,879,3587,372,1976,1239,34,
,Ridgecrest,28530,158,0,16,14,128,279,88,142,49,4,
,Rio Dell,3350,10,0,7,0,3,55,10,38,7,1,
,Rio Vista,10513,34,0,5,1,28,76,7,58,11,3,
,Ripon,16374,21,0,3,3,15,184,20,154,10,2,
,Riverbank,24803,33,0,1,11,21,438,40,370,28,3,
,Riverside,323473,1762,9,169,453,1131,10910,1833,7192,1885,50,
,Rocklin,74876,99,1,9,12,77,781,88,632,61,5,
,Rohnert Park,44272,170,0,28,25,117,651,77,499,75,8,
,Rolling Hills,1648,1,0,1,0,0,8,6,2,0,0,
,Rolling Hills Estates,7898,11,0,1,1,9,137,53,79,5,0,
,Rosemead,49158,223,4,7,84,128,1247,270,733,244,4,
,Roseville,158084,388,3,55,108,222,2273,342,1772,159,14,
,Ross,2279,3,0,0,0,3,30,4,16,10,0,
,Sacramento,529172,4237,41,170,1192,2834,15305,2752,8850,3703,137,
,Salinas,159896,796,11,67,234,484,2055,238,1306,511,21,
,San Bernardino,219483,2351,36,116,667,1532,7074,1224,4125,1725,63,
,San Bruno,40453,171,0,5,36,130,848,68,668,112,1,
,San Clemente,63061,93,0,4,18,71,893,103,643,147,3,
,Sand City,331,15,0,0,4,11,214,8,200,6,0,
,San Diego,1378349,5759,40,296,1204,4219,24972,2777,15419,6776,138,
,San Dimas,32918,107,1,13,25,68,793,132,570,91,1,
,San Fernando,23544,89,1,5,37,46,501,58,305,138,0,
,San Francisco,782846,5560,52,292,2738,2478,44720,5643,32373,6704,324,
,San Gabriel,37502,70,0,8,25,37,803,150,574,79,2,
,Sanger,26588,142,1,5,10,126,375,44,267,64,3,
,San Jacinto,56189,230,1,14,67,148,1222,233,805,184,8,
,San Juan Capistrano,34236,78,2,7,6,63,395,66,260,69,3,
,San Leandro,84855,572,6,20,373,173,5073,504,2589,1980,19,
,San Luis Obispo,48947,254,0,32,44,178,1268,181,997,90,22,
,San Marcos,94838,203,3,8,46,146,754,105,513,136,10,
,San Marino,11826,6,0,1,3,2,169,58,100,11,1,
,San Mateo,98883,344,4,32,102,206,1898,225,1402,271,10,
,San Pablo,31050,158,1,11,82,64,937,89,417,431,26,
,San Rafael,59400,307,0,43,79,185,1649,153,1058,438,14,
,San Ramon,85627,121,1,8,26,86,804,86,627,91,5,
,Santa Ana,307327,1711,6,168,384,1153,6134,1118,3754,1262,52,
,Santa Barbara,86967,522,0,85,77,360,1550,203,1163,184,20,
,Santa Clara,126452,264,0,21,88,155,3701,501,2603,597,15,
,Santa Clarita,218060,389,5,33,125,226,2666,429,1804,433,24,
,Santa Cruz,61754,412,1,21,120,270,1504,118,1276,110,35,
,Santa Fe Springs,18094,137,9,5,43,80,1210,240,669,301,10,
,Santa Maria,110317,677,6,63,175,433,2596,437,1425,734,25,
,Santa Monica,88552,774,1,50,247,476,4217,652,2983,582,54,
,Santa Paula,31206,120,1,3,14,102,266,32,186,48,1,
,Santa Rosa,176855,585,10,115,113,347,2598,456,1776,366,22,
,Santee,58606,171,0,2,40,129,561,68,410,83,3,
,Saratoga,29398,18,0,6,7,5,181,70,102,9,0,
,Sausalito,7018,7,0,0,2,5,128,27,87,14,0,
,Scotts Valley,11993,16,0,3,0,13,146,20,118,8,1,
,Seal Beach,24354,96,1,7,13,75,658,107,504,47,2,
,Seaside,31064,131,2,8,14,107,251,31,182,38,4,
,Sebastopol,7248,27,0,2,4,21,123,14,98,11,7,
,Selma,24317,127,1,2,17,107,464,85,283,96,16,
,Shafter,21948,70,0,6,3,61,500,55,304,141,3,
,Sierra Madre,10601,24,0,1,2,21,76,27,39,10,0,
,Signal Hill,11173,76,0,4,22,50,600,61,363,176,0,
,Simi Valley,123443,150,0,22,28,100,1197,177,921,99,4,
,Solana Beach,12738,21,0,1,3,17,192,61,119,12,0,
,Soledad,23944,67,0,7,5,55,124,15,90,19,1,
,Solvang,5922,5,0,0,1,4,51,6,42,3,1,
,Sonoma,10342,16,0,3,3,10,107,12,85,10,1,
,Sonora,4934,43,0,6,0,37,140,11,116,13,1,
,South El Monte,19597,116,1,2,42,71,736,258,350,128,3,
,South Gate,90184,485,8,16,212,249,3155,250,1874,1031,10,
,South Lake Tahoe,21116,139,0,13,10,116,295,46,220,29,7,
,South Pasadena,25364,38,0,1,15,22,710,118,540,52,6,
,South San Francisco,62205,232,1,11,51,169,1387,140,1024,223,21,
,Stallion Springs,2460,2,0,0,0,2,6,2,4,0,0,
,Stanton,39471,177,3,10,49,115,774,119,529,126,7,
,St. Helena,5086,11,0,2,0,9,45,5,32,8,0,
,Stockton,322220,3717,48,128,1100,2441,9919,2014,5584,2321,185,
,Suisun City,28692,113,1,17,32,63,467,65,325,77,17,
,Sunnyvale,152031,377,1,48,96,232,2920,493,2019,408,23,
,Susanville,12526,74,1,9,6,58,147,14,93,40,2,
,Sutter Creek,2731,9,0,4,0,5,20,0,19,1,1,
,Taft,6830,37,1,4,7,25,225,34,143,48,4,
,Tehachapi,12104,52,0,7,14,31,273,30,212,31,0,
,Temecula,112632,189,0,17,53,119,2367,319,1776,272,1,
,Temple City,34757,75,0,3,22,50,404,152,201,51,0,
,Thousand Oaks,123032,134,5,6,28,95,1374,167,1144,63,4,
,Tiburon,8844,5,0,0,1,4,64,18,43,3,0,
,Torrance,138472,367,2,28,149,188,3640,558,2446,636,13,
,Tracy,99347,274,9,20,76,169,1634,164,1134,336,12,
,Truckee,16910,108,0,4,5,99,86,23,52,11,1,
,Tulare,71428,453,3,50,60,340,1410,213,771,426,15,
,Tulelake,884,6,0,0,0,6,0,0,0,0,0,
,Turlock,72118,320,4,24,76,216,1581,193,1128,260,23,
,Tustin,77690,177,1,8,63,105,1746,186,1352,208,9,
,Ukiah,15932,96,0,11,24,61,240,44,126,70,14,
,Union City,65613,320,3,13,117,187,2075,228,1297,550,6,
,Upland,78702,283,2,21,81,179,1613,332,1001,280,17,
,Vacaville,101975,358,2,46,71,239,2118,181,1707,230,24,
,Vallejo,122419,994,20,56,336,582,5110,810,3193,1107,35,
,Ventura,109035,475,6,31,79,359,2325,285,1862,178,13,
,Vernon,208,44,0,1,16,27,625,109,382,134,9,
,Villa Park,5684,2,0,0,1,1,42,14,18,10,1,
,Visalia,145031,660,14,94,125,427,3496,457,2381,658,67,
,Vista,97457,363,5,13,59,286,1171,216,686,269,2,
,Walnut,26874,43,0,3,14,26,429,141,249,39,3,
,Walnut Creek,68441,201,1,16,53,131,1892,275,1444,173,2,
,Waterford,9436,17,1,0,2,14,83,11,49,23,0,
,Weed,2788,17,0,4,0,13,33,4,20,9,2,
,West Covina,103014,357,1,25,128,203,2423,345,1596,482,19,
,West Hollywood,33967,311,0,30,130,151,2116,364,1592,160,17,
,Westlake Village,7548,18,0,1,5,12,146,30,110,6,0,
,Westminster,88710,382,3,16,92,271,2454,434,1739,281,10,
,West Sacramento,55651,120,0,16,30,74,668,151,431,86,6,
,Wheatland,3827,1,0,0,0,1,23,1,16,6,0,
,Whittier,83269,357,5,15,95,242,1906,296,1127,483,12,
,Wildomar,37366,74,1,7,9,57,505,86,326,93,0,
,Williams,5688,24,0,0,0,24,91,16,61,14,1,
,Willits,4844,42,0,0,0,42,16,0,0,16,3,
,Windsor,25534,46,0,14,12,20,184,25,148,11,3,
,Winters,7754,6,0,3,0,3,48,6,34,8,1,
,Woodlake,7662,61,0,4,1,56,84,15,54,15,1,
,Woodland,61669,240,2,20,29,189,1279,119,891,269,11,
,Yorba Linda,66477,31,0,2,8,21,749,139,547,63,3,
,Yountville,3321,3,0,1,0,2,11,2,8,1,0,
,Yuba City,68551,301,1,35,73,192,1361,173,943,245,30,
COLORADO,Arvada,120200,259,1,30,51,177,3126,394,2179,553,44,
,Aspen,6618,10,0,3,0,7,201,12,177,12,1,
,Ault,2850,1,0,1,0,0,10,1,5,4,0,
,Aurora,396976,3777,41,330,577,2829,14860,1750,7840,5270,122,
,Avon,5817,16,0,0,1,15,141,11,123,7,1,
,Basalt,4101,13,0,4,0,9,50,11,38,1,0,
,Bayfield,2923,0,0,0,0,0,16,0,13,3,0,
,Black Hawk,127,5,0,1,2,2,239,3,222,14,0,
,Boulder,104232,372,3,40,38,291,3187,477,2373,337,25,
,Bow Mar,823,0,0,0,0,0,16,1,14,1,0,
,Breckenridge,4850,11,0,6,0,5,151,8,139,4,0,
,Brighton,42700,180,2,27,7,144,1116,107,765,244,9,
,Broomfield,77072,124,4,25,15,80,1756,183,1310,263,11,
,Buena Vista,3035,0,0,0,0,0,13,3,8,2,0,
,Burlington,3088,17,0,0,0,17,66,5,50,11,0,
,Calhan,725,4,0,1,1,2,7,2,3,2,0,
,Canon City,17408,75,1,7,5,62,681,86,555,40,12,
,Carbondale,6727,9,0,4,0,5,37,2,30,5,0,
,Castle Rock,83546,19,0,3,3,13,1008,82,865,61,0,
,Centennial,104724,223,1,8,26,188,2041,265,1393,383,19,
,Center,1933,11,0,8,0,3,39,9,27,3,0,
,Cherry Hills Village,6255,2,0,0,0,2,72,26,40,6,0,
,Colorado Springs,489254,3386,24,510,374,2478,18076,2552,11520,4004,173,
,Commerce City,67851,521,4,65,73,379,1946,220,1157,569,17,
,Cortez,9112,61,3,16,10,32,329,30,269,30,3,
,Crested Butte,1657,5,0,2,0,3,4,0,4,0,0,
,Dacono,6560,11,0,1,0,10,74,5,52,17,0,
,Delta,9671,21,1,8,3,9,359,55,268,36,7,
,Denver,712222,7277,85,664,1252,5276,40957,5106,23394,12457,133,
,Dillon,1012,3,0,0,0,3,32,2,30,0,0,
,Eagle,7410,12,0,7,0,5,56,7,42,7,0,
,Eaton,5948,2,0,0,0,2,70,2,55,13,0,
,Edgewater,4848,14,2,1,3,8,437,9,383,45,1,
,Elizabeth,2636,2,0,0,0,2,29,2,26,1,0,
,Empire,333,4,0,0,0,4,0,0,0,0,0,
,Englewood,33653,216,5,37,25,149,1889,178,1216,495,11,
,Erie,34543,18,0,3,3,12,336,43,264,29,3,
,Estes Park,5842,13,0,3,0,10,61,20,36,5,0,
,Evans,22791,118,1,16,8,93,433,43,288,102,4,
,Firestone,19199,24,0,9,0,15,217,11,163,43,0,
,Florence,3887,14,0,1,0,13,42,7,34,1,0,
,Fort Collins,168886,500,1,49,62,388,4121,462,3307,352,26,
,Fort Lupton,9273,49,0,5,3,41,225,37,139,49,1,
,Fort Morgan,11405,46,0,14,2,30,282,47,203,32,2,
,Fountain,28429,142,3,38,19,82,586,76,418,92,4,
,Frederick,18522,14,0,2,0,12,135,23,85,27,3,
,Fruita,13936,7,0,2,2,3,138,39,88,11,3,
,Glenwood Springs,10398,43,0,16,2,25,389,33,295,61,2,
,Golden,20499,33,0,2,5,26,505,46,391,68,4,
,Granby,2196,3,0,2,0,1,24,3,18,3,0,
,Grand Junction,69240,350,2,52,44,252,2210,294,1729,187,27,
,Greeley,109183,685,4,33,86,562,3136,389,2024,723,22,
,Greenwood Village,15225,62,0,14,10,38,1061,127,726,208,4,
,Gunnison,6907,30,0,1,2,27,180,9,167,4,2,
,Gypsum,9422,2,0,0,0,2,25,3,18,4,0,
,Haxtun,953,1,0,0,0,1,1,0,1,0,1,
,Hayden,1969,0,0,0,0,0,22,0,21,1,0,
,Holyoke,2267,2,0,1,0,1,7,2,2,3,0,
,Hotchkiss,915,1,0,0,0,1,6,1,5,0,0,
,Hudson,1632,8,0,2,1,5,26,4,16,6,0,
,Hugo,783,1,0,0,0,1,1,0,1,0,0,
,Idaho Springs,1725,8,1,0,0,7,72,5,63,4,0,
,Ignacio,857,2,0,1,0,1,8,2,6,0,0,
,Johnstown,19308,41,0,11,1,29,707,22,635,50,2,
,Kersey,1503,2,0,1,0,1,22,0,20,2,0,
,Kremmling,1471,4,1,2,0,1,23,3,18,2,1,
,Lafayette,30839,60,0,7,5,48,909,142,677,90,4,
,La Junta,7074,28,1,8,3,16,374,36,310,28,4,
,Lakewood,156065,1118,14,77,231,796,7203,961,4772,1470,50,
,La Salle,2332,6,0,4,0,2,48,11,25,12,0,
,Leadville,2603,2,0,0,0,2,30,5,22,3,2,
,Littleton,44345,88,0,23,18,47,1242,189,790,263,6,
,Lone Tree,14127,48,0,3,12,33,1459,64,1321,74,4,
,Longmont,98444,451,8,110,29,304,2674,237,2068,369,20,
,Louisville,20260,29,0,6,3,20,457,97,312,48,7,
,Loveland,78656,305,5,67,25,208,1860,167,1501,192,18,
,Mancos,1258,3,0,2,0,1,18,3,15,0,0,
,Manitou Springs,4629,18,0,3,0,15,70,8,53,9,3,
,Mead,7123,16,0,1,0,15,69,10,36,23,1,
,Meeker,2382,0,0,0,0,0,16,2,14,0,0,
,Milliken,9405,1,0,0,0,1,40,3,33,4,0,
,Monte Vista,4094,18,1,1,3,13,164,34,121,9,2,
,Montrose,21334,45,2,1,4,38,484,25,418,41,2,
,Monument,12544,17,0,0,6,11,223,26,175,22,1,
,Mountain View,520,0,0,0,0,0,5,1,3,1,0,
,Mountain Village,1248,1,0,0,0,1,14,0,14,0,0,
,New Castle,4815,3,0,1,0,2,24,3,18,3,1,
,Northglenn,38146,206,3,30,19,154,1260,101,899,260,6,
,Pagosa Springs,1773,18,0,0,1,17,62,12,47,3,2,
,Palisade,2597,1,0,1,0,0,35,5,29,1,0,
,Parker,62431,127,5,22,11,89,1145,139,849,157,6,
,Platteville,3957,5,0,1,1,3,46,4,33,9,1,
,Pueblo,111240,1640,28,141,279,1192,6158,986,3265,1907,66,
,Rifle,10613,33,2,8,2,21,132,7,106,19,0,
,Rocky Ford,3766,5,0,0,0,5,60,5,43,12,1,
,Salida,5872,6,0,0,0,6,57,3,53,1,0,
,Severance,12197,12,1,1,0,10,32,2,22,8,1,
,Sheridan,5905,42,0,2,6,34,430,34,286,110,1,
,Silt,3621,4,0,1,0,3,21,0,15,6,0,
,Silverthorne,4936,6,0,0,1,5,110,8,94,8,0,
,Steamboat Springs,13345,44,0,7,2,35,159,18,129,12,2,
,Sterling,12952,51,0,8,4,39,453,68,367,18,5,
,Telluride,2571,2,0,1,0,1,51,1,46,4,0,
,Thornton,143838,398,5,127,90,176,4293,331,3146,816,28,
,Timnath,11004,5,0,0,0,5,170,14,146,10,1,
,Trinidad,8299,61,0,3,2,56,204,32,154,18,3,
,Vail,4547,24,0,2,1,21,213,15,190,8,1,
,Walsh,533,0,0,0,0,0,0,0,0,0,0,
,Westminster,113660,371,7,64,82,218,4092,284,2819,989,25,
,Wheat Ridge,31632,138,2,16,26,94,1436,180,994,262,9,
,Windsor,41454,15,0,1,1,13,265,23,200,42,1,
,Woodland Park,7971,10,0,2,0,8,72,4,68,0,2,
CONNECTICUT,Ansonia,18942,9,1,6,2,0,317,13,264,40,1,
,Avon,18861,4,0,1,0,3,149,13,114,22,0,
,Berlin,20230,9,0,3,5,1,517,23,438,56,0,
,Bethel,20863,7,1,0,0,6,95,5,86,4,0,
,Bloomfield,21594,17,1,9,4,3,584,23,504,57,0,
,Branford,28132,30,0,11,9,10,546,19,431,96,4,
,Bridgeport,148483,581,18,63,224,276,2091,314,1174,603,6,
,Bristol,61609,32,1,5,12,14,726,68,407,251,0,
,Brookfield,17580,9,0,3,1,5,137,14,108,15,2,
,Canton,10085,3,0,1,0,2,49,6,35,8,0,
,Cheshire,29194,5,0,0,1,4,205,15,147,43,1,
,Clinton,13516,5,0,0,1,4,326,21,274,31,0,
,Coventry,12320,6,0,3,2,1,77,8,63,6,0,
,Cromwell,14377,9,0,4,2,3,347,6,304,37,1,
,Danbury,87327,186,2,18,32,134,973,89,760,124,2,
,Darien,22173,2,0,0,0,2,231,22,177,32,0,
,Derby,12382,27,0,2,7,18,341,41,231,69,0,
,East Hampton,13094,1,0,1,0,0,107,11,77,19,0,
,East Hartford,50625,75,4,22,22,27,1144,60,813,271,9,
,East Haven,27614,33,1,6,8,18,727,37,574,116,0,
,East Lyme,18952,7,0,2,3,2,108,10,86,12,0,
,Easton,7653,0,0,0,0,0,46,2,31,13,0,
,East Windsor,11178,16,0,3,8,5,270,27,201,42,0,
,Enfield,41271,69,0,11,10,48,769,65,643,61,2,
,Fairfield,63588,18,0,7,4,7,1117,54,937,126,4,
,Farmington,26754,9,0,3,3,3,547,13,484,50,0,
,Glastonbury,35256,8,0,0,4,4,534,59,422,53,1,
,Granby,11113,3,0,1,0,2,84,11,61,12,2,
,Greenwich,63777,15,0,2,8,5,597,65,446,86,0,
,Groton,9343,16,0,3,2,11,59,6,47,6,0,
,Groton Long Point,521,0,0,0,0,0,7,0,4,3,0,
,Groton Town,27582,22,0,5,3,14,272,18,226,28,0,
,Guilford,22022,2,0,1,0,1,254,17,212,25,0,
,Hamden,60691,338,0,2,44,292,1795,116,1183,496,5,
,Hartford,120710,686,36,78,171,401,3239,342,1687,1210,43,
,Ledyard,15490,10,0,1,0,9,43,1,37,5,1,
,Madison,17530,1,0,0,0,1,83,4,64,15,0,
,Manchester,59408,66,0,12,13,41,1052,76,823,153,3,
,Meriden,60054,119,2,25,35,57,1457,168,924,365,7,
,Middlebury,7922,2,0,0,2,0,54,5,35,14,0,
,Middletown,49284,39,1,7,12,19,712,43,557,112,1,
,Milford,53011,63,0,24,27,12,1268,59,1022,187,2,
,Monroe,18811,7,0,4,2,1,114,13,84,17,0,
,Naugatuck,31790,30,0,9,7,14,414,42,320,52,0,
,New Britain,74609,365,3,49,62,251,1712,108,1221,383,11,
,New Canaan,20897,2,0,0,2,0,132,16,99,17,1,
,New Haven,141481,767,22,55,285,405,5219,452,3443,1324,21,
,Newington,30304,24,0,4,16,4,885,32,764,89,2,
,New London,28317,54,1,21,13,19,390,43,254,93,2,
,New Milford,28408,16,1,5,2,8,191,18,154,19,3,
,Newtown,27835,5,0,1,0,4,132,11,97,24,0,
,North Branford,13443,2,0,0,1,1,110,8,79,23,0,
,North Haven,24078,5,0,0,5,0,655,74,514,67,1,
,Norwalk,91639,100,0,8,28,64,1426,95,1178,153,1,
,Norwich,40000,86,2,27,16,41,515,139,342,34,9,
,Old Saybrook,10569,6,0,0,0,6,173,13,124,36,0,
,Orange,14272,16,0,1,13,2,602,29,546,27,1,
,Plainfield,15227,2,0,0,1,1,7,0,6,1,0,
,Plainville,17476,13,0,2,3,8,447,21,364,62,1,
,Plymouth,11743,3,1,2,0,0,87,6,59,22,1,
,Portland,9462,5,0,0,1,4,40,8,27,5,0,
,Putnam,9339,7,0,3,1,3,102,10,81,11,0,
,Redding,8754,1,0,0,0,1,34,5,22,7,0,
,Ridgefield,25030,1,0,0,0,1,50,0,27,23,0,
,Rocky Hill,20673,18,0,5,4,9,393,28,307,58,0,
,Seymour,16846,6,0,1,3,2,99,18,57,24,2,
,Shelton,42434,22,0,1,13,8,256,30,171,55,1,
,Simsbury,25160,4,0,1,0,3,246,13,200,33,0,
,Southington,43900,17,1,5,10,1,879,133,637,109,1,
,South Windsor,26743,16,0,0,5,11,459,60,372,27,1,
,Stamford,136512,234,3,5,66,160,1586,110,1286,190,7,
,Stonington,18559,16,0,4,0,12,154,14,121,19,1,
,Stratford,52596,61,0,10,32,19,1015,60,811,144,0,
,Suffield,15750,2,0,1,0,1,107,17,75,15,1,
,Thomaston,7484,3,0,1,2,0,44,5,35,4,0,
,Torrington,35633,42,0,9,7,26,477,30,391,56,1,
,Trumbull,37350,19,0,2,12,5,795,34,732,29,1,
,Vernon,30838,7,1,0,2,4,409,68,306,35,1,
,Wallingford,43902,4,0,0,3,1,209,8,168,33,0,
,Waterbury,115380,463,18,46,172,227,3531,292,2333,906,3,
,Waterford,19617,2,0,1,1,0,253,9,232,12,0,
,Watertown,22229,6,0,1,5,0,321,30,249,42,0,
,West Hartford,64423,34,0,4,19,11,1979,90,1705,184,0,
,West Haven,54791,50,1,8,23,18,934,57,571,306,1,
,Weston,10373,0,0,0,0,0,23,0,13,10,0,
,Westport,27611,5,0,0,2,3,327,20,259,48,0,
,Wethersfield,27076,20,0,5,8,7,396,33,311,52,1,
,Willimantic,17819,21,0,2,2,17,172,16,123,33,2,
,Wilton,18468,4,1,0,0,3,144,11,116,17,0,
,Winchester,10257,3,0,3,0,0,86,9,63,14,0,
,Windsor,29469,19,0,3,8,8,618,22,495,101,1,
,Windsor Locks,12518,11,0,2,2,7,188,16,132,40,0,
,Wolcott,16234,0,0,0,0,0,42,4,30,8,0,
,Woodbridge,9046,6,0,0,4,2,87,18,49,20,2,
DELAWARE,Bethany Beach,1066,2,0,0,0,2,103,3,100,0,0,
,Blades,1299,2,0,0,0,2,25,2,20,3,0,
,Bridgeville,2846,13,2,0,0,11,35,4,26,5,0,
,Camden,4488,16,0,1,3,12,211,8,195,8,0,
,Cheswold,2058,13,0,3,0,10,9,1,8,0,0,
,Clayton,4351,7,0,2,0,5,21,0,21,0,0,
,Dagsboro,966,0,0,0,0,0,8,2,6,0,0,
,Delaware City,1899,6,0,0,0,6,12,5,7,0,0,
,Delmar,2250,14,0,1,0,13,43,6,36,1,1,
,Dewey Beach,397,20,0,2,2,16,21,2,19,0,0,
,Dover,38209,276,3,28,19,226,1714,42,1519,153,3,
,Ellendale,545,2,0,1,0,1,8,0,5,3,0,
,Elsmere,6130,24,3,0,3,18,100,24,51,25,0,
,Felton,1361,1,0,0,0,1,35,0,30,5,0,
,Frankford,878,0,0,0,0,0,9,4,4,1,0,
,Georgetown,7916,53,1,5,11,36,346,45,288,13,0,
,Greenwood,1095,2,0,0,0,2,24,6,17,1,0,
,Harrington,3843,12,0,2,1,9,70,7,54,9,0,
,Laurel,4300,61,3,3,1,54,146,13,116,17,0,
,Lewes,3647,5,0,0,0,5,43,5,38,0,0,
,Middletown,25387,55,0,2,11,42,468,41,379,48,0,
,Milford,13909,121,0,12,13,96,493,50,430,13,0,
,Millsboro,7679,29,0,3,1,25,161,18,129,14,0,
,Milton,3698,5,0,1,1,3,29,2,27,0,0,
,Newark,30379,77,0,6,11,60,559,51,442,66,1,
,New Castle,5525,31,0,0,7,24,189,8,165,16,0,
,Newport,890,5,0,0,1,4,36,3,27,6,0,
,Ocean View,2948,2,0,0,0,2,20,5,15,0,0,
,Rehoboth Beach,1226,4,0,1,0,3,111,4,106,1,0,
,Seaford,8792,89,1,4,23,61,365,41,313,11,0,
,Selbyville,3198,7,0,1,1,5,78,7,68,3,0,
,Smyrna,13468,48,1,3,2,42,316,21,280,15,0,
,South Bethany,507,1,0,0,0,1,10,1,9,0,0,
,Townsend,2841,0,0,0,0,0,15,5,8,2,0,
,Wilmington,71934,924,14,7,235,668,2598,350,1568,680,0,
,Wyoming,1967,5,0,0,0,5,18,3,14,1,0,
DISTRICT OF COLUMBIA,Washington,678972,7112,264,261,3789,2798,28229,1664,19724,6841,1,
FLORIDA2,Altamonte Springs,45224,150,2,12,35,101,1022,80,849,93,0,
,Apopka,58105,244,0,30,46,168,1602,299,1114,189,5,
,Atlantic Beach,13179,21,0,4,2,15,168,17,142,9,0,
,Auburndale,20184,52,1,2,13,36,413,69,324,20,0,
,Aventura,38386,43,1,5,14,23,1497,57,1431,9,0,
,Bal Harbour Village,2935,2,0,1,1,0,164,2,162,0,0,
,Bartow,20070,77,0,5,11,61,451,55,376,20,0,
,Bay Harbor Islands,5632,3,0,1,1,1,44,0,37,7,0,
,Belleair,4470,3,0,2,0,1,33,0,27,6,0,
,Belleair Beach,1622,1,0,0,0,1,11,1,9,1,0,
,Belleair Bluffs,2294,3,0,1,0,2,34,3,29,2,0,
,Belle Glade,16807,188,3,11,17,157,516,78,386,52,6,
,Blountstown,2255,10,0,0,0,10,23,3,17,3,0,
,Boca Raton,99395,161,0,25,34,102,1914,134,1777,3,0,
,Bowling Green,2448,4,0,1,0,3,44,5,37,2,0,
,Boynton Beach,80964,359,5,19,59,276,1977,140,1669,168,3,
,Bradenton,57544,350,3,33,52,262,1084,73,1004,7,3,
,Brooksville,9809,52,1,6,2,43,316,18,282,16,1,
,Bunnell,3794,15,0,1,1,13,69,6,60,3,1,
,Casselberry,30394,104,2,15,17,70,708,77,576,55,1,
,Clearwater,116899,398,4,70,59,265,2143,253,1742,148,2,
,Clermont,48180,91,0,7,12,72,789,53,685,51,0,
,Clewiston,7132,8,0,0,2,6,75,11,63,1,0,
,Coral Gables,48920,54,0,3,15,36,1031,70,955,6,1,
,Coral Springs,132977,183,2,35,30,116,1658,117,1538,3,1,
,Crescent City,1684,1,0,0,0,1,20,4,14,2,0,
,Cross City,1785,10,0,1,0,9,9,5,4,0,0,
,Cutler Bay,43345,79,0,8,33,38,749,27,660,62,0,
,Davenport,15943,8,0,0,1,7,73,16,52,5,0,
,Davie,106759,230,2,21,46,161,2116,233,1877,6,0,
,DeFuniak Springs,6839,32,1,1,1,29,129,18,103,8,0,
,Doral,77375,106,1,10,15,80,1288,49,1236,3,0,
,Dunedin,36066,33,0,6,5,22,283,22,238,23,1,
,Edgewood,2717,4,0,0,1,3,53,9,34,10,0,
,Fellsmere,5017,10,0,2,0,8,28,12,16,0,0,
,Flagler Beach,5339,6,0,2,1,3,48,5,40,3,0,
,Florida City,12464,213,4,15,37,157,728,82,646,0,3,
,Fort Pierce,48781,264,12,12,25,215,943,99,728,116,7,
,Fort Walton Beach,21031,95,0,15,14,66,344,45,299,0,1,
,Fruitland Park,8877,19,0,0,1,18,88,20,63,5,0,
,Gainesville,146744,1084,16,148,175,745,4211,420,3775,16,10,
,Golden Beach,954,0,0,0,0,0,14,10,0,4,0,
,Greenacres City,43702,122,3,16,21,82,612,42,519,51,1,
,Green Cove Springs,10131,32,0,3,3,26,125,21,104,0,1,
,Gulf Breeze,6824,5,0,0,0,5,26,2,24,0,1,
,Gulfport,11706,25,0,2,1,22,280,29,213,38,0,
,Haines City,36908,32,1,3,7,21,313,62,207,44,0,
,Hialeah Gardens,22071,19,0,0,2,17,268,20,199,49,0,
,Hillsboro Beach,1956,0,0,0,0,0,12,2,10,0,0,
,Holmes Beach,3060,6,0,0,0,6,33,5,25,3,0,
,Indian Rocks Beach,3652,8,0,1,1,6,99,5,86,8,0,
,Indian Shores,3373,5,0,2,0,3,17,1,14,2,0,
,Juno Beach,3866,3,0,1,0,2,34,2,32,0,0,
,Jupiter Island,844,0,0,0,0,0,4,1,2,1,0,
,Key Biscayne,14283,9,0,1,0,8,158,7,149,2,0,
,Key West,25220,91,1,15,2,73,536,36,500,0,0,
,Lake Alfred,7396,7,0,0,1,6,67,11,45,11,0,
,Lake Hamilton,1651,1,0,0,0,1,25,11,12,2,0,
,Lake Helen,2961,3,0,0,0,3,11,2,9,0,0,
,Lake Mary,16744,11,0,0,0,11,160,12,141,7,0,
,Lake Park,8944,54,2,6,12,34,569,30,495,44,1,
,Lake Wales,16878,68,7,2,5,54,398,46,331,21,0,
,Lake Worth,40498,378,5,43,127,203,1155,168,835,152,3,
,Largo,82489,268,4,42,30,192,1782,99,1675,8,4,
,Leesburg,30273,118,1,13,22,82,670,90,578,2,3,
,Lighthouse Point,10396,6,0,0,3,3,176,17,120,39,0,
,Longboat Key,7610,0,0,0,0,0,57,5,49,3,0,
,Longwood,17627,35,0,7,4,24,278,39,226,13,1,
,Loxatachee Groves,3457,24,0,1,3,20,55,9,35,11,0,
,Lynn Haven,20777,27,0,5,0,22,158,15,134,9,0,
,Madeira Beach,3978,14,0,2,0,12,105,11,83,11,1,
,Maitland,19308,46,0,6,6,34,297,38,211,48,0,
,Mangonia Park,2423,36,0,2,10,24,184,18,153,13,0,
,Marco Island,16374,12,0,3,2,7,66,9,49,8,0,
,Mascotte,8691,32,0,2,1,29,111,52,54,5,1,
,Miami,452929,2228,32,128,497,1571,13338,1151,10069,2118,28,
,Miami Lakes,31029,32,4,2,10,16,464,30,340,94,0,
,Miami Shores,11507,24,0,2,6,16,410,28,355,27,0,
,Milton,10909,18,1,5,1,11,183,54,115,14,0,
,Miramar,138613,237,4,22,43,168,1501,129,1356,16,1,
,Neptune Beach,6969,6,0,1,0,5,88,4,78,6,0,
,North Miami Beach,42818,274,8,16,78,172,1151,122,1014,15,2,
,North Palm Beach,13054,8,0,0,1,7,71,5,66,0,0,
,North Port,90356,92,3,16,8,65,879,84,770,25,2,
,North Redington Beach,1470,0,0,0,0,0,9,3,6,0,0,
,Ocala,66338,363,10,55,57,241,1967,256,1708,3,16,
,Ocean Ridge,1832,1,0,1,0,0,27,4,22,1,0,
,Okeechobee,5526,18,0,3,4,11,149,21,125,3,0,
,Oldsmar,14870,17,0,2,3,12,239,11,201,27,1,
,Oviedo,39367,47,0,6,3,38,248,28,204,16,1,
,Pahokee,5551,60,2,2,8,48,182,17,134,31,0,
,Palatka,10632,64,2,2,5,55,351,15,325,11,2,
,Palm Bay,134040,425,6,63,56,300,1373,167,1201,5,5,
,Palm Beach Shores,1325,8,0,0,1,7,40,1,36,3,0,
,Palmetto,13759,76,2,7,12,55,341,35,279,27,0,
,Palmetto Bay,24197,43,0,4,10,29,462,32,389,41,0,
,Panama City,35684,262,3,52,18,189,920,151,692,77,4,
,Parker,4890,10,0,0,1,9,142,12,128,2,0,
,Pensacola,53583,70,1,15,0,54,598,6,577,15,0,
,Perry,7019,63,0,8,8,47,213,45,158,10,6,
,Pinellas Park,53794,133,1,18,27,87,1320,94,1088,138,6,
,Plantation,98106,248,3,14,65,166,2430,149,1999,282,2,
,Port St. Lucie,245394,243,5,23,33,182,1838,163,1553,122,2,
,Redington Beaches,1372,2,0,2,0,0,8,1,5,2,0,
,Riviera Beach,38716,374,8,27,51,288,1162,169,850,143,2,
,Royal Palm Beach,39392,92,1,10,9,72,558,106,423,29,1,
,Safety Harbor,17008,17,0,5,2,10,99,8,86,5,0,
,Sanford,64218,399,8,56,62,273,1785,181,1329,275,1,
,Satellite Beach,11295,7,0,1,0,6,66,6,60,0,0,
,Sea Ranch Lakes,542,0,0,0,0,0,13,0,13,0,0,
,Sebastian,27004,44,1,4,5,34,427,27,386,14,2,
,Seminole,19300,22,0,2,3,17,380,18,344,18,2,
,South Bay,4897,48,0,1,1,46,114,18,79,17,1,
,South Miami,11628,83,0,2,18,63,297,40,257,0,3,
,South Palm Beach,1450,0,0,0,0,0,12,0,11,1,0,
,South Pasadena,5306,8,0,0,3,5,100,6,90,4,0,
,Springfield,8216,54,1,6,5,42,202,32,156,14,0,
,St. Augustine,15435,52,1,7,10,34,405,49,345,11,0,
,St. Augustine Beach,6870,9,0,1,0,8,47,3,43,1,0,
,St. Cloud,67184,110,1,16,6,87,635,78,557,0,3,
,St. Pete Beach,8763,22,0,5,3,14,225,18,187,20,0,
,St. Petersburg,262395,1519,13,123,202,1181,7028,717,5394,917,24,
,Sunny Isles Beach,21868,28,1,2,7,18,278,14,264,0,0,
,Surfside,5405,6,0,0,2,4,148,15,126,7,0,
,Tampa,403407,1855,41,171,264,1379,6677,783,5132,762,44,
,Tarpon Springs,26271,57,1,6,7,43,381,30,319,32,0,
,Tavares,21085,14,1,0,1,12,62,14,38,10,0,
,Temple Terrace,27462,74,1,3,18,52,465,58,364,43,1,
,Titusville,49577,130,4,16,15,95,418,78,282,58,3,
,Treasure Island,6551,18,0,5,2,11,138,15,107,16,1,
,Virginia Gardens,2240,1,0,0,0,1,32,5,23,4,0,
,Wauchula,4966,17,1,3,1,12,78,13,56,9,0,
,Wellington,61370,90,2,13,10,65,667,34,564,69,0,
,Westlake,1092,2,0,0,0,2,37,7,30,0,0,
,West Miami,6883,20,0,0,3,17,88,9,59,20,0,
,West Palm Beach,122697,858,10,79,190,579,2850,398,2432,20,18,
,Wildwood,18726,19,0,2,0,17,122,15,96,11,1,
,Winter Haven,57382,186,1,22,16,147,969,108,792,69,1,
,Winter Park,29718,66,0,7,15,44,610,77,475,58,1,
,Zephyrhills,20351,36,0,12,6,18,588,49,499,40,2,
GEORGIA,Acworth,22216,11,0,1,1,9,277,10,262,5,0,
,Adairsville,5133,13,0,5,0,8,93,8,80,5,0,
,Alapaha,488,0,0,0,0,0,5,2,3,0,0,
,Albany,66281,662,16,33,45,568,1542,245,1124,173,13,
,Alma,3482,12,0,2,2,8,99,25,68,6,0,
,Alpharetta,68139,191,0,10,14,167,904,54,792,58,2,
,Alto,1005,1,0,1,0,0,1,0,1,0,0,
,Americus,15370,208,6,8,15,179,560,89,446,25,1,
,Arcade,1952,7,0,0,1,6,52,6,44,2,0,
,Arlington,1125,8,0,0,0,8,37,21,16,0,0,
,Athens-Clarke County,129595,559,5,78,80,396,3265,309,2674,282,13,
,Atlanta,500212,3538,132,116,602,2688,19471,1735,12506,5230,46,
,Bainbridge,14142,96,3,6,8,79,427,85,313,29,5,
,Ball Ground,3051,1,0,0,0,1,5,1,4,0,0,
,Bartow,179,0,0,0,0,0,0,0,0,0,0,
,Baxley,4954,22,0,5,2,15,192,27,148,17,1,
,Blackshear,3622,3,0,1,0,2,48,6,39,3,1,
,Blairsville,842,0,0,0,0,0,7,2,5,0,0,
,Bloomingdale,3285,1,0,0,0,1,68,7,38,23,0,
,Blythe,769,0,0,0,0,0,0,0,0,0,0,
,Boston,1223,1,0,0,0,1,20,4,15,1,1,
,Braselton,15522,6,0,0,2,4,149,10,120,19,1,
,Bremen,8016,7,0,1,1,5,181,12,164,5,0,
,Brookhaven,58507,211,2,8,75,126,1466,186,1155,125,3,
,Brooklet,2206,1,0,0,0,1,8,2,6,0,0,
,Broxton,1076,0,0,0,0,0,24,2,22,0,0,
,Byron,6097,15,0,1,0,14,103,10,77,16,0,
,Cairo,9957,19,1,3,5,10,215,35,162,18,1,
,Camilla,5147,9,0,0,0,9,106,12,91,3,1,
,Canton,37067,57,0,3,3,51,283,18,247,18,0,
,Carrollton,27537,77,0,13,9,55,565,66,474,25,2,
,Cartersville,24244,95,0,25,8,62,517,32,460,25,1,
,Cave Spring,1201,0,0,0,0,0,25,3,21,1,1,
,Cedartown,10321,37,0,8,8,21,241,18,212,11,1,
,Centerville,8643,20,0,1,2,17,145,15,119,11,0,
,Chamblee,29702,210,3,18,37,152,1278,182,982,114,1,
,Chatsworth,4862,9,0,0,0,9,44,1,42,1,0,
,Claxton,2447,28,0,1,2,25,106,14,86,6,0,
,Clayton,2032,8,0,1,0,7,53,7,41,5,0,
,Cleveland,3564,1,0,1,0,0,112,6,104,2,0,
,Cochran,4472,12,0,0,0,12,76,10,62,4,1,
,College Park,13949,247,13,11,44,179,1097,107,778,212,0,
,Conyers,18199,122,2,16,15,89,584,54,462,68,2,
,Cordele,9788,172,3,4,6,159,462,62,377,23,2,
,Covington,14448,79,1,5,7,66,545,38,457,50,0,
,Dalton,34347,76,1,15,12,48,769,60,666,43,2,
,Davisboro,1943,0,0,0,0,0,0,0,0,0,0,
,Dawson,4130,14,1,1,3,9,30,7,20,3,0,
,Decatur,24068,21,0,2,9,10,558,48,458,52,2,
,Demorest,2072,1,0,1,0,0,5,0,4,1,0,
,Doerun,709,2,0,2,0,0,12,0,9,3,0,
,Donalsonville,2825,8,0,0,1,7,31,7,21,3,0,
,Doraville,11028,63,2,7,18,36,552,70,408,74,2,
,Douglas,11677,0,0,0,0,0,37,1,36,0,0,
,Douglasville,39657,185,2,16,23,144,1883,90,1689,104,6,
,Duluth,32116,49,0,9,6,34,400,68,307,25,0,
,Dunwoody ,52505,116,1,7,24,84,1874,140,1637,97,3,
,East Ellijay,1448,5,0,0,0,5,78,1,77,0,0,
,Eastman,5597,36,1,4,5,26,205,35,169,1,6,
,Eatonton,6651,19,1,1,2,15,124,16,108,0,2,
,Elberton,4868,28,0,3,0,25,94,12,77,5,0,
,Ellaville,1527,0,0,0,0,0,13,1,12,0,0,
,Ellijay,1975,2,0,0,1,1,23,1,21,1,0,
,Emerson,1455,2,0,1,0,1,17,1,14,2,0,
,Enigma,1079,2,0,0,0,2,13,0,11,2,0,
,Eton,839,0,0,0,0,0,4,1,3,0,0,
,Euharlee,4271,3,0,3,0,0,21,1,19,1,0,
,Fayetteville,20032,21,0,1,4,16,519,35,467,17,2,
,Fitzgerald,8850,90,3,7,3,77,361,38,300,23,0,
,Flowery Branch,11729,16,0,4,2,10,140,13,116,11,0,
,Folkston,4688,3,0,0,0,3,34,5,28,1,2,
,Forest Park,19238,183,7,6,30,140,811,83,585,143,5,
,Franklin,965,2,0,0,0,2,15,2,12,1,0,
,Franklin Springs,1199,0,0,0,0,0,0,0,0,0,0,
,Gainesville,46708,174,3,21,19,131,1194,84,1015,95,2,
,Garden City,10438,84,2,8,13,61,318,41,216,61,0,
,Gordon,1720,12,0,0,0,12,24,10,12,2,1,
,Grantville,3320,18,0,2,0,16,29,6,19,4,0,
,Gray,3424,1,0,0,0,1,46,4,41,1,0,
,Greensboro,3595,8,0,0,1,7,68,1,59,8,1,
,Griffin,23806,245,4,16,30,195,805,107,616,82,0,
,Grovetown,17794,29,0,1,1,27,73,9,58,6,0,
,Hahira,3451,6,0,1,1,4,23,0,22,1,0,
,Hamilton,1753,0,0,0,0,0,4,2,2,0,1,
,Hampton,8206,15,4,0,0,11,50,6,34,10,0,
,Hartwell,4558,21,0,2,3,16,214,13,198,3,0,
,Hazlehurst,4072,19,0,1,3,15,132,16,112,4,0,
,Helen,601,0,0,0,0,0,31,5,26,0,0,
,Hephzibah,3834,4,0,0,0,4,45,10,30,5,1,
,Hiram,5341,23,1,4,2,16,302,12,282,8,0,
,Hogansville,3250,11,0,1,1,9,6,2,3,1,0,
,Holly Springs,19986,2,0,0,0,2,89,2,86,1,0,
,Homerville,2278,6,0,1,1,4,17,6,11,0,0,
,Jefferson,16356,9,1,1,2,5,102,8,87,7,1,
,Johns Creek,82646,40,0,2,7,31,451,76,354,21,0,
,Kennesaw,33646,88,0,10,9,69,272,30,227,15,1,
,Kingsland,20729,60,1,8,4,47,273,28,223,22,1,
,Kingston,744,0,0,0,0,0,0,0,0,0,0,
,LaGrange,32217,180,11,25,23,121,1381,156,1123,102,6,
,Lake City,2837,9,0,1,4,4,103,12,76,15,0,
,Lake Park,1702,2,0,0,0,2,16,2,13,1,0,
,Lavonia,2155,4,0,0,1,3,85,9,66,10,1,
,Lawrenceville,30605,86,0,9,26,51,667,65,519,83,1,
,Leary,493,0,0,0,0,0,0,0,0,0,0,
,Leesburg,3549,6,0,0,1,5,30,15,14,1,0,
,Lilburn,16302,24,1,2,7,14,404,36,330,38,0,
,Loganville,15779,18,0,1,3,14,207,20,165,22,0,
,Lookout Mountain,1647,0,0,0,0,0,2,0,2,0,0,
,Louisville,2288,20,0,0,1,19,42,6,34,2,1,
,Manchester,3539,23,1,0,1,21,92,20,70,2,0,
,McDonough,30857,94,0,8,12,74,847,61,663,123,0,
,Milledgeville,16728,107,1,11,12,83,585,72,488,25,1,
,Millen,2957,31,0,3,1,27,90,24,58,8,0,
,Milton,42190,30,0,5,0,25,226,26,195,5,0,
,Monroe,16006,66,4,9,6,47,334,37,274,23,1,
,Morrow,6309,30,1,4,12,13,532,23,456,53,0,
,Moultrie,14428,137,4,12,14,107,696,95,554,47,11,
,Nashville,4865,25,0,0,1,24,144,20,117,7,0,
,Newington,286,0,0,0,0,0,8,0,8,0,0,
,Newnan,45324,277,2,29,16,230,880,57,768,55,4,
,Norcross,17789,66,1,10,17,38,547,74,441,32,1,
,Oakwood,6625,16,0,7,3,6,230,20,196,14,0,
,Ocilla,2776,17,2,3,1,11,81,10,66,5,1,
,Oglethorpe,951,11,0,0,2,9,16,2,13,1,0,
,Omega,1321,13,0,0,0,13,9,3,3,3,0,
,Oxford,2280,0,0,0,0,0,7,1,6,0,0,
,Palmetto,5093,6,0,0,2,4,42,7,32,3,1,
,Patterson,770,0,0,0,0,0,0,0,0,0,0,
,Peachtree City,40173,15,1,5,1,8,471,17,433,21,1,
,Pelham,3382,32,2,1,1,28,139,13,118,8,0,
,Pendergrass ,1786,0,0,0,0,0,18,2,8,8,0,
,Perry,24953,41,2,4,0,35,391,24,347,20,1,
,Pine Mountain,1294,2,0,0,0,2,14,0,12,2,0,
,Port Wentworth,13134,16,2,2,2,10,174,22,123,29,0,
,Remerton,1255,12,1,3,3,5,18,8,9,1,0,
,Richmond Hill,18788,22,0,2,2,18,187,10,154,23,0,
,Rincon,11366,5,0,0,0,5,67,10,54,3,0,
,Ringgold,3454,4,0,1,1,2,104,8,90,6,0,
,Rockmart,5303,24,0,2,3,19,193,27,159,7,2,
,Rome,38027,370,7,25,32,306,1498,176,1206,116,8,
,Rossville,3966,10,1,1,1,7,81,11,62,8,0,
,Roswell,93241,172,0,18,16,138,1141,130,914,97,7,
,Sandersville,5419,9,0,0,1,8,24,1,23,0,0,
,Sandy Springs,107895,162,5,19,34,104,1825,195,1449,181,1,
,Senoia,6007,1,0,0,0,1,10,1,7,2,0,
,Smyrna,56307,164,3,19,19,123,908,96,689,123,1,
,Snellville,22779,41,1,5,8,27,516,55,433,28,0,
,South Fulton,113003,717,21,24,92,580,3151,313,2163,675,23,
,Sparta,1286,3,0,0,1,2,25,7,17,1,0,
,Springfield,3074,6,0,1,0,5,18,5,10,3,0,
,Statesboro,34808,128,4,12,25,87,879,90,738,51,4,
,St. Marys,19209,42,1,11,3,27,225,20,187,18,0,
,Stockbridge,29081,90,3,19,15,53,623,65,466,92,0,
,Stone Mountain,6590,17,0,1,4,12,99,11,58,30,0,
,Summerville,4387,5,0,1,2,2,78,13,58,7,0,
,Sylvester,5441,16,1,4,1,10,77,6,71,0,1,
,Temple,6925,8,0,2,0,6,96,8,77,11,0,
,Thomaston,9878,27,2,5,3,17,306,42,248,16,1,
,Thomasville,18260,123,0,10,20,93,665,105,508,52,3,
,Thunderbolt,2552,9,0,0,1,8,39,2,33,4,0,
,Toccoa,9162,40,0,9,3,28,365,37,302,26,1,
,Tybee Island,3145,18,0,1,3,14,34,4,29,1,0,
,Tyrone,8000,4,1,0,0,3,36,2,33,1,0,
,Vidalia,10606,100,2,3,11,84,524,54,430,40,3,
,Villa Rica,19137,18,0,5,3,10,258,27,219,12,2,
,Wadley,1574,12,0,0,0,12,55,7,47,1,0,
,Warner Robins,82991,554,6,20,68,460,2944,364,2284,296,18,
,Waycross,13652,87,2,6,10,69,664,82,549,33,10,
,Winder,19924,54,1,6,5,42,282,24,237,21,0,
,Woodstock,38455,40,0,11,4,25,434,9,409,16,0,
,Zebulon,1334,1,0,0,0,1,8,0,8,0,0,
HAWAII,Honolulu,987546,1839,6,277,511,1045,19182,1907,13601,3674,211,
IDAHO,American Falls,4710,9,0,0,1,8,25,3,21,1,0,
,Bellevue,2615,5,1,2,0,2,14,3,10,1,1,
,Blackfoot,12880,48,0,7,1,40,125,50,64,11,3,
,Boise,236949,639,5,161,52,421,2944,312,2303,329,33,
,Bonners Ferry,2786,8,0,2,0,6,11,1,10,0,0,
,Buhl,4718,7,0,2,0,5,37,5,28,4,2,
,Caldwell,68731,275,1,49,6,219,517,71,378,68,3,
,Challis,942,3,0,0,0,3,9,2,6,1,0,
,Chubbuck,16422,52,0,10,3,39,510,41,456,13,0,
,Coeur d'Alene,57653,172,1,44,11,116,600,56,508,36,9,
,Emmett,8427,38,0,5,0,33,48,15,33,0,2,
,Filer,2947,4,0,0,0,4,12,4,6,2,0,
,Fruitland,7083,7,0,0,0,7,47,19,23,5,0,
,Garden City,13258,88,0,14,3,71,215,64,139,12,2,
,Gooding,3726,8,1,2,1,4,29,10,18,1,0,
,Hagerman,978,1,0,0,0,1,6,1,4,1,0,
,Heyburn,3609,8,0,3,1,4,32,11,17,4,1,
,Homedale,3244,7,0,3,0,4,11,4,7,0,0,
,Idaho Falls,68662,214,0,39,11,164,965,336,522,107,5,
,Jerome,13382,30,0,5,1,24,91,14,67,10,0,
,Kellogg,2524,12,0,0,1,11,18,4,13,1,0,
,Ketchum,3551,3,0,1,0,2,30,5,24,1,2,
,Kimberly,5300,9,0,1,0,8,27,13,10,4,0,
,Lewiston,35230,44,1,10,1,32,451,96,321,34,2,
,McCall,4119,11,2,1,0,8,46,13,33,0,0,
,Meridian,135239,223,2,49,11,161,670,77,543,50,6,
,Middleton,11244,23,1,8,1,13,70,13,48,9,2,
,Montpelier,2774,3,0,1,0,2,24,2,21,1,0,
,Moscow,26625,4,0,0,0,4,390,60,317,13,4,
,Mountain Home,16689,45,0,12,1,32,95,6,76,13,0,
,Nampa,116116,424,3,93,19,309,991,139,753,99,3,
,Osburn,1709,1,0,0,0,1,2,1,1,0,1,
,Parma,2142,13,0,3,0,10,9,1,7,1,1,
,Payette,8785,39,0,11,0,28,68,8,52,8,1,
,Pinehurst,1837,0,0,0,0,0,0,0,0,0,0,
,Pocatello,58390,210,0,23,17,170,814,115,626,73,5,
,Post Falls,46927,64,0,11,1,52,426,68,326,32,3,
,Preston,6186,10,0,1,3,6,28,2,26,0,0,
,Priest River,1845,1,0,1,0,0,17,1,13,3,0,
,Rathdrum,11411,8,0,1,0,7,97,19,73,5,0,
,Rexburg,40992,22,0,2,0,20,117,16,98,3,3,
,Rigby,5653,2,0,1,0,1,72,4,59,9,0,
,Rupert,6306,32,0,0,0,32,44,8,34,2,3,
,Salmon,3269,5,0,0,0,5,12,0,12,0,0,
,Sandpoint,10345,6,1,0,1,4,143,30,108,5,2,
,Shelley,5255,4,0,1,0,3,34,7,19,8,0,
,Spirit Lake,2603,3,0,1,0,2,9,0,5,4,0,
,St. Anthony,3954,2,0,1,0,1,17,2,13,2,0,
,Sun Valley,1786,2,0,0,0,2,2,0,2,0,0,
,Twin Falls,55447,218,3,29,16,170,854,60,723,71,3,
,Weiser,6041,10,0,1,0,9,10,5,4,1,1,
,Wendell,2953,6,0,1,0,5,9,4,5,0,0,
ILLINOIS,Addison,34875,43,0,13,11,19,311,49,209,53,3,
,Albers,1105,0,0,0,0,0,0,0,0,0,0,
,Aledo,3562,4,0,2,0,2,57,8,47,2,0,
,Algonquin,30089,18,0,5,0,13,254,28,217,9,0,
,Alsip,18048,58,3,18,24,13,539,50,349,140,2,
,Altamont,2173,1,0,1,0,0,12,1,11,0,0,
,Alton,25025,235,3,36,13,183,768,171,504,93,9,
,Amboy,2244,0,0,0,0,0,1,0,1,0,0,
,Anna,4103,7,0,2,0,5,77,3,67,7,0,
,Annawan,857,0,0,0,0,0,1,0,1,0,0,
,Antioch,14855,18,0,4,1,13,112,10,92,10,0,
,Arcola,2920,5,0,1,0,4,10,3,6,1,0,
,Arlington Heights,74094,62,1,19,12,30,693,96,544,53,11,
,Arthur,2190,8,0,1,0,7,14,3,9,2,0,
,Assumption,1112,0,0,0,0,0,0,0,0,0,0,
,Athens,1920,2,0,1,1,0,16,0,15,1,0,
,Atkinson,931,1,0,0,0,1,14,3,11,0,0,
,Atwood,1101,3,0,1,0,2,5,0,5,0,0,
,Auburn,4446,1,0,1,0,0,26,5,19,2,0,
,Aurora,176712,549,5,87,58,399,1933,362,1201,370,21,
,Bannockburn,1010,0,0,0,0,0,20,5,15,0,0,
,Barrington,10467,2,0,0,0,2,65,8,51,6,2,
,Barrington Hills,3981,2,0,0,0,2,15,2,12,1,0,
,Bartlett,39728,26,0,9,4,13,150,34,101,15,0,
,Bartonville,5762,22,0,5,0,17,97,18,69,10,0,
,Batavia,26077,19,0,6,2,11,263,42,210,11,0,
,Beckemeyer,912,0,0,0,0,0,1,0,1,0,0,
,Bedford Park,581,15,0,1,5,9,342,28,253,61,2,
,Beecher,4659,3,0,0,2,1,12,0,12,0,0,
,Belleville,40820,169,3,39,9,118,700,150,378,172,18,
,Bellwood,17768,49,0,3,14,32,285,47,163,75,1,
,Belvidere,25116,61,0,12,7,42,131,26,96,9,0,
,Bement,1469,3,0,0,0,3,4,2,1,1,0,
,Bensenville,18228,15,0,3,6,6,179,71,82,26,1,
,Berkeley,5058,14,0,1,4,9,30,2,23,5,0,
,Berwyn,54052,80,0,6,44,30,389,34,235,120,2,
,Bethalto,9167,8,0,2,0,6,105,49,44,12,1,
,Bethany,1188,2,0,0,0,2,6,4,2,0,0,
,Bloomingdale,22312,13,0,6,2,5,373,37,328,8,0,
,Blue Island,21344,100,1,16,22,61,640,88,301,251,6,
,Bluffs,590,0,0,0,0,0,0,0,0,0,0,
,Bolingbrook,74138,162,5,38,28,91,655,105,438,112,6,
,Bourbonnais,17970,43,0,6,2,35,129,14,115,0,1,
,Bradley,15159,36,1,6,2,27,327,24,303,0,1,
,Braidwood,6140,5,0,0,1,4,33,4,28,1,0,
,Breese,4618,2,0,2,0,0,13,4,7,2,0,
,Bridgeport,1700,1,0,0,0,1,2,1,0,1,0,
,Brookfield,18470,6,0,1,0,5,4,2,2,0,0,
,Buda,467,0,0,0,0,0,0,0,0,0,0,
,Buffalo Grove,42310,16,0,5,3,8,297,33,247,17,3,
,Bull Valley,1104,0,0,0,0,0,0,0,0,0,0,
,Burbank,27986,67,2,10,19,36,488,87,314,87,5,
,Burr Ridge,10965,9,0,1,1,7,84,23,47,14,0,
,Calumet Park,6639,46,1,4,21,20,209,17,103,89,0,
,Cambridge,2024,0,0,0,0,0,9,1,8,0,0,
,Campton Hills,10731,0,0,0,0,0,0,0,0,0,0,
,Carbondale,21659,168,2,39,14,113,719,123,517,79,20,
,Carlinville,5520,43,0,3,0,40,141,25,113,3,1,
,Carlyle,3203,1,0,1,0,0,37,10,27,0,1,
,Carol Stream,38691,30,0,8,2,20,298,37,239,22,8,
,Carrier Mills,1601,1,0,0,0,1,21,3,13,5,0,
,Cary,17842,15,0,5,1,9,71,14,56,1,0,
,Casey,2361,5,0,5,0,0,15,5,9,1,0,
,Caseyville,4391,20,0,6,5,9,51,8,30,13,0,
,Catlin,1925,1,0,0,0,1,6,2,4,0,0,
,Centralia,11823,62,0,10,4,48,237,40,180,17,0,
,Champaign,89687,381,5,53,39,284,1615,363,1055,197,16,
,Channahon,14160,14,0,3,3,8,74,6,59,9,1,
,Charleston,17058,46,0,13,3,30,212,54,144,14,0,
,Chatham,14495,9,0,1,0,8,90,9,73,8,0,
,Chenoa,3147,0,0,0,0,0,10,3,6,1,0,
,Cherry,420,0,0,0,0,0,0,0,0,0,0,
,Cherry Valley,2858,12,0,2,1,9,149,13,127,9,0,
,Chester,6767,5,0,0,1,4,30,8,22,0,0,
,Chicago,2628298,15948,499,1244,10837,3368,90201,7361,56378,26462,168,
,Chicago Heights,26018,452,11,15,96,330,795,101,386,308,5,
,Chicago Ridge,13770,27,0,11,4,12,247,17,204,26,3,
,Chillicothe,5952,10,0,2,0,8,87,14,71,2,1,
,Christopher,2626,1,0,0,0,1,59,18,33,8,0,
,Cicero,80455,207,5,10,67,125,982,240,469,273,10,
,Clarendon Hills,8512,3,0,1,1,1,44,12,31,1,0,
,Clinton,6844,23,0,6,0,17,168,25,130,13,1,
,Coal City,5762,5,0,1,0,4,29,2,26,1,0,
,Coal Valley,3794,2,0,0,1,1,45,24,18,3,0,
,Colfax,987,0,0,0,0,0,1,0,0,1,0,
,Collinsville,23799,56,5,13,5,33,435,75,309,51,0,
,Colona,4923,8,0,1,1,6,98,47,41,10,0,
,Cortland,4466,5,0,0,1,4,34,0,33,1,0,
,Coulterville,837,0,0,0,0,0,1,1,0,0,0,
,Country Club Hills,15904,84,3,9,30,42,422,72,275,75,8,
,Countryside,6107,11,0,1,0,10,173,11,139,23,0,
,Cowden,504,0,0,0,0,0,0,0,0,0,0,
,Crest Hill,20032,39,2,8,4,25,179,32,108,39,1,
,Crestwood,10333,13,0,0,8,5,319,30,225,64,0,
,Crete,8290,26,0,3,4,19,125,29,81,15,1,
,Crystal Lake,40878,38,0,20,1,17,428,39,368,21,4,
,Danville,28149,462,2,30,26,404,1309,288,955,66,14,
,Darien,21380,11,0,1,4,6,191,43,136,12,1,
,Decatur,68301,468,15,47,73,333,1751,457,1082,212,44,
,Deerfield,18848,6,0,3,0,3,95,13,72,10,0,
,DeKalb,40222,172,5,57,19,91,1004,87,873,44,6,
,Des Plaines,57672,77,2,16,15,44,497,115,327,55,5,
,Diamond,2665,0,0,0,0,0,1,0,0,1,0,
,Dixon,15139,15,0,5,0,10,64,7,52,5,1,
,Downers Grove,48972,45,0,10,5,30,426,85,302,39,4,
,Dupo,3825,9,0,0,0,9,43,8,22,13,1,
,Du Quoin,5676,12,0,2,0,10,49,10,31,8,0,
,Durand,1368,0,0,0,0,0,6,0,5,1,0,
,Dwight,3989,3,0,0,0,3,26,1,24,1,0,
,East Alton,5639,19,1,4,1,13,60,12,39,9,2,
,East Dundee,3108,5,0,0,0,5,90,11,51,28,0,
,East Hazel Crest,1223,1,0,1,0,0,41,18,19,4,0,
,East Moline,20651,44,0,8,3,33,512,133,311,68,6,
,East Peoria,21990,69,0,14,5,50,613,111,462,40,0,
,Edwardsville,26584,8,0,0,2,6,154,15,124,15,0,
,Effingham,12169,37,0,7,1,29,279,51,210,18,2,
,Elburn,6510,3,0,3,0,0,34,6,25,3,0,
,Eldorado,3595,4,0,0,0,4,26,12,7,7,0,
,Elgin,112470,252,6,70,24,152,993,209,700,84,8,
,Elizabeth,690,0,0,0,0,0,0,0,0,0,0,
,Elk Grove Village,31148,56,0,20,10,26,482,52,371,59,2,
,Ellis Grove,329,0,0,0,0,0,0,0,0,0,0,
,Elmhurst,45046,18,0,6,3,9,413,93,284,36,2,
,Elmwood Park,23202,28,0,2,11,15,246,28,175,43,2,
,Elwood,2184,3,0,0,1,2,28,3,24,1,0,
,Erie,1477,1,0,0,0,1,0,0,0,0,0,
,Evanston,74413,125,1,22,63,39,2333,261,1784,288,4,
,Evergreen Park,18890,37,1,4,23,9,1116,53,998,65,0,
,Fairmont City,2177,7,0,0,3,4,10,1,9,0,0,
,Fairmount,588,2,0,1,0,1,2,0,2,0,0,
,Fairview Heights,16156,53,1,7,4,41,511,41,402,68,3,
,Farmer City,1798,6,0,3,0,3,35,8,25,2,0,
,Farmington,2321,1,0,0,0,1,19,3,13,3,0,
,Findlay,650,0,0,0,0,0,2,1,1,0,0,
,Fithian,470,0,0,0,0,0,0,0,0,0,0,
,Flora,4683,1,0,0,0,1,6,2,4,0,0,
,Flossmoor,9181,9,0,0,2,7,235,10,204,21,0,
,Forest Park,13568,65,0,13,29,23,421,50,251,120,3,
,Forest View,753,3,0,0,0,3,11,0,9,2,0,
,Forreston,1408,1,0,1,0,0,0,0,0,0,0,
,Fox Lake,10787,36,0,7,4,25,164,20,124,20,0,
,Fox River Grove,4619,3,0,1,1,1,18,1,17,0,0,
,Frankfort,20862,5,0,3,0,2,134,19,111,4,1,
,Franklin Park,17891,25,1,9,3,12,214,25,147,42,4,
,Freeburg,4501,3,1,2,0,0,25,4,16,5,0,
,Freeport,23177,62,2,13,5,42,293,76,196,21,4,
,Fulton,3548,5,0,1,0,4,21,4,12,5,0,
,Geneseo,6503,4,0,1,0,3,58,0,57,1,0,
,Geneva,21164,13,1,5,1,6,187,37,145,5,0,
,Germantown,1360,0,0,0,0,0,2,1,1,0,0,
,Gilberts,8756,3,0,2,0,1,16,1,13,2,0,
,Glen Carbon,13859,5,0,1,2,2,239,19,210,10,0,
,Glencoe,8506,7,0,3,0,4,65,21,39,5,1,
,Glendale Heights,32179,37,0,15,10,12,248,25,204,19,2,
,Glen Ellyn,28132,13,0,6,1,6,170,42,113,15,0,
,Glenview,46623,71,2,10,12,47,742,148,551,43,6,
,Glenwood,8214,39,2,4,5,28,173,19,92,62,0,
,Godley,630,0,0,0,0,0,2,0,2,0,0,
,Golf,493,0,0,0,0,0,0,0,0,0,0,
,Grafton,785,1,0,0,0,1,5,1,3,1,0,
,Grand Ridge,503,0,0,0,0,0,0,0,0,0,0,
,Granite City,26927,154,2,42,17,93,582,107,357,118,23,
,Grantfork ,341,0,0,0,0,0,4,1,3,0,0,
,Grayslake,24330,19,0,10,0,9,233,53,155,25,1,
,Grayville,1504,3,0,0,0,3,10,5,4,1,0,
,Greenfield,1012,1,0,1,0,0,1,0,1,0,0,
,Greenup,1345,0,0,0,0,0,1,0,0,1,0,
,Greenville,7018,8,0,1,2,5,48,3,41,4,0,
,Gurnee,30131,67,0,16,13,38,651,43,550,58,1,
,Hampshire,7899,3,0,0,0,3,18,4,13,1,0,
,Hanover Park,35899,63,2,7,8,46,186,30,137,19,2,
,Harrisburg,7878,7,0,0,2,5,27,2,25,0,0,
,Hartford,1159,2,0,1,0,1,5,1,4,0,0,
,Harvard,9342,12,0,1,0,11,84,6,75,3,0,
,Harvey,19264,209,7,27,52,123,604,86,268,250,2,
,Havana,2839,17,0,6,0,11,37,8,27,2,2,
,Hawthorn Woods,9417,0,0,0,0,0,10,1,9,0,0,
,Hazel Crest,12681,65,2,8,14,41,379,61,172,146,1,
,Hebron,1400,1,0,0,0,1,0,0,0,0,0,
,Henning,203,0,0,0,0,0,1,1,0,0,0,
,Henry,2308,3,0,2,0,1,7,2,3,2,0,
,Herrin,12135,40,0,11,7,22,265,103,141,21,4,
,Heyworth,2799,1,0,0,0,1,16,3,12,1,0,
,Hickory Hills,13788,14,0,7,3,4,147,11,120,16,1,
,Highland,9998,9,1,2,0,6,76,17,58,1,0,
,Hillsboro,5810,7,0,3,0,4,60,12,46,2,0,
,Hillside,7870,18,0,2,8,8,154,19,115,20,0,
,Hinckley,1977,0,0,0,0,0,5,2,3,0,0,
,Hinsdale,17166,2,0,0,0,2,61,8,47,6,4,
,Hodgkins,1457,3,0,1,0,2,150,3,138,9,0,
,Hoffman Estates,49843,67,5,18,11,33,462,70,332,60,2,
,Homer Glen,24417,4,0,0,1,3,64,13,45,6,0,
,Hometown,4106,4,0,1,0,3,39,5,30,4,0,
,Homewood,18418,34,2,8,12,12,440,39,303,98,0,
,Hoopeston,4721,19,0,5,0,14,51,18,26,7,1,
,Hopedale,804,0,0,0,0,0,0,0,0,0,0,
,Hudson,1756,1,0,0,0,1,0,0,0,0,0,
,Huntley,28325,12,0,5,0,7,147,27,116,4,4,
,Ina,1658,0,0,0,0,0,7,0,7,0,0,
,Indian Head Park,3875,0,0,0,0,0,10,3,7,0,0,
,Indianola,221,0,0,0,0,0,0,0,0,0,0,
,Inverness,7253,5,0,0,0,5,17,6,11,0,0,
,Island Lake,7915,2,0,2,0,0,31,4,26,1,0,
,Itasca,9283,9,0,5,1,3,53,5,45,3,0,
,Jacksonville,17127,48,0,17,4,27,357,57,273,27,6,
,Jerseyville,8243,14,0,10,0,4,144,12,128,4,0,
,Joliet,149940,609,5,60,61,483,1503,266,967,270,6,
,Kenilworth,2387,0,0,0,0,0,10,2,7,1,0,
,Kildeer,4343,0,0,0,0,0,40,7,31,2,0,
,Kincaid,1312,0,0,0,0,0,3,0,3,0,0,
,Kingston,1088,0,0,0,0,0,1,0,1,0,0,
,Lacon,1861,2,0,0,0,2,0,0,0,0,0,
,La Grange,15599,25,2,5,7,11,150,31,115,4,1,
,La Grange Park,12800,6,0,2,1,3,99,16,79,4,1,
,Lake Forest,19205,10,0,2,2,6,127,27,96,4,2,
,Lake in the Hills,28588,10,0,8,0,2,78,7,61,10,0,
,Lakemoor,6325,5,0,3,0,2,71,5,62,4,0,
,Lake Villa,8608,7,0,4,1,2,31,9,21,1,0,
,Lakewood,4300,0,0,0,0,0,13,4,8,1,2,
,Lake Zurich,19559,32,0,2,2,28,215,13,198,4,1,
,Lanark,1453,0,0,0,0,0,4,1,3,0,0,
,Lansing,27525,112,1,19,40,52,682,98,359,225,5,
,La Salle,9353,5,2,0,1,2,13,1,2,10,0,
,Leland,920,0,0,0,0,0,1,0,0,1,0,
,Lemont,17465,14,0,6,1,7,101,19,56,26,0,
,Le Roy,3485,5,0,4,0,1,16,5,9,2,0,
,Lexington,2088,0,0,0,0,0,3,3,0,0,0,
,Libertyville,20323,8,0,1,0,7,130,34,80,16,2,
,Lincoln,13005,17,0,5,2,10,143,34,101,8,2,
,Lincolnshire,7915,2,0,1,0,1,50,10,34,6,0,
,Lisle,23056,19,0,5,3,11,110,29,70,11,0,
,Litchfield,6680,13,0,6,1,6,259,42,208,9,1,
,Lockport,26077,18,0,2,8,8,145,23,112,10,1,
,Lombard,43596,55,0,7,18,30,688,36,611,41,12,
,Loves Park,23348,79,0,17,5,57,277,45,203,29,0,
,Lovington,1009,3,0,1,0,2,4,3,1,0,0,
,Machesney Park,22663,62,0,18,1,43,323,42,262,19,8,
,Mackinaw,1840,3,0,1,0,2,15,3,12,0,0,
,Macomb,14798,17,0,1,0,16,120,10,106,4,0,
,Mahomet,10359,10,0,0,0,10,36,5,31,0,0,
,Manhattan,10773,5,1,0,0,4,26,2,22,2,0,
,Manito,1496,0,0,0,0,0,5,4,1,0,0,
,Manteno,9158,13,0,2,2,9,64,12,52,0,1,
,Maple Park,1511,0,0,0,0,0,2,0,2,0,0,
,Marengo,7571,17,0,7,0,10,50,9,35,6,1,
,Marseilles,4739,6,0,3,0,3,36,8,25,3,1,
,Marshall,3893,10,0,1,2,7,53,13,36,4,0,
,Martinsville,1089,0,0,0,0,0,7,1,6,0,0,
,Maryville,8326,9,0,2,1,6,37,3,30,4,0,
,Mascoutah,8582,2,0,1,0,1,33,3,27,3,0,
,Mason City,1994,5,0,2,0,3,18,7,11,0,0,
,Mattoon,16575,67,0,25,4,38,153,38,96,19,0,
,Mazon,974,0,0,0,0,0,1,0,1,0,0,
,McCook,236,2,0,1,0,1,39,8,22,9,0,
,McHenry,28588,14,0,7,1,6,150,24,120,6,0,
,McLeansboro,2632,3,0,0,0,3,6,1,2,3,0,
,Melrose Park,23494,63,5,18,16,24,347,40,246,61,1,
,Mendota,6870,8,0,3,0,5,17,1,14,2,0,
,Metropolis,5843,17,1,1,0,15,99,12,79,8,1,
,Midlothian,13595,25,0,7,9,9,247,25,173,49,1,
,Milan,4934,13,0,1,2,10,124,24,79,21,1,
,Milledgeville,995,0,0,0,0,0,0,0,0,0,0,
,Millstadt,3940,2,0,0,0,2,11,0,9,2,0,
,Minier,1130,4,0,1,0,3,13,5,8,0,0,
,Mokena,19715,12,0,5,1,6,129,12,104,13,1,
,Moline,41601,176,0,32,15,129,1323,263,776,284,5,
,Monee,5069,7,0,3,1,3,105,10,78,17,0,
,Monmouth,8530,13,0,1,0,12,110,19,83,8,0,
,Montgomery,22536,21,0,8,5,8,172,10,137,25,2,
,Morris,14438,19,0,9,1,9,218,25,177,16,0,
,Morrison,3962,5,0,2,0,3,17,5,9,3,0,
,Morton,17452,33,0,6,0,27,157,24,115,18,1,
,Morton Grove,23960,18,0,5,5,8,234,43,161,30,1,
,Mount Carmel,6766,13,0,2,0,11,34,5,25,4,0,
,Mount Carroll,1431,4,0,0,0,4,10,4,6,0,1,
,Mount Prospect,53932,56,0,7,12,37,545,68,438,39,2,
,Mount Pulaski,1504,0,0,0,0,0,1,0,1,0,0,
,Mount Zion,5874,5,0,3,0,2,44,9,33,2,0,
,Mundelein,31653,19,0,5,2,12,204,19,160,25,2,
,Murphysboro,7009,41,0,10,0,31,227,31,186,10,0,
,Naperville,150197,96,0,35,18,43,1289,111,1093,85,2,
,Neoga,1374,5,0,0,0,5,11,4,6,1,0,
,New Athens,1878,1,0,1,0,0,8,1,7,0,0,
,New Baden,3369,1,1,0,0,0,14,2,11,1,0,
,New Lenox,27769,15,0,3,4,8,240,34,198,8,0,
,Newman,771,1,0,0,0,1,6,2,4,0,0,
,Newton,2754,16,1,11,0,4,26,2,22,2,0,
,Niles,29319,14,0,0,5,9,540,69,433,38,0,
,Nokomis,2112,5,0,2,0,3,43,4,35,4,0,
,Normal,52883,156,0,36,14,106,865,76,752,37,5,
,Norris City,1113,0,0,0,0,0,0,0,0,0,0,
,Northbrook,33722,10,0,1,5,4,384,67,306,11,0,
,North Chicago,30382,46,1,7,8,30,206,19,123,64,1,
,Northfield,5494,0,0,0,0,0,61,9,49,3,0,
,Northlake,12202,24,0,1,12,11,188,27,145,16,2,
,North Pekin,1439,3,0,0,1,2,22,3,15,4,0,
,North Riverside,7023,12,0,0,6,6,316,18,287,11,0,
,North Utica,1329,0,0,0,0,0,9,1,8,0,0,
,Oak Brook,7964,4,1,0,1,2,547,35,496,16,0,
,Oakbrook Terrace,2670,10,1,2,2,5,79,13,57,9,0,
,Oak Forest,26016,17,1,6,4,6,155,68,75,12,1,
,Oak Lawn,55368,76,0,15,28,33,866,86,647,133,7,
,Oak Park,51655,154,1,21,90,42,1721,336,1029,356,8,
,Oakwood,1281,5,0,1,1,3,21,5,14,2,2,
,Oakwood Hills,2058,0,0,0,0,0,1,0,1,0,0,
,O'Fallon,32059,49,1,13,2,33,410,42,330,38,4,
,Okawville,1352,1,0,0,0,1,3,1,2,0,0,
,Olney,8389,28,0,1,1,26,154,33,111,10,0,
,Olympia Fields,4499,8,0,5,3,0,218,57,144,17,0,
,Onarga,1281,0,0,0,0,0,0,0,0,0,0,
,Oregon,3561,0,0,0,0,0,0,0,0,0,0,
,Orion,1713,0,0,0,0,0,2,0,2,0,0,
,Orland Park,56990,21,0,2,6,13,533,116,381,36,1,
,Oswego,36429,27,0,14,3,10,233,21,200,12,0,
,Ottawa,18579,53,0,22,1,30,276,47,210,19,2,
,Palatine,64407,74,1,17,11,45,602,53,505,44,7,
,Palestine,1217,0,0,0,0,0,8,2,5,1,0,
,Palos Heights,11442,6,0,2,2,2,81,4,71,6,0,
,Palos Hills,17600,12,0,5,1,6,121,20,78,23,1,
,Palos Park,4739,0,0,0,0,0,18,2,13,3,0,
,Pana,5049,1,0,0,0,1,35,13,19,3,1,
,Paris,7997,33,0,4,2,27,103,44,51,8,2,
,Park Forest,20627,61,2,6,14,39,294,47,146,101,8,
,Park Ridge,37676,25,0,13,5,7,308,86,200,22,2,
,Paxton,4300,12,0,2,0,10,58,21,35,2,0,
,Pecatonica,2040,0,0,0,0,0,18,3,14,1,0,
,Pekin,31053,102,5,31,5,61,732,116,573,43,5,
,Peoria,110118,1336,21,102,120,1093,4239,826,2311,1102,69,
,Peoria Heights,5731,30,0,2,6,22,160,31,107,22,1,
,Peotone,4185,6,0,2,1,3,22,2,17,3,0,
,Peru,9698,8,0,4,1,3,170,2,163,5,0,
,Phoenix,1613,4,1,0,0,3,28,6,13,9,0,
,Pinckneyville,4979,2,0,1,0,1,10,1,8,1,0,
,Pingree Grove,11370,0,0,0,0,0,9,1,6,2,0,
,Pittsfield,4098,6,0,5,0,1,60,9,46,5,0,
,Plainfield,46910,24,0,8,1,15,323,47,256,20,0,
,Plano,12764,9,0,7,0,2,66,3,57,6,0,
,Pleasant Hill,910,0,0,0,0,0,0,0,0,0,0,
,Pleasant Plains,806,0,0,0,0,0,1,0,1,0,0,
,Polo,2244,0,0,0,0,0,9,0,8,1,0,
,Pontiac,11049,45,0,23,0,22,115,10,102,3,0,
,Pontoon Beach,5811,10,1,1,1,7,74,14,44,16,0,
,Posen,5296,29,3,1,8,17,103,15,71,17,0,
,Potomac,663,0,0,0,0,0,0,0,0,0,0,
,Prairie Grove ,1947,1,0,0,0,1,20,4,15,1,0,
,Princeton,7673,3,0,0,0,3,120,4,106,10,0,
,Prophetstown,1887,0,0,0,0,0,0,0,0,0,0,
,Prospect Heights,15238,22,0,3,2,17,129,20,99,10,2,
,Rantoul,12024,72,1,14,7,50,220,63,134,23,2,
,Richmond,2116,8,0,1,0,7,11,3,8,0,0,
,Richton Park,12296,29,0,4,7,18,244,32,137,75,1,
,Ridge Farm,753,2,0,1,0,1,6,3,3,0,0,
,River Forest,11155,9,0,0,7,2,160,13,137,10,0,
,River Grove,10299,19,0,1,6,12,141,15,101,25,1,
,Riverwoods,3726,2,0,1,0,1,16,5,10,1,0,
,Robinson,7071,21,0,6,1,14,138,31,97,10,2,
,Rochester,3855,0,0,0,0,0,15,6,7,2,0,
,Rockdale,1961,2,0,0,0,2,1,0,1,0,0,
,Rockford,145873,1676,17,83,179,1397,3930,769,2398,763,52,
,Rock Island,35883,197,4,4,17,172,909,134,536,239,12,
,Rockton,7757,6,0,3,0,3,92,1,88,3,0,
,Rolling Meadows,23296,24,0,8,5,11,385,61,311,13,2,
,Romeoville,40242,64,2,12,13,37,406,48,263,95,0,
,Roscoe,10829,15,0,5,0,10,81,35,39,7,0,
,Roselle,22299,22,0,6,4,12,87,12,70,5,1,
,Rosemont,3741,24,0,8,5,11,337,16,291,30,0,
,Rossville,1172,3,0,0,0,3,3,0,2,1,0,
,Round Lake,18392,15,0,3,3,9,136,13,116,7,0,
,Round Lake Beach,26720,14,0,1,5,8,241,31,199,11,2,
,Round Lake Park,7722,4,0,1,0,3,38,13,19,6,0,
,Roxana,1416,6,0,4,0,2,18,2,16,0,0,
,Ruma ,311,0,0,0,0,0,0,0,0,0,0,
,Rushville,2899,7,0,2,0,5,58,12,45,1,0,
,Salem,7038,31,0,12,2,17,119,14,89,16,0,
,Sandoval,1125,0,0,0,0,0,19,8,8,3,0,
,Sandwich,7129,7,0,0,0,7,24,4,20,0,0,
,Sauget,132,6,0,2,1,3,33,10,21,2,1,
,Sauk Village,9422,36,1,4,4,27,94,17,44,33,1,
,Schaumburg,75140,68,2,17,17,32,1533,109,1325,99,3,
,Sesser,1850,2,0,1,0,1,2,2,0,0,0,
,Sherman,4603,2,0,2,0,0,12,3,8,1,0,
,Shiloh,14693,23,0,1,1,21,99,15,57,27,1,
,Shorewood,18316,9,0,3,0,6,59,6,42,11,1,
,Sidell,472,0,0,0,0,0,0,0,0,0,0,
,Silvis,7842,19,0,2,1,16,287,49,218,20,1,
,Skokie,64417,132,0,30,46,56,1680,266,1162,252,8,
,Sleepy Hollow,3121,0,0,0,0,0,8,2,4,2,0,
,Somonauk,1765,2,0,2,0,0,14,2,12,0,0,
,South Barrington,4954,0,0,0,0,0,43,10,32,1,0,
,South Beloit,7875,19,0,3,5,11,99,26,61,12,0,
,South Chicago Heights,3806,14,0,7,4,3,83,7,64,12,0,
,South Elgin,24092,30,0,11,4,15,149,20,115,14,0,
,Southern View,1550,5,1,0,0,4,80,20,55,5,0,
,South Holland,20342,92,3,19,33,37,471,85,194,192,1,
,South Jacksonville,3182,2,0,0,0,2,10,2,8,0,0,
,South Roxana,1854,2,0,2,0,0,18,3,14,1,0,
,Sparta,4809,12,0,2,0,10,68,9,53,6,0,
,Springfield,112781,895,5,133,136,621,5344,1212,3607,525,39,
,Spring Grove,5487,3,0,1,0,2,22,2,18,2,0,
,Spring Valley,5414,10,0,6,1,3,58,4,53,1,0,
,Stanford,590,0,0,0,0,0,0,0,0,0,0,
,St. Anne,1123,4,0,0,1,3,15,2,12,1,0,
,St. Charles,32610,29,0,17,2,10,363,44,300,19,1,
,Steger,9223,32,0,15,6,11,182,18,133,31,1,
,Stickney,6766,2,0,0,1,1,39,6,31,2,0,
,Stockton,1684,0,0,0,0,0,5,0,5,0,0,
,Stone Park,4358,3,0,0,1,2,7,2,5,0,0,
,Streamwood,37521,58,0,26,7,25,292,34,203,55,0,
,Streator,12163,19,1,5,2,11,152,5,141,6,0,
,Sugar Grove,9138,2,0,1,1,0,52,20,29,3,0,
,Sullivan,4221,6,0,0,0,6,2,2,0,0,0,
,Summit,10543,31,0,10,8,13,167,35,83,49,2,
,Swansea,13993,14,0,1,4,9,150,12,110,28,1,
,Sycamore,18697,31,1,6,0,24,190,13,172,5,1,
,Taylorville,10230,32,0,13,1,18,105,13,85,7,2,
,Thornton,2258,5,0,1,3,1,50,6,32,12,0,
,Tilton,2561,9,0,1,1,7,85,25,55,5,0,
,Tinley Park,53528,56,0,13,13,30,611,48,465,98,3,
,Tolono,3499,0,0,0,0,0,19,2,15,2,0,
,Toluca,1334,1,0,0,0,1,4,0,4,0,0,
,Toulon,1179,0,0,0,0,0,0,0,0,0,0,
,Tower Lakes ,1200,0,0,0,0,0,1,1,0,0,0,
,Tremont,2239,0,0,0,0,0,16,2,13,1,0,
,Trenton,2643,1,0,0,0,1,1,0,1,0,0,
,Troy,11235,11,2,2,0,7,41,8,25,8,0,
,Tuscola,4652,12,0,0,0,12,26,6,20,0,0,
,Union,539,0,0,0,0,0,3,0,3,0,0,
,University Park,6966,38,1,5,13,19,110,9,61,40,0,
,Urbana,38597,186,3,26,33,124,1048,272,684,92,9,
,Valmeyer,1214,0,0,0,0,0,3,0,0,3,0,
,Vandalia,7372,10,0,9,0,1,104,15,81,8,0,
,Vernon Hills,26728,26,0,7,4,15,379,38,328,13,3,
,Vienna,1357,0,0,0,0,0,27,8,17,2,0,
,Villa Park,21587,37,0,10,5,22,253,35,205,13,0,
,Virden,3162,14,0,3,0,11,32,9,16,7,1,
,Warrenville,15492,8,0,3,0,5,93,13,73,7,2,
,Washington,15808,22,0,5,0,17,299,15,277,7,2,
,Watseka,4506,12,0,4,1,7,60,6,46,8,0,
,Wauconda,13866,13,0,2,1,10,19,7,8,4,0,
,Waukegan,87412,319,14,65,79,161,963,277,290,396,18,
,Wayne,2215,0,0,0,0,0,10,6,4,0,0,
,Westchester,15983,10,0,1,7,2,80,12,57,11,0,
,West Chicago,24972,29,0,15,4,10,162,24,110,28,1,
,West City,639,2,0,0,0,2,60,1,58,1,0,
,West Dundee,7941,8,0,4,1,3,78,7,67,4,2,
,Western Springs,13172,1,0,0,1,0,35,5,30,0,1,
,Westmont,23776,25,0,8,7,10,258,42,186,30,0,
,Westville,3055,7,0,1,0,6,46,12,31,3,0,
,Wheaton,52581,22,0,13,1,8,242,33,204,5,0,
,Wheeling,37321,41,0,11,5,25,362,49,281,32,1,
,White Hall,2197,1,0,0,0,1,6,2,2,2,2,
,Williamsville,1434,2,0,0,1,1,15,8,7,0,0,
,Willowbrook,8980,18,0,4,4,10,117,15,79,23,4,
,Willow Springs,5698,3,0,0,0,3,21,1,18,2,0,
,Wilmette,26864,9,0,2,3,4,313,79,202,32,4,
,Wilmington,5544,12,0,6,0,6,46,8,33,5,0,
,Winfield,10167,4,0,2,0,2,31,0,30,1,0,
,Winnebago,2879,1,0,0,0,1,27,0,26,1,0,
,Winnetka,12208,2,0,2,0,0,75,21,51,3,1,
,Wonder Lake,4742,2,0,1,0,1,17,1,14,2,2,
,Wood Dale,13600,15,0,3,4,8,120,11,92,17,1,
,Woodridge,33329,15,0,2,3,10,226,69,106,51,2,
,Wood River,10309,23,1,7,0,15,180,27,137,16,2,
,Woodstock,25693,16,0,1,2,13,148,23,121,4,2,
,Worden,1069,0,0,0,0,0,0,0,0,0,0,
,Worth,10423,23,1,5,3,14,112,15,83,14,2,
,Yorkville,24990,22,0,9,2,11,144,14,120,10,0,
,Zion,24162,107,2,24,10,71,376,49,257,70,3,
INDIANA,Albion,2216,2,0,2,0,0,22,2,18,2,1,
,Anderson,55275,234,2,36,33,163,1626,244,1114,268,3,
,Angola,9448,4,1,1,1,1,157,10,135,12,0,
,Auburn,13825,11,1,2,0,8,146,9,127,10,1,
,Austin,4180,4,0,3,0,1,62,1,52,9,0,
,Avon,24645,22,0,7,3,12,535,38,455,42,0,
,Bargersville,11263,4,0,0,0,4,45,1,38,6,0,
,Batesville,7330,3,0,0,0,3,16,1,13,2,0,
,Beech Grove,14396,74,2,13,13,46,238,25,137,76,0,
,Bloomington,79130,315,2,54,46,213,1970,191,1636,143,10,
,Bluffton,10412,20,0,4,0,16,88,7,77,4,0,
,Boonville,6672,31,3,13,0,15,94,7,87,0,0,
,Bristol,1788,7,0,0,0,7,46,9,34,3,1,
,Brownsburg,32268,26,0,7,5,14,252,16,194,42,0,
,Butler,2664,0,0,0,0,0,8,0,6,2,0,
,Carmel,103013,60,0,14,9,37,860,56,733,71,3,
,Cedar Lake,16335,12,0,3,0,9,52,6,42,4,0,
,Chesterton,14699,5,0,0,0,5,32,4,25,3,0,
,Cicero,5640,0,0,0,0,0,6,0,5,1,0,
,Clarksville,21519,40,0,2,5,33,847,38,697,112,0,
,Columbia City,10155,13,2,2,1,8,93,15,71,7,0,
,Columbus,51658,10,0,0,10,0,58,58,0,0,4,
,Crawfordsville,16556,34,0,7,1,26,185,28,147,10,1,
,Crown Point,34802,17,0,3,1,13,206,20,172,14,0,
,Cumberland,6435,38,2,2,10,24,184,15,151,18,2,
,Danville,11094,12,0,4,0,8,130,7,117,6,1,
,Dyer,16292,2,0,0,0,2,44,2,41,1,0,
,East Chicago,25784,207,5,14,19,169,578,65,349,164,4,
,Edinburgh,4381,7,1,0,1,5,59,3,49,7,0,
,Elkhart,53773,633,5,72,48,508,1668,334,1135,199,17,
,Elwood,8433,17,0,3,0,14,48,13,34,1,0,
,Evansville,114950,1302,11,146,76,1069,4190,552,3208,430,47,
,Fairmount,2639,2,0,1,0,1,22,0,22,0,0,
,Fishers,103247,102,1,18,8,75,629,46,514,69,1,
,Fort Wayne,269728,732,26,118,175,413,6345,677,4856,812,45,
,Frankfort,16364,15,0,8,4,3,232,34,169,29,0,
,Franklin,25909,19,0,5,4,10,310,6,285,19,1,
,Fremont,2063,1,0,0,0,1,20,1,15,4,0,
,Gary,67463,606,47,38,74,447,1908,374,986,548,29,
,Gas City,6046,2,0,0,0,2,55,0,51,4,0,
,Goshen,34315,93,0,15,5,73,884,105,722,57,5,
,Greenfield,25415,45,0,4,3,38,189,13,156,20,4,
,Greenwood,66131,79,3,15,9,52,1247,41,1092,114,2,
,Griffith,16171,17,0,5,2,10,146,18,107,21,2,
,Hammond,75990,503,7,25,73,398,2567,190,2043,334,9,
,Highland,23453,34,0,1,6,27,367,22,327,18,1,
,Hobart,29330,26,0,3,10,13,609,22,536,51,2,
,Huntingburg,6536,18,0,0,0,18,20,6,13,1,1,
,Indianapolis,887131,9146,168,496,1545,6937,32136,5463,19782,6891,309,
,Jasper,16783,33,0,8,0,25,99,4,88,7,0,
,Jeffersonville,51780,140,1,12,11,116,941,115,627,199,2,
,Kendallville,10199,18,0,8,0,10,89,0,86,3,0,
,Knightsville,698,0,0,0,0,0,0,0,0,0,0,
,Knox,3606,12,0,1,0,11,15,4,10,1,0,
,Kokomo,59720,322,0,40,18,264,999,215,701,83,6,
,Lafayette,71737,363,7,60,31,265,1525,193,1158,174,12,
,LaGrange,2744,0,0,0,0,0,11,3,5,3,1,
,La Porte,22088,52,0,14,9,29,331,67,224,40,0,
,Lawrence,49244,156,6,22,53,75,1112,135,712,265,3,
,Lawrenceburg,5217,7,0,4,0,3,21,0,18,3,0,
,Lebanon,17117,49,0,5,1,43,155,18,113,24,0,
,Linton,5176,8,0,2,0,6,123,9,108,6,0,
,Logansport,18121,9,0,9,0,0,311,35,257,19,0,
,Marion,27927,51,2,8,10,31,605,61,461,83,0,
,McCordsville,11212,24,0,1,1,22,86,0,76,10,0,
,Michigan City,31684,127,3,11,19,94,788,95,622,71,6,
,Milford,1619,1,0,0,0,1,10,1,9,0,0,
,Mishawaka,50848,127,0,28,9,90,1057,145,844,68,1,
,Mount Vernon,6337,16,0,1,2,13,90,14,70,6,1,
,Muncie,65065,287,4,32,27,224,1842,354,1254,234,5,
,Munster,23554,17,1,1,5,10,234,12,204,18,0,
,Nappanee,6876,8,0,0,0,8,58,3,52,3,1,
,New Albany,37357,110,0,12,18,80,1150,107,908,135,3,
,New Haven,15961,34,1,0,3,30,182,39,120,23,3,
,New Palestine,3523,6,0,0,0,6,12,0,11,1,0,
,New Whiteland,5813,2,0,0,0,2,28,5,21,2,0,
,Noblesville,74211,78,0,16,8,54,446,19,389,38,0,
,North Vernon,6542,19,0,4,0,15,94,8,74,12,1,
,North Webster,1004,1,0,0,0,1,57,3,49,5,0,
,Pendleton,5435,2,0,0,0,2,8,0,6,2,0,
,Pittsboro,4460,3,0,2,0,1,21,1,17,3,0,
,Plainfield,36680,42,1,12,10,19,667,74,513,80,0,
,Portage,38516,86,0,15,2,69,408,18,369,21,0,
,Prince's Lakes,1363,2,0,0,0,2,11,3,7,1,0,
,Schererville,29673,20,0,1,2,17,431,18,394,19,1,
,Seymour,21617,32,0,13,2,17,379,22,325,32,0,
,Shelbyville,20198,37,0,4,2,31,205,21,164,20,2,
,Sheridan,3340,2,0,0,0,2,10,0,9,1,1,
,Shipshewana,857,0,0,0,0,0,11,0,10,1,0,
,South Bend,102999,1244,11,69,107,1057,2607,396,1755,456,14,
,Speedway,13570,54,1,5,14,34,418,60,280,78,2,
,St. John,24110,5,0,1,0,4,45,0,43,2,0,
,Syracuse,3085,9,0,0,0,9,28,1,25,2,0,
,Tell City,7420,19,0,3,0,16,103,3,100,0,0,
,Terre Haute,58309,299,1,42,50,206,2482,582,1609,291,38,
,Topeka,1228,0,0,0,0,0,1,0,0,1,0,
,Valparaiso,34772,37,1,9,1,26,334,21,298,15,2,
,Vincennes,16357,20,1,4,2,13,466,39,375,52,3,
,Warsaw,16268,51,0,12,3,36,283,22,239,22,0,
,Washington,12234,23,0,4,0,19,87,12,71,4,1,
,Westfield,58858,40,0,9,1,30,502,43,433,26,0,
,West Lafayette,45221,28,0,3,5,20,535,35,479,21,1,
,Whiteland,5427,7,0,0,0,7,54,0,33,21,0,
,Whitestown,12892,15,0,0,0,15,142,1,129,12,0,
,Whiting,4509,19,0,2,0,17,94,8,79,7,0,
,Yorktown,11768,5,0,0,0,5,60,11,46,3,1,
,Zionsville,32573,7,0,1,1,5,91,2,81,8,0,
IOWA,Adel,6597,5,0,1,0,4,58,18,35,5,0,
,Albia,3671,20,0,1,0,19,30,3,23,4,0,
,Algona,5326,25,0,3,0,22,9,3,6,0,0,
,Altoona,22492,34,0,2,3,29,431,25,381,25,5,
,Ames,67186,114,0,49,7,58,930,112,781,37,2,
,Anamosa,5558,13,0,0,0,13,30,5,23,2,0,
,Ankeny,74233,100,0,26,5,69,884,64,744,76,7,
,Asbury,5985,3,0,2,0,1,17,7,8,2,0,
,Atlantic,6761,28,0,3,1,24,119,7,105,7,0,
,Audubon,2002,9,0,5,0,4,20,2,16,2,0,
,Belle Plaine,2326,12,0,0,0,12,41,8,26,7,0,
,Bettendorf,39763,42,0,14,2,26,438,57,335,46,1,
,Bloomfield,2811,5,0,0,0,5,5,0,5,0,0,
,Blue Grass,1684,0,0,0,0,0,0,0,0,0,0,
,Buffalo,1157,1,0,0,0,1,4,1,3,0,0,
,Burlington,23455,129,0,8,8,113,533,110,374,49,2,
,Camanche,4562,14,0,2,0,12,30,6,21,3,0,
,Carlisle,4343,5,0,2,0,3,38,3,32,3,3,
,Carroll,10128,12,0,4,0,8,159,17,132,10,1,
,Carter Lake,3745,23,0,3,3,17,168,24,119,25,1,
,Cedar Rapids,135777,407,8,11,41,347,3917,469,3098,350,12,
,Centerville,5263,26,0,4,0,22,112,21,74,17,1,
,Charles City,7170,19,0,7,0,12,77,14,57,6,0,
,Cherokee,5077,11,0,1,0,10,18,3,13,2,0,
,Clarence,1013,3,0,1,0,2,2,0,0,2,0,
,Clarinda,5346,11,0,2,0,9,68,10,56,2,0,
,Clarion,2722,10,0,4,0,6,12,8,4,0,0,
,Clear Lake,7463,27,0,4,1,22,152,12,133,7,4,
,Clinton,24366,192,3,28,16,145,635,96,477,62,4,
,Clive,19038,48,0,7,2,39,244,23,199,22,2,
,Colfax,2253,2,0,0,0,2,2,0,2,0,0,
,Coralville,23534,33,0,9,0,24,543,32,489,22,1,
,Council Bluffs,62214,279,2,43,45,189,1907,376,1219,312,11,
,Creston,7310,23,0,3,1,19,86,20,51,15,0,
,Davenport,99911,690,9,102,91,488,3807,688,2599,520,30,
,Decorah,7734,13,0,0,0,13,21,1,19,1,0,
,Denison,8082,14,0,0,0,14,72,7,56,9,3,
,Denver,1954,1,0,0,0,1,13,1,11,1,0,
,Des Moines,209658,1482,9,145,190,1138,7022,946,4762,1314,75,
,De Soto,943,2,0,0,0,2,22,4,15,3,0,
,DeWitt,5539,21,0,1,0,20,81,26,42,13,0,
,Dubuque,58492,249,2,72,7,168,949,169,737,43,8,
,Durant,1837,5,0,1,0,4,3,1,2,0,0,
,Dyersville,4573,5,0,2,0,3,16,3,12,1,0,
,Dysart,1252,0,0,0,0,0,2,1,0,1,0,
,Earlham,1428,2,0,0,0,2,6,1,5,0,0,
,Eldora,2590,90,1,3,0,86,28,4,22,2,1,
,Eldridge,6771,6,0,1,0,5,37,3,28,6,0,
,Emmetsburg,3560,5,0,0,0,5,16,6,10,0,0,
,Estherville,5767,19,0,0,0,19,23,2,20,1,0,
,Evansdale,4468,9,0,1,0,8,53,8,37,8,0,
,Fairfield,9472,13,0,1,1,11,84,23,54,7,0,
,Fort Dodge,24557,168,6,27,11,124,819,101,652,66,4,
,Fort Madison,10043,34,0,9,5,20,220,45,153,22,2,
,Glenwood,5182,13,0,2,0,11,44,10,30,4,0,
,Gowrie,932,0,0,0,0,0,0,0,0,0,0,
,Greenfield,2056,1,0,0,0,1,12,0,10,2,0,
,Grinnell,9471,19,0,1,3,15,126,17,104,5,1,
,Grundy Center,2801,2,0,1,0,1,5,1,2,2,0,
,Hiawatha,7150,32,0,2,2,28,107,12,79,16,0,
,Huxley,4686,2,0,1,0,1,31,4,23,4,0,
,Independence,6225,10,0,1,0,9,44,5,34,5,0,
,Indianola,16175,39,1,19,1,18,291,27,247,17,1,
,Iowa City,75396,266,0,44,27,195,1430,182,1116,132,11,
,Iowa Falls,4955,22,0,2,1,19,109,2,105,2,0,
,Johnston,24532,25,0,4,4,17,172,14,144,14,1,
,Keokuk,9493,43,0,4,4,35,205,40,136,29,1,
,Knoxville,7391,38,0,13,0,25,108,10,91,7,0,
,Lake City,1662,5,0,1,0,4,18,4,11,3,0,
,Lansing,945,3,0,0,0,3,10,1,8,1,0,
,Le Claire,4723,14,0,1,0,13,19,6,11,2,0,
,Le Mars,10612,35,0,8,1,26,73,9,62,2,3,
,Manchester,5236,22,0,5,1,16,133,9,114,10,1,
,Maquoketa,6022,14,0,4,0,10,121,28,86,7,0,
,Marengo,2406,4,0,1,0,3,48,14,34,0,0,
,Marion,42000,98,1,12,0,85,265,36,204,25,2,
,Mar-Mac,1167,4,0,0,0,4,19,4,13,2,0,
,Marshalltown,27366,127,2,30,12,83,542,67,441,34,4,
,Mason City,26754,54,1,16,5,32,800,141,624,35,7,
,Mechanicsville,991,4,0,0,0,4,2,0,2,0,0,
,Missouri Valley,2679,2,0,1,1,0,14,3,11,0,0,
,Mitchellville,2498,2,0,0,0,2,2,0,0,2,0,
,Monroe,2033,3,0,0,0,3,4,2,1,1,0,
,Monticello,4096,3,1,1,0,1,40,4,36,0,1,
,Mount Pleasant,9073,21,0,4,1,16,121,32,81,8,1,
,Mount Vernon-Lisbon,4483,13,0,2,0,11,16,4,10,2,0,
,Muscatine,23250,73,1,10,3,59,273,36,213,24,2,
,New Sharon,1249,0,0,0,0,0,5,0,3,2,1,
,Newton,15659,51,0,9,2,40,203,40,151,12,1,
,North Liberty,21865,25,0,3,2,20,60,8,48,4,0,
,Norwalk,14852,7,2,2,0,3,62,14,46,2,1,
,Oelwein,5798,28,0,0,1,27,32,8,23,1,3,
,Ogden,1968,1,0,0,0,1,6,2,4,0,0,
,Osage,3524,3,0,0,0,3,19,4,14,1,0,
,Osceola,5644,12,0,5,0,7,95,17,70,8,0,
,Oskaloosa,11454,29,0,6,0,23,124,18,96,10,5,
,Ottumwa,25040,101,1,17,6,77,761,140,518,103,6,
,Panora,1079,4,0,0,0,4,15,2,13,0,1,
,Pella,10887,9,0,4,0,5,92,17,67,8,1,
,Peosta,2132,0,0,0,0,0,15,0,15,0,1,
,Perry,8078,32,0,8,1,23,78,7,63,8,1,
,Polk City,6287,4,0,2,0,2,23,11,11,1,0,
,Postville,2427,6,0,2,0,4,8,1,7,0,0,
,Prairie City,1719,0,0,0,0,0,10,5,5,0,0,
,Preston,936,0,0,0,0,0,9,1,6,2,0,
,Princeton,913,0,0,0,0,0,0,0,0,0,0,
,Red Oak,5475,22,1,8,1,12,92,14,68,10,0,
,Rock Valley,4079,1,0,0,0,1,6,1,5,0,0,
,Sabula,490,1,0,0,0,1,35,12,22,1,0,
,Sac City,2008,6,0,1,0,5,3,0,3,0,0,
,Sheldon,5447,24,1,2,0,21,44,12,30,2,3,
,Shenandoah,4872,18,0,1,0,17,33,13,15,5,0,
,Sigourney,1978,0,0,0,0,0,0,0,0,0,0,
,Sioux Center,8517,1,0,0,0,1,25,1,21,3,0,
,Sioux City,85365,488,6,74,79,329,3033,434,2320,279,22,
,Spencer,11468,11,0,8,0,3,132,13,116,3,0,
,Spirit Lake,5543,11,0,2,0,9,95,14,75,6,0,
,Storm Lake,11331,34,0,0,6,28,182,25,149,8,0,
,Story City,3387,5,0,0,1,4,19,3,16,0,0,
,Tipton,3068,9,0,0,0,9,21,6,14,1,0,
,Urbana,1642,0,0,0,0,0,1,0,1,0,0,
,Urbandale,47192,61,0,9,6,46,330,40,228,62,3,
,Van Meter,1589,1,0,0,0,1,0,0,0,0,0,
,Vinton,4962,9,0,4,0,5,38,4,29,5,2,
,Walcott,1541,0,0,0,0,0,4,0,3,1,0,
,Washington,7245,27,0,8,0,19,180,32,137,11,2,
,Waterloo,66211,381,3,20,36,322,1384,269,956,159,12,
,Waukee,31910,49,2,5,10,32,257,19,214,24,0,
,Waukon,3715,1,0,0,0,1,8,1,6,1,0,
,Waverly,10579,69,0,3,0,66,105,15,85,5,0,
,Webster City,7720,16,0,6,0,10,83,22,50,11,0,
,West Branch,2729,3,0,0,0,3,6,1,4,1,0,
,West Burlington,3145,13,0,2,1,10,355,31,322,2,0,
,West Des Moines,71674,124,0,25,17,82,1574,109,1344,121,9,
,West Liberty,3702,8,0,0,1,7,6,2,2,2,0,
,Williamsburg,3349,11,0,3,0,8,27,2,23,2,0,
,Wilton,2948,13,0,0,1,12,6,2,4,0,0,
,Windsor Heights,5046,6,1,0,2,3,179,5,168,6,0,
,Woodward,1374,4,0,0,0,4,3,1,2,0,0,
KANSAS,Abilene,6436,19,0,5,2,12,106,38,65,3,6,
,Andover,15972,9,0,3,0,6,189,14,163,12,0,
,Arkansas City,11902,70,0,4,2,64,344,49,276,19,1,
,Atchison,10662,18,0,3,4,11,237,41,174,22,3,
,Augusta,9214,26,1,9,0,16,289,57,215,17,0,
,Baldwin City,4951,8,0,4,0,4,34,7,22,5,0,
,Basehor,7868,14,0,6,0,8,55,4,49,2,0,
,Baxter Springs,3812,7,0,1,0,6,79,13,61,5,0,
,Bel Aire,9094,13,0,2,0,11,78,25,48,5,1,
,Belleville,1983,3,0,1,0,2,33,6,21,6,1,
,Beloit,3356,12,0,2,0,10,13,1,10,2,0,
,Bonner Springs,7601,17,0,1,0,16,209,12,178,19,0,
,Burlington,2596,4,0,1,0,3,41,12,28,1,0,
,Chanute,8485,61,0,9,3,49,231,66,159,6,2,
,Cherryvale,2145,7,0,1,0,6,40,14,25,1,0,
,Clay Center,4086,14,1,0,0,13,67,13,49,5,1,
,Clearwater,2632,5,0,1,0,4,13,3,9,1,0,
,Coffeyville,8635,53,0,7,4,42,269,45,201,23,3,
,Columbus,2862,12,0,2,0,10,59,8,47,4,0,
,Concordia,5039,9,0,3,0,6,61,5,54,2,0,
,Council Grove,2130,3,0,0,0,3,5,4,1,0,0,
,Dodge City,27269,102,3,13,5,81,362,42,297,23,5,
,Edwardsville,4625,22,0,5,0,17,87,7,72,8,4,
,El Dorado,12872,28,0,4,1,23,166,20,131,15,2,
,Ellinwood,1964,3,0,2,0,1,8,1,6,1,0,
,Ellsworth,3168,2,0,1,0,1,17,3,10,4,0,
,Elwood,1114,18,0,4,1,13,56,10,41,5,2,
,Emporia,23867,94,0,19,10,65,612,94,490,28,3,
,Eudora,6436,9,0,0,0,9,23,6,13,4,0,
,Fairway,4170,7,0,0,1,6,32,2,24,6,1,
,Fort Scott,7654,23,0,3,4,16,217,23,168,26,0,
,Fredonia,2137,8,0,2,0,6,143,101,37,5,0,
,Frontenac,3408,3,0,1,0,2,44,12,24,8,0,
,Galena,2744,16,0,0,1,15,39,7,27,5,0,
,Garden City,27269,159,2,31,12,114,698,61,567,70,7,
,Gardner,24611,53,1,3,2,47,175,9,144,22,5,
,Garnett,3160,5,0,0,0,5,45,16,28,1,2,
,Girard,2488,6,0,3,0,3,45,5,36,4,0,
,Goddard,5789,13,0,1,0,12,82,24,55,3,0,
,Goodland,4368,15,0,2,0,13,40,5,31,4,0,
,Grandview Plaza,1635,8,0,1,0,7,25,9,13,3,0,
,Great Bend,14387,62,0,9,0,53,232,41,181,10,3,
,Halstead,2161,2,0,0,0,2,16,2,13,1,0,
,Hesston,3507,3,0,1,0,2,84,64,17,3,0,
,Hiawatha,3205,15,0,3,0,12,145,95,44,6,0,
,Hillsboro,2730,7,0,3,0,4,19,0,17,2,0,
,Hoisington,2618,8,0,0,0,8,12,1,11,0,0,
,Holton,3359,6,0,1,0,5,46,2,42,2,1,
,Horton,1491,4,0,1,0,3,9,2,6,1,0,
,Hugoton,3657,2,0,0,0,2,15,3,11,1,0,
,Hutchinson,39550,164,2,24,17,121,904,104,748,52,11,
,Independence,8379,53,0,6,1,46,370,69,279,22,3,
,Iola,5401,41,0,13,3,25,196,39,148,9,5,
,Junction City,21934,162,3,15,9,135,670,110,528,32,7,
,Kingman,2906,4,0,2,0,2,22,2,19,1,0,
,Lansing,11160,24,0,2,0,22,79,7,59,13,1,
,Larned,3682,11,0,1,0,10,49,12,36,1,0,
,Lawrence,96232,151,2,23,15,111,750,61,637,52,2,
,Leavenworth,36966,255,2,26,26,201,861,179,611,71,10,
,Leawood,33626,34,0,2,4,28,627,54,492,81,1,
,Lenexa,59161,122,1,20,15,86,864,56,660,148,0,
,Liberal,19048,60,2,14,4,40,206,40,154,12,3,
,Lindsborg,3814,1,0,1,0,0,7,1,4,2,0,
,Louisburg,5097,7,1,1,0,5,19,3,15,1,0,
,Lyons,3567,9,0,0,0,9,38,10,24,4,2,
,Maize,6724,12,0,3,0,9,173,98,70,5,0,
,Marysville,3416,20,0,1,0,19,46,5,38,3,0,
,McPherson,13768,21,0,6,0,15,196,26,159,11,0,
,Merriam,10890,62,1,6,8,47,640,34,465,141,3,
,Minneapolis,1938,11,0,2,0,9,25,8,16,1,0,
,Mission,9747,39,2,3,1,33,499,34,363,102,1,
,Mission Hills,3533,2,0,0,0,2,55,13,35,7,0,
,Mulvane,7007,4,0,1,1,2,76,12,56,8,0,
,Neodesha,2272,7,0,0,0,7,14,2,12,0,0,
,Newton,18305,131,1,25,3,102,364,65,276,23,1,
,Olathe,147680,346,6,56,13,271,1694,122,1286,286,20,
,Osage City,2797,10,0,1,0,9,26,7,14,5,0,
,Osawatomie,4231,29,0,2,0,27,93,24,65,4,3,
,Oswego,1628,1,0,0,0,1,9,1,7,1,0,
,Ottawa,12603,34,0,8,0,26,253,10,232,11,0,
,Overland Park,197728,402,0,39,36,327,4442,410,3326,706,18,
,Paola,5727,23,0,3,0,20,314,205,104,5,1,
,Park City,8789,49,0,4,2,43,309,29,251,29,0,
,Parsons,9278,89,0,5,10,74,388,62,315,11,5,
,Pittsburg,20676,72,1,11,4,56,814,99,633,82,10,
,Pleasanton,1198,5,0,0,0,5,3,2,1,0,0,
,Prairie Village,22940,22,0,3,2,17,263,30,185,48,0,
,Pratt,6506,12,0,3,2,7,85,22,61,2,0,
,Roeland Park,6724,17,0,1,4,12,174,8,124,42,1,
,Rose Hill,4347,3,0,0,0,3,28,4,21,3,0,
,Russell,4334,13,1,4,0,8,29,9,18,2,0,
,Salina,45930,243,7,34,40,162,1332,157,1074,101,17,
,Scott City,3959,13,0,1,0,12,14,6,8,0,1,
,Shawnee,70098,151,1,15,7,128,988,102,719,167,7,
,Spring Hill,9871,13,0,4,0,9,71,13,50,8,0,
,Sterling,2293,0,0,0,0,0,12,2,10,0,0,
,Tonganoxie,5983,11,0,1,0,10,22,2,20,0,0,
,Topeka,124967,1207,26,78,126,977,5108,1045,3297,766,9,
,Ulysses,5604,9,0,0,0,9,3,0,2,1,0,
,Valley Center,7342,7,0,3,0,4,40,5,33,2,0,
,Wamego,4899,17,0,0,0,17,49,7,39,3,0,
,Wellington,7620,40,1,5,2,32,228,35,183,10,0,
,Wellsville,1921,4,0,0,0,4,12,1,11,0,0,
,Westwood,1730,5,0,0,1,4,69,4,60,5,0,
,Wichita,395290,4476,39,347,414,3676,18707,2167,14477,2063,102,
,Winfield,11667,32,0,6,1,25,299,60,228,11,3,
KENTUCKY,Adairville,863,1,0,0,0,1,3,1,2,0,0,
,Albany,1723,2,0,0,0,2,3,0,1,2,0,
,Alexandria,10674,4,0,0,2,2,84,7,72,5,0,
,Anchorage,2466,2,0,0,0,2,12,4,7,1,0,
,Ashland,21220,41,1,10,5,25,609,88,465,56,5,
,Auburn,1626,0,0,0,0,0,0,0,0,0,0,
,Audubon Park,1403,0,0,0,0,0,25,9,11,5,0,
,Augusta,1098,0,0,0,0,0,4,1,3,0,0,
,Bancroft,498,1,0,0,0,1,3,0,3,0,0,
,Barbourville,3131,5,0,0,2,3,21,5,14,2,0,
,Bardstown,13820,16,0,5,2,9,314,52,228,34,1,
,Bardwell,686,1,0,0,0,1,2,1,1,0,0,
,Beattyville,2133,0,0,0,0,0,7,4,1,2,0,
,Beaver Dam,3469,1,0,1,0,0,12,3,8,1,0,
,Bellefonte,885,0,0,0,0,0,2,1,1,0,0,
,Bellevue,5672,8,0,0,0,8,65,5,57,3,0,
,Benham,468,0,0,0,0,0,1,1,0,0,0,
,Benton,4765,2,0,1,0,1,52,8,40,4,0,
,Berea,15445,16,0,6,1,9,155,21,104,30,1,
,Bloomfield,976,0,0,0,0,0,0,0,0,0,0,
,Booneville,160,0,0,0,0,0,1,1,0,0,0,
,Bowling Green,76194,177,3,56,25,93,2232,242,1819,171,3,
,Brandenburg,2947,3,0,0,0,3,39,5,29,5,2,
,Brodhead,1136,0,0,0,0,0,2,1,1,0,0,
,Brooksville,653,0,0,0,0,0,0,0,0,0,0,
,Brownsville,888,0,0,0,0,0,4,1,3,0,0,
,Burgin,1000,0,0,0,0,0,0,0,0,0,0,
,Burkesville,1384,1,0,0,0,1,4,4,0,0,0,
,Burnside,704,2,0,0,0,2,16,4,11,1,0,
,Cadiz,2804,3,0,0,0,3,37,12,25,0,1,
,Calvert City,2517,2,0,2,0,0,62,26,35,1,0,
,Campbellsville,11690,22,0,4,4,14,189,62,115,12,0,
,Caneyville,531,0,0,0,0,0,1,0,0,1,0,
,Carlisle,2176,0,0,0,0,0,14,8,5,1,0,
,Carrollton,3916,2,0,1,0,1,21,2,14,5,1,
,Catlettsburg,1736,2,0,0,0,2,11,2,8,1,0,
,Cave City,2355,4,0,0,0,4,21,8,10,3,0,
,Centertown,407,0,0,0,0,0,2,1,1,0,0,
,Central City,5827,4,0,2,0,2,65,9,52,4,1,
,Clarkson,949,0,0,0,0,0,0,0,0,0,0,
,Clay,981,0,0,0,0,0,4,0,2,2,0,
,Clay City,1187,1,0,0,1,0,3,1,2,0,0,
,Clinton,1182,1,0,1,0,0,2,0,2,0,1,
,Cloverport,1145,0,0,0,0,0,3,2,1,0,0,
,Coal Run Village,1589,0,0,0,0,0,12,1,9,2,0,
,Cold Spring,6418,5,0,1,2,2,98,7,83,8,0,
,Columbia,4852,7,0,0,0,7,8,1,5,2,0,
,Corbin,7865,9,0,2,1,6,112,15,81,16,0,
,Covington,40967,121,3,21,38,59,775,97,530,148,5,
,Crab Orchard,744,0,0,0,0,0,0,0,0,0,0,
,Cumberland,1801,2,0,1,0,1,1,0,0,1,0,
,Cynthiana,6492,8,0,1,2,5,107,15,82,10,1,
,Danville,17299,30,0,6,3,21,266,41,201,24,1,
,Dawson Springs,2405,0,0,0,0,0,21,4,15,2,1,
,Dayton,5792,12,0,2,3,7,58,7,41,10,0,
,Dry Ridge,2151,0,0,0,0,0,24,0,22,2,0,
,Eddyville,2479,1,0,1,0,0,7,0,7,0,0,
,Edgewood,8377,8,0,1,0,7,39,0,36,3,0,
,Edmonton,1694,1,0,0,0,1,11,4,4,3,0,
,Elizabethtown,32145,44,2,16,4,22,295,79,173,43,2,
,Elkhorn City,970,0,0,0,0,0,0,0,0,0,0,
,Elkton,2180,3,0,0,1,2,29,9,19,1,0,
,Elsmere,9138,15,0,6,3,6,63,10,34,19,0,
,Eminence,2717,3,0,1,0,2,40,7,31,2,0,
,Erlanger,19820,28,0,8,2,18,82,5,61,16,0,
,Eubank,328,0,0,0,0,0,0,0,0,0,0,
,Evarts,821,0,0,0,0,0,8,5,3,0,0,
,Falmouth,2189,1,0,0,0,1,22,6,13,3,1,
,Ferguson,857,0,0,0,0,0,4,1,3,0,0,
,Flatwoods,7210,5,0,0,0,5,27,5,12,10,1,
,Fleming-Neon,524,0,0,0,0,0,0,0,0,0,0,
,Flemingsburg,2976,3,0,3,0,0,26,5,20,1,0,
,Florence,32899,45,2,9,12,22,1450,90,1286,74,4,
,Fort Mitchell,8628,5,0,1,3,1,84,10,66,8,0,
,Fort Thomas,16990,8,0,5,0,3,96,8,71,17,1,
,Fort Wright,5800,3,0,1,0,2,34,2,26,6,0,
,Fountain Run,223,2,0,0,0,2,2,0,1,1,0,
,Frankfort,28282,66,4,13,9,40,595,93,444,58,1,
,Franklin,10417,15,0,1,1,13,241,18,213,10,0,
,Fulton,2273,7,0,1,2,4,73,13,58,2,0,
,Georgetown,39288,48,0,13,10,25,521,49,424,48,0,
,Glasgow,15417,27,1,9,2,15,477,75,362,40,1,
,Grayson,3811,7,0,1,3,3,50,5,41,4,1,
,Greensburg,2221,2,0,0,0,2,12,1,10,1,0,
,Greenup,1056,0,0,0,0,0,7,2,2,3,0,
,Greenville,4363,7,0,1,0,6,19,3,12,4,1,
,Guthrie,1336,5,0,0,3,2,11,2,8,1,0,
,Hardinsburg,2458,0,0,0,0,0,24,13,8,3,0,
,Harlan,1839,1,0,0,0,1,19,7,11,1,0,
,Harrodsburg,9189,23,0,7,3,13,99,14,73,12,0,
,Hartford,2623,1,0,0,0,1,5,1,2,2,0,
,Hawesville,999,0,0,0,0,0,1,0,0,1,0,
,Hazard,4886,20,1,5,1,13,65,26,30,9,0,
,Henderson,27482,80,0,18,15,47,640,111,415,114,6,
,Heritage Creek,1199,1,0,0,0,1,11,1,9,1,0,
,Hickman,2292,2,0,0,1,1,3,0,3,0,0,
,Highland Heights ,6308,5,0,2,0,3,72,4,61,7,0,
,Hillview,8835,10,0,4,2,4,157,15,109,33,1,
,Hodgenville,3308,9,0,5,0,4,42,3,35,4,0,
,Hopkinsville,30804,108,3,18,25,62,964,143,742,79,2,
,Horse Cave,2261,5,0,1,0,4,25,14,8,3,0,
,Hurstbourne Acres,1938,0,0,0,0,0,23,1,20,2,0,
,Hustonville,391,0,0,0,0,0,0,0,0,0,0,
,Hyden,288,0,0,0,0,0,0,0,0,0,0,
,Independence,29603,21,1,6,1,13,97,8,71,18,1,
,Indian Hills,2847,0,0,0,0,0,62,3,52,7,0,
,Irvine,2289,1,0,0,0,1,11,3,6,2,0,
,Irvington,1385,0,0,0,0,0,4,1,1,2,0,
,Jackson,2120,4,0,1,0,3,35,13,20,2,0,
,Jamestown,1875,0,0,0,0,0,21,4,12,5,0,
,Jeffersontown,28495,30,0,1,19,10,773,80,559,134,0,
,Jenkins,1799,0,0,0,0,0,0,0,0,0,0,
,Junction City,2297,0,0,0,0,0,3,0,3,0,0,
,La Center,863,0,0,0,0,0,0,0,0,0,0,
,La Grange,10414,3,0,0,2,1,113,15,79,19,1,
,Lakeside Park-Crestview Hills,6027,1,0,0,1,0,47,2,42,3,0,
,Lancaster,4065,5,0,1,2,2,32,12,15,5,0,
,Lawrenceburg,12014,10,0,3,1,6,103,15,70,18,1,
,Lebanon,6516,5,0,1,0,4,100,16,75,9,1,
,Lebanon Junction,1792,0,0,0,0,0,1,1,0,0,0,
,Leitchfield,6443,7,0,2,0,5,88,12,61,15,0,
,Lewisburg,771,0,0,0,0,0,0,0,0,0,1,
,Lewisport,1744,2,0,0,0,2,6,3,3,0,0,
,Lexington,319994,812,14,181,246,371,8803,1081,6473,1249,24,
,Liberty,2004,1,0,0,0,1,3,2,0,1,0,
,Livingston,165,0,0,0,0,0,0,0,0,0,0,
,London,7571,13,0,4,0,9,417,41,331,45,0,
,Louisa,2595,4,0,2,1,1,27,5,16,6,1,
,Louisville Metro,669468,5125,153,219,992,3761,24234,3339,14088,6807,58,
,Loyall,595,0,0,0,0,0,2,0,2,0,0,
,Ludlow,4322,3,0,1,1,1,40,2,32,6,1,
,Lynch,605,0,0,0,0,0,0,0,0,0,0,
,Lyndon,10873,17,0,1,12,4,301,35,206,60,0,
,Madisonville,19057,23,2,5,3,13,163,32,101,30,2,
,Manchester,1431,3,0,0,1,2,23,10,9,4,0,
,Marion,2893,4,0,0,0,4,36,11,20,5,0,
,Martin,490,0,0,0,0,0,0,0,0,0,0,
,Mayfield,9852,28,0,7,1,20,181,45,128,8,2,
,Maysville,8677,18,1,7,3,7,222,34,179,9,1,
,McKee,794,0,0,0,0,0,4,2,1,1,0,
,Meadow Vale,717,0,0,0,0,0,1,0,1,0,0,
,Middlesboro,9022,18,0,2,2,14,288,21,259,8,2,
,Middletown,9599,15,0,1,11,3,364,49,289,26,0,
,Millersburg,737,1,0,0,0,1,1,0,1,0,0,
,Monticello,5761,14,0,2,2,10,82,29,45,8,1,
,Morehead,6534,13,0,3,0,10,138,9,118,11,0,
,Morganfield,3122,4,0,1,0,3,40,7,24,9,0,
,Morgantown,2454,2,0,0,0,2,5,2,2,1,0,
,Mount Sterling,7556,4,0,1,0,3,137,15,116,6,1,
,Mount Vernon,2480,3,0,1,1,1,10,2,6,2,0,
,Mount Washington,18576,8,0,2,1,5,106,21,77,8,1,
,Muldraugh,1010,3,0,0,0,3,23,10,8,5,0,
,Munfordville,1710,1,0,0,0,1,8,2,6,0,2,
,Murray,17622,18,1,3,1,13,313,39,259,15,1,
,Newport,13780,35,1,9,13,12,440,34,351,55,2,
,Nicholasville,32379,40,0,10,6,24,544,52,446,46,1,
,Northfield,985,0,0,0,0,0,6,0,6,0,0,
,Oak Grove,8027,35,1,5,5,24,277,33,211,33,1,
,Olive Hill,1542,3,0,0,0,3,4,0,3,1,0,
,Owensboro,59937,187,2,52,23,110,1943,226,1513,204,13,
,Owenton,1663,0,0,0,0,0,3,0,2,1,0,
,Owingsville,1586,0,0,0,0,0,15,2,9,4,0,
,Paducah,26692,89,1,28,10,50,770,66,651,53,3,
,Paintsville,4146,2,0,0,0,2,6,0,6,0,0,
,Paris,10018,26,0,3,0,23,136,19,103,14,0,
,Park Hills,3149,8,0,3,2,3,13,4,7,2,0,
,Pembroke,861,0,0,0,0,0,8,3,4,1,0,
,Perryville,793,0,0,0,0,0,1,1,0,0,0,
,Pewee Valley,1633,0,0,0,0,0,0,0,0,0,0,
,Pikeville,7181,6,0,1,0,5,117,29,80,8,0,
,Pineville,1608,4,0,1,1,2,21,2,15,4,0,
,Pioneer Village,2727,1,0,1,0,0,14,1,8,5,0,
,Pippa Passes,498,0,0,0,0,0,1,1,0,0,0,
,Powderly,784,0,0,0,0,0,2,0,1,1,0,
,Prestonsburg,3735,1,0,0,0,1,26,8,14,4,1,
,Princeton,6186,8,0,4,0,4,96,17,78,1,1,
,Prospect,4550,1,0,0,1,0,27,5,17,5,0,
,Providence,2784,2,0,1,0,1,4,2,1,1,0,
,Raceland,2301,1,0,0,0,1,12,1,7,4,0,
,Radcliff,22916,54,1,23,5,25,461,98,286,77,1,
,Ravenna,556,0,0,0,0,0,3,0,2,1,0,
,Richmond,36851,84,2,21,12,49,909,169,671,69,4,
,Russell,3635,2,0,2,0,0,23,2,18,3,0,
,Russell Springs,2766,3,0,1,0,2,19,4,11,4,0,
,Russellville,7331,10,0,4,3,3,115,29,74,12,1,
,Sadieville,337,0,0,0,0,0,0,0,0,0,0,
,Salyersville,1527,2,0,0,0,2,1,0,0,1,0,
,Science Hill,656,0,0,0,0,0,1,0,0,1,0,
,Scottsville,4504,8,0,2,1,5,77,13,59,5,1,
,Sebree,1514,0,0,0,0,0,0,0,0,0,0,
,Shelbyville,17680,21,0,3,6,12,205,32,142,31,1,
,Shepherdsville,14620,29,3,3,5,18,256,53,159,44,0,
,Shively,15404,62,4,9,28,21,472,53,252,167,0,
,Simpsonville,3049,5,0,1,4,0,118,11,103,4,0,
,Smiths Grove,791,1,0,0,1,0,20,4,13,3,0,
,Somerset,12345,29,0,6,7,16,284,126,125,33,0,
,Southgate,3750,4,0,1,0,3,34,6,16,12,0,
,South Shore,1035,0,0,0,0,0,2,1,0,1,0,
,Springfield,2887,3,0,1,0,2,13,5,6,2,1,
,Stamping Ground,817,0,0,0,0,0,3,0,3,0,0,
,Stanford,3642,4,0,0,0,4,24,8,15,1,0,
,Stanton,3210,4,0,2,1,1,32,14,13,5,0,
,St. Matthews,17277,25,0,5,9,11,837,40,676,121,0,
,Strathmoor Village,669,0,0,0,0,0,2,0,2,0,0,
,Sturgis,1661,1,0,0,0,1,2,1,1,0,0,
,Taylor Mill,6830,4,0,1,0,3,21,2,17,2,0,
,Taylorsville,1310,1,0,0,0,1,10,4,5,1,0,
,Tompkinsville,2298,0,0,0,0,0,2,1,0,1,0,
,Trenton,328,0,0,0,0,0,2,1,1,0,0,
,Uniontown,897,0,0,0,0,0,2,1,0,1,0,
,Vanceburg,1389,0,0,0,0,0,2,0,1,1,0,
,Versailles,27209,16,0,3,6,7,237,40,174,23,1,
,Villa Hills,7501,10,0,0,1,9,73,8,57,8,0,
,Vine Grove,7023,5,0,3,1,1,30,8,17,5,0,
,Warsaw,1757,2,0,2,0,0,16,7,7,2,0,
,Wayland,386,0,0,0,0,0,0,0,0,0,0,
,West Buechel,1353,7,0,0,4,3,123,5,90,28,0,
,West Liberty,3553,3,0,3,0,0,24,3,18,3,1,
,West Point,939,0,0,0,0,0,0,0,0,0,0,
,Wheelwright,480,0,0,0,0,0,0,0,0,0,0,
,Whitesburg,1685,0,0,0,0,0,2,0,1,1,0,
,Wilder,3098,5,0,0,1,4,30,3,23,4,0,
,Williamsburg,5088,16,0,1,2,13,44,10,24,10,2,
,Williamstown,3980,0,0,0,0,0,20,4,12,4,0,
,Wilmore,6024,2,0,2,0,0,44,5,37,2,0,
,Winchester,19130,52,0,12,4,36,576,82,454,40,0,
,Woodburn,317,0,0,0,0,0,0,0,0,0,0,
,Woodlawn Park,930,0,0,0,0,0,0,0,0,0,0,
,Worthington,1454,0,0,0,0,0,2,0,2,0,0,
LOUISIANA,Addis,7618,2,0,0,1,1,35,9,23,3,0,
,Alexandria,43461,857,18,75,91,673,2779,532,2018,229,4,
,Baker,12041,47,2,5,2,38,215,47,119,49,0,
,Basile,1189,1,0,0,0,1,1,0,1,0,0,
,Bastrop,8959,66,2,2,3,59,381,106,261,14,1,
,Baton Rouge,219086,2199,53,141,301,1704,12108,2846,7277,1985,18,
,Blanchard,3369,7,0,0,1,6,8,1,6,1,0,
,Bogalusa,10321,127,3,8,7,109,425,111,286,28,5,
,Bossier City,62602,570,8,59,43,460,2861,350,2191,320,8,
,Broussard,14538,25,0,1,1,23,285,36,238,11,0,
,Brusly,2605,10,0,0,0,10,8,2,6,0,0,
,Chataignier,258,0,0,0,0,0,0,0,0,0,0,
,Church Point,4021,15,0,0,0,15,32,7,21,4,0,
,Clinton,1289,0,0,0,0,0,0,0,0,0,0,
,Covington,11679,17,0,1,2,14,114,11,90,13,1,
,De Ridder,9523,24,0,5,0,19,155,12,137,6,0,
,Dixie Inn,277,0,0,0,0,0,1,0,1,0,0,
,Erath,1956,10,0,0,1,9,9,0,9,0,0,
,Evergreen,204,0,0,0,0,0,0,0,0,0,0,
,Farmerville,3269,30,0,0,3,27,122,8,93,21,0,
,Fisher,186,0,0,0,0,0,0,0,0,0,0,
,Golden Meadow,1664,1,0,0,0,1,34,5,28,1,0,
,Gonzales,13466,91,2,5,14,70,679,34,601,44,1,
,Gramercy,2735,9,0,0,0,9,49,5,39,5,0,
,Greenwood,3080,21,0,0,3,18,111,21,80,10,0,
,Gretna,16918,80,0,3,6,71,631,66,519,46,2,
,Harahan,8656,14,1,0,2,11,62,9,41,12,0,
,Haynesville,1913,8,0,0,1,7,28,6,17,5,0,
,Houma,31027,189,3,1,8,177,1097,147,897,53,2,
,Ida,206,0,0,0,0,0,0,0,0,0,0,
,Independence,1650,21,0,0,1,20,69,10,58,1,1,
,Iowa,2983,44,0,1,0,43,43,6,34,3,0,
,Jean Lafitte,1776,0,0,0,0,0,2,0,2,0,0,
,Jennings,9487,96,0,4,11,81,463,128,320,15,2,
,Kenner,62892,203,7,18,21,157,2016,154,1636,226,10,
,Krotz Springs,890,3,0,1,0,2,32,2,28,2,0,
,Lafayette,121361,993,28,30,119,816,5586,1235,3995,356,,
,Lake Arthur,2597,6,0,0,0,6,3,0,3,0,0,
,Lake Charles,76393,486,9,36,55,386,2245,553,1475,217,2,
,Lake Providence,3176,3,0,0,0,3,0,0,0,0,0,
,Mandeville,13424,18,0,1,4,13,167,13,146,8,0,
,Mansfield,4511,28,1,0,1,26,18,7,7,4,0,
,Marion,598,3,0,0,0,3,5,2,2,1,1,
,Marksville,4798,106,0,0,6,100,270,30,224,16,0,
,Monroe,46429,977,22,13,72,870,2808,497,2104,207,3,
,Montpelier,195,0,0,0,0,0,0,0,0,0,0,
,Morgan City,10915,91,2,10,9,70,367,107,232,28,2,
,New Orleans,364197,4957,193,681,656,3427,18536,1742,10091,6703,,
,Norwood,268,0,0,0,0,0,0,0,0,0,0,
,Oak Grove,1378,3,0,1,0,2,24,3,21,0,0,
,Opelousas,15358,258,8,9,21,220,885,127,674,84,2,
,Patterson,5632,19,0,0,0,19,14,2,11,1,0,
,Plain Dealing,868,6,0,0,0,6,8,0,8,0,0,
,Plaquemine,5826,52,2,1,1,48,175,29,139,7,0,
,Ponchatoula,7925,44,1,3,2,38,290,27,252,11,0,
,Port Allen,4899,48,2,3,2,41,103,21,71,11,2,
,Rayne,6952,3,0,0,0,3,79,3,72,4,2,
,Ruston,22366,144,1,9,9,125,887,78,777,32,1,
,Shreveport,176906,1316,68,124,188,936,7916,1445,5351,1120,,
,Sibley,1073,0,0,0,0,0,0,0,0,0,0,
,Slidell,28616,89,4,5,7,73,741,49,632,60,3,
,Sulphur,19647,54,4,6,5,39,646,122,489,35,4,
,Tallulah,5799,47,3,0,4,40,20,8,11,1,0,
,Thibodaux,15372,56,5,7,4,40,422,47,358,17,3,
,Vidalia,3853,10,0,1,0,9,130,17,108,5,1,
,Vinton,2976,20,0,2,1,17,137,26,93,18,0,
,Walker,6391,56,2,7,3,44,241,20,202,19,1,
,Westlake,4527,7,0,0,1,6,104,31,72,1,0,
,West Monroe,12434,169,1,22,15,131,733,108,589,36,2,
,Westwego,8071,50,2,1,5,42,167,28,126,13,3,
,Wilson,353,0,0,0,0,0,0,0,0,0,0,
,Zachary,20148,69,1,11,2,55,449,55,347,47,0,
MAINE,Ashland,1207,1,0,0,0,1,3,0,2,1,0,
,Auburn,24252,35,0,9,6,20,506,46,432,28,6,
,Augusta,19144,55,2,7,13,33,809,62,696,51,1,
,Baileyville,1327,0,0,0,0,0,3,0,3,0,0,
,Bangor,31525,54,1,8,10,35,1265,93,1128,44,2,
,Bar Harbor,7580,5,0,1,0,4,43,6,35,2,0,
,Bath,8826,2,0,0,0,2,76,4,71,1,0,
,Belfast,7089,5,0,0,1,4,41,2,38,1,0,
,Berwick,8305,9,2,3,0,4,44,3,38,3,2,
,Biddeford,22404,73,1,11,10,51,688,37,624,27,6,
,Boothbay Harbor,2099,1,0,0,0,1,5,0,5,0,0,
,Brewer,9665,2,0,0,0,2,211,4,201,6,0,
,Bridgton,5756,8,1,3,0,4,49,10,39,0,0,
,Brunswick,21867,26,0,12,1,13,286,12,260,14,2,
,Bucksport,5050,6,0,4,0,2,33,4,28,1,0,
,Buxton,8574,7,0,2,1,4,62,1,54,7,2,
,Calais,3134,0,0,0,0,0,30,5,20,5,0,
,Camden,5312,0,0,0,0,0,7,0,7,0,0,
,Cape Elizabeth,9601,0,0,0,0,0,15,3,12,0,0,
,Caribou,7461,5,1,1,0,3,53,5,46,2,0,
,Carrabassett Valley,700,2,0,1,1,0,4,0,3,1,0,
,Clinton,3396,3,0,3,0,0,12,3,8,1,0,
,Cumberland,8664,2,0,1,0,1,20,5,13,2,0,
,Damariscotta,2304,1,0,1,0,0,20,0,17,3,0,
,Dexter,3822,1,0,1,0,0,45,6,38,1,0,
,Dover-Foxcroft,4628,3,0,0,2,1,23,4,16,3,0,
,East Millinocket,6886,3,0,1,0,2,67,6,45,16,0,
,Eastport,1307,1,0,0,0,1,1,0,1,0,0,
,Eliot,7369,0,0,0,0,0,13,0,13,0,1,
,Ellsworth,8896,20,0,9,4,7,213,11,197,5,0,
,Fairfield,6561,12,1,7,1,3,93,15,69,9,0,
,Falmouth,13057,4,0,0,2,2,83,8,68,7,0,
,Farmington,8519,14,2,6,1,5,118,6,106,6,0,
,Fort Fairfield,3334,9,0,2,0,7,22,4,16,2,0,
,Fort Kent,4139,0,0,0,0,0,15,2,13,0,0,
,Freeport,8807,3,0,3,0,0,129,3,123,3,0,
,Fryeburg,3562,2,0,1,0,1,27,3,21,3,0,
,Gardiner,6173,5,0,3,0,2,51,3,44,4,0,
,Gorham,17506,4,0,0,0,4,72,7,63,2,0,
,Gouldsboro,1753,0,0,0,0,0,0,0,0,0,0,
,Greenville,1576,0,0,0,0,0,3,1,2,0,0,
,Hallowell,2613,2,0,1,1,0,8,2,6,0,0,
,Hampden,7964,0,0,0,0,0,48,2,41,5,0,
,Holden,3417,0,0,0,0,0,25,2,22,1,0,
,Houlton,6072,4,0,1,0,3,81,6,73,2,0,
,Islesboro,592,0,0,0,0,0,7,1,6,0,0,
,Jay,4679,12,0,1,2,9,44,11,26,7,0,
,Kennebunk,11863,7,0,7,0,0,48,6,41,1,0,
,Kennebunkport,3729,2,0,1,0,1,25,2,23,0,0,
,Kittery,10314,1,0,1,0,0,123,0,117,6,0,
,Lewiston,39209,126,20,23,22,61,661,75,537,49,2,
,Lincoln,4873,2,0,0,0,2,24,1,23,0,0,
,Lisbon,9753,3,1,1,0,1,62,3,49,10,2,
,Livermore Falls,3072,11,0,1,0,10,64,4,57,3,0,
,Machias,2062,1,0,0,0,1,23,4,18,1,0,
,Madawaska,3861,1,1,0,0,0,27,4,23,0,0,
,Mechanic Falls,3121,3,0,0,0,3,33,7,22,4,0,
,Mexico,2822,7,0,3,0,4,94,14,78,2,1,
,Milbridge,1407,0,0,0,0,0,0,0,0,0,0,
,Milo,2404,3,0,0,1,2,21,3,16,2,0,
,Monmouth,4210,1,0,0,1,0,9,2,7,0,0,
,Newport,3160,1,0,0,1,0,57,0,55,2,0,
,North Berwick,5233,3,0,2,0,1,17,4,13,0,0,
,Norway,5310,4,1,3,0,0,75,7,61,7,0,
,Oakland,6364,2,0,1,0,1,31,3,24,4,0,
,Ogunquit,1608,1,0,1,0,0,17,2,14,1,0,
,Old Orchard Beach,9465,19,0,6,0,13,118,11,95,12,2,
,Old Town,7460,2,0,0,0,2,97,7,88,2,1,
,Orono,11296,2,0,0,0,2,26,1,24,1,0,
,Oxford,4401,6,0,1,1,4,154,6,146,2,0,
,Paris,5421,8,0,5,1,2,53,8,35,10,1,
,Phippsburg,2220,1,0,0,0,1,1,1,0,0,0,
,Pittsfield,3946,2,0,0,0,2,31,9,20,2,0,
,Portland,68390,156,2,31,25,98,1170,62,983,125,15,
,Presque Isle,8629,18,0,4,3,11,257,11,239,7,1,
,Rangeley,1294,0,0,0,0,0,5,0,4,1,0,
,Richmond,3598,0,0,0,0,0,3,0,2,1,0,
,Rockland,7031,7,0,2,2,3,85,8,71,6,0,
,Rockport,3740,0,0,0,0,0,29,4,22,3,0,
,Rumford,5966,9,0,8,0,1,101,10,87,4,0,
,Sabattus,5127,2,0,0,0,2,18,1,11,6,0,
,Saco,21103,25,0,7,2,16,301,29,245,27,2,
,Sanford,22416,41,0,16,6,19,571,54,486,31,3,
,Scarborough,23722,13,0,1,3,9,307,24,277,6,0,
,Searsport,2658,2,0,0,0,2,3,2,1,0,0,
,Skowhegan,8686,13,0,5,2,6,275,30,231,14,1,
,South Berwick,7768,2,0,2,0,0,28,2,23,3,0,
,South Portland,27256,29,0,10,3,16,314,18,273,23,2,
,Southwest Harbor,1847,2,1,0,0,1,9,1,7,1,0,
,Thomaston,2808,0,0,0,0,0,70,1,68,1,0,
,Topsham,9831,3,1,0,0,2,128,9,118,1,0,
,Veazie,1831,1,0,0,0,1,4,1,2,1,0,
,Waldoboro,5342,1,0,1,0,0,38,3,24,11,0,
,Washburn,1523,1,0,0,0,1,1,1,0,0,0,
,Waterville,15826,33,1,18,6,8,544,22,500,22,2,
,Wells,11926,6,0,4,0,2,109,7,99,3,0,
,Westbrook,20753,39,3,10,8,18,232,15,195,22,1,
,Wilton,3891,7,0,2,0,5,22,2,16,4,0,
,Windham,19454,11,0,4,0,7,163,21,130,12,1,
,Winslow,8060,10,0,3,0,7,59,2,52,5,1,
,Winter Harbor,481,1,0,1,0,0,1,1,0,0,0,
,Winthrop,6208,2,0,0,0,2,69,21,43,5,0,
,Wiscasset,3900,9,0,5,0,4,35,5,30,0,0,
,Yarmouth,9138,6,0,2,0,4,30,3,24,3,1,
,York,14132,6,0,3,0,3,82,6,66,10,0,
MARYLAND,Aberdeen,17168,143,1,10,23,109,393,30,326,37,8,
,Annapolis,40537,273,9,16,63,185,954,68,786,100,3,
,Baltimore,565192,8887,233,255,3266,5133,24178,2518,11234,10426,141,
,Baltimore City Sheriff,0,0,0,0,0,0,0,0,0,0,0,
,Bel Air,10545,20,2,5,2,11,236,8,219,9,1,
,Berwyn Heights,3237,8,0,2,5,1,64,2,51,11,0,
,Bladensburg,9348,64,1,1,18,44,382,12,228,142,0,
,Boonsboro,3820,0,0,0,0,0,19,1,17,1,0,
,Bowie,56678,88,1,7,25,55,810,40,594,176,0,
,Brunswick,8426,18,0,3,0,15,48,11,36,1,2,
,Cambridge,13150,102,0,10,21,71,522,63,384,75,1,
,Capitol Heights,3913,28,2,1,16,9,82,9,29,44,0,
,Chestertown,5591,23,0,2,2,19,101,19,77,5,0,
,Cheverly,5954,24,1,3,4,16,142,11,97,34,0,
,Chevy Chase Village,2007,0,0,0,0,0,50,2,46,2,0,
,Colmar Manor,1537,7,0,0,6,1,56,9,43,4,0,
,Cumberland,18644,117,5,19,27,66,801,148,625,28,6,
,Denton,4965,28,0,6,6,16,112,13,93,6,1,
,District Heights,5755,31,3,1,13,14,140,10,61,69,2,
,Easton,17471,68,2,8,15,43,340,45,280,15,2,
,Elkton,15960,138,2,11,24,101,760,63,583,114,0,
,Federalsburg,2795,18,1,0,1,16,53,7,37,9,0,
,Forest Heights,2580,4,1,0,3,0,14,1,9,4,0,
,Frederick,84157,322,5,38,50,229,1543,228,1197,118,8,
,Frostburg,6930,8,5,1,1,1,8,5,3,0,0,
,Fruitland,6007,7,0,0,2,5,71,5,65,1,0,
,Gaithersburg,68682,159,1,22,44,92,1018,123,798,97,3,
,Glenarden,6207,14,0,3,8,3,24,0,12,12,0,
,Greenbelt,24111,167,0,8,74,85,1342,43,806,493,5,
,Greensboro,1910,8,0,0,0,8,17,5,12,0,0,
,Hagerstown,43792,297,4,27,79,187,931,242,472,217,0,
,Hampstead,6389,19,0,2,1,16,43,10,31,2,0,
,Hancock,1553,4,0,0,0,4,13,1,11,1,0,
,Hurlock,2082,10,0,1,0,9,32,6,20,6,0,
,Hyattsville,20449,199,3,6,124,66,915,62,547,306,3,
,Landover Hills,1748,39,3,1,18,17,74,2,51,21,0,
,La Plata,10924,22,0,0,5,17,210,14,187,9,0,
,Laurel,29044,194,2,14,70,108,1290,65,910,315,2,
,Manchester,5521,5,0,0,0,5,6,1,5,0,0,
,Mount Rainier,8035,55,0,4,20,31,289,11,174,104,1,
,New Carrollton,13265,47,0,1,24,22,312,25,176,111,0,
,North East,4155,19,0,0,2,17,108,13,87,8,0,
,Ocean Pines,11708,2,0,0,0,2,25,2,22,1,0,
,Oxford,609,0,0,0,0,0,5,0,5,0,0,
,Pittsville,1650,2,0,0,0,2,1,1,0,0,0,
,Pocomoke City,4454,14,0,2,2,10,146,11,133,2,2,
,Princess Anne,3491,48,0,0,5,43,132,31,89,12,0,
,Riverdale Park,7093,45,0,2,19,24,208,12,135,61,0,
,Rock Hall,1199,0,0,0,0,0,4,0,4,0,0,
,Rockville,66710,94,0,11,29,54,862,107,663,92,1,
,Salisbury,33312,367,2,26,49,290,981,148,755,78,4,
,Seat Pleasant,4416,38,2,1,18,17,130,9,74,47,0,
,Smithsburg,3190,8,0,0,0,8,22,3,17,2,0,
,Snow Hill,2335,6,0,0,1,5,16,2,14,0,1,
,St. Michaels,1078,2,0,1,0,1,15,1,13,1,0,
,Sykesville,4402,4,0,0,1,3,44,9,30,5,2,
,Takoma Park,17290,91,0,3,61,27,992,95,777,120,2,
,Thurmont,6767,3,0,0,0,3,31,1,29,1,0,
,University Park,2359,1,0,0,0,1,39,4,29,6,0,
,Upper Marlboro,696,4,0,0,0,4,23,4,14,5,0,
,Westminster,20523,53,0,5,2,46,358,19,321,18,0,
MASSACHUSETTS,Abington,17641,62,0,8,1,53,216,14,181,21,0,
,Acton,23856,16,0,3,1,12,96,11,76,9,1,
,Acushnet,10636,23,0,3,1,19,44,4,37,3,0,
,Adams,8003,18,0,4,0,14,99,21,73,5,0,
,Agawam,28430,79,0,8,6,65,403,110,238,55,2,
,Amesbury,17160,28,0,6,2,20,118,11,95,12,3,
,Amherst,48936,53,0,13,2,38,155,24,123,8,4,
,Andover,36398,13,2,2,0,9,173,18,150,5,0,
,Aquinnah,449,0,0,0,0,0,2,1,1,0,0,
,Arlington,45365,44,0,0,3,41,209,24,164,21,3,
,Ashburnham,6425,13,0,4,0,9,35,11,23,1,0,
,Ashby,3166,4,0,0,2,2,11,2,5,4,0,
,Ashfield,1689,2,0,2,0,0,5,1,4,0,0,
,Ashland,18356,18,0,0,0,18,66,18,42,6,0,
,Athol,11923,53,0,7,2,44,91,16,71,4,2,
,Attleboro,46825,117,0,7,19,91,517,64,417,36,8,
,Auburn,16769,58,0,3,1,54,218,33,170,15,2,
,Avon,4745,3,0,0,1,2,99,6,79,14,0,
,Ayer,8430,11,0,0,2,9,60,10,45,5,1,
,Barnstable,50034,210,0,29,8,173,414,59,327,28,1,
,Barre,5558,23,0,2,0,21,20,2,17,1,1,
,Becket,1931,2,0,0,0,2,5,1,4,0,0,
,Bedford,14117,8,0,4,0,4,68,5,63,0,0,
,Belchertown,15311,30,0,7,0,23,69,8,58,3,0,
,Bellingham,17750,30,0,9,0,21,188,17,163,8,1,
,Belmont,26556,16,0,2,1,13,224,53,158,13,0,
,Berkley,6834,3,0,1,0,2,17,4,12,1,0,
,Berlin,4753,0,0,0,0,0,14,0,13,1,0,
,Bernardston,2842,3,0,1,0,2,18,6,10,2,0,
,Beverly,42205,56,0,7,1,48,232,12,196,24,0,
,Billerica,41220,25,0,2,2,21,194,32,141,21,3,
,Blackstone,9257,5,1,0,0,4,9,0,7,2,1,
,Bolton,5778,2,0,0,0,2,21,2,19,0,0,
,Boston,642823,4030,34,209,878,2909,12499,1163,10216,1120,27,
,Bourne,20885,52,0,13,0,39,179,47,120,12,2,
,Boxborough,5391,4,0,1,0,3,16,5,11,0,0,
,Boxford,8103,0,0,0,0,0,15,4,11,0,0,
,Boylston,4977,5,0,0,0,5,41,31,9,1,0,
,Braintree,38544,117,2,10,6,99,551,45,479,27,0,
,Brewster,10546,14,0,2,0,12,41,6,33,2,0,
,Bridgewater,9221,32,1,5,4,22,56,6,36,14,0,
,Brimfield,3712,4,0,2,0,2,5,0,4,1,0,
,Brockton,108938,697,7,82,77,531,2166,389,1197,580,8,
,Brookfield,3442,9,0,6,0,3,8,1,7,0,0,
,Brookline,62639,41,0,4,9,28,494,30,438,26,1,
,Buckland,1810,0,0,0,0,0,0,0,0,0,0,
,Burlington,25894,53,0,13,5,35,493,35,433,25,0,
,Cambridge,118960,570,1,43,119,407,2843,264,2438,141,16,
,Canton,24864,96,0,2,3,91,166,18,134,14,3,
,Carlisle,5138,3,0,1,0,2,9,4,4,1,0,
,Carver,12118,15,0,4,1,10,52,5,42,5,0,
,Charlton,13434,8,0,1,3,4,117,95,21,1,1,
,Chatham,6793,6,0,1,0,5,38,6,32,0,0,
,Chelmsford,35807,41,0,9,2,30,348,12,318,18,0,
,Chelsea,37837,366,0,39,62,265,614,68,468,78,4,
,Cheshire,3197,1,0,0,0,1,5,0,4,1,0,
,Chicopee,55043,317,1,43,20,253,1019,138,770,111,2,
,Chilmark,1253,1,0,0,0,1,0,0,0,0,0,
,Clarksburg,1638,3,0,0,0,3,2,2,0,0,0,
,Clinton,15576,4,0,0,1,3,8,2,5,1,0,
,Cohasset,8380,13,1,1,0,11,47,8,39,0,0,
,Concord,17824,13,0,3,0,10,110,13,91,6,1,
,Dalton,6196,13,0,5,1,7,23,5,13,5,0,
,Danvers,27757,37,0,2,2,33,321,47,256,18,2,
,Dartmouth,34610,80,0,6,6,68,395,32,347,16,3,
,Dedham,25038,65,0,2,1,62,296,9,268,19,0,
,Deerfield,5197,4,0,0,1,3,35,9,21,5,0,
,Dennis,15117,40,0,5,1,34,140,37,95,8,2,
,Dighton,8226,22,0,4,0,18,21,2,15,4,1,
,Douglas,9266,7,0,0,0,7,35,7,26,2,0,
,Dover,5868,3,2,0,0,1,19,2,15,2,0,
,Dracut,31951,81,0,3,5,73,235,32,179,24,1,
,Dudley,11864,20,0,2,1,17,24,4,17,3,0,
,Dunstable,3366,1,0,0,0,1,14,2,11,1,0,
,Duxbury,16809,14,2,3,0,9,37,1,36,0,1,
,East Bridgewater,14906,22,0,1,1,20,45,9,22,14,1,
,East Brookfield,2204,2,0,0,0,2,4,0,3,1,0,
,Eastham,5880,13,0,5,0,8,24,4,20,0,1,
,Easthampton,15980,23,1,1,1,20,121,22,94,5,0,
,East Longmeadow,16411,47,0,7,5,35,216,13,190,13,1,
,Easton,25413,43,0,10,2,31,196,20,151,25,2,
,Edgartown,5351,7,0,2,0,5,50,6,44,0,0,
,Egremont,1376,1,0,0,0,1,5,0,5,0,0,
,Erving,1671,1,0,0,0,1,5,0,5,0,0,
,Essex,3678,6,0,0,0,6,9,3,5,1,0,
,Everett,49740,191,0,22,15,154,672,67,516,89,0,
,Fairhaven,15854,54,0,11,1,42,117,8,97,12,2,
,Fall River,93879,854,4,62,81,707,1340,198,963,179,16,
,Falmouth,33512,95,0,11,9,75,247,73,166,8,3,
,Fitchburg,41566,194,2,26,17,149,433,75,311,47,6,
,Foxborough,18542,27,0,6,1,20,142,22,108,12,1,
,Framingham,70624,204,0,11,15,178,777,274,404,99,0,
,Franklin,34538,32,0,3,1,28,78,13,60,5,0,
,Freetown,9283,29,1,3,1,24,51,12,33,6,2,
,Gardner,20816,55,1,1,2,51,159,17,129,13,2,
,Georgetown,8411,5,0,2,0,3,23,4,17,2,0,
,Gill,1564,0,0,0,0,0,6,0,5,1,0,
,Gloucester,29991,77,0,11,1,65,153,21,122,10,3,
,Goshen,941,0,0,0,0,0,1,0,1,0,0,
,Grafton,19971,23,0,4,0,19,31,10,18,3,0,
,Granby,6032,3,0,0,0,3,31,3,23,5,0,
,Granville,1532,0,0,0,0,0,7,0,7,0,1,
,Great Barrington,7235,18,0,10,2,6,41,9,28,4,2,
,Greenfield,17249,95,0,15,7,73,281,60,209,12,1,
,Groton,11144,3,0,2,0,1,24,6,18,0,1,
,Groveland,6733,0,0,0,0,0,1,0,0,1,1,
,Hadley,5251,27,0,4,0,23,203,7,191,5,0,
,Halifax,8004,4,0,3,0,1,63,5,55,3,0,
,Hamilton,7536,7,0,2,0,5,20,0,19,1,0,
,Hampden,4922,12,0,2,0,10,105,10,86,9,1,
,Hanover,15357,8,0,1,0,7,121,6,109,6,0,
,Hanson,11018,21,0,0,0,21,53,10,39,4,0,
,Hardwick,2666,4,0,0,0,4,9,3,4,2,0,
,Harvard,6912,5,0,3,0,2,17,4,11,2,1,
,Harwich,13806,14,0,5,0,9,89,17,68,4,1,
,Hatfield,3303,1,0,0,0,1,7,3,3,1,0,
,Haverhill,67133,343,0,8,11,324,557,66,459,32,3,
,Hingham,25093,45,0,7,3,35,227,36,176,15,0,
,Holbrook,11303,41,0,6,1,34,132,19,102,11,2,
,Holden,19941,18,0,2,1,15,38,12,24,2,1,
,Holland,2576,4,0,1,0,3,10,5,2,3,0,
,Holliston,14849,4,0,2,0,2,46,6,37,3,1,
,Holyoke,37706,373,5,11,34,323,1728,152,1411,165,19,
,Hopedale,6031,9,0,1,0,8,15,2,12,1,0,
,Hopkinton,19559,13,0,1,0,12,69,20,49,0,0,
,Hudson,19676,48,0,6,2,40,167,11,143,13,1,
,Hull,10618,22,0,2,0,20,72,10,61,1,1,
,Ipswich,13941,9,0,0,0,9,45,3,42,0,0,
,Kingston,14477,26,0,7,0,19,80,4,74,2,4,
,Lakeville,12592,19,1,3,0,15,49,3,40,6,0,
,Lancaster,8409,5,0,1,0,4,54,20,30,4,0,
,Lanesboro,3004,1,0,0,0,1,31,4,22,5,0,
,Lawrence,87806,421,7,22,48,344,936,98,739,99,2,
,Lee,5674,21,0,2,1,18,69,7,60,2,0,
,Leicester,11057,26,0,0,0,26,128,10,108,10,0,
,Lenox,5050,8,0,2,1,5,76,11,64,1,0,
,Leominster,43746,170,0,17,10,143,506,57,405,44,6,
,Leverett,1862,3,0,1,0,2,7,2,5,0,0,
,Lexington,34044,10,0,3,2,5,100,10,84,6,0,
,Lincoln,6814,1,0,0,0,1,24,4,19,1,0,
,Littleton,10182,4,0,0,0,4,41,4,34,3,0,
,Longmeadow,15626,30,0,2,3,25,108,14,85,9,0,
,Ludlow,21038,24,0,2,0,22,160,23,116,21,0,
,Lunenburg,11900,12,1,2,2,7,84,4,77,3,0,
,Lynn,101144,466,4,29,55,378,999,150,676,173,2,
,Lynnfield,12983,20,0,1,0,19,89,6,76,7,0,
,Malden,64291,171,0,5,22,144,907,93,710,104,0,
,Manchester-by-the-Sea,5357,2,0,1,0,1,16,0,15,1,1,
,Mansfield,23880,48,1,10,4,33,198,15,168,15,1,
,Marblehead,20222,24,0,3,0,21,126,21,100,5,0,
,Marion,5492,3,0,0,0,3,29,3,26,0,0,
,Marlborough,40773,148,1,9,10,128,486,55,361,70,1,
,Marshfield,26764,26,0,5,2,19,32,5,25,2,0,
,Mashpee,15732,24,0,8,1,15,76,9,66,1,0,
,Mattapoisett,6913,12,0,0,0,12,22,2,19,1,1,
,Maynard,10497,26,0,9,0,17,56,13,37,6,1,
,Medfield,13288,17,0,0,0,17,37,2,32,3,0,
,Medford,68280,130,2,16,15,97,689,39,551,99,0,
,Medway,13630,3,0,0,0,3,47,5,40,2,0,
,Melrose,28982,41,1,3,1,36,158,16,123,19,1,
,Mendon,6339,3,0,0,0,3,31,8,18,5,0,
,Merrimac,6715,1,0,0,0,1,23,1,19,3,0,
,Methuen,53558,112,1,2,7,102,449,20,407,22,0,
,Middleboro,25474,107,0,9,7,91,179,20,139,20,1,
,Middleton,9983,3,0,1,0,2,28,3,24,1,0,
,Milford,30233,84,1,15,3,65,181,23,137,21,3,
,Millbury,14040,36,0,1,1,34,177,11,158,8,0,
,Millis,9060,4,0,1,0,3,7,3,3,1,0,
,Millville,3149,3,0,0,0,3,6,2,4,0,0,
,Milton,28417,17,0,0,1,16,133,19,111,3,0,
,Monson,8115,29,0,1,1,27,55,15,33,7,0,
,Montague,8412,46,0,0,2,44,76,32,42,2,0,
,Monterey,1082,1,0,1,0,0,3,0,3,0,0,
,Nahant,3281,3,0,0,0,3,7,2,5,0,0,
,Nantucket,14567,32,0,5,0,27,172,15,146,11,0,
,Natick,36090,57,0,3,1,53,481,31,441,9,1,
,Needham,32309,25,0,7,1,17,238,20,205,13,1,
,New Bedford,100876,508,4,54,99,351,1566,257,972,337,6,
,New Braintree,992,1,0,0,0,1,3,1,2,0,0,
,Newbury,6710,10,0,1,0,9,31,5,25,1,0,
,Newburyport,18912,23,0,6,0,17,92,6,84,2,0,
,New Marlborough,1503,0,0,0,0,0,4,2,1,1,0,
,Newton,86996,51,2,5,7,37,484,44,414,26,0,
,Norfolk,11620,5,0,2,0,3,29,6,20,3,0,
,North Adams,12701,137,0,8,7,122,320,57,255,8,5,
,Northampton,30422,109,0,14,3,92,329,44,269,16,5,
,North Andover,31631,21,0,2,1,18,171,21,142,8,0,
,North Attleboro,31089,44,0,1,0,43,406,24,367,15,0,
,Northborough,15694,3,0,0,0,3,14,0,14,0,0,
,Northbridge,16405,30,0,5,4,21,69,12,52,5,1,
,Northfield,2876,3,0,0,0,3,10,4,5,1,0,
,North Reading,15607,18,0,0,0,18,52,12,36,4,0,
,Norton,19124,21,0,3,1,17,19,5,11,3,1,
,Norwell,11729,14,0,0,1,13,62,8,50,4,0,
,Norwood,31381,44,0,0,1,43,266,28,195,43,0,
,Oak Bluffs,5441,18,0,4,1,13,50,8,40,2,0,
,Oakham,1879,1,0,0,0,1,9,1,8,0,0,
,Orange,7556,23,0,9,0,14,64,2,54,8,0,
,Orleans,6504,6,0,2,1,3,54,8,43,3,0,
,Otis,1623,4,0,1,0,3,14,5,9,0,0,
,Oxford,13313,12,0,0,2,10,124,8,99,17,1,
,Palmer,12361,54,0,3,1,50,94,17,70,7,0,
,Paxton,5052,3,0,2,0,1,12,0,11,1,0,
,Peabody,53841,149,0,10,11,128,452,38,366,48,3,
,Pelham,1259,0,0,0,0,0,1,0,1,0,0,
,Pembroke,19052,16,0,7,1,8,59,7,47,5,0,
,Pepperell,11677,9,0,1,2,6,37,6,25,6,4,
,Pittsfield,43078,279,0,37,20,222,558,183,314,61,5,
,Plainville,9892,13,0,0,0,13,117,18,95,4,1,
,Plymouth,68771,213,1,8,5,199,505,71,393,41,5,
,Plympton,3045,3,0,2,1,0,18,1,15,2,0,
,Princeton,3522,3,0,1,0,2,7,3,3,1,0,
,Provincetown,3766,17,0,3,0,14,49,6,40,3,0,
,Quincy,102465,351,0,26,32,293,1141,172,884,85,6,
,Randolph,32757,96,1,5,13,77,338,29,259,50,2,
,Raynham,15697,36,1,7,0,28,142,11,117,14,1,
,Reading,25135,7,0,2,1,4,122,15,103,4,0,
,Rehoboth,13330,8,1,1,0,6,40,10,26,4,0,
,Revere,57132,230,0,5,17,208,830,95,611,124,5,
,Rochester,6112,4,1,0,0,3,23,4,15,4,0,
,Rockland,18273,41,0,4,2,35,70,17,35,18,0,
,Rockport,6918,9,0,0,0,9,12,3,8,1,0,
,Rowley,6369,4,0,1,0,3,14,2,12,0,0,
,Royalston,1270,0,0,0,0,0,1,0,1,0,0,
,Rutland,9447,13,0,1,0,12,21,6,15,0,0,
,Salem,45005,86,2,5,10,69,700,50,597,53,2,
,Salisbury,9208,21,0,2,0,19,69,21,41,7,2,
,Sandwich,20869,21,0,4,1,16,105,14,88,3,0,
,Saugus,28619,64,1,6,2,55,360,31,288,41,0,
,Scituate,20065,13,0,6,0,7,44,7,35,2,0,
,Seekonk,15757,42,0,5,5,32,289,21,243,25,0,
,Sharon,18449,5,0,0,0,5,50,7,39,4,0,
,Shelburne,1887,4,0,1,0,3,11,3,8,0,0,
,Sherborn,4369,11,0,4,0,7,17,0,16,1,0,
,Shirley,6595,11,0,1,0,10,18,1,16,1,0,
,Shrewsbury,40640,11,0,0,0,11,247,29,202,16,0,
,Shutesbury,1729,0,0,0,0,0,0,0,0,0,0,
,Somerset,18208,29,0,5,1,23,166,16,139,11,1,
,Somerville,79513,196,0,13,22,161,1131,171,796,164,1,
,Southampton,6203,4,0,1,0,3,45,8,34,3,0,
,Southborough,10429,5,0,0,0,5,31,8,17,6,0,
,Southbridge,17633,70,0,9,2,59,245,33,185,27,3,
,South Hadley,19030,26,0,5,0,21,151,30,108,13,1,
,Southwick,9226,8,0,0,0,8,77,24,47,6,0,
,Spencer,11928,17,0,3,1,13,50,6,44,0,1,
,Springfield,154218,1358,29,75,289,965,4605,520,2747,1338,21,
,Sterling,8250,8,0,1,0,7,21,8,12,1,0,
,Stockbridge,1993,3,0,0,0,3,18,2,15,1,0,
,Stoneham,22554,26,0,3,2,21,188,42,135,11,0,
,Stoughton,29003,76,0,12,8,56,351,30,265,56,0,
,Stow,7012,3,0,1,0,2,18,1,14,3,0,
,Sturbridge,9934,25,0,3,0,22,88,10,70,8,1,
,Sudbury,19077,13,0,1,0,12,75,8,66,1,0,
,Sunderland,3643,8,0,3,0,5,15,2,13,0,0,
,Sutton,9426,11,0,0,0,11,28,10,18,0,0,
,Swampscott,15418,7,0,0,1,6,107,5,93,9,0,
,Swansea,17437,25,0,5,0,20,111,14,89,8,0,
,Taunton,60356,286,1,15,14,256,530,53,424,53,5,
,Templeton,8234,6,0,1,0,5,36,4,28,4,0,
,Tewksbury,30740,79,0,11,6,62,374,20,339,15,1,
,Tisbury,4958,32,0,3,1,28,41,12,28,1,1,
,Topsfield,6502,7,0,0,0,7,37,6,25,6,0,
,Townsend,8904,16,0,3,1,12,31,7,23,1,0,
,Truro,2516,5,0,2,1,2,15,4,10,1,0,
,Tyngsboro,12402,19,0,3,1,15,32,7,19,6,0,
,Tyringham,419,0,0,0,0,0,0,0,0,0,0,
,Upton,8220,9,0,1,0,8,23,4,16,3,0,
,Uxbridge,14535,11,0,2,0,9,62,8,50,4,0,
,Wakefield,27175,30,0,4,1,25,143,19,107,17,1,
,Wales,1807,0,0,0,0,0,7,4,3,0,0,
,Walpole,26314,38,0,10,0,28,227,34,180,13,1,
,Waltham,63797,160,1,17,12,130,534,90,409,35,4,
,Ware,10535,78,0,2,0,76,37,4,29,4,0,
,Wareham,24072,71,1,8,4,58,270,63,191,16,1,
,Warren,4987,16,0,3,0,13,30,6,21,3,0,
,Watertown,34988,48,0,12,10,26,461,29,413,19,1,
,Wayland,13597,1,0,0,0,1,32,6,20,6,0,
,Webster,17596,109,0,3,6,100,167,34,113,20,3,
,Wellesley,31209,8,0,2,0,6,135,12,109,14,0,
,Wellfleet,3698,8,0,3,0,5,13,3,10,0,0,
,Wenham,4945,1,0,0,0,1,11,1,10,0,0,
,Westborough,21566,40,0,6,2,32,172,27,134,11,2,
,West Boylston,7846,11,0,1,0,10,26,3,20,3,0,
,West Bridgewater,7907,15,0,1,0,14,70,3,56,11,0,
,West Brookfield,3826,6,0,0,0,6,9,1,6,2,0,
,Westfield,40649,78,0,13,3,62,325,44,243,38,2,
,Westford,24262,13,0,2,0,11,65,3,61,1,0,
,Westminster,8410,19,0,4,0,15,44,9,33,2,0,
,West Newbury,4607,4,0,2,0,2,6,1,5,0,0,
,Weston,11649,16,0,3,1,12,50,13,35,2,0,
,Westport,16506,20,0,2,0,18,73,8,51,14,0,
,West Springfield,28521,153,1,17,19,116,903,58,747,98,1,
,West Tisbury,3641,5,0,0,0,5,11,3,8,0,0,
,Westwood,16322,11,0,2,1,8,212,12,183,17,0,
,Weymouth,57725,187,0,26,18,143,612,49,497,66,1,
,Whately,1627,0,0,0,0,0,9,2,7,0,0,
,Whitman,15981,30,0,6,0,24,93,10,65,18,0,
,Wilbraham,14572,29,0,6,4,19,176,14,144,18,1,
,Williamsburg,2455,1,0,1,0,0,12,2,8,2,0,
,Williamstown,7710,10,0,2,4,4,73,10,57,6,0,
,Wilmington,22797,50,0,9,1,40,193,12,174,7,2,
,Winchendon,10443,37,0,3,2,32,74,29,38,7,1,
,Winchester,22585,5,0,1,0,4,91,10,65,16,0,
,Winthrop,18216,33,0,2,2,29,135,23,104,8,2,
,Woburn,41620,77,0,4,7,66,405,42,306,57,0,
,Worthington,1179,1,0,0,0,1,5,2,3,0,0,
,Wrentham,12676,16,0,3,0,13,265,19,238,8,0,
,Yarmouth,25465,81,0,16,5,60,240,39,191,10,1,
MICHIGAN,Addison Township,6216,6,0,0,0,6,9,4,5,0,0,
,Adrian,20358,119,1,19,8,91,390,48,317,25,4,
,Adrian Township,6302,2,0,0,0,2,18,0,17,1,0,
,Albion,7584,101,3,6,4,88,202,43,137,22,2,
,Allegan,5139,7,0,4,1,2,23,4,13,6,2,
,Allen Park,27780,56,0,6,3,47,483,21,372,90,2,
,Alma,9313,32,0,13,2,17,144,10,125,9,2,
,Almont,2846,12,0,5,0,7,19,3,16,0,0,
,Alpena,10116,51,1,21,1,28,104,7,88,9,1,
,Ann Arbor,118072,368,4,44,46,274,2062,202,1698,162,10,
,Argentine Township,6961,6,0,0,0,6,12,3,9,0,0,
,Armada,1659,3,0,0,0,3,9,0,9,0,0,
,Auburn Hills,26058,67,3,14,13,37,588,68,468,52,2,
,Augusta,841,3,0,1,0,2,8,0,8,0,0,
,Bad Axe,2999,3,0,2,0,1,38,1,35,2,0,
,Bancroft,476,1,0,0,0,1,1,0,1,0,0,
,Bangor,1975,16,0,2,0,14,34,1,32,1,0,
,Baroda-Lake Township,4266,2,0,0,0,2,34,8,23,3,0,
,Bath Township,13476,20,0,6,1,13,112,8,95,9,2,
,Battle Creek,60969,791,11,78,49,653,1792,329,1198,265,18,
,Bay City,32099,200,0,34,14,152,627,102,471,54,8,
,Beaverton,1162,7,1,2,0,4,16,2,11,3,0,
,Belding,5976,16,0,8,0,8,35,1,32,2,0,
,Belleville,3934,12,0,1,0,11,44,3,30,11,0,
,Benton Harbor,8871,204,2,16,12,174,324,56,172,96,9,
,Benton Township,14114,219,5,14,12,188,813,67,573,173,2,
,Berkley,14863,0,0,0,0,0,66,4,50,12,0,
,Berrien Springs-Oronoko Township,9100,4,0,3,0,1,68,3,58,7,0,
,Beverly Hills,10370,10,0,3,0,7,51,1,42,8,0,
,Birch Run,1541,4,0,0,0,4,92,2,83,7,0,
,Birmingham,21683,8,0,1,3,4,194,11,153,30,0,
,Blackman Township,39582,76,1,27,5,43,969,148,726,95,5,
,Blissfield,3270,0,0,0,0,0,5,0,4,1,0,
,Bloomfield Hills,4352,7,0,3,0,4,46,14,23,9,0,
,Bloomfield Township,43622,18,0,3,2,13,348,29,267,52,2,
,Boyne City,3870,5,0,4,0,1,29,0,28,1,0,
,Brandon Township,15255,9,0,1,0,8,30,2,20,8,0,
,Breckenridge,1253,4,0,1,0,3,7,0,7,0,0,
,Bridgeport Township,9883,66,0,8,4,54,115,18,81,16,5,
,Bridgman,2052,0,0,0,0,0,8,1,6,1,0,
,Brighton,7597,2,0,1,0,1,84,5,72,7,0,
,Bronson,2312,4,0,2,1,1,31,5,23,3,0,
,Brown City,1301,8,0,0,0,8,23,0,21,2,0,
,Brownstown Township,33175,51,1,6,4,40,282,34,189,59,0,
,Buchanan,4191,15,0,0,3,12,114,6,103,5,1,
,Buena Vista Township,7516,88,5,7,4,72,190,53,98,39,5,
,Burton,29343,243,1,28,15,199,904,208,612,84,5,
,Cadillac,10565,39,0,6,2,31,193,23,159,11,2,
,Cambridge Township,5698,6,0,1,0,5,22,1,15,6,0,
,Canton Township,98915,199,1,21,15,162,1054,96,851,107,2,
,Capac,1972,3,0,0,0,3,13,0,13,0,0,
,Caro,4267,15,0,7,0,8,118,14,102,2,0,
,Carrollton Township,5605,21,0,1,1,19,56,14,39,3,0,
,Caseville,654,0,0,0,0,0,2,0,2,0,0,
,Cass City,2484,7,0,3,0,4,24,1,21,2,0,
,Cassopolis,1710,4,0,0,1,3,23,2,19,2,0,
,Center Line,8316,26,0,2,1,23,135,17,84,34,0,
,Charlevoix,2369,9,0,1,0,8,48,4,42,2,0,
,Charlotte,9243,24,0,8,2,14,155,26,118,11,1,
,Cheboygan,4858,20,0,7,0,13,59,7,49,3,0,
,Chelsea,5363,5,0,1,0,4,47,3,40,4,0,
,Chesaning,2404,8,0,0,0,8,22,3,16,3,0,
,Chesterfield Township,45740,54,1,12,4,37,461,26,389,46,1,
,Chikaming Township,2735,5,0,2,0,3,18,4,14,0,0,
,Chocolay Township,6018,3,0,2,0,1,15,1,9,5,0,
,Clare,3311,5,0,2,0,3,24,4,17,3,0,
,Clarkston,905,1,0,1,0,0,7,2,5,0,0,
,Clawson,11127,8,0,0,1,7,76,7,64,5,1,
,Clayton Township,7235,8,0,0,1,7,13,3,9,1,1,
,Clinton,2493,6,0,0,0,6,23,2,21,0,0,
,Clinton Township,99012,277,4,38,27,208,1588,133,1139,316,17,
,Clio,2461,5,0,3,0,2,33,3,29,1,0,
,Coldwater,13045,43,0,13,2,28,237,25,197,15,1,
,Colon,1195,2,0,1,0,1,16,2,12,2,0,
,Columbia Township,7456,4,0,3,0,1,58,5,49,4,0,
,Commerce Township,38806,28,1,2,0,25,214,16,178,20,1,
,Corunna,3027,2,0,0,0,2,13,5,7,1,0,
,Covert Township,2498,15,0,1,2,12,48,13,30,5,0,
,Croswell,2319,7,0,2,0,5,2,1,1,0,0,
,Davison,5016,9,0,4,0,5,48,9,32,7,4,
,Davison Township,20400,36,0,4,2,30,139,16,110,13,3,
,Dearborn,106747,322,2,24,54,242,2275,182,1492,601,10,
,Dearborn Heights,61420,258,1,10,24,223,984,141,569,274,9,
,Decatur,1655,5,0,0,0,5,21,4,17,0,0,
,Denton Township,5390,5,0,2,0,3,20,3,16,1,1,
,Detroit,615501,12631,250,673,1388,10320,29135,4659,15300,9176,477,
,DeWitt,4810,3,0,1,0,2,10,2,8,0,0,
,DeWitt Township,15487,29,0,13,1,15,141,20,105,16,0,
,Dowagiac,5545,36,0,8,3,25,177,11,156,10,0,
,Dryden Township,4798,2,0,0,0,2,13,2,11,0,0,
,Durand,4003,13,0,8,0,5,61,3,56,2,0,
,East Grand Rapids,11407,12,1,3,0,8,168,15,122,31,0,
,East Jordan,2274,7,0,2,0,5,17,1,15,1,0,
,East Lansing,49589,99,0,15,17,67,689,34,553,102,4,
,Eastpointe,33596,237,2,24,29,182,893,126,494,273,8,
,Eaton Rapids,5174,16,0,3,0,13,72,9,57,6,2,
,Ecorse,9087,120,0,5,12,103,253,52,143,58,7,
,Elkton,794,2,0,2,0,0,1,0,1,0,0,
,Escanaba,12317,55,1,18,0,36,266,15,231,20,1,
,Fair Haven Township,1087,0,0,0,0,0,6,1,5,0,0,
,Farmington,11331,9,0,1,3,5,73,10,48,15,1,
,Farmington Hills,82223,130,0,20,5,105,927,91,669,167,4,
,Fenton,11845,13,0,2,0,11,215,12,188,15,1,
,Ferndale,18850,53,0,4,5,44,416,29,308,79,3,
,Flat Rock,10379,27,0,3,1,23,112,4,87,21,0,
,Flint,79234,1127,18,131,78,900,1346,319,720,307,30,
,Flint Township,30821,325,3,25,28,269,1279,159,976,144,5,
,Flushing,8211,10,0,0,2,8,61,4,56,1,0,
,Flushing Township,10510,15,0,0,0,15,34,7,23,4,0,
,Forsyth Township,6291,19,0,6,0,13,16,0,13,3,2,
,Fowlerville,2930,4,0,2,0,2,73,0,70,3,1,
,Frankenmuth,5223,8,0,3,0,5,48,7,38,3,1,
,Frankfort,1281,0,0,0,0,0,10,1,9,0,0,
,Franklin,3086,5,0,0,0,5,23,2,20,1,0,
,Fraser,14390,48,0,3,5,40,262,15,215,32,0,
,Fruitport Township,14911,26,1,3,2,20,521,15,495,11,0,
,Garden City,26572,46,0,6,7,33,235,65,132,38,4,
,Gaylord,4392,24,0,11,1,12,107,3,101,3,2,
,Genesee Township,20201,152,1,5,6,140,325,69,195,61,5,
,Gerrish Township,2840,6,0,3,0,3,19,1,15,3,0,
,Gibraltar,4929,7,0,0,0,7,20,2,12,6,1,
,Gladstone,5231,1,0,0,0,1,24,2,19,3,0,
,Gladwin,3125,14,0,1,1,12,86,10,72,4,1,
,Grand Beach/Michiana,497,0,0,0,0,0,8,0,8,0,0,
,Grand Blanc,7905,16,0,0,0,16,58,10,44,4,4,
,Grand Blanc Township,39748,116,0,9,5,102,472,40,370,62,1,
,Grand Haven,10966,20,0,11,1,8,145,12,115,18,1,
,Grand Ledge,7795,6,0,6,0,0,33,2,25,6,0,
,Grand Rapids,196019,1730,23,179,207,1321,5966,639,4035,1292,69,
,Grandville,15769,35,0,12,9,14,592,35,510,47,2,
,Grant,980,3,0,0,0,3,13,2,11,0,0,
,Grayling,1949,5,0,3,0,2,30,3,27,0,0,
,Greenville,9073,35,0,13,2,20,182,10,166,6,2,
,Grosse Pointe,5500,9,0,1,0,8,110,5,93,12,0,
,Grosse Pointe Farms,9851,7,0,0,0,7,131,6,100,25,0,
,Grosse Pointe Park,11255,7,0,1,3,3,194,8,113,73,0,
,Grosse Pointe Shores,2570,0,0,0,0,0,9,1,6,2,0,
,Grosse Pointe Woods,15988,14,1,2,4,7,176,10,131,35,0,
,Hamburg Township,21392,13,0,2,1,10,25,7,16,2,0,
,Hampton Township,9545,14,0,2,0,12,78,10,62,6,0,
,Hamtramck,27581,178,0,10,33,135,519,79,268,172,5,
,Hancock,4514,7,0,1,0,6,22,3,18,1,0,
,Harbor Beach,1589,2,0,2,0,0,21,2,17,2,0,
,Harbor Springs,1271,1,0,0,0,1,4,0,4,0,0,
,Harper Woods,15029,86,1,6,10,69,702,60,355,287,4,
,Hart,2061,17,0,3,0,14,101,6,92,3,0,
,Hartford,2473,12,0,0,0,12,27,1,23,3,2,
,Hastings,7526,26,0,5,0,21,143,12,123,8,1,
,Hazel Park,14787,65,0,4,5,56,297,33,204,60,0,
,Highland Park,8514,154,3,8,24,119,315,47,163,105,10,
,Highland Township,19014,11,1,1,0,9,60,16,39,5,1,
,Hillsdale,8031,33,0,11,1,21,74,19,46,9,0,
,Holland,33839,108,1,37,3,67,496,32,433,31,5,
,Holly,5900,10,0,3,0,7,46,1,39,6,0,
,Houghton,7802,10,1,4,0,5,59,0,59,0,0,
,Howell,10081,29,1,6,2,20,76,6,66,4,0,
,Hudson,2368,3,0,1,0,2,31,0,30,1,0,
,Huntington Woods,6237,2,0,0,0,2,20,0,15,5,0,
,Huron Township,16894,54,0,12,1,41,95,19,65,11,0,
,Imlay City,3743,15,0,5,1,9,65,6,54,5,0,
,Independence Township,36558,34,0,9,2,23,203,22,164,17,1,
,Inkster,25293,260,7,23,21,209,536,133,253,150,7,
,Ionia,12730,38,0,24,2,12,51,11,37,3,0,
,Iron River,3002,6,0,0,0,6,20,4,16,0,0,
,Ironwood,4985,3,0,0,0,3,49,22,26,1,0,
,Ishpeming,6209,18,0,1,0,17,46,3,40,3,0,
,Ishpeming Township,3449,2,0,2,0,0,2,0,1,1,0,
,Jackson,30896,322,5,42,20,255,1120,185,841,94,19,
,Jonesville,2175,5,0,1,0,4,54,3,48,3,0,
,Kalamazoo,72565,907,21,95,102,689,3020,542,2060,418,38,
,Kalamazoo Township,24294,173,0,9,25,139,772,141,524,107,9,
,Kalkaska,2222,2,0,2,0,0,30,1,26,3,0,
,Keego Harbor,2719,2,0,0,0,2,35,6,26,3,0,
,Kentwood,53979,275,3,38,29,205,1495,127,1036,332,5,
,Kinde,440,0,0,0,0,0,0,0,0,0,0,
,Kingston,394,0,0,0,0,0,2,0,2,0,0,
,Kinross Township,6461,0,0,0,0,0,5,3,2,0,0,
,Laingsburg,1416,0,0,0,0,0,8,1,6,1,0,
,Lake Linden,1019,0,0,0,0,0,3,0,3,0,0,
,Lake Orion,2873,4,0,1,0,3,11,1,10,0,0,
,Lakeview,1042,6,0,2,0,4,17,2,15,0,0,
,Lansing,112529,1576,12,109,146,1309,3167,568,1755,844,26,
,Lansing Township,8011,82,2,6,15,59,408,67,264,77,1,
,Lapeer,9038,25,0,11,4,10,125,9,106,10,0,
,Lapeer Township,4968,1,0,0,0,1,5,2,3,0,0,
,Lathrup Village,3998,5,0,0,0,5,57,5,47,5,0,
,Laurium,1881,1,0,1,0,0,7,2,5,0,0,
,Lawrence,1010,2,0,0,0,2,7,2,4,1,0,
,Lennon,473,0,0,0,0,0,2,2,0,0,0,
,Leslie,1917,3,0,1,0,2,14,3,9,2,1,
,Lexington,935,1,0,0,0,1,1,0,1,0,0,
,Lincoln Park,38998,230,0,24,25,181,746,98,468,180,9,
,Lincoln Township,14890,11,0,6,0,5,154,20,128,6,1,
,Linden,4145,3,0,0,0,3,12,0,12,0,0,
,Litchfield,1395,0,0,0,0,0,13,0,12,1,0,
,Livonia,93042,238,3,25,11,199,1379,134,1033,212,9,
,Lowell,4110,9,0,2,0,7,34,10,22,2,0,
,Ludington,7727,17,0,10,0,7,95,6,87,2,0,
,Lyon Township,25600,12,0,3,0,9,86,11,64,11,1,
,Mackinaw City,848,5,0,3,0,2,17,2,15,0,0,
,Madison Heights,28229,82,0,9,13,60,531,64,377,90,2,
,Madison Township,7983,10,0,0,0,10,143,8,130,5,0,
,Manistee,6235,14,0,9,0,5,136,15,118,3,0,
,Manistique,2898,20,0,5,0,15,45,12,33,0,0,
,Manton,1433,2,0,2,0,0,3,0,3,0,0,
,Marine City,4009,9,0,0,0,9,19,5,12,2,0,
,Marlette,1866,4,0,0,0,4,21,1,20,0,0,
,Marquette,20883,32,0,10,0,22,138,20,112,6,0,
,Marshall,6720,27,0,6,2,19,78,4,68,6,0,
,Marysville,9915,19,0,3,0,16,73,7,63,3,0,
,Mason,8167,23,0,5,0,18,70,4,57,9,0,
,Mattawan,2749,13,0,1,0,12,48,8,33,7,0,
,Mayville,907,1,0,0,0,1,2,0,2,0,0,
,Melvindale,12539,57,0,6,10,41,195,17,123,55,1,
,Memphis,1055,1,0,0,0,1,3,0,3,0,0,
,Mendon,869,0,0,0,0,0,25,4,21,0,0,
,Menominee,8290,32,0,10,2,20,96,12,79,5,0,
,Meridian Township,43870,90,0,24,5,61,771,54,656,61,3,
,Metamora Township,4486,5,0,3,0,2,20,1,10,9,0,
,Metro Police Authority of Genesee County,21065,54,0,4,3,47,233,42,165,26,2,
,Midland,42518,46,0,12,2,32,244,21,211,12,2,
,Milan,6044,8,0,4,0,4,25,2,21,2,1,
,Milford,16923,6,0,3,0,3,82,14,61,7,0,
,Millington,1020,2,0,0,0,2,10,0,9,1,0,
,Montague,2411,5,0,1,0,4,19,0,19,0,0,
,Montrose Township,7600,5,0,0,0,5,41,13,22,6,0,
,Morenci,2222,2,0,2,0,0,12,0,11,1,0,
,Morrice,997,0,0,0,0,0,2,0,2,0,0,
,Mount Morris,3082,33,1,3,1,28,110,14,88,8,0,
,Mount Morris Township,19538,225,3,15,8,199,328,74,175,79,5,
,Mount Pleasant,20784,112,0,23,9,80,429,24,381,24,2,
,Munising,1978,2,0,1,0,1,18,3,11,4,0,
,Muskegon,38188,282,6,30,26,220,1144,173,841,130,11,
,Muskegon Township,17688,47,0,10,3,34,376,36,311,29,1,
,Napoleon Township,6713,3,0,2,0,1,32,5,24,3,0,
,Negaunee,4675,7,0,3,1,3,24,0,24,0,0,
,Newaygo,2559,10,0,2,0,8,62,7,53,2,1,
,New Baltimore,11966,20,0,4,1,15,52,4,43,5,1,
,New Buffalo,1691,0,0,0,0,0,18,2,14,2,1,
,New Era,462,0,0,0,0,0,1,0,1,0,0,
,New Lothrop,583,0,0,0,0,0,4,1,3,0,0,
,Niles,11660,55,0,12,12,31,206,17,161,28,1,
,Northfield Township,8388,12,0,3,0,9,55,6,44,5,1,
,North Muskegon,4083,8,0,2,0,6,60,2,52,6,0,
,Northville,5961,3,0,1,0,2,39,2,36,1,0,
,Northville Township,31403,24,0,3,3,18,232,14,186,32,0,
,Norton Shores,24996,58,0,18,6,34,507,45,426,36,0,
,Novi,66482,63,0,13,2,48,569,34,454,81,0,
,Oakland Township,20328,15,0,0,0,15,50,11,32,7,5,
,Oak Park,28906,95,0,8,17,70,676,138,356,182,3,
,Ontwa Township-Edwardsburg,6798,16,0,4,1,11,59,12,40,7,1,
,Orchard Lake,2200,4,0,0,0,4,32,4,24,4,0,
,Orion Township,35629,16,0,1,1,14,174,13,142,19,0,
,Oscoda Township,7286,16,0,5,1,10,38,12,22,4,0,
,Otisville,805,1,0,1,0,0,0,0,0,0,0,
,Otsego,4049,16,0,13,0,3,40,4,35,1,0,
,Owendale,261,0,0,0,0,0,0,0,0,0,0,
,Owosso,14595,97,0,16,7,74,212,40,163,9,12,
,Oxford,3448,2,0,1,0,1,19,2,14,3,0,
,Oxford Township,18967,11,0,2,0,9,68,7,59,2,0,
,Paw Paw,3411,21,0,2,0,19,157,9,139,9,0,
,Pentwater,905,2,0,2,0,0,7,3,4,0,0,
,Petoskey,5863,9,0,1,0,8,27,4,20,3,0,
,Pigeon,1205,0,0,0,0,0,0,0,0,0,0,
,Pinckney,2372,3,0,1,1,1,15,2,12,1,0,
,Pittsfield Township,39221,118,2,11,11,94,835,39,720,76,2,
,Plainwell,3719,6,0,3,0,3,45,4,36,5,0,
,Pleasant Ridge,2570,6,0,0,1,5,13,0,11,2,0,
,Plymouth,9210,12,0,2,0,10,82,5,71,6,0,
,Plymouth Township,27326,30,0,4,1,25,235,21,178,36,0,
,Pontiac,61871,672,9,33,67,563,1187,232,768,187,14,
,Portage,48987,132,0,23,11,98,1652,132,1416,104,7,
,Port Austin,662,0,0,0,0,0,2,0,2,0,0,
,Port Huron,28469,190,1,32,5,152,422,65,326,31,3,
,Portland,3803,6,0,4,0,2,48,6,35,7,0,
,Quincy,1562,1,0,1,0,0,18,2,15,1,0,
,Raisin Township,8015,6,0,2,0,4,14,1,13,0,0,
,Redford Township,48058,306,5,31,33,237,1212,147,588,477,7,
,Reed City,2531,16,0,5,0,11,24,2,20,2,0,
,"Richfield Township, Genesee County",8908,4,0,2,0,2,43,5,27,11,1,
,"Richfield Township, Roscommon County",3581,2,0,1,0,1,5,0,4,1,0,
,Richland,937,3,0,0,0,3,6,0,6,0,0,
,"Richland Township, Saginaw County",3894,7,0,0,0,7,8,3,3,2,0,
,Richmond,5794,8,0,1,0,7,27,1,26,0,0,
,Riverview,12127,21,0,5,0,16,115,7,92,16,1,
,Rochester,12750,3,0,0,0,3,51,4,45,2,0,
,Rochester Hills,75845,54,0,14,5,35,583,59,452,72,0,
,Rockwood,3159,6,0,1,0,5,17,0,13,4,0,
,Romeo,3727,3,0,1,0,2,22,0,20,2,0,
,Romulus,25063,222,0,19,19,184,609,71,357,181,0,
,Roosevelt Park,4132,8,0,1,1,6,295,4,281,10,0,
,Roseville,46425,240,4,31,26,179,1680,133,1262,285,9,
,Rothbury,446,0,0,0,0,0,5,0,5,0,0,
,Royal Oak,57233,92,0,15,5,72,535,32,414,89,1,
,Saginaw,43163,977,13,46,54,864,945,247,563,135,40,
,Saginaw Township,41012,88,0,10,13,65,659,50,565,44,0,
,Saline,8883,11,2,4,1,4,86,5,77,4,0,
,Sandusky,2711,11,0,2,0,9,47,1,43,3,1,
,Saugatuck-Douglas,2296,4,0,1,0,3,11,0,11,0,0,
,Sault Ste. Marie,13325,49,3,18,0,28,144,10,130,4,2,
,Schoolcraft,1439,4,0,0,0,4,18,2,15,1,0,
,Scottville,1374,5,0,0,0,5,5,0,5,0,0,
,Sebewaing,1718,3,0,3,0,0,11,2,9,0,0,
,Shelby,2182,3,0,0,1,2,23,1,21,1,0,
,Shelby Township,79545,114,4,21,9,80,470,37,353,80,3,
,Shepherd,1517,7,0,2,0,5,13,2,11,0,0,
,Somerset Township,4597,4,0,1,0,3,26,4,19,3,0,
,Southfield,74960,404,1,44,58,301,2072,242,1187,643,4,
,Southgate,29539,121,0,5,10,106,584,58,441,85,5,
,South Haven,4001,33,0,2,3,28,245,51,178,16,0,
,South Lyon,11872,12,0,5,0,7,33,3,27,3,0,
,Sparta,4278,5,0,2,0,3,51,5,45,1,0,
,Spring Arbor Township,8479,3,0,2,0,1,25,8,17,0,0,
,Springfield Township,14657,14,0,3,0,11,56,11,40,5,4,
,Springport Township,2130,2,0,0,0,2,12,2,7,3,0,
,Stanton,1383,2,0,1,0,1,13,2,10,1,0,
,St. Charles,1949,2,0,0,0,2,5,0,5,0,0,
,St. Clair,5443,8,0,2,0,6,31,4,24,3,0,
,St. Clair Shores,57257,85,0,9,10,66,592,81,412,99,3,
,Sterling Heights,131801,222,1,21,17,183,1464,121,1080,263,11,
,St. Johns,7717,10,0,3,0,7,37,3,31,3,0,
,St. Joseph,7726,22,0,1,0,21,97,6,84,7,1,
,St. Louis,6721,8,0,1,0,7,44,6,33,5,1,
,Stockbridge,1276,2,0,0,0,2,10,1,7,2,0,
,Sturgis,10973,45,1,13,3,28,187,31,129,27,2,
,Sumpter Township,9629,28,0,1,0,27,79,21,47,11,1,
,Sylvan Lake,1702,0,0,0,0,0,18,2,12,4,0,
,Tawas City,1865,3,0,0,0,3,33,0,33,0,0,
,Taylor,61781,450,3,39,41,367,1248,178,842,228,6,
,Tecumseh,8642,8,0,1,0,7,42,2,40,0,0,
,Thomas Township,11822,39,0,5,1,33,72,7,62,3,0,
,Three Oaks,1386,4,0,0,0,4,10,3,7,0,0,
,Three Rivers,7874,43,0,8,2,33,220,23,173,24,0,
,Tittabawassee Township,10836,12,0,7,1,4,36,4,26,6,0,
,Traverse City,15716,45,0,8,2,35,162,15,136,11,3,
,Trenton,18060,6,0,1,2,3,112,4,94,14,0,
,Troy,87265,78,0,3,20,55,1229,61,1035,133,2,
,Tuscarora Township,3137,8,0,4,0,4,47,4,43,0,0,
,Ubly,837,0,0,0,0,0,3,0,3,0,0,
,Unadilla Township,3360,1,0,0,0,1,11,2,8,1,0,
,Utica,5103,26,0,2,1,23,124,10,109,5,0,
,Van Buren Township,30097,105,2,12,4,87,569,35,468,66,1,
,Vassar,2694,15,0,1,0,14,21,4,17,0,0,
,Vernon,723,2,0,0,0,2,5,0,5,0,0,
,Vicksburg,3880,7,0,1,0,6,67,3,58,6,0,
,Walker,25012,60,0,14,5,41,650,35,558,57,2,
,Walled Lake,7365,11,0,1,0,10,73,11,47,15,0,
,Warren,136121,767,6,92,71,598,2510,472,1514,524,24,
,Waterford Township,69153,191,1,19,9,162,558,75,398,85,8,
,Watervliet,1633,6,0,0,0,6,15,2,12,1,1,
,Wayne,17203,147,3,14,19,111,334,62,193,79,0,
,West Bloomfield Township,64904,61,0,15,2,44,407,40,324,43,0,
,West Branch,2362,2,0,0,0,2,13,0,13,0,1,
,Westland,83463,433,4,47,39,343,1347,178,914,255,10,
,Whitehall,3070,3,0,1,0,2,41,3,37,1,1,
,White Lake Township,31086,23,0,2,2,19,124,5,111,8,1,
,White Pigeon,1727,12,0,2,1,9,18,2,12,4,1,
,Williamston,3783,6,0,1,0,5,27,3,23,1,0,
,Wixom,17142,33,0,4,1,28,210,22,150,38,1,
,Wolverine Lake,4420,0,0,0,0,0,7,1,6,0,0,
,Wyandotte,24294,55,0,9,2,44,227,16,181,30,2,
,Wyoming,76712,374,2,58,27,287,1966,139,1552,275,11,
,Yale,1894,3,0,0,0,3,5,0,5,0,0,
,Ypsilanti,19332,200,1,38,21,140,597,68,438,91,1,
,Zeeland,5647,5,0,0,1,4,33,2,27,4,1,
,Zilwaukee,1494,2,0,0,0,2,6,1,5,0,0,
MINNESOTA,Ada,1708,4,0,1,0,3,7,5,2,0,0,
,Adrian,1186,0,0,0,0,0,4,0,4,0,0,
,Aitkin,2181,0,0,0,0,0,29,3,25,1,0,
,Akeley,431,0,0,0,0,0,7,1,6,0,0,
,Albany,2845,4,0,1,1,2,2,1,1,0,0,
,Albert Lea,18347,45,1,2,8,34,378,64,291,23,2,
,Alexandria,15109,30,0,7,1,22,216,15,194,7,1,
,Annandale,3389,3,0,0,0,3,14,0,14,0,0,
,Anoka,18029,52,0,9,4,39,229,25,182,22,1,
,Appleton,1375,1,0,0,0,1,1,0,0,1,0,
,Apple Valley,54995,133,0,19,13,101,1016,49,925,42,1,
,Arlington,2287,0,0,0,0,0,6,1,4,1,0,
,Austin,26212,59,1,12,1,45,443,71,335,37,1,
,Avon,1686,1,0,1,0,0,9,1,7,1,0,
,Babbitt,1377,3,2,0,0,1,6,1,4,1,0,
,Bagley,1317,1,0,0,0,1,3,0,1,2,0,
,Barnesville,2788,1,0,1,0,0,10,0,6,4,0,
,Baxter,9142,15,0,2,1,12,230,12,212,6,4,
,Bayport,3578,2,0,1,0,1,11,0,9,2,0,
,Becker,5046,6,0,3,0,3,44,11,30,3,0,
,Belgrade/Brooten,1382,1,0,0,0,1,3,0,3,0,0,
,Belle Plaine,7482,5,0,3,0,2,59,2,54,3,1,
,Bemidji,16221,78,2,23,7,46,995,78,887,30,4,
,Benson,3428,8,0,0,0,8,1,1,0,0,0,
,Big Lake,12749,6,0,2,1,3,47,3,38,6,0,
,Blackduck,814,0,0,0,0,0,1,0,1,0,0,
,Blaine,72384,62,0,16,6,40,1244,55,1121,68,3,
,Blooming Prairie,1933,5,0,1,0,4,3,1,2,0,0,
,Bloomington,86793,267,3,53,45,166,3406,166,2982,258,7,
,Blue Earth,3176,4,0,2,0,2,12,0,11,1,0,
,Braham,1773,0,0,0,0,0,0,0,0,0,0,
,Brainerd,14666,84,0,21,2,61,325,52,253,20,0,
,Breckenridge,3312,7,0,0,0,7,27,5,21,1,1,
,Breezy Point,2800,3,2,0,0,1,7,4,0,3,0,
,Breitung Township,525,0,0,0,0,0,14,5,8,1,0,
,Brooklyn Center,31522,234,5,26,75,128,775,90,457,228,9,
,Brooklyn Park,81920,313,7,43,82,181,2254,216,1649,389,4,
,Brownton,712,0,0,0,0,0,3,0,3,0,0,
,Buffalo,16615,7,0,3,0,4,104,4,93,7,0,
,Buffalo Lake,641,0,0,0,0,0,2,1,0,1,0,
,Burnsville,63650,168,1,21,18,128,1276,96,1065,115,7,
,Caledonia,2823,0,0,0,0,0,0,0,0,0,0,
,Callaway,172,0,0,0,0,0,1,1,0,0,0,
,Cambridge,10908,6,0,1,0,5,212,10,195,7,0,
,Canby,1686,1,0,1,0,0,8,0,7,1,0,
,Cannon Falls,4219,6,0,1,0,5,29,6,22,1,0,
,Centennial Lakes,12444,12,0,2,1,9,86,10,72,4,0,
,Champlin,22750,19,0,6,3,10,198,10,181,7,0,
,Chaska,28458,15,0,4,1,10,168,19,140,9,0,
,Chatfield,3007,0,0,0,0,0,0,0,0,0,0,
,Chisholm,4687,16,0,4,1,11,102,6,92,4,0,
,Clearbrook,471,2,0,0,0,2,1,0,1,0,0,
,Cleveland,783,0,0,0,0,0,0,0,0,0,0,
,Cloquet,12619,32,0,1,0,31,111,5,102,4,0,
,Cold Spring/Richmond,5792,4,0,2,0,2,31,2,29,0,0,
,Columbia Heights,23348,74,0,14,8,52,402,42,278,82,1,
,Comfrey,377,0,0,0,0,0,1,1,0,0,0,
,Coon Rapids,62391,115,0,24,14,77,956,117,767,72,8,
,Corcoran,8017,3,0,0,0,3,9,1,7,1,0,
,Cottage Grove,42096,31,0,9,0,22,293,30,257,6,1,
,Crookston,7255,32,0,8,0,24,72,11,57,4,1,
,Crosby,2369,4,0,2,0,2,8,3,5,0,0,
,Crosslake,2459,1,0,0,0,1,13,4,9,0,0,
,Crystal,21792,71,0,14,14,43,456,38,367,51,0,
,Cuyuna,328,0,0,0,0,0,0,0,0,0,0,
,Dawson/Boyd,1587,4,0,0,0,4,9,3,6,0,0,
,Dayton,10307,5,0,0,0,5,55,6,45,4,0,
,Deephaven,3750,0,0,0,0,0,17,4,12,1,0,
,Deer River,899,4,0,0,0,4,4,0,4,0,0,
,Deerwood,584,3,0,1,0,2,1,0,1,0,0,
,Detroit Lakes,10009,22,0,4,1,17,167,9,149,9,0,
,Dilworth,4855,5,0,0,1,4,333,26,295,12,0,
,Duluth,86570,229,1,56,31,141,2522,279,2086,157,11,
,Dundas,1761,4,0,1,0,3,27,0,27,0,0,
,Eagan,66943,74,1,13,10,50,1326,77,1169,80,5,
,East Grand Forks,8997,7,0,0,0,7,32,6,21,5,0,
,Eden Prairie,61645,38,1,12,5,20,856,56,754,46,0,
,Eden Valley,1089,1,0,0,0,1,3,0,3,0,0,
,Edina,51980,42,2,8,15,17,935,119,708,108,2,
,Elk River,27166,24,0,10,2,12,289,26,243,20,4,
,Ely,3226,8,0,2,1,5,21,2,18,1,0,
,Emily,872,0,0,0,0,0,0,0,0,0,0,
,Eveleth,3434,12,0,1,1,10,97,14,71,12,1,
,Fairfax,1220,0,0,0,0,0,4,1,3,0,0,
,Fairmont,10164,21,0,4,0,17,173,6,162,5,1,
,Faribault,24557,62,0,12,4,46,347,34,308,5,4,
,Farmington,23543,25,0,9,0,16,93,11,75,7,2,
,Fergus Falls,14223,37,0,10,1,26,363,30,321,12,0,
,Floodwood,515,1,0,0,0,1,4,0,4,0,0,
,Foley,2692,6,0,3,0,3,57,5,50,2,0,
,Forest Lake,20936,19,1,8,1,9,367,36,306,25,2,
,Fosston,1385,3,0,2,0,1,13,1,11,1,0,
,Fridley,30656,84,2,16,16,50,1046,65,885,96,2,
,Fulda,1333,4,0,0,0,4,2,1,1,0,0,
,Gaylord,2328,4,0,0,0,4,22,2,20,0,1,
,Gibbon,782,1,0,0,0,1,6,3,3,0,0,
,Gilbert,1664,4,0,0,0,4,13,0,13,0,0,
,Glencoe,5646,11,0,5,0,6,60,10,49,1,0,
,Glenwood,2648,5,0,0,0,5,17,0,17,0,0,
,Glyndon,1366,0,0,0,0,0,5,3,2,0,0,
,Golden Valley,21095,15,0,3,1,11,145,21,109,15,1,
,Goodview,4076,1,0,0,0,1,1,0,0,1,0,
,Grand Rapids,11344,19,0,1,0,18,81,4,76,1,0,
,Granite Falls,2681,10,0,0,0,10,24,0,18,6,0,
,Hallock,857,0,0,0,0,0,2,1,1,0,0,
,Hastings,21492,32,0,9,3,20,255,27,208,20,2,
,Hawley,2327,2,0,0,0,2,15,2,12,1,0,
,Henderson,974,0,0,0,0,0,0,0,0,0,0,
,Henning,863,0,0,0,0,0,1,0,1,0,0,
,Hermantown,10081,7,0,4,0,3,264,33,221,10,0,
,Heron Lake,591,0,0,0,0,0,1,0,0,1,0,
,Hibbing,15992,0,0,0,0,0,101,0,86,15,0,
,Hill City,622,2,0,1,0,1,4,0,2,2,0,
,Hokah,556,0,0,0,0,0,0,0,0,0,0,
,Hopkins,17911,47,1,3,6,37,336,36,253,47,3,
,Houston,995,0,0,0,0,0,7,0,7,0,0,
,Howard Lake,2165,1,1,0,0,0,4,0,3,1,0,
,Hutchinson,14713,42,0,7,1,34,128,10,113,5,0,
,International Falls,5605,19,0,3,0,16,67,9,52,6,2,
,Inver Grove Heights,35640,64,0,16,7,41,642,62,520,60,6,
,Isanti,7372,8,0,3,0,5,60,8,47,5,0,
,Isle,831,10,0,0,0,10,34,3,29,2,1,
,Janesville,2481,2,0,1,0,1,14,9,5,0,0,
,Jordan,6831,6,0,0,0,6,35,4,23,8,0,
,Kasson,7057,7,0,4,0,3,36,9,23,4,1,
,Keewatin,972,2,0,1,0,1,6,1,4,1,0,
,Kenyon,1887,0,0,0,0,0,0,0,0,0,0,
,La Crescent,5346,1,0,0,0,1,19,1,15,3,0,
,Lake City,5335,4,0,3,0,1,37,7,28,2,0,
,Lake Crystal,2522,3,0,0,0,3,21,5,15,1,0,
,Lakefield,1707,1,0,1,0,0,0,0,0,0,0,
,Lakes Area,10738,18,0,4,1,13,95,14,78,3,0,
,Lakeville,76929,72,2,23,5,42,534,30,471,33,5,
,Lamberton,786,1,0,0,0,1,3,1,2,0,0,
,Lester Prairie,1899,2,0,1,0,1,7,2,5,0,0,
,Le Sueur,4225,4,0,0,0,4,13,2,11,0,0,
,Lewiston,1505,3,0,0,0,3,7,0,7,0,0,
,Lino Lakes,22228,9,0,1,0,8,127,11,110,6,0,
,Litchfield,6589,8,0,0,0,8,55,8,45,2,0,
,Little Falls,9083,18,1,3,1,13,172,9,155,8,0,
,Long Prairie,3724,4,0,0,0,4,16,1,14,1,0,
,Lonsdale,5012,3,0,1,0,2,11,3,8,0,0,
,Madelia,2355,8,0,2,0,6,8,3,5,0,0,
,Madison Lake,1293,3,0,0,0,3,7,2,3,2,0,
,Mankato,45431,136,0,27,11,98,1281,139,1089,53,1,
,Maple Grove,70729,68,1,6,8,53,1282,68,1141,73,3,
,Mapleton,2181,3,0,1,0,2,19,4,14,1,1,
,Maplewood,39170,149,0,8,39,102,1210,128,935,147,11,
,Marshall,13726,29,1,6,1,21,89,9,79,1,0,
,McGregor,385,0,0,0,0,0,0,0,0,0,0,
,Medina,6907,5,0,1,0,4,38,3,32,3,0,
,Melrose,3614,4,0,3,0,1,7,2,3,2,0,
,Menahga,1343,1,0,0,0,1,1,1,0,0,0,
,Mendota Heights,11363,21,0,4,0,17,146,27,107,12,1,
,Milaca,3065,6,0,0,0,6,68,2,63,3,0,
,Minneapolis,422341,4779,72,366,1435,2906,22184,2558,11852,7774,134,
,Minneota,1352,0,0,0,0,0,2,0,1,1,0,
,Minnesota Lake,663,0,0,0,0,0,0,0,0,0,0,
,Minnetonka,51791,41,1,6,7,27,884,95,747,42,0,
,Minnetrista,10992,4,0,1,1,2,64,11,52,1,0,
,Montevideo,5247,0,0,0,0,0,0,0,0,0,0,
,Montgomery,3601,2,0,0,0,2,1,1,0,0,0,
,Moorhead,45026,232,2,21,8,201,809,124,565,120,10,
,Moose Lake,2987,2,0,1,0,1,3,1,2,0,0,
,Motley,688,1,0,0,0,1,27,2,25,0,0,
,Mounds View,12368,22,0,2,4,16,133,9,112,12,1,
,Mountain Lake,1966,2,0,0,0,2,4,1,3,0,0,
,Nashwauk,956,0,0,0,0,0,5,0,5,0,0,
,New Brighton,21987,23,0,3,5,15,284,35,202,47,0,
,New Hope,20613,27,1,7,5,14,385,34,314,37,0,
,New Prague,8336,5,0,1,1,3,32,0,32,0,0,
,New Richland,1210,1,0,0,0,1,17,6,11,0,0,
,New Ulm,13991,4,0,2,0,2,71,4,63,4,0,
,Nisswa,2128,0,0,0,0,0,7,0,7,0,0,
,North Branch,11851,6,0,1,0,5,66,2,60,4,0,
,Northfield,20997,29,0,7,2,20,204,14,184,6,4,
,North Mankato,14229,28,0,3,1,24,160,24,120,16,5,
,North St. Paul,12866,19,1,2,4,12,171,13,134,24,2,
,Oakdale,27565,39,0,12,14,13,471,29,416,26,2,
,Oak Park Heights,4735,12,0,1,0,11,140,10,125,5,0,
,Olivia,2302,2,0,1,0,1,16,1,14,1,1,
,Onamia,780,1,0,0,0,1,20,2,18,0,0,
,Orono,19056,23,0,7,1,15,105,13,83,9,0,
,Osakis,1745,2,0,0,0,2,9,1,8,0,0,
,Osseo,2511,1,0,0,1,0,76,4,59,13,0,
,Owatonna,26501,50,1,17,2,30,241,28,199,14,1,
,Park Rapids,4323,11,0,6,1,4,100,11,88,1,0,
,Paynesville,2643,3,0,1,0,2,4,1,3,0,0,
,Pelican Rapids,2606,3,0,0,1,2,0,0,0,0,0,
,Pequot Lakes,2461,0,0,0,0,0,2,0,2,0,0,
,Perham,3694,8,0,3,0,5,6,1,3,2,0,
,Pierz,1470,1,0,0,0,1,24,0,24,0,0,
,Pillager,521,0,0,0,0,0,0,0,0,0,0,
,Pine River,939,1,0,0,0,1,2,0,2,0,0,
,Plainview,3532,6,0,0,0,6,9,0,8,1,0,
,Plymouth,77576,55,2,7,7,39,844,132,639,73,3,
,Preston,1320,0,0,0,0,0,10,0,10,0,0,
,Princeton,5467,2,0,0,0,2,76,4,66,6,0,
,Prior Lake,28390,34,1,9,2,22,343,18,314,11,3,
,Proctor,3094,3,0,0,0,3,23,3,19,1,0,
,Ramsey,28598,23,0,5,1,17,148,26,113,9,0,
,Red Wing,16725,30,1,6,1,22,353,41,297,15,1,
,Redwood Falls,5079,12,0,3,0,9,56,3,50,3,1,
,Renville,1269,1,0,0,0,1,6,1,5,0,1,
,Rice,2202,0,0,0,0,0,7,2,5,0,0,
,Richfield,36607,86,0,13,28,45,775,68,584,123,5,
,Robbinsdale,14027,51,0,4,7,40,266,29,182,55,1,
,Rochester,122035,198,1,44,28,125,1943,223,1566,154,2,
,Rogers,13591,18,0,3,2,13,277,7,259,11,0,
,Roseau,2727,11,0,0,0,11,27,1,23,3,1,
,Rosemount,27754,15,0,1,1,13,122,20,99,3,2,
,Roseville,35466,96,3,13,32,48,2047,131,1804,112,4,
,Royalton,1277,1,0,0,0,1,33,0,33,0,0,
,Rushford,1861,0,0,0,0,0,0,0,0,0,0,
,Sartell,19862,10,1,1,0,8,384,11,370,3,0,
,Sauk Centre,4652,3,0,1,0,2,69,7,60,2,0,
,Sauk Rapids,13753,18,0,5,1,12,209,17,174,18,1,
,Savage,33051,31,0,9,4,18,270,26,225,19,2,
,Sebeka,753,0,0,0,0,0,0,0,0,0,0,
,Shakopee,46597,63,0,21,4,38,614,43,531,40,0,
,Silver Bay,1831,1,0,0,0,1,4,2,2,0,0,
,Slayton,1965,3,0,2,0,1,8,1,6,1,0,
,Sleepy Eye,3403,9,0,4,0,5,6,3,2,1,0,
,South Lake Minnetonka,12150,2,0,0,0,2,40,4,33,3,0,
,South St. Paul,20403,63,1,3,1,58,324,51,207,66,3,
,Spring Lake Park,7029,10,0,1,0,9,126,13,101,12,1,
,St. Anthony,12749,21,0,2,10,9,329,50,238,41,0,
,Staples,3050,5,0,2,0,3,97,6,86,5,1,
,Starbuck,1435,5,0,0,0,5,4,1,3,0,0,
,St. Charles,3993,4,0,1,0,3,15,1,14,0,0,
,St. Cloud,69922,240,3,35,18,184,2424,159,2104,161,10,
,St. Francis,8496,11,0,2,0,9,56,3,50,3,0,
,Stillwater,19214,19,0,9,1,9,127,20,94,13,0,
,St. James,4664,3,0,3,0,0,32,8,24,0,0,
,St. Joseph,7121,13,0,2,2,9,66,14,51,1,0,
,St. Louis Park,48241,68,1,16,8,43,1595,112,1314,169,2,
,St. Paul,300368,1874,27,202,381,1264,9282,1305,5896,2081,178,
,St. Paul Park,5371,10,0,3,2,5,27,2,18,7,0,
,St. Peter,12195,14,0,2,0,12,80,7,69,4,0,
,Thief River Falls,8939,17,1,3,0,13,121,13,102,6,2,
,Two Harbors,3561,3,0,0,0,3,10,0,10,0,0,
,Tyler,1111,1,0,0,0,1,0,0,0,0,0,
,Verndale,517,0,0,0,0,0,0,0,0,0,0,
,Virginia,8294,31,0,4,2,25,172,19,143,10,2,
,Wabasha,2607,14,0,1,0,13,30,3,26,1,0,
,Wadena,4361,16,0,5,0,11,62,3,57,2,0,
,Waite Park,8377,17,1,2,1,13,601,15,572,14,1,
,Walker,994,0,0,0,0,0,9,0,8,1,0,
,Walnut Grove,739,0,0,0,0,0,0,0,0,0,0,
,Warroad,1825,0,0,0,0,0,3,1,1,1,0,
,Waseca,9113,14,1,5,1,7,114,11,100,3,0,
,Waterville,1757,0,0,0,0,0,2,0,2,0,0,
,Wayzata,5932,11,0,2,2,7,98,16,70,12,0,
,Wells,2412,2,0,0,0,2,3,1,0,2,0,
,Westbrook,743,0,0,0,0,0,0,0,0,0,0,
,West Concord,847,1,0,0,0,1,9,5,4,0,0,
,West Hennepin,5245,1,0,0,0,1,10,0,10,0,0,
,West St. Paul,22442,45,0,13,16,16,942,67,785,90,2,
,White Bear Lake,23097,34,0,4,4,26,398,111,258,29,2,
,Willmar,21410,94,0,22,2,70,339,10,285,44,9,
,Windom,4709,17,0,4,0,13,40,5,33,2,0,
,Winnebago,1391,0,0,0,0,0,0,0,0,0,0,
,Winona,25770,39,1,6,2,30,534,59,465,10,5,
,Winsted,2218,3,0,1,0,2,10,1,9,0,0,
,Winthrop,1318,0,0,0,0,0,3,1,2,0,0,
,Woodbury,80153,47,0,9,15,23,1041,100,896,45,3,
,Worthington,13669,55,0,16,1,38,147,12,126,9,1,
,Wyoming,8066,13,1,7,0,5,72,6,64,2,0,
,Zumbrota,4118,6,0,2,1,3,20,1,17,2,0,
MISSISSIPPI,Ackerman,1533,1,0,0,0,1,21,8,12,1,0,
,Amory,6389,20,4,3,0,13,141,35,100,6,1,
,Batesville,7249,22,3,2,0,17,234,56,152,26,1,
,Bay Springs,1602,4,0,0,0,4,31,13,18,0,0,
,Bay St. Louis,11230,9,1,1,4,3,318,48,245,25,1,
,Booneville,8923,30,1,5,1,23,345,43,285,17,0,
,Brandon,25676,22,1,8,1,12,88,14,65,9,1,
,Brookhaven,11590,34,2,1,7,24,349,186,124,39,2,
,Bruce,1599,9,0,1,0,8,18,3,15,0,1,
,Byhalia,1379,3,0,0,1,2,45,10,26,9,0,
,Byram,12568,13,1,2,3,7,193,12,139,42,3,
,Cleveland,10261,70,5,3,9,53,352,38,282,32,6,
,Clinton,26518,29,1,2,9,17,325,31,249,45,0,
,Corinth,14166,52,2,9,6,35,662,140,483,39,5,
,Derma,905,0,0,0,0,0,2,0,2,0,0,
,Ellisville,4527,7,0,0,1,6,75,28,39,8,0,
,Eupora,2096,6,0,0,0,6,26,9,14,3,0,
,Florence,4766,4,0,1,0,3,18,5,6,7,0,
,Flowood,10679,4,0,0,1,3,222,12,194,16,0,
,Forest,5287,28,0,0,6,22,96,31,47,18,0,
,Fulton,4492,6,0,1,0,5,68,5,59,4,0,
,Gautier,18958,53,2,8,3,40,420,46,302,72,0,
,Guntown,2425,1,0,1,0,0,21,10,10,1,0,
,Hattiesburg,48315,123,3,15,17,88,2047,269,1620,158,5,
,Heidelberg,615,3,0,1,0,2,5,2,3,0,0,
,Hernando,18466,10,0,3,2,5,100,16,75,9,1,
,Holly Springs,6760,12,0,1,0,11,34,2,22,10,0,
,Horn Lake,26455,22,4,0,6,12,527,49,353,125,1,
,Iuka,3073,3,0,2,0,1,46,8,29,9,0,
,Kosciusko,6845,13,1,3,1,8,122,35,81,6,2,
,Laurel,17025,173,7,14,11,141,838,194,570,74,4,
,Long Beach,17251,3,0,2,0,1,181,16,155,10,0,
,Louisville,5917,37,0,1,4,32,151,14,117,20,1,
,Lucedale,3048,14,0,4,1,9,137,36,95,6,2,
,Lumberton,1650,6,1,1,0,4,21,1,17,3,0,
,Madison,27788,12,0,0,0,12,172,7,164,1,0,
,Mathiston,863,2,0,0,0,2,2,1,1,0,0,
,Mendenhall,2123,3,0,0,0,3,32,13,12,7,0,
,Myrtle,488,0,0,0,0,0,4,0,4,0,0,
,New Albany,7688,10,0,1,1,8,152,23,126,3,0,
,Oakland,456,2,0,0,1,1,7,2,3,2,0,
,Olive Branch,47341,99,0,9,9,81,821,83,607,131,1,
,Oxford,26918,39,0,15,7,17,477,37,428,12,1,
,Pascagoula,21492,47,3,8,11,25,886,98,713,75,2,
,Pass Christian,6369,0,0,0,0,0,121,10,109,2,0,
,Petal,11338,6,0,0,0,6,43,22,19,2,0,
,Picayune,11806,45,3,3,4,35,343,55,263,25,0,
,Pontotoc,5828,18,0,0,1,17,162,16,144,2,0,
,Poplarville,2808,3,0,0,0,3,38,9,26,3,0,
,Purvis,1962,2,0,1,0,1,23,2,19,2,0,
,Raymond,1871,2,0,1,1,0,20,9,9,2,0,
,Richland,7374,9,0,2,0,7,66,12,49,5,0,
,Ridgeland,24301,88,1,11,5,71,414,70,300,44,3,
,Seminary,290,0,0,0,0,0,1,0,1,0,0,
,Senatobia,8316,20,0,2,6,12,180,12,153,15,0,
,Smithville,513,0,0,0,0,0,5,0,5,0,0,
,Southaven,57135,122,4,20,21,77,1857,145,1412,300,2,
,Starkville,24089,17,1,0,4,12,583,237,308,38,1,
,Sumrall,1983,1,0,0,0,1,17,4,13,0,0,
,Tupelo,37663,167,2,34,32,99,1615,465,1025,125,3,
,Union,1991,4,0,0,0,4,25,4,20,1,0,
,Vardaman,1052,1,0,0,0,1,0,0,0,0,0,
,Vicksburg,19874,127,8,10,26,83,672,101,498,73,1,
,Walnut,680,1,0,0,0,1,20,8,11,1,0,
,Water Valley,3355,12,1,1,2,8,94,11,74,9,0,
,Waveland,6820,2,0,1,0,1,109,6,102,1,0,
,Waynesboro,4510,28,1,3,1,23,70,13,50,7,1,
,West Point,9784,87,0,8,3,76,151,30,102,19,2,
,Wiggins,4267,9,0,4,1,4,132,23,106,3,0,
MISSOURI,Adrian,1752,7,0,2,0,5,19,3,12,4,0,
,Advance,1331,2,0,0,0,2,14,4,8,2,0,
,Alma,388,0,0,0,0,0,0,0,0,0,0,
,Arnold,20837,22,0,4,3,15,388,9,342,37,2,
,Ash Grove,1491,10,0,0,0,10,24,5,17,2,0,
,Ashland,4854,6,0,0,0,6,33,10,21,2,0,
,Aurora,7513,30,0,6,2,22,140,38,85,17,1,
,Auxvasse,1011,10,0,1,0,9,27,8,18,1,0,
,Ava,3130,6,0,0,0,6,37,8,27,2,0,
,Ballwin,30365,22,0,1,2,19,193,11,148,34,0,
,Bates City,231,1,0,0,1,0,2,0,1,1,0,
,Battlefield,6317,12,0,1,1,10,28,5,21,2,0,
,Bellefontaine Neighbors,10323,104,3,2,5,94,300,30,136,134,0,
,Bel-Nor,1353,2,0,0,1,1,18,1,8,9,0,
,Belton,26148,77,1,10,12,54,645,40,533,72,1,
,Berkeley,7989,152,6,3,11,132,403,32,162,209,3,
,Bernie,1826,2,0,0,0,2,16,2,13,1,1,
,Bertrand,704,1,0,0,1,0,11,6,5,0,0,
,Bethany,2919,3,0,1,0,2,35,12,19,4,0,
,Bismarck,1245,3,0,1,0,2,16,1,12,3,0,
,Bloomfield,1728,3,0,0,0,3,28,3,24,1,0,
,Blue Springs,59896,113,2,18,19,74,1403,94,1104,205,2,
,Bolivar,11321,25,0,11,2,12,229,33,185,11,2,
,Bonne Terre,6569,8,0,0,0,8,51,2,31,18,0,
,Boonville,7709,24,0,7,2,15,171,9,152,10,0,
,Bourbon,1511,2,0,0,0,2,26,0,21,5,0,
,Bowling Green,4213,1,0,0,0,1,20,3,15,2,0,
,Branson,13098,51,1,16,1,33,713,39,640,34,2,
,Branson West,498,3,0,0,0,3,47,0,47,0,0,
,Breckenridge Hills,4322,31,1,2,4,24,108,22,47,39,1,
,Brentwood,8041,9,0,1,4,4,355,20,287,48,0,
,Bridgeton,11292,80,1,4,10,65,644,38,511,95,2,
,Brookfield,4072,9,0,1,1,7,48,11,31,6,1,
,Buckner,2876,9,0,3,0,6,35,8,23,4,1,
,Buffalo,3477,10,0,3,0,7,44,2,36,6,4,
,Butler,4259,48,0,8,1,39,126,22,89,15,1,
,Byrnes Mill,3170,26,0,1,0,25,20,2,16,2,1,
,Calverton Park,1120,7,0,0,0,7,18,3,7,8,0,
,Camdenton,4085,21,0,3,2,16,123,14,104,5,0,
,Cameron,8469,33,0,7,0,26,133,14,106,13,3,
,Campbell,1525,2,0,0,0,2,18,1,15,2,0,
,Canton,2737,0,0,0,0,0,22,1,19,2,0,
,Cape Girardeau,40691,258,1,29,20,208,1044,131,803,110,14,
,Carl Junction,8464,22,0,2,0,20,86,17,60,9,2,
,Carrollton,3458,9,0,1,0,8,35,13,20,2,1,
,Carterville,1851,10,0,1,0,9,23,2,19,2,0,
,Carthage,15446,29,0,8,1,20,214,22,171,21,0,
,Caruthersville,5178,49,0,1,4,44,106,30,68,8,0,
,Center,529,0,0,0,0,0,0,0,0,0,0,
,Centralia,4739,3,0,1,1,1,64,15,42,7,0,
,Charleston,4124,37,0,2,2,33,89,12,69,8,2,
,Chesterfield,49019,34,0,3,3,28,584,48,489,47,1,
,Chillicothe,9120,31,0,2,1,28,100,22,65,13,0,
,Claycomo,1362,8,0,1,0,7,61,1,34,26,0,
,Clayton,17023,13,1,2,1,9,182,20,119,43,1,
,Cole Camp,1172,0,0,0,0,0,0,0,0,0,0,
,Columbia,129602,500,10,77,43,370,3255,398,2410,447,29,
,Corder,420,0,0,0,0,0,1,1,0,0,0,
,Cottleville,5834,4,0,0,0,4,9,2,7,0,0,
,Crestwood,12135,14,0,4,1,9,169,12,139,18,0,
,Creve Coeur,18443,11,0,3,0,8,295,21,211,63,0,
,Crystal City,4698,5,0,0,0,5,13,0,13,0,0,
,Cuba,3156,10,0,4,0,6,168,16,133,19,0,
,De Soto,6452,23,0,9,0,14,180,9,153,18,4,
,Des Peres,9097,3,0,0,2,1,339,10,314,15,1,
,Dexter,7830,20,1,3,0,16,206,11,179,16,1,
,Doniphan,1792,4,0,0,0,4,44,6,32,6,0,
,Duquesne,2450,3,0,2,0,1,59,5,47,7,1,
,East Lynne,290,0,0,0,0,0,0,0,0,0,0,
,East Prairie,2875,8,0,0,0,8,31,1,22,8,0,
,Edmundson,842,2,0,1,0,1,75,0,38,37,0,
,Eldon,4608,10,0,0,0,10,51,4,39,8,0,
,El Dorado Springs,3625,8,0,1,1,6,78,7,68,3,4,
,Ellisville,9798,6,0,0,1,5,72,5,62,5,1,
,Eureka,13242,8,0,1,0,7,88,17,66,5,1,
,Excelsior Springs,10579,29,0,9,2,18,261,13,221,27,0,
,Exeter,744,0,0,0,0,0,0,0,0,0,0,
,Fair Play,446,2,0,0,0,2,4,3,1,0,0,
,Farmington,18345,62,0,16,3,43,715,15,653,47,2,
,Ferguson,17972,136,6,9,19,102,623,65,330,228,3,
,Festus,13435,24,1,3,0,20,194,9,159,26,2,
,Florissant,51045,136,4,20,19,93,1163,79,689,395,6,
,Fordland,800,0,0,0,0,0,16,0,16,0,0,
,Foristell,621,4,0,1,0,3,33,1,28,4,0,
,Forsyth,2833,4,0,0,0,4,45,1,40,4,1,
,Fredericktown,4599,8,0,1,0,7,79,9,63,7,0,
,Frontenac,4055,5,0,0,2,3,102,9,86,7,0,
,Fulton,12766,15,0,2,1,12,128,16,100,12,0,
,Galena,475,0,0,0,0,0,6,1,5,0,0,
,Gerald,1351,1,0,0,0,1,8,1,7,0,0,
,Gideon,729,0,0,0,0,0,1,0,1,0,0,
,Gladstone,26807,92,0,17,6,69,548,48,404,96,0,
,Glendale,6031,1,0,0,0,1,21,2,19,0,0,
,Grain Valley,16432,39,2,12,3,22,198,13,142,43,1,
,Granby,2089,2,0,0,0,2,14,2,11,1,0,
,Greenfield,1227,5,0,0,0,5,19,3,13,3,0,
,Greenwood,6119,6,0,1,0,5,23,12,8,3,0,
,Hannibal,16870,57,1,5,4,47,453,43,396,14,6,
,Hardin,558,0,0,0,0,0,0,0,0,0,0,
,Harrisonville,9720,46,0,6,1,39,174,32,125,17,0,
,Hazelwood,24861,133,3,8,16,106,717,66,398,253,3,
,Herculaneum,5406,5,0,0,0,5,47,3,41,3,0,
,Hermann,2202,5,1,3,0,1,25,3,21,1,0,
,Higginsville,4722,1,0,0,0,1,43,0,37,6,0,
,Hillsboro,3495,10,0,0,1,9,40,7,31,2,1,
,Holcomb,603,1,0,1,0,0,4,1,3,0,0,
,Holden,2245,1,0,0,1,0,29,13,11,5,0,
,Hollister,4706,5,0,0,0,5,67,4,61,2,0,
,Hornersville,505,0,0,0,0,0,3,2,1,0,0,
,Houston,2207,10,1,7,0,2,120,11,105,4,1,
,Humansville,947,0,0,0,0,0,1,1,0,0,0,
,Independence,120326,242,7,35,36,164,1597,226,966,405,9,
,Jackson,15836,25,1,5,1,18,177,20,144,13,4,
,Jefferson City,42535,135,2,39,19,75,867,83,701,83,8,
,Joplin,52881,260,2,40,35,183,2687,332,2066,289,43,
,Kansas City,509855,7534,181,400,1230,5723,25281,2802,13426,9053,112,
,Kearney,11147,26,0,8,3,15,91,1,83,7,0,
,Kennett,10103,59,1,11,5,42,362,40,300,22,9,
,Kimberling City,2407,5,0,0,0,5,2,0,0,2,0,
,Kirksville,17451,66,1,9,0,56,488,60,400,28,4,
,Kirkwood,29193,47,0,2,8,37,436,16,360,60,1,
,Knob Noster,2859,8,0,3,0,5,17,2,10,5,0,
,Ladue,8869,6,0,1,0,5,70,11,52,7,0,
,Lake Lafayette,289,1,1,0,0,0,7,0,5,2,0,
,Lake Lotawana,2477,1,0,0,0,1,19,6,8,5,0,
,Lake Ozark,2217,5,0,0,0,5,6,0,6,0,0,
,Lake St. Louis,19169,17,1,1,1,14,89,3,72,14,0,
,Lake Tapawingo,778,0,0,0,0,0,0,0,0,0,0,
,Lamar,4307,8,0,3,2,3,122,18,95,9,0,
,Lathrop,2261,5,0,0,0,5,20,6,9,5,0,
,Laurie,1055,2,0,1,0,1,14,1,12,1,0,
,Lawson,2518,2,0,0,0,2,40,29,7,4,1,
,Lebanon,15338,46,0,10,2,34,344,23,286,35,1,
,Lee's Summit,104402,168,1,23,10,134,2275,135,1815,325,8,
,Lexington,4535,24,0,3,0,21,41,4,28,9,0,
,Liberal,639,0,0,0,0,0,0,0,0,0,1,
,Liberty,31059,47,1,11,3,32,593,51,472,70,1,
,Licking,2984,2,0,1,0,1,14,0,12,2,0,
,Lincoln,1208,3,0,1,0,2,12,2,10,0,1,
,Linn,1392,5,0,1,0,4,15,6,5,4,0,
,Linn Creek,224,0,0,0,0,0,1,0,1,0,0,
,Lone Jack,1738,3,0,0,0,3,13,0,12,1,0,
,Louisiana,3242,12,0,0,1,11,39,9,28,2,0,
,Macon,5457,9,0,0,0,9,59,6,46,7,0,
,Malden,3522,14,0,3,1,10,81,11,66,4,0,
,Manchester,17957,6,0,3,1,2,203,3,187,13,0,
,Mansfield,1302,3,0,0,0,3,17,0,15,2,0,
,Maplewood,8022,33,1,3,6,23,618,34,521,63,1,
,Marble Hill,1369,5,0,1,0,4,36,7,27,2,0,
,Marquand,187,0,0,0,0,0,0,0,0,0,0,
,Marshall,13536,27,0,7,2,18,176,29,124,23,2,
,Marshfield,7790,33,1,6,0,26,204,34,150,20,2,
,Maryland Heights,27530,69,4,11,11,43,505,43,342,120,0,
,Maryville,10382,8,0,1,1,6,160,34,118,8,0,
,Matthews,508,2,0,0,0,2,22,2,19,1,0,
,Milan,1749,3,0,0,1,2,22,3,15,4,0,
,Moberly,13873,46,1,3,4,38,209,44,151,14,2,
,Moline Acres,2093,12,0,0,2,10,47,4,24,19,0,
,Monett,9879,17,0,2,0,15,201,38,149,14,1,
,Moscow Mills,4109,4,0,0,0,4,21,5,13,3,0,
,Mound City,1022,1,0,0,0,1,19,3,16,0,1,
,Mountain Grove,4672,5,0,2,0,3,62,8,52,2,2,
,Mountain View,2608,6,0,0,0,6,41,4,31,6,0,
,Mount Vernon,4573,5,0,0,0,5,82,11,69,2,0,
,Napoleon,210,0,0,0,0,0,0,0,0,0,0,
,Neosho,13303,35,0,7,1,27,327,75,223,29,3,
,Nevada,8208,39,0,3,0,36,452,57,366,29,1,
,New Madrid,2602,17,0,3,0,14,66,13,49,4,1,
,Nixa,25428,9,0,4,1,4,183,16,157,10,0,
,Noel,2155,5,0,0,0,5,15,5,6,4,0,
,Normandy,8608,71,1,5,7,58,259,28,129,102,2,
,North Kansas City,4649,42,1,7,9,25,579,16,402,161,3,
,Northmoor,292,2,1,0,0,1,1,0,1,0,0,
,Northwoods,3832,14,0,0,3,11,30,4,13,13,1,
,Oak Grove,8642,5,0,2,1,2,118,6,91,21,0,
,Oakview Village,360,0,0,0,0,0,0,0,0,0,0,
,Odessa,5605,2,0,1,0,1,38,5,25,8,0,
,O'Fallon,94702,81,0,25,11,45,660,47,569,44,3,
,Olivette,8337,6,0,0,1,5,100,5,82,13,0,
,Oregon,845,0,0,0,0,0,0,0,0,0,0,
,Oronogo,2904,5,0,1,0,4,9,1,6,2,0,
,Orrick,735,0,0,0,0,0,3,0,3,0,0,
,Osage Beach,4885,10,0,3,0,7,115,13,97,5,0,
,Overland,15469,84,2,3,13,66,328,30,193,105,1,
,Owensville,2806,6,0,0,0,6,12,0,12,0,0,
,Ozark,23089,32,0,15,2,15,218,11,197,10,0,
,Pacific,7523,24,0,1,0,23,89,10,70,9,0,
,Pagedale,2499,40,1,0,5,34,71,14,35,22,0,
,Palmyra,3613,2,0,0,0,2,44,5,37,2,0,
,Park Hills,8666,19,0,4,1,14,208,23,148,37,0,
,Peculiar,6111,14,1,2,1,10,84,9,64,11,0,
,Perryville,8453,28,0,2,0,26,80,7,64,9,1,
,Pevely,6020,9,0,1,0,8,56,3,48,5,0,
,Piedmont,1846,11,0,1,0,10,39,4,30,5,1,
,Pilot Knob,661,0,0,0,0,0,0,0,0,0,0,
,Platte City,4833,7,2,2,1,2,62,5,52,5,0,
,Pleasant Hill,8674,13,0,2,2,9,46,4,37,5,1,
,Pleasant Valley,2717,8,0,2,2,4,26,9,10,7,0,
,Portageville,2761,5,0,1,1,3,26,5,19,2,0,
,Potosi,2532,20,0,2,2,16,252,17,223,12,0,
,Prairie Home,264,0,0,0,0,0,0,0,0,0,0,
,Raymore,24814,30,0,8,1,21,308,20,264,24,0,
,Raytown,28997,217,6,11,47,153,1119,144,624,351,3,
,Reeds Spring,1272,0,0,0,0,0,0,0,0,0,0,
,Republic,20155,29,0,5,2,22,241,27,206,8,1,
,Rich Hill,1249,0,0,0,0,0,10,1,9,0,0,
,Richland,1738,7,0,2,0,5,29,7,19,3,1,
,Richmond,5936,19,0,5,1,13,151,14,131,6,1,
,Richmond Heights,9038,63,0,0,15,48,760,15,666,79,0,
,Riverside,4575,25,0,2,3,20,301,15,243,43,0,
,Riverview,2322,35,1,1,1,32,77,12,34,31,0,
,Rock Hill,4636,6,0,0,1,5,35,2,27,6,0,
,Rock Port,1233,1,0,1,0,0,1,0,1,0,0,
,Rogersville,5457,5,0,3,0,2,36,6,26,4,0,
,Rolla,20526,70,0,9,6,55,639,90,495,54,5,
,Salem,4661,18,0,8,0,10,123,7,107,9,1,
,Sarcoxie,1381,0,0,0,0,0,2,0,2,0,0,
,Savannah,5027,3,0,0,0,3,25,2,22,1,0,
,Scott City,4354,11,1,3,0,7,47,3,42,2,0,
,Sedalia,22051,86,0,24,2,60,350,58,250,42,5,
,Seligman,877,1,0,1,0,0,19,0,17,2,0,
,Seneca,2308,6,0,2,0,4,53,12,37,4,0,
,Seymour,1896,5,0,3,0,2,18,2,15,1,0,
,Shelbina,1569,5,0,4,0,1,22,0,13,9,0,
,Shrewsbury,6231,3,0,1,1,1,244,8,206,30,0,
,Sikeston,15982,237,6,15,6,210,644,76,508,60,25,
,Smithville,10740,14,0,2,1,11,89,8,68,13,3,
,Sparta,1968,6,0,0,0,6,13,0,13,0,0,
,Springfield,170521,1995,15,176,232,1572,7010,1278,4755,977,29,
,St. Ann,12637,39,5,5,2,27,272,26,177,69,0,
,St. Charles,71408,148,2,18,13,115,688,86,492,110,2,
,St. Clair,4731,24,0,6,2,16,155,16,121,18,3,
,Steele,1704,9,0,0,2,7,78,20,47,11,1,
,Steelville,1434,1,0,0,0,1,90,17,63,10,0,
,Ste. Genevieve,5052,19,0,2,0,17,41,5,28,8,0,
,St. James,3934,9,1,3,0,5,114,7,99,8,2,
,St. John,6451,40,0,3,4,33,151,19,103,29,0,
,St. Joseph,69925,526,3,138,53,332,2632,373,1832,427,16,
,St. Louis,280108,4048,158,197,729,2964,17926,2104,9619,6203,103,
,St. Peters,58937,130,1,21,9,99,872,43,769,60,4,
,Strafford,2682,3,0,0,0,3,72,4,63,5,0,
,St. Robert,5453,14,1,4,0,9,180,13,162,5,0,
,Sugar Creek,3145,4,0,1,2,1,112,14,75,23,0,
,Sullivan,6828,28,0,5,4,19,315,28,269,18,3,
,Sunrise Beach,505,2,0,0,0,2,13,2,7,4,0,
,Sunset Hills,9016,14,0,0,2,12,136,5,115,16,0,
,Sweet Springs,1283,4,0,2,0,2,12,4,5,3,0,
,Thayer,1913,2,0,0,0,2,18,2,12,4,0,
,Town and Country,11554,3,0,1,0,2,157,10,141,6,0,
,Tracy,323,0,0,0,0,0,3,0,2,1,0,
,Trenton,5649,16,0,3,0,13,43,2,40,1,0,
,Troy,14563,31,2,4,2,23,185,38,129,18,1,
,Union,12946,63,1,12,3,47,398,24,344,30,5,
,University City,34040,92,2,5,16,69,753,39,513,201,3,
,Velda City,1236,78,1,3,6,68,89,13,45,31,2,
,Versailles,2649,19,0,1,1,17,30,1,25,4,0,
,Viburnum,657,1,1,0,0,0,7,4,3,0,0,
,Vinita Park,8786,88,8,15,17,48,494,78,255,161,3,
,Walnut Grove,641,0,0,0,0,0,15,0,15,0,0,
,Warrensburg,19518,64,0,15,5,44,432,14,393,25,2,
,Warrenton,9499,23,0,0,0,23,128,7,112,9,1,
,Warsaw,2340,6,0,1,0,5,66,5,51,10,0,
,Warson Woods,1975,0,0,0,0,0,6,0,5,1,0,
,Washburn,409,0,0,0,0,0,0,0,0,0,0,
,Washington,15265,44,1,7,2,34,262,15,234,13,3,
,Waynesville,5439,34,0,9,2,23,51,6,40,5,0,
,Weatherby Lake,2110,2,0,0,0,2,6,2,4,0,0,
,Webb City,13206,46,1,6,0,39,394,27,319,48,7,
,Webster Groves,23423,20,1,1,3,15,197,60,100,37,3,
,Wellsville,1015,0,0,0,0,0,5,3,2,0,0,
,Wentzville,48383,97,1,8,4,84,479,24,415,40,1,
,Weston,1801,0,0,0,0,0,11,2,9,0,0,
,West Plains,12700,66,0,9,6,51,304,38,236,30,1,
,Willard,6583,15,0,1,0,14,39,1,31,7,0,
,Willow Springs,2233,3,0,0,0,3,23,2,21,0,0,
,Winfield,1608,6,0,0,0,6,9,0,7,2,0,
,Woodson Terrace,3860,25,0,2,3,20,158,10,73,75,0,
MONTANA,Baker,1817,1,0,0,0,1,7,1,6,0,0,
,Belgrade,12665,35,0,9,0,26,183,9,157,17,0,
,Billings,121365,1078,9,101,150,818,4368,420,3305,643,33,
,Bozeman,57424,225,1,56,11,157,1095,52,979,64,2,
,Bridger,722,1,0,0,0,1,0,0,0,0,0,
,Chinook,1162,3,0,0,0,3,9,1,6,2,0,
,Colstrip,2011,1,0,0,0,1,5,0,4,1,0,
,Columbia Falls,5794,23,0,2,0,21,105,4,99,2,0,
,Columbus,1922,7,0,0,0,7,47,7,38,2,0,
,Conrad,2426,6,0,1,0,5,25,1,19,5,0,
,Cut Bank,3027,19,0,5,1,13,113,8,99,6,1,
,Darby,886,0,0,0,0,0,0,0,0,0,0,
,Deer Lodge,3034,12,0,1,0,11,34,7,22,5,0,
,Dillon,4221,15,0,1,0,14,23,2,20,1,0,
,East Helena,2025,16,0,4,0,12,34,0,29,5,1,
,Ennis,1052,0,0,0,0,0,13,0,13,0,0,
,Glasgow,3192,17,0,7,0,10,41,4,30,7,1,
,Glendive,4785,18,0,6,0,12,21,2,19,0,0,
,Great Falls,60358,342,3,43,16,280,2822,261,2438,123,15,
,Hamilton,5401,33,1,5,0,27,139,7,125,7,1,
,Hardin,3704,21,0,2,0,19,64,11,42,11,1,
,Havre,9155,77,0,10,3,64,454,43,378,33,3,
,Helena,34744,235,0,55,11,169,1036,78,881,77,7,
,Hot Springs,625,1,0,0,0,1,5,2,1,2,0,
,Kalispell,30495,127,1,12,10,104,746,21,664,61,2,
,Laurel,7195,35,0,0,1,34,222,4,213,5,1,
,Lewistown,6130,33,0,9,0,24,33,4,23,6,1,
,Libby,3260,5,0,1,0,4,26,0,24,2,1,
,Livingston,8965,47,0,5,0,42,196,16,156,24,2,
,Manhattan,2135,4,0,0,0,4,12,3,8,1,0,
,Miles City,8534,9,0,1,1,7,82,7,72,3,2,
,Missoula,78269,429,1,53,37,338,2899,256,2484,159,22,
,Plains,1247,1,0,1,0,0,7,0,7,0,0,
,Polson,5642,49,1,2,2,44,219,18,174,27,3,
,Ronan City,2226,19,0,0,1,18,83,4,69,10,0,
,Sidney,6071,33,0,2,0,31,35,6,26,3,0,
,Stevensville,2278,7,0,0,0,7,9,0,9,0,0,
,St. Ignatius,830,3,0,0,1,2,35,4,23,8,1,
,Thompson Falls,1503,4,0,1,0,3,20,0,15,5,0,
,Troy,923,1,0,0,0,1,12,2,9,1,0,
,West Yellowstone,1231,1,0,0,0,1,20,1,19,0,0,
,Whitefish,9504,17,1,3,0,13,124,5,111,8,0,
,Wolf Point,2552,34,0,0,2,32,34,1,31,2,0,
NEBRASKA,Alliance,7980,26,0,2,1,23,93,12,70,11,0,
,Ashland,3341,1,0,0,0,1,1,0,1,0,0,
,Aurora,4640,6,1,5,0,0,24,0,18,6,0,
,Beatrice,12221,16,0,10,0,6,113,12,94,7,2,
,Bellevue,62372,73,0,52,4,17,995,62,770,163,5,
,Blair,8037,11,1,9,0,1,60,2,47,11,0,
,Boys Town,662,4,0,2,0,2,9,0,8,1,1,
,Broken Bow,3467,2,0,1,0,1,1,0,1,0,2,
,Central City,3102,1,0,0,0,1,7,2,4,1,0,
,Chadron,5248,14,0,6,0,8,146,5,137,4,0,
,Columbus,24256,26,0,12,4,10,337,92,235,10,0,
,Cozad,3845,4,0,1,0,3,21,2,17,2,1,
,Crete,6986,27,0,8,0,19,164,7,151,6,1,
,Falls City,4011,8,0,2,0,6,40,0,39,1,0,
,Gordon,1447,4,1,1,0,2,31,5,21,5,0,
,Gothenburg,3371,4,0,1,0,3,18,1,15,2,0,
,Grand Island,52264,214,3,32,16,163,1087,143,842,102,6,
,Hastings,24823,74,0,20,2,52,653,50,539,64,3,
,Kearney,34486,101,0,36,6,59,632,61,512,59,6,
,La Vista,16184,10,0,7,2,1,248,33,158,57,0,
,Lexington,10753,9,0,4,0,5,164,8,147,9,1,
,Lincoln,293155,1073,7,265,155,646,7875,740,6175,960,73,
,Lyman,252,0,0,0,0,0,3,1,2,0,0,
,Madison,2149,0,0,0,0,0,5,0,5,0,0,
,McCook,7281,8,0,5,0,3,99,5,90,4,0,
,Milford,2234,3,0,0,0,3,9,0,9,0,0,
,Minatare,704,4,0,0,0,4,12,4,7,1,0,
,Morrill,913,1,0,1,0,0,4,0,4,0,0,
,Nebraska City,7420,9,0,6,0,3,107,12,93,2,0,
,Norfolk,25951,26,0,18,0,8,214,9,180,25,3,
,North Platte,22442,32,0,5,0,27,539,44,460,35,9,
,Ogallala,4759,8,0,0,0,8,71,9,59,3,0,
,Papillion,23509,12,1,5,1,5,291,16,254,21,4,
,Plattsmouth,6691,4,0,3,0,1,61,2,51,8,0,
,Ralston,6395,17,0,4,2,11,108,9,68,31,2,
,Schuyler,6419,9,0,0,1,8,30,1,26,3,0,
,Scottsbluff,15249,36,1,5,5,25,682,47,587,48,2,
,Seward,7647,3,0,1,0,2,59,4,50,5,0,
,Sidney,6425,23,0,1,0,22,101,13,87,1,2,
,South Sioux City,13552,28,0,10,4,14,350,12,315,23,0,
,Superior,1794,0,0,0,0,0,35,2,29,4,1,
,Tekamah,1728,0,0,0,0,0,1,0,0,1,0,
,Valentine,2597,13,0,7,0,6,34,2,21,11,1,
,Valley,3188,1,0,1,0,0,13,1,12,0,0,
,Wahoo,4995,1,0,1,0,0,29,1,27,1,0,
,Waterloo,909,0,0,0,0,0,4,0,4,0,0,
,Wayne,6216,4,0,4,0,0,39,1,35,3,0,
,West Point,3438,2,0,0,0,2,11,0,9,2,0,
,York,8232,9,1,4,0,4,107,7,91,9,3,
NEVADA,Boulder City,14882,26,0,2,0,24,132,30,83,19,2,
,Carlin,1922,4,0,2,0,2,19,9,7,3,0,
,Elko,20854,110,1,26,11,72,353,69,218,66,6,
,Fallon,9503,13,0,0,2,11,129,8,114,7,4,
,Henderson,337794,991,10,91,203,687,6943,831,4402,1710,31,
,Las Vegas Metropolitan Police Department,1670226,7850,134,831,1296,5589,51473,8763,28081,14629,163,
,Lovelock,1850,5,0,2,0,3,18,6,11,1,0,
,Mesquite,22714,43,0,3,7,33,272,65,190,17,0,
,North Las Vegas,290751,763,21,31,268,443,6049,674,2320,3055,14,
,Reno,277792,1655,19,284,310,1042,7331,1061,5108,1162,21,
,Sparks,109403,426,4,72,82,268,2477,265,1872,340,17,
,West Wendover,4491,23,0,7,2,14,68,10,49,9,0,
,Winnemucca,8381,54,0,6,5,43,170,36,119,15,1,
NEW HAMPSHIRE,Alexandria,1797,0,0,0,0,0,6,1,4,1,2,
,Allenstown,4787,4,0,0,0,4,25,0,18,7,0,
,Alton,6084,10,0,4,1,5,30,0,29,1,0,
,Amherst,11971,2,0,1,0,1,58,1,55,2,0,
,Andover,2442,2,0,1,0,1,6,1,5,0,0,
,Ashland,1990,6,0,2,0,4,65,1,60,4,0,
,Atkinson,7427,1,0,1,0,0,8,1,7,0,0,
,Auburn,6194,0,0,0,0,0,22,0,20,2,0,
,Barnstead,5038,4,0,0,0,4,47,3,39,5,0,
,Barrington,9603,4,0,1,1,2,36,1,33,2,0,
,Bartlett,3371,4,1,0,1,2,26,3,19,4,0,
,Belmont,7466,9,0,3,2,4,68,12,51,5,0,
,Bennington,1512,0,0,0,0,0,4,0,4,0,0,
,Bow,8457,2,0,0,0,2,42,2,37,3,0,
,Bradford,1732,0,0,0,0,0,2,0,2,0,0,
,Brentwood,4657,3,0,0,0,3,18,1,16,1,1,
,Bristol,3334,5,0,3,0,2,28,2,25,1,1,
,Brookline,5807,2,0,1,0,1,8,1,7,0,0,
,Campton,3478,3,0,1,0,2,35,7,27,1,1,
,Candia,4210,0,0,0,0,0,21,3,17,1,0,
,Carroll,845,0,0,0,0,0,6,0,6,0,1,
,Charlestown,4958,2,0,0,0,2,31,0,29,2,0,
,Chester,5345,0,0,0,0,0,14,1,11,2,1,
,Chichester,2809,4,0,0,0,4,33,1,30,2,0,
,Colebrook,2121,0,0,0,0,0,16,1,12,3,0,
,Concord,44735,70,1,26,12,31,626,24,543,59,9,
,Danbury,1297,0,0,0,0,0,1,0,1,0,0,
,Deerfield,4999,0,0,0,0,0,7,1,5,1,1,
,Deering,1932,2,0,1,0,1,9,1,7,1,0,
,Derry,34418,35,1,17,2,15,258,17,230,11,3,
,Dover,33691,15,1,6,3,5,317,35,264,18,0,
,Dunbarton,3122,2,0,0,0,2,12,0,11,1,0,
,Durham,13953,7,0,6,1,0,29,1,26,2,0,
,East Kingston,2446,0,0,0,0,0,3,0,3,0,0,
,Epping,7585,0,0,0,0,0,100,2,94,4,0,
,Epsom,4993,3,0,2,0,1,31,0,29,2,2,
,Exeter,16227,8,0,5,0,3,101,3,88,10,0,
,Farmington,6901,8,0,5,0,3,59,5,52,2,0,
,Franklin,8875,10,0,2,1,7,63,3,57,3,0,
,Fremont,4861,2,0,0,0,2,13,1,7,5,0,
,Gilford,7927,2,0,1,0,1,100,4,89,7,0,
,Gilmanton,4050,3,0,1,0,2,20,0,16,4,0,
,Goffstown,18546,10,0,5,1,4,95,7,79,9,2,
,Gorham,2707,7,0,1,0,6,26,1,22,3,0,
,Grafton,1431,0,0,0,0,0,1,0,1,0,0,
,Groton,594,0,0,0,0,0,0,0,0,0,0,
,Hampton,16590,16,0,9,0,7,99,4,88,7,1,
,Hampton Falls,2411,0,0,0,0,0,17,0,17,0,0,
,Hanover,9682,3,0,2,1,0,66,2,63,1,2,
,Henniker,6187,10,0,2,1,7,22,2,15,5,0,
,Hillsborough,5998,7,0,6,0,1,48,5,40,3,0,
,Holderness,2057,6,0,2,1,3,33,5,28,0,0,
,Hollis,8865,1,0,1,0,0,31,0,29,2,1,
,Hooksett,14657,6,0,4,0,2,104,4,79,21,0,
,Hopkinton,6085,3,0,3,0,0,18,1,16,1,1,
,Hudson,25669,19,0,10,4,5,208,26,176,6,3,
,Jaffrey,5552,7,0,3,0,4,13,0,12,1,2,
,Keene,22639,37,0,18,9,10,545,22,504,19,1,
,Kingston,6350,6,0,3,0,3,12,0,10,2,0,
,Laconia,17171,39,0,15,9,15,428,14,404,10,3,
,Lebanon,15437,13,0,6,2,5,209,7,187,15,2,
,Lee,4631,0,0,0,0,0,21,0,19,2,0,
,Lincoln,1659,3,0,1,0,2,33,3,28,2,0,
,Lisbon,1662,1,1,0,0,0,8,1,7,0,0,
,Litchfield,8537,2,0,1,0,1,16,1,12,3,0,
,Littleton,6137,5,0,4,0,1,73,1,68,4,0,
,Londonderry,26857,18,0,7,4,7,151,7,130,14,2,
,Loudon,5767,1,0,0,0,1,20,1,13,6,0,
,Lyme,1764,0,0,0,0,0,0,0,0,0,0,
,Lyndeborough,1710,0,0,0,0,0,7,0,6,1,0,
,Madison,2751,0,0,0,0,0,7,1,4,2,0,
,Manchester,114963,441,8,68,101,264,1929,170,1543,216,13,
,Marlborough,2180,1,0,1,0,0,5,1,4,0,1,
,Mason,1459,0,0,0,0,0,7,0,6,1,0,
,Meredith,6803,9,0,1,0,8,70,6,58,6,1,
,Merrimack,29515,5,0,3,0,2,127,3,119,5,0,
,Milford,16501,6,0,4,1,1,63,4,52,7,0,
,Milton,4617,7,0,3,0,4,53,6,42,5,0,
,Mont Vernon,2671,1,0,1,0,0,10,2,8,0,0,
,Moultonborough,5282,5,0,2,0,3,14,4,9,1,0,
,Nashua,91145,109,1,43,15,50,920,28,844,48,8,
,New Boston,6190,2,0,1,0,1,7,0,5,2,0,
,Newbury,2275,1,0,0,0,1,12,1,10,1,0,
,New Durham,2784,1,0,0,0,1,20,1,17,2,0,
,Newfields,1773,0,0,0,0,0,3,0,3,0,0,
,Newington,823,1,0,1,0,0,82,2,79,1,0,
,New Ipswich,5399,3,0,1,0,2,23,1,21,1,0,
,Newmarket,9399,8,0,3,1,4,27,0,25,2,1,
,Newport,6489,12,0,5,2,5,70,3,57,10,4,
,Newton,4824,0,0,0,0,0,7,1,5,1,0,
,Northumberland,2146,0,0,0,0,0,14,1,12,1,0,
,Northwood,4689,5,0,0,1,4,12,2,8,2,0,
,Nottingham,5435,0,0,0,0,0,6,1,5,0,0,
,Orford,1257,1,0,1,0,0,3,0,3,0,0,
,Ossipee,4663,9,1,5,0,3,57,5,51,1,1,
,Pelham,14598,10,0,4,1,5,83,3,73,7,0,
,Peterborough,6538,3,0,1,1,1,31,5,24,2,1,
,Pittsburg,843,0,0,0,0,0,3,2,1,0,0,
,Plainfield,2581,1,0,0,1,0,9,1,8,0,0,
,Plaistow,7869,6,0,3,1,2,78,2,75,1,0,
,Plymouth,6283,2,0,1,0,1,107,4,100,3,0,
,Portsmouth,23057,33,0,13,2,18,239,14,210,15,1,
,Raymond,11121,5,0,2,0,3,42,1,40,1,2,
,Rindge,6541,2,0,2,0,0,49,1,46,2,3,
,Rollinsford,2652,1,0,0,1,0,15,2,12,1,1,
,Roxbury,228,0,0,0,0,0,0,0,0,0,0,
,Rumney,1518,0,0,0,0,0,2,0,2,0,0,
,Rye,5625,0,0,0,0,0,19,1,18,0,0,
,Salem,30796,40,0,8,17,15,502,14,471,17,2,
,Sandown,6650,2,0,1,0,1,16,2,13,1,0,
,Seabrook,8444,12,0,5,0,7,217,7,208,2,0,
,Somersworth,12257,13,0,5,3,5,220,8,202,10,1,
,Springfield,1333,0,0,0,0,0,6,2,3,1,0,
,Strafford,4369,1,0,0,0,1,3,0,3,0,0,
,Sunapee,3478,4,0,3,0,1,40,27,12,1,1,
,Sutton,2060,0,0,0,0,0,1,0,1,0,0,
,Tamworth,2936,3,0,2,0,1,15,2,13,0,1,
,Thornton,2861,2,0,1,0,1,13,2,11,0,1,
,Tilton,4113,6,0,2,1,3,165,2,156,7,0,
,Tuftonboro,2640,0,0,0,0,0,17,0,17,0,0,
,Wakefield,6418,6,0,3,0,3,37,3,34,0,0,
,Walpole,3733,4,0,1,0,3,7,0,6,1,0,
,Warren,843,0,0,0,0,0,0,0,0,0,0,
,Waterville Valley,521,0,0,0,0,0,21,2,19,0,0,
,Weare,9258,12,0,8,0,4,15,0,15,0,1,
,Whitefield,2515,1,0,0,0,1,10,0,10,0,0,
,Wilmot,1453,1,0,1,0,0,1,0,1,0,0,
,Wilton,3998,2,0,1,0,1,24,0,23,1,0,
,Wolfeboro,6700,5,0,3,0,2,43,5,33,5,0,
NEW JERSEY,Aberdeen Township,19249,29,0,3,2,24,151,12,133,6,1,
,Absecon,9172,30,0,3,3,24,307,65,205,37,1,
,Allendale,6815,1,0,0,0,1,24,4,20,0,0,
,Allenhurst,469,0,0,0,0,0,14,2,10,2,0,
,Allentown,1731,0,0,0,0,0,8,2,6,0,0,
,Alpha,2354,1,0,0,0,1,10,1,8,1,0,
,Alpine,1748,0,0,0,0,0,17,9,7,1,0,
,Andover Township,6130,1,0,0,0,1,12,2,9,1,0,
,Asbury Park,15136,169,3,6,42,118,638,72,530,36,1,
,Atlantic City,38625,726,7,51,212,456,2620,361,1998,261,6,
,Atlantic Highlands,4394,3,0,0,0,3,21,1,19,1,0,
,Audubon,8720,7,0,0,2,5,379,24,343,12,0,
,Avon-by-the-Sea,1945,0,0,0,0,0,38,2,33,3,0,
,Barnegat Township,25488,22,2,3,1,16,73,8,61,4,2,
,Barrington,7055,3,0,0,1,2,65,6,47,12,0,
,Bayonne,68762,183,1,2,27,153,1005,93,807,105,3,
,Beachwood,11328,10,0,1,0,9,122,17,103,2,0,
,Bedminster Township,8240,2,0,0,0,2,34,5,28,1,0,
,Belleville,37323,86,2,6,21,57,755,25,579,151,0,
,Bellmawr,11720,9,0,0,3,6,168,25,129,14,0,
,Belmar,5840,6,0,0,2,4,97,13,76,8,0,
,Belvidere,2544,2,0,0,0,2,17,5,12,0,0,
,Bergenfield,28192,4,0,0,3,1,101,9,81,11,0,
,Berkeley Heights Township,13040,4,0,1,0,3,84,19,60,5,0,
,Berkeley Township,45509,51,0,7,4,40,462,76,367,19,0,
,Berlin,7546,2,0,1,0,1,123,13,104,6,1,
,Berlin Township,6002,9,0,0,2,7,199,11,185,3,0,
,Bernards Township,28151,0,0,0,0,0,65,18,37,10,0,
,Bernardsville,7900,1,0,1,0,0,34,4,25,5,0,
,Blairstown Township,5770,11,0,5,0,6,24,5,15,4,0,
,Bloomfield,53181,53,1,0,10,42,814,37,639,138,1,
,Bloomingdale,7578,6,0,1,1,4,21,5,14,2,0,
,Bogota,9597,6,0,0,0,6,83,6,73,4,0,
,Boonton Township,4425,3,1,1,0,1,10,4,6,0,0,
,Bordentown City,4025,1,0,0,0,1,19,13,5,1,0,
,Bordentown Township,12126,4,0,0,2,2,134,12,105,17,0,
,Bound Brook,12058,10,0,4,2,4,167,12,148,7,2,
,Bradley Beach,4257,3,0,0,0,3,39,13,24,2,0,
,Branchburg Township,14897,9,0,6,0,3,84,6,77,1,0,
,Brick Township,77107,100,0,10,9,81,981,103,860,18,3,
,Bridgeton,26045,237,7,18,88,124,971,92,817,62,3,
,Brielle,4949,3,0,0,0,3,22,3,18,1,0,
,Brigantine,7649,4,0,2,0,2,85,8,73,4,1,
,Brooklawn,1812,19,1,4,2,12,194,7,177,10,0,
,Burlington City,10163,49,0,5,3,41,194,14,165,15,1,
,Burlington Township,24109,42,0,2,5,35,255,34,198,23,1,
,Butler,8195,0,0,0,0,0,48,1,44,3,0,
,Caldwell,8808,6,0,0,0,6,29,1,28,0,0,
,Califon,1025,1,0,0,0,1,1,0,1,0,0,
,Camden County Police Department,70875,1198,29,64,228,877,2261,303,1071,887,41,
,Cape May,2786,4,0,1,1,2,105,3,102,0,0,
,Carlstadt,6322,3,0,1,0,2,122,2,102,18,0,
,Carney's Point Township,8683,16,0,3,5,8,80,6,55,19,0,
,Carteret,25208,55,1,4,8,42,385,51,297,37,1,
,Cedar Grove Township,13495,5,0,1,1,3,94,13,70,11,0,
,Chatham,9277,2,0,0,0,2,65,16,44,5,1,
,Chesilhurst,1541,0,0,0,0,0,7,1,6,0,0,
,Chester,1685,0,0,0,0,0,22,2,20,0,0,
,Chester Township,7755,2,0,1,0,1,21,3,18,0,0,
,Cinnaminson Township,17497,21,0,3,4,14,353,54,268,31,0,
,Clark Township,15184,7,0,1,3,3,338,32,288,18,0,
,Clayton,9008,7,0,1,0,6,67,14,49,4,1,
,Clementon,5350,17,0,0,5,12,74,16,55,3,0,
,Cliffside Park,25617,19,0,4,6,9,186,10,162,14,0,
,Clinton,2798,1,0,0,0,1,9,1,8,0,0,
,Clinton Township,13239,2,0,0,0,2,50,19,31,0,0,
,Closter,8523,2,0,0,0,2,96,7,89,0,0,
,Collingswood,14196,15,0,2,2,11,422,32,266,124,0,
,Colts Neck Township,9936,1,0,0,0,1,81,26,40,15,0,
,Cranbury Township,3948,2,0,0,0,2,34,3,26,5,0,
,Cranford Township,23879,9,0,2,2,5,232,81,134,17,1,
,Cresskill,9078,1,1,0,0,0,30,8,15,7,0,
,Deal,893,0,0,0,0,0,27,2,19,6,0,
,Delanco Township,4857,4,0,0,0,4,42,4,33,5,0,
,Delaware Township,4597,2,0,1,0,1,7,0,6,1,0,
,Delran Township,17966,21,0,3,2,16,282,21,252,9,0,
,Denville Township,17214,0,0,0,0,0,71,5,64,2,0,
,Deptford Township,32541,60,1,10,20,29,1188,92,1044,52,1,
,Dover,18493,32,1,5,6,20,80,6,66,8,1,
,Dumont,18415,8,0,1,0,7,73,12,59,2,0,
,Eastampton Township,6342,13,0,0,1,12,63,7,44,12,2,
,East Brunswick Township,49399,46,0,10,7,29,681,74,574,33,1,
,East Greenwich Township,12336,10,0,2,0,8,94,6,83,5,0,
,East Hanover Township,11181,1,0,0,0,1,206,43,151,12,0,
,East Newark,2407,3,0,0,2,1,31,9,16,6,0,
,East Orange,68230,330,3,24,102,201,1353,107,791,455,6,
,East Rutherford,10644,12,0,1,3,8,173,16,137,20,0,
,East Windsor Township,29848,9,0,1,1,7,327,11,292,24,1,
,Eatontown,13532,24,0,3,7,14,250,20,215,15,0,
,Edgewater,14717,8,0,0,3,5,185,13,150,22,0,
,Edgewater Park Township,8987,18,0,1,4,13,118,16,94,8,0,
,Edison Township,107894,189,0,11,53,125,2188,252,1785,151,3,
,Egg Harbor City,4417,15,0,3,1,11,100,15,79,6,1,
,Egg Harbor Township,48039,62,2,1,13,46,1176,176,961,39,8,
,Elizabeth,133578,745,10,45,252,438,3984,267,2881,836,2,
,Elk Township,4493,4,0,0,0,4,24,6,17,1,0,
,Elmwood Park,21243,56,0,4,10,42,364,32,290,42,0,
,Emerson,7240,1,0,0,0,1,15,2,10,3,0,
,Englewood,29038,129,1,11,24,93,394,47,307,40,0,
,Englishtown,2351,1,0,0,0,1,14,0,14,0,0,
,Essex Fells,2147,0,0,0,0,0,38,19,14,5,1,
,Evesham Township,49018,56,0,4,11,41,842,68,739,35,5,
,Ewing Township,33469,79,1,10,12,56,989,83,819,87,2,
,"Fairfield Township, Essex County",7752,5,0,1,0,4,187,17,160,10,0,
,Fair Haven,6124,2,0,0,0,2,16,5,8,3,0,
,Fair Lawn,35612,26,0,6,9,11,315,29,269,17,2,
,Fairview,14901,12,0,0,5,7,165,11,144,10,0,
,Fanwood,7637,1,0,1,0,0,33,7,22,4,0,
,Flemington,4927,1,0,0,0,1,129,3,116,10,0,
,Florence Township,12878,12,0,0,0,12,48,8,34,6,1,
,Florham Park,13746,1,0,1,0,0,92,22,61,9,1,
,Fort Lee,39644,42,0,2,6,34,553,65,426,62,2,
,Franklin,5003,5,0,2,0,3,39,1,38,0,0,
,Franklin Lakes,10920,1,1,0,0,0,57,8,45,4,0,
,"Franklin Township, Gloucester County",16608,24,0,0,3,21,198,43,140,15,2,
,"Franklin Township, Hunterdon County",3253,1,0,0,0,1,13,2,11,0,0,
,"Franklin Township, Somerset County",69175,64,2,20,21,21,843,89,693,61,0,
,Freehold Borough,12489,27,0,4,5,18,89,10,76,3,0,
,Frenchtown,1387,0,0,0,0,0,4,0,4,0,0,
,Galloway Township,37928,70,0,11,9,50,455,103,313,39,0,
,Garfield,32449,39,0,11,7,21,529,12,448,69,0,
,Garwood,5356,3,0,0,1,2,32,1,27,4,0,
,Gibbsboro,2229,2,0,0,0,2,40,4,36,0,0,
,Glassboro,23906,38,0,2,7,29,276,30,215,31,2,
,Glen Ridge,8101,3,0,0,0,3,143,19,116,8,0,
,Glen Rock,12049,2,0,0,0,2,86,12,71,3,0,
,Gloucester City,11500,23,2,0,6,15,223,21,196,6,0,
,Gloucester Township,66250,61,1,7,3,50,770,43,664,63,2,
,Green Brook Township,7392,2,0,0,1,1,54,23,24,7,0,
,"Greenwich Township, Gloucester County",5017,7,0,0,3,4,40,8,26,6,0,
,"Greenwich Township, Warren County",5516,0,0,0,0,0,150,4,145,1,0,
,Guttenberg,11252,40,0,3,0,37,102,13,81,8,0,
,Hackensack,45665,113,1,18,20,74,1082,97,905,80,2,
,Hackettstown,10082,2,0,0,1,1,65,7,54,4,0,
,Haddonfield,12547,3,0,2,0,1,167,19,133,15,2,
,Haddon Township,15457,10,0,0,4,6,482,64,394,24,0,
,Hamburg,3331,8,0,2,1,5,7,2,4,1,0,
,"Hamilton Township, Atlantic County",28492,28,0,3,6,19,654,59,562,33,1,
,"Hamilton Township, Mercer County",91606,213,1,23,34,155,2018,156,1709,153,1,
,Hammonton,14906,35,0,0,5,30,104,11,83,10,1,
,Hanover Township,14698,10,0,0,4,6,210,22,181,7,1,
,Harding Township,3909,0,0,0,0,0,21,5,15,1,0,
,Hardyston Township,8365,4,0,1,0,3,29,6,23,0,0,
,Harrington Park,5092,0,0,0,0,0,18,4,13,1,0,
,Harrison,20043,61,1,1,15,44,472,40,362,70,0,
,Harrison Township,13907,5,0,1,0,4,59,17,37,5,0,
,Hasbrouck Heights,12028,2,1,0,1,0,57,4,52,1,0,
,Hawthorne,19130,7,0,0,1,6,187,13,164,10,0,
,Hazlet Township,20871,22,0,1,1,20,262,16,237,9,1,
,Helmetta,2442,1,0,0,0,1,8,0,8,0,0,
,High Bridge,3626,3,0,2,0,1,11,2,9,0,0,
,Highland Park,15018,12,0,0,2,10,202,24,163,15,0,
,Highlands,4624,5,0,0,0,5,18,3,13,2,0,
,Hightstown,5862,14,0,2,2,10,29,1,26,2,0,
,Hillsborough Township,43522,25,0,2,1,22,250,42,194,14,1,
,Hillsdale,10044,1,0,0,1,0,30,5,24,1,0,
,Hillside Township,21955,53,0,7,20,26,660,50,466,144,0,
,Hoboken,56832,85,0,7,17,61,820,54,719,47,2,
,Holmdel Township,17388,7,0,1,1,5,133,20,102,11,0,
,Hopatcong,14634,14,0,2,0,12,12,2,8,2,1,
,Hopewell Borough,1897,2,0,0,1,1,8,2,5,1,0,
,Hopewell Township,17453,14,0,3,1,10,108,19,86,3,2,
,Howell Township,53819,52,0,6,1,45,490,41,428,21,2,
,Independence Township,5533,1,0,0,0,1,6,3,2,1,0,
,Irvington,59729,278,5,18,185,70,1529,101,811,617,0,
,Jackson Township,61387,28,0,5,2,21,236,15,201,20,1,
,Jamesburg,5751,2,0,0,1,1,47,37,10,0,0,
,Jefferson Township,20606,9,0,0,0,9,45,5,38,2,0,
,Jersey City,285117,811,11,25,133,642,4093,144,3324,625,8,
,Kearny,39111,64,0,0,30,34,1005,132,768,105,2,
,Kenilworth,8250,0,0,0,0,0,78,3,66,9,0,
,Keyport,7151,6,0,0,2,4,119,10,101,8,0,
,Kinnelon,10041,0,0,0,0,0,39,6,27,6,0,
,Lacey Township,30274,30,0,0,1,29,230,19,205,6,1,
,Lakehurst,2741,1,0,0,0,1,28,2,26,0,0,
,Lakewood Township,142510,223,1,23,33,166,921,138,709,74,10,
,Lambertville,4168,2,0,1,0,1,30,0,28,2,0,
,Laurel Springs,1983,0,0,0,0,0,18,4,11,3,0,
,Lavallette,1872,0,0,0,0,0,13,0,13,0,0,
,Lawnside,3484,12,1,0,4,7,187,4,167,16,0,
,"Lawrence Township, Mercer County",31314,13,0,7,6,0,551,49,481,21,0,
,Lebanon Township,6248,0,0,0,0,0,30,1,27,2,1,
,Leonia,9252,6,0,0,4,2,84,24,51,9,0,
,Lincoln Park,10981,6,0,0,1,5,86,10,69,7,0,
,Linden,43412,187,3,21,32,131,1561,101,1324,136,1,
,Lindenwold,21665,96,0,10,31,55,350,60,266,24,1,
,Linwood,6971,2,0,2,0,0,73,8,65,0,0,
,Little Egg Harbor Township,21757,22,1,2,1,18,235,12,211,12,0,
,Little Falls Township,13980,17,0,1,2,14,99,8,84,7,0,
,Little Silver,6053,0,0,0,0,0,51,6,36,9,0,
,Livingston Township,30989,16,0,4,2,10,400,71,285,44,0,
,Lodi,25714,34,0,5,5,24,357,22,291,44,1,
,Logan Township,6104,7,0,0,1,6,99,6,82,11,0,
,Long Beach Township,3160,4,0,0,0,4,41,2,39,0,0,
,Long Branch,32831,79,0,7,10,62,439,61,352,26,1,
,Longport,879,0,0,0,0,0,6,0,4,2,0,
,Lopatcong Township,9760,6,0,0,1,5,70,6,57,7,0,
,Lower Township,22195,31,0,6,2,23,170,29,128,13,1,
,Lumberton Township,12882,19,0,3,4,12,193,17,167,9,1,
,Lyndhurst Township,22285,21,0,1,5,15,174,12,142,20,0,
,Madison,16019,2,0,0,0,2,77,10,63,4,0,
,Magnolia,4354,23,0,1,8,14,106,11,86,9,0,
,Mahwah Township,25318,11,0,2,4,5,187,19,156,12,1,
,Manalapan Township,40618,13,0,3,3,7,293,74,198,21,0,
,Manasquan,5917,2,0,2,0,0,55,10,43,2,0,
,Manchester Township,46818,29,2,7,1,19,179,14,162,3,3,
,"Mansfield Township, Burlington County",8969,7,0,1,1,5,54,4,45,5,0,
,"Mansfield Township, Warren County",7873,0,0,0,0,0,101,8,92,1,0,
,Mantua Township,15528,9,0,2,1,6,273,40,220,13,0,
,Maple Shade Township,20039,74,0,20,13,41,352,38,269,45,0,
,Maplewood Township,25130,20,0,3,10,7,310,36,222,52,0,
,Margate City,5178,2,0,0,0,2,97,7,79,11,0,
,Marlboro Township,41440,14,0,0,1,13,456,62,340,54,0,
,Matawan,9629,0,0,0,0,0,1,0,0,1,0,
,Maywood,10007,12,0,0,1,11,124,6,112,6,1,
,Medford Lakes,4298,1,0,0,1,0,15,2,13,0,0,
,Medford Township,24666,19,1,10,1,7,172,23,134,15,3,
,Merchantville,3824,5,0,0,0,5,58,12,35,11,0,
,Metuchen,15008,6,0,1,1,4,185,32,146,7,0,
,Middle Township,20639,73,0,14,5,54,325,35,274,16,1,
,Midland Park,6959,0,0,0,0,0,32,2,29,1,0,
,Millburn Township,22065,4,0,1,2,1,466,49,392,25,0,
,Milltown,6996,10,0,0,2,8,94,6,85,3,0,
,Millville,27260,151,6,36,27,82,1195,161,958,76,3,
,Monmouth Beach,3211,0,0,0,0,0,9,2,4,3,0,
,"Monroe Township, Gloucester County",38174,49,1,7,4,37,445,108,306,31,2,
,"Monroe Township, Middlesex County",48552,13,0,0,1,12,110,23,75,12,0,
,Montclair,39967,44,0,8,7,29,189,58,107,24,0,
,Montvale,8455,6,0,0,3,3,77,9,68,0,0,
,Montville Township,22545,4,0,0,1,3,110,36,70,4,0,
,Moonachie,3106,7,0,0,1,6,26,3,19,4,0,
,Moorestown Township,21566,8,0,2,4,2,230,40,181,9,1,
,Morris Plains,6174,0,0,0,0,0,68,3,65,0,0,
,Morristown,20517,25,0,1,1,23,89,4,74,11,1,
,Mountain Lakes,4683,1,0,0,1,0,25,5,12,8,0,
,Mountainside,6959,1,0,0,0,1,16,0,16,0,0,
,Mount Arlington,5935,0,0,0,0,0,33,8,24,1,0,
,Mount Ephraim,4649,14,0,0,4,10,217,2,209,6,0,
,Mount Holly Township,10045,36,0,3,5,28,183,14,161,8,1,
,Mount Laurel Township,46507,86,1,11,20,54,924,56,803,65,1,
,Mount Olive Township,29160,6,0,1,2,3,104,9,91,4,0,
,Mullica Township,5828,4,0,0,0,4,59,18,38,3,0,
,Neptune City,4594,9,0,0,1,8,168,13,148,7,0,
,Neptune Township,28238,96,1,10,13,72,968,87,840,41,1,
,Netcong,3834,6,0,0,1,5,18,2,16,0,0,
,Newark,303827,1487,53,107,406,921,6745,431,2579,3735,21,
,New Brunswick,56562,528,1,35,241,251,1670,202,1349,119,5,
,New Milford,16931,2,1,0,0,1,78,15,60,3,0,
,Newton,8524,15,0,1,2,12,53,0,53,0,0,
,North Arlington,16320,10,0,1,2,7,212,17,175,20,0,
,North Bergen Township,59147,73,0,8,18,47,484,46,380,58,4,
,North Brunswick Township,44116,77,0,9,8,60,721,41,612,68,0,
,Northfield,8465,3,0,0,3,0,88,6,64,18,0,
,North Plainfield,22733,49,0,10,21,18,393,34,323,36,0,
,Northvale,4774,0,0,0,0,0,37,8,28,1,0,
,North Wildwood,3637,11,0,1,1,9,132,2,128,2,0,
,Nutley Township,29436,29,0,4,3,22,250,22,198,30,0,
,Oakland,12666,6,0,0,0,6,38,10,25,3,1,
,Oceanport,6112,4,0,0,1,3,38,6,26,6,0,
,"Ocean Township, Monmouth County",27887,31,0,9,6,16,659,56,581,22,2,
,"Ocean Township, Ocean County",9140,2,0,0,0,2,23,0,23,0,1,
,Old Bridge Township,68491,49,0,0,4,45,650,79,517,54,0,
,Old Tappan,5830,2,0,0,0,2,23,6,16,1,0,
,Oradell,8167,1,0,0,0,1,21,7,14,0,0,
,Orange City,33489,127,0,20,41,66,461,55,281,125,2,
,Oxford Township,2467,1,0,0,0,1,12,7,5,0,0,
,Palisades Park,20092,13,0,0,4,9,154,41,89,24,0,
,Palmyra,7488,13,0,1,4,8,135,2,118,15,0,
,Paramus,26333,7,0,0,6,1,812,28,763,21,0,
,Park Ridge,9761,1,0,0,1,0,22,2,19,1,0,
,Parsippany-Troy Hills Township,56431,18,0,4,2,12,523,78,413,32,1,
,Passaic,68784,432,2,11,96,323,1519,94,1179,246,3,
,Paterson,155991,1410,15,64,342,989,3815,631,2451,733,11,
,Paulsboro,6298,28,0,0,4,24,115,12,86,17,0,
,Peapack-Gladstone,2560,0,0,0,0,0,22,1,20,1,0,
,Pemberton Township,27012,100,0,13,2,85,335,37,271,27,3,
,Pennington,2787,2,0,0,0,2,16,1,13,2,0,
,Pennsauken Township,37326,129,0,1,39,89,1580,256,1139,185,1,
,Penns Grove,4851,44,0,2,8,34,103,30,58,15,1,
,Pennsville Township,12738,14,0,4,4,6,478,6,455,17,0,
,Pequannock Township,15640,9,0,0,0,9,109,8,95,6,0,
,Perth Amboy,55544,204,0,8,25,171,906,131,690,85,2,
,Phillipsburg,15368,43,0,15,11,17,247,28,203,16,3,
,Pine Hill,10769,23,0,0,4,19,169,68,88,13,1,
,Piscataway Township,60391,84,1,0,13,70,591,48,485,58,0,
,Pitman,8931,3,0,0,0,3,28,1,24,3,0,
,Plainfield,54791,288,1,14,96,177,915,88,758,69,8,
,Plainsboro Township,23973,5,4,0,0,1,125,2,115,8,0,
,Pleasantville,20694,61,1,2,11,47,343,114,174,55,0,
,Plumsted Township,8782,4,0,2,0,2,32,7,12,13,0,
,Pohatcong Township,3284,2,0,0,1,1,145,7,136,2,0,
,Point Pleasant,19718,10,0,3,0,7,80,20,58,2,0,
,Point Pleasant Beach,4953,12,0,0,0,12,109,11,85,13,0,
,Pompton Lakes,10851,1,0,0,1,0,43,0,41,2,0,
,Princeton ,30368,17,0,7,3,7,233,19,204,10,1,
,Prospect Park,6213,1,0,0,1,0,101,41,50,10,1,
,Rahway,29812,50,0,9,14,27,313,22,253,38,4,
,Ramsey,14681,2,1,0,0,1,128,8,106,14,0,
,Randolph Township,26616,3,0,0,0,3,84,10,66,8,0,
,Raritan Township,24371,7,0,1,2,4,43,7,35,1,1,
,Readington Township,16364,3,0,0,0,3,69,17,50,2,0,
,Red Bank,12829,21,0,11,6,4,155,24,123,8,0,
,Ridgefield,11397,6,0,0,2,4,118,4,98,16,0,
,Ridgefield Park,13116,12,0,1,2,9,191,4,173,14,0,
,Ridgewood,26392,10,0,1,1,8,165,26,129,10,0,
,Riverdale,4123,2,0,0,0,2,124,9,110,5,0,
,River Edge,11993,5,0,1,3,1,113,7,100,6,0,
,Riverside Township,8054,11,0,2,1,8,63,7,51,5,0,
,River Vale Township,9926,2,0,0,0,2,32,12,20,0,0,
,Robbinsville Township,15348,8,0,4,1,3,163,17,128,18,1,
,Rochelle Park Township,5843,10,0,1,2,7,80,11,65,4,0,
,Rockaway,6621,1,0,0,0,1,31,8,23,0,0,
,Rockaway Township,26475,16,0,5,1,10,262,20,235,7,0,
,Roseland,6148,0,0,0,0,0,57,9,28,20,0,
,Roselle,22266,38,2,5,8,23,284,16,192,76,0,
,Roselle Park,13775,6,0,3,0,3,162,12,140,10,1,
,Roxbury Township,23285,4,2,1,1,0,180,18,153,9,0,
,Rumson,7182,9,0,0,0,9,31,8,15,8,0,
,Runnemede,8336,1,1,0,0,0,165,9,149,7,0,
,Rutherford,18666,7,0,0,1,6,231,21,184,26,0,
,Saddle Brook Township,14411,5,0,1,1,3,190,6,174,10,0,
,Saddle River,3361,0,0,0,0,0,37,17,18,2,0,
,Salem,5337,112,1,11,8,92,139,54,67,18,2,
,Sayreville,45233,37,1,2,6,28,565,59,460,46,1,
,Scotch Plains Township,24406,8,0,0,1,7,186,52,97,37,2,
,Sea Bright,1432,2,0,0,0,2,1,0,1,0,0,
,Sea Girt,1849,2,0,0,0,2,5,3,2,0,0,
,Sea Isle City,2145,5,0,2,0,3,80,10,69,1,0,
,Seaside Heights,2536,24,0,1,0,23,113,6,104,3,0,
,Seaside Park,1496,1,1,0,0,0,13,2,11,0,0,
,Secaucus,20734,37,0,6,12,19,708,20,653,35,0,
,Ship Bottom,1133,0,0,0,0,0,11,2,7,2,0,
,Shrewsbury,4175,2,0,0,2,0,98,13,80,5,0,
,Somerdale,5562,19,0,2,3,14,308,7,277,24,1,
,Somers Point,10514,46,0,7,3,36,217,24,180,13,1,
,South Amboy,9337,16,0,0,0,16,109,32,57,20,0,
,South Bound Brook,4856,1,0,0,0,1,46,2,40,4,0,
,South Brunswick Township,46773,62,0,6,6,50,387,37,323,27,5,
,South Hackensack Township,2679,12,0,3,2,7,113,3,102,8,0,
,South Harrison Township,3459,0,0,0,0,0,7,0,6,1,0,
,South Orange Village,18183,7,0,2,1,4,262,29,199,34,0,
,South Plainfield,24286,39,3,3,8,25,421,29,373,19,0,
,South River,16009,15,0,0,2,13,68,4,59,5,1,
,South Toms River,3787,3,0,0,1,2,70,18,51,1,0,
,Sparta Township,20321,3,0,1,0,2,62,4,58,0,0,
,"Springfield Township, Union County",16814,14,0,1,2,11,213,20,175,18,0,
,Spring Lake,2772,0,0,0,0,0,52,6,42,4,0,
,Spring Lake Heights,4860,0,0,0,0,0,5,0,5,0,0,
,Stafford Township,30666,6,0,1,0,5,340,6,320,14,0,
,Stanhope,3582,2,0,0,0,2,11,3,7,1,0,
,Stone Harbor,799,1,0,1,0,0,58,4,51,3,0,
,Stratford,6988,6,0,0,2,4,65,13,42,10,0,
,Summit,22273,11,0,4,0,7,183,39,130,14,0,
,Surf City,1308,1,0,0,0,1,12,1,8,3,0,
,Swedesboro,2753,1,0,0,0,1,15,1,12,2,0,
,Teaneck Township,41990,26,0,2,5,19,478,48,400,30,4,
,Tenafly,15205,4,0,0,1,3,68,13,46,9,0,
,Teterboro,70,2,0,0,0,2,200,1,195,4,0,
,Tewksbury Township,5921,0,0,0,0,0,12,3,7,2,0,
,Toms River Township,100329,110,0,20,15,75,1248,125,1055,68,2,
,Trenton,89509,931,27,61,237,606,1671,279,1089,303,7,
,Tuckerton,3738,0,0,0,0,0,37,8,19,10,0,
,Union Beach,5702,1,0,0,0,1,5,2,2,1,0,
,Union City,64257,202,1,7,38,156,1083,67,954,62,2,
,Union Township,61235,56,0,2,17,37,1238,72,1055,111,0,
,Upper Saddle River,8263,1,0,0,0,1,30,10,19,1,0,
,Ventnor City,9272,11,0,0,2,9,284,26,248,10,0,
,Vernon Township,22743,3,0,0,0,3,21,2,18,1,0,
,Verona,14273,4,0,1,1,2,94,21,61,12,2,
,Vineland,60421,269,0,15,36,218,1591,208,1317,66,14,
,Voorhees Township,31136,13,0,1,3,9,405,31,348,26,4,
,Waldwick,10067,2,0,1,0,1,22,2,20,0,0,
,Wallington,11797,11,0,0,2,9,183,8,159,16,0,
,Wall Township,26326,24,0,1,2,21,347,38,298,11,0,
,Wanaque,10962,2,0,0,0,2,23,2,20,1,0,
,Warren Township,15946,1,0,0,1,0,100,57,42,1,0,
,Washington,7375,2,0,0,0,2,37,4,32,1,0,
,"Washington Township, Bergen County",9254,3,0,0,0,3,22,4,15,3,0,
,"Washington Township, Gloucester County",49674,57,0,4,12,41,791,66,687,38,0,
,"Washington Township, Morris County",18242,7,0,2,0,5,62,8,53,1,0,
,"Washington Township, Warren County",6626,2,0,0,0,2,57,9,47,1,0,
,Watchung,6468,3,0,0,1,2,242,10,226,6,0,
,Waterford Township,10437,1,0,0,0,1,77,7,67,3,0,
,Wayne Township,52317,51,0,2,7,42,1107,83,990,34,0,
,Weehawken Township,17332,12,0,2,5,5,259,12,225,22,1,
,Westampton Township,9201,44,0,10,6,28,211,12,186,13,1,
,West Amwell Township,3037,0,0,0,0,0,28,2,25,1,0,
,West Caldwell Township,10762,3,0,0,1,2,85,5,74,6,0,
,West Deptford Township,22597,30,0,1,5,24,296,43,241,12,1,
,Westfield,30478,5,0,2,1,2,264,35,192,37,0,
,West Long Branch,8575,4,0,0,0,4,98,7,83,8,0,
,West Milford Township,24268,14,0,3,0,11,63,9,54,0,1,
,West New York,51884,124,1,15,35,73,670,50,570,50,1,
,West Orange,47758,94,0,13,21,60,732,108,559,65,1,
,Westville,4338,12,0,1,3,8,116,19,89,8,0,
,West Windsor Township,29751,12,1,1,1,9,508,22,479,7,2,
,Westwood,11193,5,0,0,0,5,41,1,39,1,0,
,Wharton,7267,2,0,0,0,2,95,4,89,2,0,
,Wildwood Crest,3102,5,0,2,0,3,41,12,25,4,0,
,Willingboro Township,32094,110,0,12,19,79,387,62,266,59,4,
,Winfield Township,1392,1,0,0,0,1,18,2,16,0,0,
,Woodbridge Township,103449,246,1,19,48,178,1915,184,1589,142,9,
,Woodbury,10127,44,3,3,15,23,354,19,300,35,4,
,Woodcliff Lake,6086,0,0,0,0,0,42,9,30,3,0,
,Woodland Park,13123,9,0,2,0,7,174,13,142,19,1,
,Woodlynne,2908,14,0,0,12,2,105,42,59,4,0,
,Wood-Ridge,10091,4,0,0,0,4,47,2,36,9,0,
,Woodstown,3711,5,0,0,2,3,22,3,17,2,0,
,Woolwich Township,13628,2,0,0,1,1,98,2,86,10,0,
NEW MEXICO,Alamogordo,31496,128,2,9,4,113,923,211,637,75,5,
,Albuquerque,559094,7363,108,303,981,5971,26304,3756,16790,5758,61,
,Anthony,8603,18,1,3,2,12,40,17,14,9,1,
,Artesia,12145,26,1,8,0,17,343,93,225,25,1,
,Aztec,6093,44,0,7,0,37,69,12,47,10,1,
,Bayard,2051,14,0,0,1,13,21,2,18,1,0,
,Belen,7435,100,1,1,6,92,263,59,153,51,2,
,Bloomfield,7302,46,1,8,1,36,110,22,77,11,2,
,Bosque Farms,4053,0,0,0,0,0,24,5,17,2,0,
,Capitan,1417,3,0,0,0,3,11,7,4,0,0,
,Carlsbad,31287,175,0,17,4,154,808,128,526,154,13,
,Clayton,2565,4,0,0,0,4,3,1,2,0,1,
,Clovis,37601,208,3,22,7,176,858,271,504,83,15,
,Corrales,8496,10,0,0,0,10,32,10,14,8,1,
,Edgewood,6086,26,2,0,1,23,91,19,68,4,0,
,Eunice,2901,12,0,2,1,9,35,18,9,8,0,
,Farmington,45939,490,8,65,34,383,1171,179,871,121,11,
,Gallup,20510,279,5,22,51,201,809,115,599,95,22,
,Hobbs,39155,347,7,36,25,279,1945,339,1389,217,25,
,Las Cruces,114999,665,8,57,77,523,6212,1124,4259,829,8,
,Las Vegas,12990,138,1,8,7,122,291,82,195,14,1,
,Lordsburg,2179,10,0,0,0,10,9,2,4,3,0,
,Los Lunas,19177,115,0,7,7,101,590,109,420,61,2,
,Peralta,3413,4,0,0,0,4,30,8,19,3,0,
,Raton,5946,17,0,0,1,16,73,29,38,6,3,
,Rio Rancho,109992,453,2,41,13,397,1639,200,1262,177,13,
,Roswell,46881,429,7,35,28,359,1348,221,989,138,33,
,Santa Clara,1601,9,0,0,0,9,20,5,14,1,0,
,Santa Fe,89657,766,5,54,72,635,4453,1048,2680,725,39,
,Santa Rosa,2738,8,0,0,0,8,29,8,10,11,0,
,Sunland Park,17731,73,1,9,2,61,133,32,80,21,1,
,Taos,6422,66,1,2,2,61,349,88,231,30,1,
,Truth or Consequences,5944,43,0,0,3,40,102,30,59,13,1,
NEW YORK,Adams Village,1687,0,0,0,0,0,4,1,3,0,0,
,Addison Town and Village,2339,4,0,0,0,4,27,4,21,2,0,
,Akron Village,2887,0,0,0,0,0,5,0,5,0,0,
,Albany,101930,1008,14,55,244,695,3488,439,2651,398,47,
,Albion Village,5641,24,0,3,2,19,119,16,100,3,0,
,Alfred Village,4592,8,0,4,0,4,25,3,22,0,1,
,Allegany Village,1562,0,0,0,0,0,6,0,6,0,0,
,Altamont Village,1640,0,0,0,0,0,14,0,13,1,0,
,Amherst Town,125647,195,0,31,49,115,2520,188,2077,255,5,
,Amityville Village,9629,6,0,0,3,3,97,4,93,0,0,
,Amsterdam,18268,17,1,0,5,11,263,34,209,20,0,
,Andover Village,898,0,0,0,0,0,0,0,0,0,0,
,Arcade Village,1936,2,0,0,0,2,4,0,4,0,0,
,Ardsley Village,4880,1,0,0,1,0,44,5,39,0,0,
,Asharoken Village,608,0,0,0,0,0,0,0,0,0,0,
,Attica Village,2452,1,0,0,0,1,4,1,2,1,0,
,Auburn,25723,85,0,21,8,56,555,69,470,16,7,
,Bainbridge Village,1262,0,0,0,0,0,2,0,2,0,0,
,Baldwinsville Village,7612,4,0,0,0,4,56,2,51,3,0,
,Ballston Spa Village,4916,2,0,0,0,2,26,10,16,0,,
,Batavia,15410,57,0,8,7,42,362,40,309,13,2,
,Bath Village,5539,25,0,1,3,21,37,5,31,1,1,
,Beacon,14600,13,0,3,0,10,122,7,106,9,2,
,Bedford Town,16700,3,0,2,0,1,16,7,7,2,0,
,Belmont Village,836,0,0,0,0,0,0,0,0,0,0,
,Bethlehem Town,34891,14,0,4,0,10,325,18,294,13,2,
,Binghamton,46781,313,3,20,53,237,1657,254,1329,74,11,
,Black River,1250,0,0,0,0,0,0,0,0,0,0,
,Blasdell Village,2543,4,0,0,0,4,36,4,28,4,0,
,Blooming Grove Town,12815,9,0,3,1,5,89,9,76,4,2,
,Bolivar Village,1008,0,0,0,0,0,1,0,1,0,0,
,Boonville Village,2019,0,0,0,0,0,10,0,10,0,0,
,Brewster,2511,7,0,0,0,7,7,0,6,1,0,
,Brighton Town,36095,34,0,5,7,22,929,48,637,244,3,
,Brockport Village,7035,6,0,1,0,5,53,9,39,5,0,
,Bronxville Village,6373,0,0,0,0,0,43,5,34,4,0,
,Brookville,2935,1,0,0,0,1,26,3,19,4,0,
,Brownville Village ,944,0,0,0,0,0,0,0,0,0,0,
,Buffalo,275922,2081,39,117,500,1425,11545,1349,6372,3824,104,
,Cairo Town,6772,1,0,0,0,1,28,4,24,0,0,
,Cambridge Village,1807,2,0,0,0,2,8,0,6,2,0,
,Camden Village,2138,0,0,0,0,0,7,2,5,0,0,
,Camillus Town and Village,25129,14,0,0,1,13,243,22,210,11,3,
,Canandaigua,10539,38,0,19,2,17,162,12,137,13,0,
,Canastota Village,4462,5,0,0,0,5,31,1,26,4,,
,Canisteo Village,2170,3,0,1,0,2,8,1,7,0,0,
,Canton Village,7112,3,0,2,0,1,69,11,57,1,1,
,Cape Vincent Village,734,0,0,0,0,0,0,0,0,0,0,
,Carmel Town,33876,11,0,0,1,10,104,8,92,4,0,
,Carthage Village,3293,1,0,0,0,1,8,1,7,0,0,
,Catskill Village,3816,5,0,1,0,4,81,6,75,0,0,
,Cattaraugus Village,974,0,0,0,0,0,0,0,0,0,0,
,Central Square Village,1848,1,0,0,1,0,44,1,42,1,0,
,Centre Island Village,391,0,0,0,0,0,0,0,0,0,0,
,Cheektowaga Town,79330,209,1,25,68,115,2942,203,2288,451,2,
,Chester Village,3990,1,0,1,0,0,35,1,32,2,0,
,Cicero Town,28844,8,0,0,1,7,327,27,266,34,0,
,Clarkstown Town,79995,72,0,9,15,48,1437,63,1332,42,3,
,Clayton Village,1713,0,0,0,0,0,0,0,0,0,0,
,Clyde Village,2145,0,0,0,0,0,7,0,7,0,0,
,Coeymans Town,7159,10,0,1,0,9,30,1,28,1,0,
,Cohoes,17761,45,1,6,6,32,279,39,205,35,1,
,Colchester Town,1806,0,0,0,0,0,13,3,8,2,1,
,Cold Spring Village,2003,0,0,0,0,0,7,0,7,0,0,
,Colonie Town,80724,124,0,1,38,85,2879,178,2626,75,10,
,Corning,10735,30,0,1,1,28,293,40,239,14,1,
,Cornwall-on-Hudson Village,3009,0,0,0,0,0,12,0,12,0,0,
,Cornwall Town,9642,2,0,2,0,0,22,5,15,2,0,
,Cortland,17215,60,0,5,8,47,512,55,452,5,2,
,Coxsackie Village,2767,0,0,0,0,0,1,0,1,0,0,
,Crawford Town,9047,3,0,1,0,2,33,2,24,7,0,
,Croton-on-Hudson Village,8068,3,0,0,0,3,54,2,51,1,0,
,Cuba Town,3094,4,0,0,0,4,33,4,24,5,0,
,Dansville Village,4394,6,0,0,2,4,102,14,84,4,0,
,Deerpark Town,7380,3,0,0,0,3,31,2,20,9,0,
,Delhi Village,3087,1,0,1,0,0,15,1,13,1,0,
,Depew Village,14910,18,0,3,0,15,246,28,197,21,1,
,DeWitt Town,25179,56,2,3,17,34,914,69,772,73,2,
,Dexter Village,1009,0,0,0,0,0,3,1,2,0,0,
,Dobbs Ferry Village,11269,6,0,1,1,4,107,16,81,10,2,
,Dunkirk,12479,20,0,1,2,17,169,22,142,5,2,
,Durham Town,2662,0,0,0,0,0,4,1,3,0,0,
,East Aurora-Aurora Town,13955,4,0,1,1,2,85,13,67,5,3,
,Eastchester Town,20043,4,0,0,2,2,114,13,78,23,0,
,East Fishkill Town,29845,16,0,2,1,13,120,5,111,4,0,
,East Greenbush Town,16433,26,0,0,3,23,308,27,263,18,0,
,East Rochester Village,6159,7,0,1,0,6,83,11,44,28,1,
,Eden Town,7511,0,0,0,0,0,27,3,19,5,0,
,Ellicott Town,5317,5,1,0,0,4,166,26,132,8,0,
,Ellicottville,1317,3,0,1,0,2,16,3,13,0,0,
,Elmira,25527,82,1,1,16,64,370,56,309,5,1,
,Elmsford Village,5053,3,0,1,0,2,7,0,7,0,0,
,Endicott Village,13198,53,2,3,6,42,397,67,327,3,5,
,Evans Town,15067,25,0,3,4,18,127,17,106,4,0,
,Fairport Village,5341,1,0,0,0,1,33,9,18,6,0,
,Fallsburg Town,14152,13,0,3,2,8,60,15,43,2,0,
,Fishkill Village,2152,0,0,0,0,0,55,1,51,3,0,
,Floral Park Village,15828,13,0,1,5,7,141,19,119,3,0,
,Florida Village,2869,1,0,0,0,1,4,1,3,0,0,
,Frankfort Town,4586,6,0,0,0,6,24,1,22,1,0,
,Frankfort Village,2299,0,0,0,0,0,2,0,2,0,0,
,Franklinville Village,1664,0,0,0,0,0,3,0,3,0,0,
,Fredonia Village,9505,2,0,0,0,2,190,12,176,2,1,
,Freeport Village,43691,67,3,0,20,44,442,35,353,54,1,
,Friendship Town,1924,0,0,0,0,0,5,2,3,0,0,
,Fulton City,11291,39,0,4,4,31,152,23,124,5,2,
,Garden City Village,22952,5,0,0,3,2,218,14,187,17,1,
,Gates Town,28883,51,1,3,17,30,865,64,676,125,0,
,Geddes Town,10195,13,0,0,2,11,192,26,153,13,0,
,Geneseo Village,7817,3,0,0,0,3,148,7,140,1,0,
,Geneva,12406,53,0,18,8,27,293,54,223,16,1,
,Glen Cove,27885,31,0,2,7,22,139,7,123,9,0,
,Glen Park Village,447,0,0,0,0,0,0,0,0,0,0,
,Glens Falls,14514,19,0,3,5,11,109,10,91,8,3,
,Glenville Town,22095,15,0,2,5,8,276,12,261,3,0,
,Gloversville,14863,45,0,2,8,35,141,40,96,5,0,
,Goshen Town,8701,3,0,0,1,2,45,6,38,1,0,
,Goshen Village,5765,1,0,0,0,1,22,4,18,0,0,
,Gouverneur Village,3660,15,0,8,0,7,176,20,153,3,0,
,Gowanda Village,2471,0,0,0,0,0,31,6,25,0,0,
,Granville Village,2425,0,0,0,0,0,37,7,19,11,0,
,Great Neck Estates Village,3083,0,0,0,0,0,11,2,3,6,0,
,Greece Town,94724,133,0,5,36,92,2276,201,1511,564,8,
,Greenburgh Town,44609,41,0,5,16,20,777,39,702,36,2,
,Greene Village,1438,0,0,0,0,0,0,0,0,0,0,
,Greenport Town,4417,0,0,0,0,0,34,2,32,0,0,
,Greenwich Village,1676,0,0,0,0,0,3,1,2,0,0,
,Guilderland Town,35705,40,0,11,2,27,722,60,652,10,1,
,Hamburg Town,47886,38,0,11,5,22,879,62,762,55,2,
,Hamburg Village,9785,3,0,0,0,3,40,3,34,3,1,
,Hammondsport Village,588,3,0,0,1,2,7,1,6,0,0,
,Hancock Village,918,1,0,0,0,1,0,0,0,0,0,
,Harriman Village,2612,0,0,0,0,0,19,1,17,1,0,
,Harrison Town,30011,7,0,3,0,4,193,29,157,7,0,
,Hastings-on-Hudson Village,8243,0,0,0,0,0,42,1,39,2,0,
,Hempstead Village,58071,302,1,4,110,187,619,100,386,133,1,
,Herkimer Village,7306,86,0,9,7,70,569,40,522,7,0,
,Highland Falls Village,3652,0,0,0,0,0,0,0,0,0,0,
,Highlands Town,9199,0,0,0,0,0,0,0,0,0,0,
,Holley Village,1718,1,0,0,0,1,7,2,5,0,0,
,Hoosick Falls Village,3141,8,0,1,0,7,41,7,31,3,0,
,Hudson,5801,15,0,0,8,7,104,6,96,2,0,
,Hudson Falls Village,7416,15,0,2,0,13,24,7,14,3,0,
,Hunter Town,3060,1,0,0,0,1,17,1,15,1,0,
,Huntington Bay Village,1428,0,0,0,0,0,8,0,3,5,0,
,Hyde Park Town,21229,10,0,3,0,7,93,10,77,6,0,
,Ilion Village,7599,22,0,0,3,19,101,14,83,4,0,
,Independence Town,1074,0,0,0,0,0,2,0,1,1,0,
,Inlet Town,365,0,0,0,0,0,1,0,1,0,0,
,Interlaken Village,626,0,0,0,0,0,3,0,3,0,0,
,Irondequoit Town,49693,76,0,5,23,48,1057,159,523,375,3,
,Irvington Village,6377,3,0,0,0,3,33,8,24,1,0,
,Ithaca,34332,53,0,5,8,40,1237,172,1055,10,,
,Jamestown,28031,225,1,33,21,170,764,168,553,43,22,
,Johnson City Village,14991,37,0,2,8,27,467,59,392,16,1,
,Johnstown,8120,15,0,5,1,9,120,8,106,6,0,
,Jordan Village,1204,0,0,0,0,0,4,0,4,0,0,
,Kenmore Village,14932,15,0,1,6,8,245,25,166,54,0,
,Kensington Village,1196,3,0,0,0,3,1,1,0,0,0,
,Kent Town,12902,7,0,1,0,6,26,4,17,5,0,
,Kingston,23864,57,2,7,10,38,366,31,325,10,4,
,Lackawanna,19613,72,0,7,8,57,351,43,246,62,1,
,Lakewood-Busti,7434,3,0,3,0,0,230,18,203,9,0,
,Lancaster Town,39331,22,0,6,2,14,364,31,321,12,0,
,Larchmont Village,6427,2,0,0,1,1,59,6,50,3,0,
,Le Roy Village,4217,6,0,1,1,4,75,14,59,2,0,
,Lewisboro Town,11920,0,0,0,0,0,1,0,1,0,0,
,Lewiston Town and Village,15704,6,0,0,0,6,126,7,96,23,1,
,Liberty Village,5204,39,0,3,6,30,89,5,80,4,0,
,Little Falls,4532,2,0,0,0,2,32,6,25,1,0,
,Liverpool Village,2250,0,0,0,0,0,22,0,18,4,0,
,Lloyd Harbor Village,3544,1,0,0,0,1,6,2,4,0,0,
,Lloyd Town,11145,5,0,1,0,4,88,5,82,1,0,
,Long Beach,34507,23,0,2,1,20,45,6,35,4,0,
,Lynbrook Village,20011,14,0,0,1,13,125,14,97,14,0,
,Macedon Town and Village,9291,3,0,1,1,1,165,19,141,5,0,
,Malone Village,5425,27,0,5,0,22,149,23,122,4,0,
,Mamaroneck Village,19470,16,0,3,4,9,201,11,173,17,0,
,Manlius Town,25205,21,0,4,6,11,298,30,259,9,1,
,Marcellus Village,1750,0,0,0,0,0,8,0,8,0,0,
,Marlborough Town,8841,3,0,1,0,2,25,1,24,0,1,
,Massena Village,10120,17,1,0,0,16,168,15,153,0,0,
,Mechanicville,5128,22,0,3,1,18,47,9,38,0,1,
,Medina Village,5927,10,0,2,1,7,41,3,36,2,0,
,Menands Village,4462,5,0,0,0,5,87,4,76,7,1,
,Middleport Village,1695,1,0,0,0,1,3,0,3,0,0,
,Middletown,30174,137,0,11,43,83,535,45,461,29,2,
,Millerton Village,2979,0,0,0,0,0,2,0,2,0,0,
,Monroe Village,9507,11,0,1,3,7,80,6,69,5,1,
,Montgomery Town,9469,1,0,0,0,1,50,7,36,7,1,
,Montgomery Village,3740,0,0,0,0,0,7,1,6,0,0,
,Monticello Village,7306,12,0,1,6,5,100,23,74,3,1,
,Moravia Village,1255,0,0,0,0,0,2,1,1,0,0,
,Mount Hope Town,6504,0,0,0,0,0,8,3,5,0,0,
,Mount Pleasant Town,25699,16,0,0,3,13,183,25,151,7,,
,Mount Vernon,70812,367,3,19,111,234,1152,145,803,204,5,
,Muttontown,3488,0,0,0,0,0,30,5,20,5,0,
,Nassau Village,1081,0,0,0,0,0,1,1,0,0,0,
,Newark Village,8989,26,0,7,3,16,278,23,241,14,1,
,New Berlin Town,1594,0,0,0,0,0,4,0,4,0,0,
,Newburgh,28370,306,4,21,59,222,779,117,597,65,8,
,Newburgh Town,31715,26,0,1,8,17,759,39,700,20,1,
,New Castle Town,17551,2,0,0,0,2,63,5,54,4,3,
,New Hartford Town and Village,20657,11,0,1,6,4,650,17,625,8,1,
,New Paltz Town and Village,15853,15,0,2,1,12,139,4,131,4,1,
,New Rochelle,83357,137,0,4,52,81,1129,92,957,80,4,
,New Windsor Town,28040,43,0,6,9,28,350,25,311,14,0,
,New York,8184044,54691,345,2067,16366,35913,196267,13681,164238,18348,900,
,New York Mills Village,3184,6,0,0,0,6,40,3,34,3,0,
,Niagara Falls,47732,324,5,21,47,251,1319,184,957,178,15,
,Niagara Town,7746,16,0,0,3,13,211,18,182,11,0,
,Niskayuna Town,23875,20,0,2,6,12,442,30,403,9,2,
,Nissequogue Village,1604,0,0,0,0,0,2,0,2,0,0,
,Norfolk Town ,4315,1,0,0,0,1,4,0,4,0,0,
,North Castle Town,11975,6,0,0,1,5,79,12,60,7,0,
,North Greenbush Town,13239,14,0,2,3,9,231,10,216,5,0,
,Northport Village,7286,1,0,0,0,1,57,2,51,4,0,
,North Tonawanda,30138,43,0,6,7,30,314,33,264,17,0,
,Northville Village,999,2,0,0,0,2,17,4,11,2,0,
,Ocean Beach Village,172,0,0,0,0,0,4,0,3,1,0,
,Ogdensburg,8980,33,1,7,4,21,383,53,318,12,1,
,Ogden Town,20111,10,0,1,2,7,128,9,111,8,1,
,Old Brookville Village,2064,0,0,0,0,0,13,3,5,5,0,
,Old Westbury Village,5034,4,0,0,2,2,17,5,7,5,0,
,Olean,13693,45,0,1,12,32,459,60,392,7,5,
,Oneida,10053,49,0,6,2,41,620,278,332,10,,
,Oneonta City,16981,5,0,3,0,2,68,9,59,0,3,
,Orchard Park Town,29864,25,0,6,1,18,357,29,296,32,0,
,Oriskany Village,1305,0,0,0,0,0,2040,1,2039,0,0,
,Ossining Village,26255,18,0,1,1,16,177,11,157,9,1,
,Oswego City,17263,47,0,8,6,33,604,49,535,20,2,
,Owego Village,4094,11,0,6,0,5,62,14,48,0,0,
,Oyster Bay Cove Village,4155,0,0,0,0,0,14,1,6,7,0,
,Palmyra Village,3299,3,0,1,0,2,39,4,32,3,1,
,Peekskill,25613,65,2,0,10,53,233,10,213,10,,
,Pelham Manor Village,5506,9,0,0,4,5,167,16,139,12,0,
,Pelham Village,7138,3,0,0,1,2,30,1,26,3,0,
,Phoenix Village,2208,2,0,1,1,0,5,1,3,1,0,
,Piermont Village,2764,0,0,0,0,0,6,0,5,1,0,
,Pine Plains Town,2251,0,0,0,0,0,0,0,0,0,0,
,Plattekill Town,10404,5,0,0,0,5,30,4,21,5,0,
,Plattsburgh City,19944,36,0,4,1,31,326,28,284,14,1,
,Pleasantville Village,7214,4,0,0,3,1,48,4,43,1,0,
,Port Byron Village,1085,0,0,0,0,0,0,0,0,0,0,
,Port Chester Village,30454,23,0,0,11,12,323,24,286,13,5,
,Port Dickinson Village,1672,0,0,0,0,0,3,2,1,0,0,
,Port Jervis,8569,46,1,3,8,34,148,19,123,6,1,
,Portville Village,897,0,0,0,0,0,3,0,3,0,0,
,Port Washington,19910,11,0,1,4,6,101,12,80,9,,
,Potsdam Village,8602,5,0,1,0,4,100,10,88,2,0,
,Poughkeepsie,32229,205,2,16,25,162,585,69,475,41,4,
,Poughkeepsie Town,41164,62,1,9,14,38,1071,63,976,32,6,
,Pound Ridge Town,4897,1,0,0,0,1,18,1,16,1,0,
,Pulaski Village,2343,0,0,0,0,0,18,0,18,0,2,
,Quogue Village,1702,1,0,0,1,0,16,2,13,1,0,
,Ramapo Town,108558,85,1,5,12,67,700,71,594,35,4,
,Red Hook Village,1960,0,0,0,0,0,42,2,39,1,0,
,Rensselaer City,9267,16,1,3,7,5,132,21,104,7,0,
,Rhinebeck Village,2673,0,0,0,0,0,13,0,13,0,0,
,Riverhead Town,35845,43,0,3,23,17,764,45,712,7,0,
,Rochester,208452,1518,47,62,416,993,10523,998,4689,4836,141,
,Rockville Centre Village,25543,12,0,0,7,5,167,19,122,26,2,
,Rome,31575,69,0,5,10,54,647,70,556,21,9,
,Rotterdam Town,30350,18,0,1,4,13,626,26,574,26,3,
,Rye,16109,2,0,0,1,1,68,8,45,15,0,
,Rye Brook Village,9794,2,0,1,1,0,64,6,52,6,0,
,Sag Harbor Village,2802,0,0,0,0,0,7,1,6,0,0,
,Salamanca,5847,17,0,1,3,13,75,14,57,4,3,
,Sands Point Village,2709,1,0,0,0,1,11,1,9,1,0,
,Saratoga Springs,28627,68,0,20,12,36,501,41,455,5,4,
,Saugerties Town,19129,11,0,0,1,10,101,12,83,6,0,
,Scarsdale Village,17643,0,0,0,0,0,105,34,60,11,0,
,Schenectady,69035,489,3,34,112,340,2172,251,1729,192,24,
,Schodack Town,11369,6,0,2,1,3,36,2,32,2,0,
,Scotia Village,7223,11,0,2,1,8,95,4,88,3,1,
,Seneca Falls Town,8903,11,0,3,1,7,144,9,131,4,0,
,Shandaken Town,2846,1,0,0,0,1,25,1,23,1,0,
,Shawangunk Town,13294,1,0,0,0,1,20,3,15,2,0,
,Shelter Island Town,3287,2,0,1,0,1,22,5,16,1,0,
,Sidney Village,3719,3,0,0,1,2,62,3,56,3,0,
,Skaneateles Village,2526,0,0,0,0,0,14,0,12,2,0,
,Solvay Village,6471,17,0,0,1,16,73,11,49,13,0,
,Southampton Town,59801,39,1,3,7,28,488,33,419,36,1,
,Southampton Village,4654,1,0,0,0,1,50,1,47,2,0,
,South Glens Falls Village,3754,3,0,0,1,2,50,2,46,2,0,
,Southold Town,21425,9,0,1,1,7,179,15,154,10,0,
,Spring Valley Village,32846,118,1,4,35,78,632,20,608,4,0,
,Stillwater Town,7917,2,1,0,0,1,41,6,35,0,1,
,St. Johnsville Village,1710,4,0,1,0,3,22,3,19,0,0,
,Stony Point Town,14656,3,0,2,0,1,67,4,63,0,0,
,Suffern Village,11301,26,0,3,6,17,87,6,78,3,0,
,Syracuse,143295,1169,18,91,253,807,5497,944,3530,1023,42,
,Tarrytown Village,11750,7,0,0,1,6,33,4,28,1,0,
,Theresa Village,756,0,0,0,0,0,1,0,1,0,0,
,Ticonderoga Town,4667,15,0,1,2,12,66,7,58,1,0,
,Tonawanda,14924,39,0,9,9,21,186,29,142,15,0,
,Troy,50676,287,2,18,81,186,1492,230,1115,147,18,
,Tuckahoe Village,6797,1,0,0,0,1,9,2,5,2,0,
,Tupper Lake Village,3338,4,0,2,0,2,63,11,46,6,0,
,Tuxedo Park Village,625,0,0,0,0,0,3,0,3,0,0,
,Ulster Town,12693,3,1,0,0,2,290,5,282,3,0,
,Utica,63548,299,7,34,58,200,1889,220,1554,115,15,
,Vernon Village,1158,0,0,0,0,0,9,1,8,0,0,
,Vestal Town,31870,16,0,5,1,10,639,38,598,3,2,
,Walden Village,6750,3,0,0,0,3,68,3,61,4,0,
,Wallkill Town,31596,5,0,0,3,2,314,12,297,5,1,
,Wappingers Falls Village,6046,2,0,0,2,0,79,1,78,0,0,
,Warsaw Village,3628,6,0,0,0,6,28,1,27,0,0,
,Washingtonville Village,5681,1,1,0,0,0,36,1,35,0,0,
,Waterford Town and Village,8177,1,0,1,0,0,31,6,20,5,0,
,Waterloo Village,4723,4,0,1,0,3,46,1,39,6,0,
,Watertown,24393,123,0,32,3,88,997,119,852,26,6,
,Watervliet,10156,29,0,3,7,19,185,21,147,17,2,
,Waverly Village,4278,1,0,0,0,1,21,2,18,1,0,
,Webb Town,1810,2,0,0,0,2,6,1,5,0,0,
,Webster Town and Village,45325,42,0,3,7,32,430,36,349,45,0,
,Weedsport Village,1772,0,0,0,0,0,7,0,7,0,0,
,Wellsville Village,4573,11,0,1,0,10,61,5,55,1,1,
,West Carthage Village,1767,1,0,0,0,1,5,0,5,0,0,
,Westfield Village,2926,3,0,0,0,3,10,0,10,0,0,
,Westhampton Beach Village,2187,0,0,0,0,0,22,0,21,1,0,
,West Seneca Town,45081,63,0,7,14,42,643,56,488,99,2,
,Whitehall Village,2496,6,0,1,0,5,23,5,17,1,1,
,White Plains,59254,87,0,8,19,60,1018,59,929,30,1,
,Whitesboro Village,3587,0,0,0,0,0,38,3,35,0,0,
,Whitestown Town,8677,0,0,0,0,0,31,7,20,4,1,
,Willing Town,1256,0,0,0,0,0,1,1,0,0,0,
,Windham Town,1761,0,0,0,0,0,1,1,0,0,0,
,Wolcott Village,1582,0,0,0,0,0,0,0,0,0,0,
,Woodbury Town,11539,9,0,1,1,7,492,7,480,5,0,
,Woodridge Village,712,4,0,0,1,3,4,0,4,0,1,
,Woodstock Town,6253,2,0,0,0,2,10,0,9,1,0,
,Yonkers,206702,715,5,26,206,478,2599,330,1875,394,14,
,Yorktown Town,35126,7,0,0,4,3,237,10,220,7,0,
,Yorkville Village,2584,22,0,1,1,20,103,12,87,4,0,
NORTH CAROLINA,Aberdeen,9670,20,2,0,4,14,392,73,312,7,4,
,Ahoskie,4554,53,2,0,6,45,160,31,121,8,2,
,Albemarle,16926,97,1,4,2,90,584,110,450,24,4,
,Apex,74105,39,0,11,5,23,672,75,544,53,4,
,Archdale,12052,10,0,3,2,5,186,28,139,19,0,
,Asheboro,27619,117,0,14,9,94,776,147,585,44,6,
,Asheville,93471,791,9,65,134,583,4229,530,3226,473,33,
,Atlantic Beach,1416,10,0,3,1,6,76,20,53,3,0,
,Ayden,5079,25,0,1,1,23,76,8,64,4,1,
,Banner Elk,1109,0,0,0,0,0,9,0,8,1,0,
,Beaufort,4803,21,0,1,1,19,56,5,48,3,0,
,Belhaven,1399,4,0,1,0,3,24,4,20,0,0,
,Belmont,15508,41,0,2,5,34,469,40,402,27,2,
,Benson,4411,49,0,2,0,47,139,20,113,6,1,
,Bessemer City,5623,14,0,1,0,13,46,6,29,11,1,
,Beulaville,1130,7,0,2,2,3,52,10,41,1,0,
,Biltmore Forest,1445,0,0,0,0,0,8,3,5,0,0,
,Biscoe,1847,1,0,0,1,0,66,6,59,1,0,
,Black Mountain,8535,5,0,0,0,5,115,12,96,7,1,
,Blowing Rock,1380,0,0,0,0,0,19,4,13,2,0,
,Boiling Spring Lakes,6621,11,0,3,0,8,75,19,54,2,3,
,Boone,20057,21,1,9,2,9,232,20,202,10,1,
,Boonville,1194,4,0,1,1,2,9,2,6,1,1,
,Brevard,7848,21,0,8,0,13,131,23,106,2,0,
,Broadway,1338,1,0,0,0,1,20,3,12,5,2,
,Bryson City,1511,10,0,0,0,10,18,2,14,2,1,
,Bunn,364,1,0,1,0,0,15,1,13,1,0,
,Burgaw,3417,7,0,0,1,6,62,6,53,3,0,
,Burlington,60156,498,1,35,71,391,2228,398,1607,223,18,
,Butner,8474,22,0,4,3,15,108,22,73,13,2,
,Candor,813,2,0,2,0,0,7,2,5,0,0,
,Canton,4391,12,0,3,1,8,114,19,82,13,2,
,Carolina Beach,6882,27,0,3,2,22,155,32,116,7,0,
,Carrboro,21298,58,1,7,16,34,498,67,363,68,1,
,Cary,182878,190,2,17,35,136,2251,217,1681,353,9,
,Caswell Beach,400,0,0,0,0,0,4,2,2,0,0,
,Chapel Hill,65066,116,1,9,27,79,1683,208,1254,221,0,
,Charlotte-Mecklenburg,979304,7111,92,249,1257,5513,37565,4211,25248,8106,142,
,Cherryville,6268,13,0,4,0,9,153,58,83,12,0,
,China Grove,4550,2,0,1,0,1,52,7,42,3,1,
,Chocowinity,747,4,0,3,0,1,27,5,21,1,0,
,Clayton,30929,41,0,4,3,34,480,27,418,35,0,
,Cleveland,874,0,0,0,0,0,11,2,9,0,0,
,Clinton,8229,75,1,2,3,69,346,43,288,15,1,
,Coats,2269,6,0,1,0,5,44,10,29,5,0,
,Columbus,1107,1,0,0,0,1,16,0,16,0,0,
,Concord,111915,125,0,6,25,94,1096,78,872,146,4,
,Cornelius,32694,47,2,11,4,30,284,52,209,23,2,
,Creedmoor,5023,9,0,0,2,7,59,16,41,2,0,
,Dallas,6153,15,1,4,0,10,128,33,83,12,0,
,Davidson,16089,3,0,0,0,3,59,9,46,4,0,
,Duck,751,3,0,0,0,3,26,3,23,0,0,
,Dunn,8585,65,1,8,10,46,478,158,261,59,6,
,Durham,295788,1882,45,158,498,1181,11125,1470,7616,2039,60,
,East Spencer,1600,7,0,1,0,6,47,21,17,9,1,
,Eden,15283,72,4,6,3,59,428,103,312,13,2,
,Edenton,4539,27,1,4,3,19,71,16,48,7,0,
,Elizabeth City,18828,89,3,3,13,70,456,131,305,20,3,
,Elizabethtown,3244,25,2,5,3,15,161,28,119,14,1,
,Elkin,4076,22,0,1,0,21,176,21,152,3,0,
,Elon,11203,6,0,1,1,4,43,9,29,5,0,
,Emerald Isle,3986,7,0,0,0,7,88,15,67,6,3,
,Erwin,4767,18,1,3,0,14,136,30,98,8,0,
,Fair Bluff,721,0,0,0,0,0,7,1,5,1,0,
,Fairmont,2189,27,1,0,3,23,169,55,104,10,1,
,Farmville,4502,53,1,3,5,44,120,19,95,6,3,
,Fayetteville,209262,1830,47,82,262,1439,6416,1094,4634,688,74,
,Fletcher,8157,4,0,0,2,2,116,30,71,15,0,
,Forest City,7351,49,1,5,8,35,479,109,355,15,4,
,Four Oaks,2568,2,0,1,0,1,7,2,4,1,0,
,Foxfire Village,1385,0,0,0,0,0,8,0,8,0,0,
,Franklin,4343,8,0,2,1,5,113,30,74,9,1,
,Franklinton,2755,12,1,0,4,7,71,9,49,13,0,
,Fuquay-Varina,44281,29,1,2,3,23,270,29,225,16,1,
,Garner,34890,187,1,17,50,119,1599,128,1324,147,12,
,Gastonia,83739,666,8,41,102,515,3196,494,2406,296,21,
,Gibsonville,9143,10,0,2,0,8,82,14,64,4,1,
,Goldsboro,33021,498,14,8,49,427,2085,336,1577,172,6,
,Graham,18205,73,0,9,11,53,356,55,239,62,3,
,Granite Falls,4923,4,0,0,1,3,156,26,124,6,0,
,Granite Quarry,3057,2,0,0,0,2,34,3,27,4,0,
,Greensboro,303237,2505,75,74,500,1856,11324,1683,8135,1506,87,
,Greenville,90048,493,10,24,69,390,2870,266,2450,154,15,
,Havelock,15976,25,0,7,2,16,285,69,209,7,2,
,Haw River,2302,8,1,3,2,2,68,8,52,8,0,
,Henderson,14706,270,7,4,36,223,750,95,593,62,3,
,Hendersonville,15404,49,2,9,6,32,455,99,319,37,2,
,Hickory,44351,220,4,10,28,178,1333,205,1042,86,5,
,Highlands,1111,1,0,0,0,1,43,7,35,1,0,
,High Point,115490,515,13,11,84,407,2938,476,2140,322,26,
,Hillsborough,9812,29,2,2,4,21,454,22,401,31,0,
,Holden Beach,943,1,0,0,0,1,38,24,14,0,0,
,Holly Ridge,5282,7,1,1,0,5,34,15,19,0,0,
,Holly Springs,48199,39,0,8,2,29,496,60,426,10,0,
,Hope Mills,17838,75,0,2,18,55,641,97,478,66,1,
,Hudson,3761,3,0,0,0,3,61,12,42,7,0,
,Huntersville,63781,129,2,7,14,106,921,106,679,136,3,
,Indian Beach,231,0,0,0,0,0,8,1,7,0,0,
,Jefferson,1624,1,0,1,0,0,21,1,20,0,1,
,Jonesville,2313,6,0,1,1,4,85,7,76,2,0,
,Kannapolis,56479,128,5,13,21,89,1123,173,849,101,1,
,Kenansville,756,2,0,0,0,2,16,2,13,1,0,
,Kernersville,28411,91,3,5,9,74,1055,152,854,49,6,
,Kill Devil Hills,7865,33,0,5,2,26,159,70,83,6,0,
,King,7536,3,0,0,1,2,124,3,117,4,0,
,Kings Mountain,11871,72,1,4,3,64,280,43,215,22,2,
,Kinston,19174,172,3,5,24,140,730,168,529,33,11,
,Kitty Hawk,3748,11,0,0,0,11,48,8,38,2,0,
,Knightdale,19794,60,2,2,6,50,544,32,456,56,0,
,Lake Lure,1381,1,0,0,0,1,12,0,5,7,0,
,Laurinburg,14887,261,5,13,18,225,648,153,412,83,7,
,Leland,31297,30,0,2,3,25,160,31,121,8,0,
,Lenoir,18208,37,0,10,1,26,537,104,383,50,3,
,Lillington,4387,24,0,6,3,15,87,22,54,11,3,
,Lincolnton,12175,46,0,4,2,40,381,53,306,22,1,
,Louisburg,3290,26,1,3,1,21,159,11,145,3,0,
,Lowell,3817,5,1,2,1,1,59,14,29,16,1,
,Lumberton,18779,379,3,26,50,300,2245,549,1495,201,15,
,Madison,2155,8,0,2,1,5,47,14,30,3,1,
,Maggie Valley,1718,12,5,3,0,4,86,17,68,1,1,
,Marion,7385,10,0,0,2,8,296,70,200,26,0,
,Marshville,2657,26,1,1,1,23,76,16,50,10,1,
,Matthews,30433,73,0,2,17,54,909,72,753,84,5,
,Maxton,2103,9,1,0,3,5,64,23,36,5,8,
,Mayodan,2448,10,1,1,0,8,219,10,206,3,0,
,Maysville,831,1,0,1,0,0,8,0,8,0,1,
,Mebane,20182,44,0,5,13,26,730,49,636,45,3,
,Mint Hill,27458,15,0,5,1,9,330,117,179,34,3,
,Monroe,36722,312,2,36,25,249,1318,184,1019,115,9,
,Mooresville,53767,107,1,15,13,78,1159,87,998,74,10,
,Morehead City,10001,31,0,6,0,25,286,48,224,14,0,
,Morrisville,32259,40,3,2,5,30,862,55,682,125,1,
,Mount Airy,10592,24,7,2,1,14,316,66,210,40,0,
,Mount Gilead,1168,2,2,0,0,0,11,2,8,1,2,
,Mount Holly,18377,41,2,4,6,29,261,79,161,21,0,
,Mount Olive,4189,10,3,0,0,7,83,19,59,5,0,
,Murfreesboro,2483,16,1,0,2,13,63,12,48,3,0,
,Murphy,1654,15,0,1,1,13,85,19,53,13,0,
,Nags Head,3156,15,0,2,0,13,130,52,77,1,0,
,Navassa,1842,3,0,1,0,2,14,6,7,1,0,
,New Bern,31667,94,4,5,9,76,656,161,461,34,4,
,Newland,721,3,0,0,0,3,22,7,15,0,0,
,Newport,4533,14,1,5,1,7,76,9,64,3,0,
,Newton,13424,51,0,2,4,45,268,69,174,25,6,
,North Topsail Beach,1046,1,0,0,0,1,29,10,18,1,0,
,Northwest,1037,4,0,0,0,4,17,2,13,2,0,
,North Wilkesboro,4230,14,0,5,0,9,136,69,61,6,0,
,Ocean Isle Beach,1004,0,0,0,0,0,18,3,15,0,0,
,Oxford,8845,73,1,1,9,62,281,30,233,18,1,
,Pembroke,2806,17,3,3,1,10,252,45,176,31,3,
,Pinehurst,18802,8,0,3,0,5,64,16,45,3,1,
,Pine Knoll Shores,1431,0,0,0,0,0,11,2,9,0,0,
,Pine Level,2286,0,0,0,0,0,15,1,13,1,0,
,Pineville,11012,80,1,9,20,50,960,60,792,108,3,
,Pittsboro,4788,14,0,3,1,10,117,13,95,9,0,
,Plymouth,3221,47,1,1,3,42,88,26,55,7,1,
,Raeford,4514,10,0,3,1,6,55,2,51,2,1,
,Raleigh,482842,2550,26,155,421,1948,12503,1479,9132,1892,52,
,Ramseur,1780,3,0,0,1,2,51,11,38,2,0,
,Randleman,4661,9,0,0,2,7,151,12,133,6,1,
,Ranlo,4665,6,0,1,1,4,32,11,19,2,0,
,Red Springs,3135,21,0,0,7,14,191,19,146,26,2,
,Reidsville,14554,104,3,10,14,77,507,70,391,46,2,
,Richlands,2386,0,0,0,0,0,15,2,11,2,1,
,Roanoke Rapids,14694,123,3,12,27,81,750,254,453,43,3,
,Robbins,1257,0,0,0,0,0,0,0,0,0,0,
,Rockingham,8913,70,0,5,13,52,390,98,258,34,2,
,Rocky Mount,53865,472,12,20,86,354,1760,350,1237,173,11,
,Rolesville,11149,2,0,0,0,2,43,5,37,1,0,
,Rowland,883,1,0,1,0,0,24,6,16,2,0,
,Roxboro,8177,89,2,10,10,67,349,68,269,12,1,
,Rutherfordton,3660,8,0,1,1,6,135,39,93,3,0,
,Salisbury,35919,350,2,12,30,306,1478,218,1119,141,5,
,Selma,7042,46,0,5,8,33,164,39,108,17,0,
,Shallotte,4636,15,0,4,0,11,254,19,228,7,1,
,Shelby,21807,210,3,17,27,163,573,119,412,42,15,
,Siler City,8236,31,0,9,5,17,194,22,159,13,0,
,Smithfield,12523,51,1,4,6,40,492,48,421,23,2,
,Snow Hill,1451,3,1,2,0,0,45,15,29,1,0,
,Southern Pines,17075,51,0,6,7,38,307,65,220,22,4,
,Spring Lake,11821,61,2,5,7,47,406,76,292,38,1,
,Stallings,17062,16,0,1,5,10,158,29,105,24,0,
,Stanley,4074,5,0,2,0,3,84,35,37,12,0,
,Star,809,1,0,0,0,1,27,6,21,0,0,
,Statesville,30245,289,1,16,25,247,1167,219,811,137,2,
,Stoneville,1335,2,0,1,0,1,13,7,5,1,0,
,St. Pauls,2045,13,0,0,2,11,96,12,83,1,1,
,Sugar Mountain,377,1,0,1,0,0,3,1,2,0,0,
,Surf City,4825,14,0,2,1,11,81,12,67,2,0,
,Swansboro,4196,3,0,3,0,0,118,11,104,3,0,
,Sylva,2641,20,0,1,1,18,107,29,73,5,0,
,Tabor City,3435,2,0,0,0,2,79,13,62,4,1,
,Tarboro,10662,73,1,0,7,65,274,29,235,10,0,
,Taylorsville,2288,1,0,0,1,0,22,6,15,1,0,
,Trent Woods,4089,1,0,0,0,1,11,3,7,1,0,
,Troutman,3965,11,1,1,2,7,136,38,98,0,1,
,Troy,2993,7,0,2,1,4,48,15,28,5,0,
,Tryon,1611,2,0,1,0,1,29,5,23,1,0,
,Valdese,4688,16,0,0,0,16,78,16,59,3,0,
,Vass,1025,0,0,0,0,0,18,2,15,1,0,
,Wadesboro,4943,91,3,5,9,74,402,109,274,19,4,
,Wake Forest,52609,84,2,7,8,67,835,106,666,63,2,
,Wallace,3454,17,2,1,5,9,191,10,177,4,2,
,Warrenton,844,2,0,0,0,2,26,2,23,1,0,
,Warsaw,2714,22,2,1,3,16,77,23,47,7,0,
,Washington,9435,78,0,4,10,64,337,32,290,15,1,
,Waxhaw,23469,14,0,6,2,6,114,19,91,4,0,
,Waynesville,10812,59,0,8,1,50,358,46,294,18,3,
,Weaverville,4729,1,0,0,0,1,117,12,104,1,0,
,Weldon,1387,4,0,1,2,1,47,13,32,2,0,
,Wendell,13888,14,0,3,2,9,153,17,108,28,1,
,West Jefferson,1351,2,0,0,0,2,115,5,109,1,0,
,Whispering Pines,5359,1,0,1,0,0,24,2,22,0,0,
,Whiteville,4613,54,3,5,4,42,443,96,321,26,0,
,Wilkesboro,3641,10,2,0,1,7,134,18,108,8,1,
,Wilmington,122675,598,10,38,122,428,4304,559,3390,355,9,
,Wilson,47479,250,5,5,44,196,1246,186,941,119,26,
,Wilson's Mills,2838,4,0,0,0,4,28,6,18,4,0,
,Windsor,3297,11,1,0,4,6,47,5,39,3,0,
,Winston-Salem,252132,2235,42,88,245,1860,7592,1587,5029,976,54,
,Winterville,10834,20,1,3,3,13,66,17,44,5,1,
,Woodfin,8133,16,0,3,1,12,79,22,49,8,2,
,Wrightsville Beach,2432,11,0,0,1,10,68,9,58,1,0,
,Yadkinville,2998,7,0,4,0,3,59,10,43,6,0,
,Youngsville,2330,4,0,0,3,1,54,8,41,5,0,
,Zebulon,9595,37,0,1,4,32,290,37,238,15,2,
NORTH DAKOTA,Berthold,466,0,0,0,0,0,0,0,0,0,0,
,Beulah,3039,4,1,0,1,2,23,2,20,1,0,
,Bismarck,74802,236,3,32,44,157,2332,294,1790,248,6,
,Bowman,1404,3,0,1,0,2,15,2,13,0,0,
,Burlington,1297,1,0,0,0,1,5,0,5,0,0,
,Carrington,2040,2,0,1,0,1,9,2,7,0,0,
,Cavalier,1239,0,0,0,0,0,2,0,2,0,0,
,Dickinson,24577,67,0,11,2,54,456,38,383,35,1,
,Drayton,741,1,0,0,0,1,1,0,1,0,0,
,Dunseith,615,3,0,0,0,3,14,2,8,4,0,
,Ellendale,1090,1,0,1,0,0,10,2,6,2,0,
,Emerado,437,0,0,0,0,0,8,0,7,1,0,
,Fargo,134268,692,2,96,101,493,5208,1032,3612,564,23,
,Garrison,1467,2,0,1,0,1,1,0,1,0,0,
,Grafton,4102,6,0,3,0,3,69,37,25,7,1,
,Grand Forks,58470,154,0,37,12,105,1491,247,1167,77,3,
,Jamestown,15724,30,0,7,1,22,295,37,231,27,0,
,Kenmare,916,4,0,3,0,1,3,1,2,0,0,
,Killdeer,891,5,0,1,0,4,10,3,6,1,0,
,Lamoure,762,0,0,0,0,0,3,0,2,1,0,
,Lincoln,4402,3,0,1,0,2,22,1,17,4,0,
,Lisbon,2177,0,0,0,0,0,17,0,11,6,0,
,Mandan,24621,87,0,24,2,61,884,80,686,118,1,
,Medora,127,0,0,0,0,0,0,0,0,0,0,
,Minot,47452,180,7,50,12,111,689,120,437,132,5,
,New Town,2584,0,0,0,0,0,3,0,2,1,0,
,Northwood,930,0,0,0,0,0,1,1,0,0,0,
,Oakes,1758,1,0,0,0,1,0,0,0,0,0,
,Ray,677,0,0,0,0,0,0,0,0,0,0,
,Rolla,1174,0,0,0,0,0,21,1,17,3,0,
,Rugby,2471,1,0,0,0,1,17,3,12,2,0,
,Stanley,2119,2,0,0,0,2,30,1,25,4,0,
,Steele,668,1,0,1,0,0,17,5,11,1,0,
,Surrey,1412,0,0,0,0,0,5,2,1,2,0,
,Thompson,1054,0,0,0,0,0,0,0,0,0,0,
,Tioga,1964,4,0,0,0,4,15,1,14,0,0,
,Valley City,6558,4,0,1,0,3,81,33,45,3,0,
,Wahpeton,8015,21,1,5,0,15,154,21,126,7,0,
,Watford City,5716,20,1,4,0,15,157,9,131,17,0,
,West Fargo,40541,80,1,19,11,49,531,107,375,49,3,
,Williston,25964,122,0,16,3,103,670,85,501,84,7,
,Wishek,832,0,0,0,0,0,2,0,2,0,0,
OHIO,Ada,5226,7,0,2,0,5,36,9,26,1,0,
,Akron,187705,1473,19,186,144,1124,5622,862,3899,861,57,
,Alliance,21305,73,0,10,3,60,427,59,354,14,7,
,Amberley Village,3785,2,0,0,1,1,29,7,18,4,0,
,American Township,12442,18,0,3,1,14,145,19,123,3,1,
,Amherst,12976,8,0,2,0,6,95,8,78,9,1,
,Archbold,4445,6,0,0,0,6,47,14,31,2,0,
,Ashland,18912,21,0,7,2,12,296,17,272,7,3,
,Ashville,4760,5,0,0,0,5,20,4,14,2,0,
,Athens,19516,31,0,9,5,17,341,31,287,23,0,
,Aurora,17663,7,0,0,1,6,121,2,117,2,0,
,Austintown,35441,23,0,5,4,14,569,49,427,93,1,
,Avon,25595,14,0,2,1,11,230,10,215,5,0,
,Avon Lake,25789,2,0,1,0,1,101,11,87,3,0,
,Barberton,24671,80,0,14,5,61,505,60,424,21,2,
,Barnesville,3914,2,0,1,0,1,8,1,7,0,0,
,Batavia,2000,1,0,0,0,1,14,1,13,0,0,
,"Bath Township, Summit County",9902,6,0,2,0,4,170,7,159,4,0,
,Bay Village,15820,5,0,1,1,3,65,7,53,5,0,
,Bazetta Township,5872,2,0,1,0,1,100,6,89,5,0,
,Beachwood,13732,12,0,2,2,8,294,3,281,10,1,
,Beavercreek,47112,31,0,7,5,19,976,39,849,88,2,
,Beaver Township,6648,9,0,3,0,6,68,12,50,6,1,
,Bedford,12756,13,1,0,2,10,85,9,57,19,0,
,Bedford Heights,10714,12,0,0,3,9,253,25,150,78,0,
,Bellaire,3773,12,0,1,0,11,38,14,21,3,0,
,Bellbrook,7404,1,0,1,0,0,30,2,26,2,0,
,Bellefontaine,14062,17,0,2,1,14,134,8,118,8,0,
,Bellville,1990,1,0,1,0,0,19,1,18,0,0,
,Belpre,6582,8,0,3,0,5,45,9,32,4,0,
,Berea,18423,11,0,1,1,9,68,4,55,9,0,
,Bethel,2656,8,0,2,0,6,44,2,36,6,0,
,Bexley,12411,29,1,3,9,16,355,66,237,52,1,
,Blanchester,4212,10,0,3,0,7,71,16,49,6,2,
,Blendon Township,7869,11,2,1,3,5,84,8,60,16,0,
,Blue Ash,13333,18,0,5,5,8,254,24,206,24,1,
,Boardman,39526,57,0,18,21,18,1364,130,1130,104,4,
,Botkins,1169,0,0,0,0,0,15,2,12,1,0,
,Bowling Green,29135,14,3,5,0,6,390,28,358,4,1,
,Bratenahl,1393,3,0,0,0,3,3,0,1,2,0,
,Brecksville,13502,6,0,0,0,6,59,4,52,3,1,
,Brewster,2100,5,0,1,0,4,11,2,9,0,0,
,Brimfield Township,11408,10,0,1,1,8,219,7,206,6,0,
,Broadview Heights,19580,3,0,0,1,2,16,2,14,0,0,
,Brookfield Township,8383,23,0,5,1,17,134,20,111,3,1,
,Brooklyn Heights,1475,0,0,0,0,0,13,4,9,0,0,
,Brook Park,18056,9,0,1,0,8,43,7,33,3,0,
,Brookville,5888,10,0,6,1,3,48,6,36,6,0,
,Brunswick,35083,17,0,3,1,13,164,13,146,5,3,
,Bryan,8574,9,0,1,0,8,33,4,28,1,1,
,Bucyrus,11470,28,0,10,1,17,252,20,225,7,1,
,Butler Township,8197,27,0,14,1,12,469,12,357,100,1,
,Byesville,2329,2,0,0,0,2,23,3,19,1,0,
,Cadiz,3008,7,0,4,0,3,21,3,18,0,0,
,Canal Fulton,5295,9,0,3,0,6,46,5,37,4,0,
,Canfield,7574,4,1,2,0,1,46,7,39,0,0,
,Canton,69164,695,6,117,78,494,2942,567,2161,214,10,
,Carrollton,3083,4,0,3,0,1,12,1,11,0,0,
,Centerville,25629,12,0,6,0,6,359,38,259,62,1,
,Champion Township,9303,3,0,0,0,3,77,9,55,13,1,
,Cheviot,8510,29,2,1,5,21,203,13,161,29,0,
,Chillicothe,21863,46,2,13,6,25,1016,89,856,71,3,
,Cincinnati,309484,2253,68,221,645,1319,13087,1910,7478,3699,0,
,Circleville,14453,41,0,12,1,28,354,77,269,8,2,
,Clayton,13200,12,0,7,2,3,142,9,112,21,0,
,Cleveland,358146,6100,139,428,1605,3928,17236,3203,8865,5168,175,
,Cleveland Heights,43891,85,2,10,17,56,508,71,296,141,2,
,Clinton Township,4323,14,0,4,6,4,108,9,96,3,0,
,Coldwater,4673,2,0,2,0,0,24,0,24,0,0,
,Colerain Township,58268,137,3,24,24,86,1206,80,941,185,6,
,Columbiana,6784,5,0,2,0,3,18,3,13,2,0,
,Columbus,908834,3500,95,1048,1068,1289,24575,3746,14114,6715,19,
,Conneaut,12445,13,0,4,0,9,80,18,59,3,0,
,Copley Township,18209,17,2,3,1,11,209,14,188,7,0,
,Cortland,7048,0,0,0,0,0,33,2,30,1,0,
,Crestline,4436,7,0,3,0,4,24,4,20,0,0,
,Cuyahoga Falls,50459,104,1,27,5,71,944,75,816,53,0,
,Danville,997,3,0,1,0,2,4,0,4,0,0,
,Dayton,135181,1494,36,153,257,1048,6364,1318,2729,2317,35,
,Deer Park,5266,6,0,3,2,1,51,8,40,3,0,
,Defiance,16965,44,1,10,4,29,243,18,217,8,1,
,Delaware,45041,87,3,21,7,56,365,26,329,10,3,
,Delhi Township,28287,42,0,9,9,24,412,21,335,56,1,
,Delta,3326,5,0,1,1,3,18,0,18,0,0,
,Dover,12902,15,0,5,1,9,58,10,41,7,0,
,Dublin,48827,33,2,11,11,9,538,45,413,80,1,
,East Canton,1505,1,0,0,0,1,58,7,50,1,0,
,East Cleveland,13351,214,9,15,43,147,377,76,180,121,3,
,East Liverpool,9683,28,1,8,2,17,86,16,67,3,0,
,East Palestine,4650,9,0,0,0,9,65,9,56,0,0,
,Eaton,8280,9,0,4,1,4,100,6,88,6,0,
,Elmwood Place,2043,10,0,0,1,9,41,8,24,9,0,
,Elyria,53024,108,2,22,24,60,769,156,557,56,5,
,Englewood,13216,23,3,9,2,9,407,11,369,27,0,
,Euclid,48170,90,3,14,24,49,621,57,393,171,4,
,Evendale,2612,10,0,0,1,9,131,6,123,2,0,
,Fairborn,35181,87,0,29,6,52,427,77,284,66,5,
,Fairfax,1730,4,0,2,1,1,288,1,283,4,1,
,Fairlawn,7640,3,0,0,2,1,248,6,241,1,0,
,Fayette,1283,0,0,0,0,0,15,7,8,0,2,
,Findlay,40230,95,0,21,7,67,701,72,602,27,4,
,Forest Park,19735,51,2,8,7,34,388,33,266,89,1,
,Fostoria,13033,31,1,13,1,16,152,15,130,7,1,
,Franklin,11624,46,1,17,3,25,402,31,349,22,0,
,Franklin Township,10383,24,0,2,9,13,138,124,13,1,4,
,Fremont,15787,25,0,1,1,23,144,13,127,4,1,
,Gahanna,34841,65,0,15,13,37,630,55,490,85,3,
,Galion,10240,14,0,6,1,7,58,11,46,1,0,
,Gallipolis,3288,16,0,2,0,14,127,11,112,4,3,
,Garfield Heights,28878,149,4,21,20,104,544,55,395,94,2,
,Garrettsville,2462,1,0,0,0,1,7,1,6,0,0,
,Genoa Township,27349,2,0,1,1,0,113,10,95,8,0,
,Georgetown,4450,13,2,3,0,8,64,9,50,5,1,
,Germantown,5804,5,0,4,0,1,43,6,33,4,0,
,Girard,9457,32,0,2,1,29,109,15,88,6,0,
,"Goshen Township, Clermont County",16384,10,0,5,0,5,62,8,52,2,0,
,"Goshen Township, Mahoning County",3061,5,0,2,1,2,56,11,38,7,0,
,Grafton,5457,0,0,0,0,0,18,2,15,1,0,
,Grandview Heights,8837,7,0,1,2,4,220,18,182,20,0,
,Granville,5379,3,0,2,0,1,67,6,60,1,0,
,Greenfield,4314,9,0,1,1,7,39,4,30,5,0,
,Greenhills,3629,5,0,0,2,3,40,2,34,4,0,
,Green Township,59277,65,0,11,8,46,861,74,711,76,3,
,Grove City,42706,86,0,9,15,62,1059,55,884,120,2,
,Groveport,5787,6,0,4,0,2,55,3,40,12,0,
,Hamilton,62705,181,2,22,25,132,1191,206,875,110,23,
,"Hamilton Township, Warren County",27954,11,0,6,2,3,68,8,51,9,0,
,Heath,10717,21,0,9,2,10,435,35,384,16,0,
,Hebron,2388,3,0,0,1,2,27,4,21,2,0,
,Highland Heights,8529,3,0,0,0,3,29,0,23,6,0,
,Hilliard,37500,38,0,8,3,27,429,43,332,54,2,
,Hillsboro,6628,14,1,5,1,7,104,8,94,2,0,
,Hinckley Township,8118,1,0,0,0,1,25,3,21,1,0,
,Holland,1790,3,0,0,2,1,363,5,358,0,1,
,Howland Township,17067,17,0,1,0,16,271,29,233,9,0,
,Hubbard,7555,22,0,1,2,19,76,7,65,4,0,
,Hubbard Township,5279,3,0,0,1,2,36,6,28,2,0,
,Huber Heights,43261,85,0,33,11,41,811,83,584,144,2,
,Hudson,22839,12,1,6,0,5,99,3,94,2,1,
,Huron,6693,2,0,0,0,2,41,8,32,1,0,
,Independence,7521,12,0,1,2,9,101,2,91,8,0,
,Indian Hill,5982,0,0,0,0,0,46,10,36,0,0,
,Ironton,10161,20,1,4,0,15,79,20,50,9,0,
,Jackson,6189,21,0,3,1,17,173,13,156,4,1,
,"Jackson Township, Mahoning County",2093,3,0,0,0,3,19,12,6,1,0,
,"Jackson Township, Stark County",42741,60,0,17,13,30,953,90,817,46,4,
,Jefferson,3184,7,0,5,0,2,43,7,36,0,0,
,Johnstown,5323,3,0,0,0,3,15,1,13,1,0,
,Kent,26805,42,1,1,3,37,332,41,276,15,3,
,Kenton,7849,23,0,7,4,12,160,12,142,6,2,
,Kettering,56633,32,2,14,8,8,812,94,631,87,4,
,Kirtland,6882,2,0,0,0,2,1,0,1,0,0,
,Lakemore,2889,18,0,2,1,15,68,6,59,3,1,
,Lakewood,49304,72,0,12,21,39,775,68,549,158,2,
,Lancaster,41448,179,4,36,7,132,865,72,744,49,11,
,Lawrence Township,8188,5,0,2,0,3,43,9,28,6,1,
,Lebanon,21802,26,0,5,0,21,277,20,246,11,0,
,Lexington,4851,4,0,0,0,4,4,0,4,0,0,
,Liberty Township,11871,31,0,9,0,22,170,10,145,15,0,
,Lima,34706,246,3,33,23,187,1203,219,908,76,4,
,Lisbon,2527,2,0,0,0,2,9,1,7,1,0,
,Liverpool Township,3778,4,1,0,0,3,7,0,7,0,0,
,Lockland,3449,28,1,3,4,20,84,10,60,14,1,
,London,10531,12,0,0,1,11,105,9,90,6,0,
,Lorain,65436,314,1,18,41,254,1185,187,790,208,5,
,Lordstown,3315,1,0,0,0,1,32,3,26,3,0,
,Louisville,9519,8,0,0,1,7,101,10,87,4,0,
,Loveland,13045,2,0,1,1,0,62,6,52,4,2,
,Lyndhurst,13633,16,0,2,1,13,202,11,178,13,0,
,Macedonia,12136,4,0,1,0,3,172,4,166,2,1,
,Madeira,9375,2,0,1,0,1,39,3,36,0,0,
,"Madison Township, Franklin County",19247,11,0,1,2,8,44,4,37,3,1,
,Mansfield,48034,176,9,49,26,92,1463,278,1043,142,12,
,Maple Heights,22987,116,6,16,16,78,174,29,63,82,0,
,Mariemont,3418,0,0,0,0,0,7,0,6,1,0,
,Marietta,13091,10,0,5,1,4,168,10,153,5,2,
,Marion,34992,127,2,32,15,78,448,99,329,20,5,
,Martins Ferry,6094,27,0,7,0,20,29,8,21,0,0,
,Marysville,27913,10,0,7,1,2,328,20,284,24,0,
,Mason,35845,10,0,5,0,5,208,8,192,8,4,
,Maumee,13603,26,1,5,2,18,414,23,369,22,1,
,Mayfield Heights,19793,20,0,0,2,18,96,1,91,4,0,
,McArthur,1729,0,0,0,0,0,30,6,23,1,0,
,McConnelsville,1635,1,0,0,0,1,26,5,20,1,0,
,Mechanicsburg,1668,1,0,0,0,1,7,0,6,1,1,
,Medina,26013,16,0,8,0,8,295,16,271,8,0,
,Mentor,46856,64,3,7,4,50,671,22,634,15,2,
,Mentor-on-the-Lake,7071,8,1,2,0,5,42,6,34,2,0,
,Miamisburg,19715,37,0,7,2,28,332,42,248,42,0,
,"Miami Township, Clermont County",44674,23,0,9,2,12,320,18,283,19,1,
,"Miami Township, Montgomery County",30642,46,1,15,10,20,775,52,645,78,2,
,Middletown,51328,99,0,6,12,81,1160,166,907,87,3,
,Mifflin Township,2524,4,0,0,2,2,11,3,8,0,0,
,Milford,6422,9,0,1,3,5,102,8,92,2,2,
,Mogadore,3774,5,0,1,0,4,44,6,37,1,0,
,Monroe,17903,24,0,5,4,15,297,23,258,16,1,
,Monroeville,1275,2,0,0,0,2,1,0,1,0,0,
,Montgomery,10736,3,0,2,0,1,78,4,69,5,0,
,Montpelier,3868,9,0,4,0,5,91,10,76,5,1,
,Montville Township,13309,2,0,0,0,2,38,2,32,4,0,
,Moraine,6639,48,7,11,5,25,529,26,471,32,5,
,Mount Gilead,3521,2,0,1,0,1,18,4,13,1,0,
,Mount Healthy,6813,51,0,5,8,38,233,43,159,31,5,
,Mount Orab,4331,2,0,0,0,2,23,0,19,4,0,
,Mount Vernon,16551,7,1,1,1,4,70,17,51,2,1,
,Munroe Falls,4988,2,0,1,0,1,16,2,13,1,0,
,Napoleon,8715,19,0,5,0,14,138,18,115,5,0,
,Nelsonville,4518,14,0,2,0,12,81,17,60,4,0,
,New Albany,11140,10,0,2,0,8,132,8,106,18,2,
,Newark,51147,143,1,29,18,95,1301,198,970,133,11,
,New Boston,2221,5,0,1,0,4,110,5,98,7,0,
,Newburgh Heights,1803,4,0,0,1,3,8,0,8,0,0,
,Newcomerstown,3624,11,0,3,1,7,51,9,35,7,1,
,New Franklin,13711,5,0,1,0,4,75,18,50,7,0,
,New Lebanon,3772,15,0,5,1,9,36,6,28,2,0,
,New Philadelphia,17321,12,0,0,1,11,26,3,23,0,0,
,New Richmond,2766,2,0,0,0,2,11,1,10,0,0,
,Newtown,2640,2,0,0,0,2,16,4,12,0,0,
,Niles,18224,53,0,11,16,26,500,68,401,31,2,
,North Canton,17622,11,0,4,2,5,191,11,169,11,3,
,North College Hill,9402,52,0,3,12,37,289,20,215,54,0,
,Northfield,3529,3,0,1,0,2,42,0,41,1,0,
,North Olmsted,31536,14,0,0,1,13,223,24,181,18,0,
,North Ridgeville,37534,21,0,6,2,13,108,5,97,6,1,
,North Royalton,30683,9,0,3,0,6,100,14,75,11,0,
,Northwood,5203,14,0,3,1,10,111,7,96,8,1,
,Norton,11448,18,1,6,0,11,170,26,128,16,1,
,Norwalk,17089,29,2,13,1,13,165,17,143,5,2,
,Norwood,19157,42,0,3,11,28,598,92,422,84,0,
,Oakwood Village,3476,5,0,1,0,4,35,0,34,1,0,
,Oberlin,7344,12,1,3,2,6,84,6,78,0,0,
,Obetz,6300,8,0,2,2,4,99,8,75,16,0,
,Olmsted Township,14471,1,0,1,0,0,31,2,27,2,1,
,Ontario,6671,3,0,1,1,1,195,1,190,4,0,
,Orange Village,3516,6,0,1,2,3,31,3,25,3,0,
,Oregon,19678,43,0,5,7,31,688,34,627,27,0,
,Orrville,8417,6,0,1,0,5,31,2,28,1,1,
,Ottawa,4415,3,0,2,0,1,9,0,8,1,0,
,Ottawa Hills,4793,2,0,0,0,2,31,2,22,7,0,
,Parma,78913,99,1,36,11,51,519,75,386,58,4,
,Parma Heights,20268,8,0,0,0,8,56,3,53,0,0,
,Paulding,3542,8,0,1,0,7,15,4,11,0,0,
,Peninsula,520,5,0,0,0,5,10,0,8,2,0,
,Pepper Pike,6839,2,0,2,0,0,31,10,18,3,0,
,Perrysburg,25223,10,0,7,0,3,168,7,161,0,0,
,Perrysburg Township,13702,5,0,0,0,5,157,14,140,3,0,
,"Perry Township, Stark County",28146,41,0,5,6,30,388,99,261,28,0,
,Pickerington,25182,14,0,3,4,7,288,23,233,32,1,
,Pierce Township,15339,10,0,4,1,5,131,4,122,5,1,
,Piketon,2173,3,0,1,1,1,7,0,7,0,0,
,Pioneer,1406,6,0,3,0,3,27,2,23,2,1,
,Piqua,20722,65,2,25,1,37,627,64,534,29,2,
,Poland Township,11996,8,0,4,0,4,69,9,60,0,1,
,Poland Village,2413,0,0,0,0,0,0,0,0,0,0,
,Port Clinton,5941,23,0,7,1,15,70,10,56,4,0,
,Portsmouth,17285,133,2,25,11,95,755,117,570,68,1,
,Powell,14463,3,1,0,0,2,98,13,77,8,0,
,Ravenna,11218,18,1,2,3,12,236,11,217,8,3,
,Reading,11114,44,0,4,13,27,222,19,176,27,1,
,Reynoldsburg,41150,179,4,25,45,105,1187,75,912,200,6,
,Richmond Heights,10502,17,2,4,1,10,162,16,112,34,0,
,Riverside,24296,59,1,11,7,40,419,35,260,124,0,
,Rocky River,21247,10,1,0,3,6,104,7,95,2,0,
,Ross Township,8835,6,0,3,0,3,39,8,28,3,0,
,Sabina,2470,1,0,0,0,1,26,1,23,2,0,
,Sagamore Hills,10719,1,0,1,0,0,7,2,5,0,0,
,Salem,11654,16,0,6,2,8,172,11,157,4,0,
,Sandusky,24273,35,1,6,9,19,572,75,466,31,2,
,Sebring,4117,11,0,2,0,9,42,14,28,0,0,
,Seven Hills,11531,4,0,0,0,4,88,6,81,1,3,
,Sharon Township,2310,0,0,0,0,0,10,2,7,1,0,
,Sharonville,13799,35,0,16,8,11,309,18,250,41,1,
,Shawnee Township,12469,10,0,6,0,4,93,14,71,8,0,
,Sheffield Lake,8929,15,1,0,1,13,74,16,55,3,0,
,Sheffield Village,4421,2,0,0,0,2,14,1,11,2,0,
,Shelby,9274,17,0,4,0,13,115,12,101,2,0,
,Sidney,20163,53,2,26,5,20,442,48,366,28,3,
,Solon,23681,27,1,2,1,23,248,23,213,12,0,
,South Bloomfield,2586,1,0,0,0,1,26,4,20,2,0,
,South Euclid,21266,38,0,5,5,28,440,10,399,31,1,
,South Point,3674,0,0,0,0,0,7,0,6,1,1,
,South Zanesville,1891,0,0,0,0,0,13,2,11,0,1,
,Spencerville,2153,0,0,0,0,0,11,0,11,0,0,
,Springboro,19583,7,0,2,0,5,122,12,101,9,1,
,Springdale,10802,29,0,5,3,21,164,6,147,11,0,
,Springfield,57866,725,10,54,132,529,2754,542,1752,460,72,
,"Springfield Township, Hamilton County",35162,60,0,6,13,41,539,53,394,92,2,
,"Springfield Township, Mahoning County",6688,10,0,5,0,5,49,13,34,2,0,
,"Springfield Township, Summit County",14029,33,0,7,6,20,414,37,361,16,3,
,St. Bernard,3913,15,1,3,2,9,118,12,79,27,1,
,St. Clairsville,4986,1,0,0,0,1,7,0,7,0,0,
,St. Clair Township,7617,1,0,0,0,1,99,1,98,0,0,
,Steubenville,17974,24,0,4,8,12,582,40,528,14,2,
,Stow,34096,35,0,8,0,27,540,30,504,6,0,
,Strasburg,2760,1,0,0,0,1,3,0,3,0,0,
,Streetsboro,17924,17,0,4,1,12,304,5,288,11,1,
,Strongsville,45576,42,0,3,1,38,415,19,384,12,1,
,Struthers,9873,28,0,1,5,22,103,14,66,23,0,
,Sugarcreek Township,9657,5,0,1,1,3,227,5,211,11,0,
,Swanton,3848,9,0,1,0,8,33,2,27,4,0,
,Sylvania,19057,18,0,6,2,10,140,13,112,15,0,
,Sylvania Township,31756,26,1,4,6,15,596,43,509,44,0,
,Tallmadge,18212,16,0,5,1,10,202,27,155,20,2,
,Tipp City,10488,2,0,0,1,1,135,13,117,5,1,
,Toledo,264341,3026,36,286,339,2365,7915,1289,5241,1385,111,
,Toronto,5201,8,0,1,0,7,11,0,11,0,0,
,Trenton,13697,21,0,4,0,17,63,6,55,2,0,
,Trotwood,22900,139,4,13,24,98,777,116,377,284,13,
,Troy,26839,10,0,5,2,3,220,18,195,7,1,
,Twinsburg,19495,11,0,0,0,11,130,14,112,4,0,
,Uhrichsville,5126,38,2,3,0,33,125,20,98,7,2,
,Union,6912,3,0,0,0,3,44,1,42,1,0,
,Uniontown,3311,9,4,2,0,3,91,11,78,2,0,
,"Union Township, Clermont County",50463,39,1,14,3,21,550,25,505,20,1,
,University Heights,13105,19,0,2,3,14,72,3,60,9,0,
,Upper Arlington,35641,5,0,0,3,2,328,36,270,22,2,
,Upper Sandusky,6671,16,2,8,1,5,125,14,107,4,3,
,Urbana,11115,22,0,9,0,13,243,14,220,9,1,
,Utica,2120,3,0,0,0,3,7,2,5,0,0,
,Van Wert,11042,49,0,14,4,31,281,37,239,5,1,
,Vienna Township,4045,9,0,1,0,8,35,4,28,3,1,
,Wadsworth,24757,33,0,14,1,18,217,15,198,4,0,
,Wapakoneta,9689,3,0,1,0,2,71,8,62,1,0,
,Washington Court House,14383,24,0,12,1,11,188,17,154,17,3,
,Waverly,4106,6,0,0,0,6,22,9,13,0,0,
,Waynesville,2823,1,0,0,0,1,15,7,3,5,0,
,Weathersfield,7992,10,0,3,0,7,117,18,93,6,0,
,Wellston,5451,11,0,0,0,11,91,8,74,9,0,
,West Carrollton,12843,55,0,9,9,37,293,35,185,73,1,
,West Chester Township,62860,52,0,11,11,30,895,64,775,56,3,
,Westerville,38085,72,0,8,8,56,786,37,690,59,6,
,West Jefferson,4187,6,0,3,0,3,75,2,71,2,0,
,Whitehall,19816,196,2,22,65,107,1282,121,1033,128,4,
,Wickliffe,12582,6,0,2,0,4,112,1,100,11,0,
,Williamsburg,2625,3,0,0,0,3,30,1,28,1,0,
,Willoughby,24261,23,1,7,3,12,266,21,234,11,1,
,Willoughby Hills,9934,11,0,2,2,7,104,6,62,36,0,
,Willowick,14097,11,0,0,1,10,52,2,49,1,0,
,Wilmington,12653,21,0,7,2,12,266,21,234,11,1,
,Wintersville,3676,4,0,2,0,2,43,7,35,1,0,
,Woodlawn,3848,11,0,0,2,9,97,8,81,8,0,
,Woodsfield,2182,3,0,1,0,2,5,2,3,0,0,
,Wooster,26945,69,1,23,6,39,677,65,585,27,6,
,Worthington,14552,22,0,2,5,15,226,15,184,27,0,
,Wyoming,8604,2,0,1,0,1,78,13,59,6,0,
,Xenia,25692,66,0,17,7,42,507,46,409,52,3,
,Yellow Springs,3735,2,0,0,1,1,47,13,31,3,1,
,Youngstown,58773,398,18,31,55,294,1852,423,956,473,31,
,Zanesville,24512,81,0,16,12,53,926,118,773,35,2,
OKLAHOMA,Achille,420,3,0,0,1,2,3,1,1,1,0,
,Ada,16568,41,0,5,4,32,306,65,207,34,0,
,Adair,739,0,0,0,0,0,10,2,7,1,0,
,Alex,494,0,0,0,0,0,1,0,1,0,0,
,Allen,801,0,0,0,0,0,4,1,3,0,0,
,Altus,18485,64,0,14,1,49,267,70,171,26,0,
,Alva,4995,7,0,2,0,5,56,17,29,10,1,
,Amber,450,0,0,0,0,0,0,0,0,0,0,
,Anadarko,5435,66,1,4,2,59,182,62,106,14,3,
,Antlers,2186,10,2,4,0,4,39,9,26,4,2,
,Apache,988,3,0,1,1,1,7,2,4,1,0,
,Arapaho,648,1,0,0,0,1,0,0,0,0,0,
,Arcadia,173,5,0,0,1,4,1,0,1,0,0,
,Ardmore,24938,298,4,27,10,257,858,185,580,93,4,
,Arkoma,1840,10,0,0,0,10,40,8,27,5,1,
,Atoka,3201,18,0,4,0,14,136,34,96,6,0,
,Avant,300,2,0,0,0,2,1,0,1,0,0,
,Barnsdall,1007,1,0,0,0,1,1,0,1,0,0,
,Bartlesville,38006,145,3,34,9,99,1053,163,801,89,5,
,Beaver,1261,11,0,0,0,11,12,5,6,1,0,
,Beggs,1188,6,0,2,0,4,17,3,12,2,0,
,Bennington,315,0,0,0,0,0,0,0,0,0,0,
,Bernice,435,1,0,0,0,1,13,3,8,2,0,
,Bethany,20264,46,0,7,10,29,368,194,155,19,2,
,Binger,434,3,0,1,0,2,18,6,10,2,0,
,Bixby,30346,36,1,11,2,22,273,54,184,35,0,
,Blackwell,6073,21,1,3,0,17,107,38,55,14,3,
,Blair,703,0,0,0,0,0,2,1,1,0,0,
,Blanchard,9765,8,2,0,0,6,77,17,47,13,1,
,Boise City,1130,0,0,0,0,0,12,2,8,2,0,
,Bokchito,602,4,0,2,0,2,17,5,10,2,0,
,Bokoshe,405,3,0,0,0,3,5,1,4,0,0,
,Boley,1082,5,0,3,2,0,1,1,0,0,0,
,Boswell,586,1,0,0,0,1,0,0,0,0,0,
,Bristow,4254,17,0,1,1,15,71,11,50,10,2,
,Broken Arrow,119959,246,8,39,11,188,1625,263,1175,187,2,
,Broken Bow,4257,24,2,3,1,18,152,47,97,8,0,
,Burns Flat,1887,1,0,0,0,1,16,6,7,3,0,
,Butler,202,0,0,0,0,0,0,0,0,0,0,
,Cache,3192,3,0,0,0,3,21,5,13,3,0,
,Caddo,1068,1,0,0,0,1,5,1,1,3,0,
,Calera,3062,4,0,0,0,4,49,7,29,13,0,
,Calumet,486,0,0,0,0,0,2,1,1,0,0,
,Calvin,313,0,0,0,0,0,0,0,0,0,0,
,Caney,188,3,0,2,0,1,3,2,1,0,0,
,Canton,439,1,0,0,0,1,3,1,2,0,0,
,Carnegie,1354,3,0,1,0,2,17,1,14,2,0,
,Carney,564,0,0,0,0,0,4,0,4,0,0,
,Cashion,907,0,0,0,0,0,3,1,2,0,0,
,Catoosa,7455,22,0,4,0,18,173,43,84,46,0,
,Cement,411,0,0,0,0,0,1,0,0,1,0,
,Chandler,2914,5,0,0,1,4,37,8,26,3,1,
,Chattanooga,416,0,0,0,0,0,0,0,0,0,0,
,Checotah,3104,5,0,1,0,4,31,6,18,7,0,
,Chelsea,1997,2,0,2,0,0,14,8,5,1,0,
,Cherokee,1422,1,0,1,0,0,25,4,21,0,1,
,Chickasha,16800,60,0,17,3,40,430,138,256,36,4,
,Choctaw,12227,15,0,3,1,11,106,14,73,19,0,
,Chouteau,2129,6,0,3,0,3,54,17,29,8,1,
,Claremore,20455,47,1,15,1,30,502,62,421,19,1,
,Clayton,556,1,0,0,0,1,6,3,3,0,0,
,Cleveland,3225,7,0,0,0,7,73,11,53,9,1,
,Clinton,8178,31,2,4,3,22,95,28,56,11,4,
,Coalgate,1691,5,0,2,0,3,37,7,27,3,0,
,Colbert,1092,5,0,0,0,5,17,3,7,7,1,
,Colcord,761,3,0,1,0,2,9,1,5,3,0,
,Collinsville,9310,13,0,3,0,10,67,17,39,11,0,
,Comanche,1405,0,0,0,0,0,13,4,7,2,0,
,Commerce,2276,4,0,0,0,4,31,8,18,5,1,
,Cordell,2695,2,1,0,0,1,18,6,7,5,1,
,Covington,467,0,0,0,0,0,1,0,1,0,0,
,Coweta,10844,21,1,4,0,16,81,17,53,11,1,
,Crescent,1374,2,0,1,0,1,8,3,4,1,0,
,Cushing,8359,17,0,5,1,11,164,46,108,10,1,
,Cyril,786,3,1,0,1,1,9,8,1,0,0,
,Davenport,853,0,0,0,0,0,5,0,4,1,0,
,Davis,2779,11,0,5,0,6,121,28,80,13,2,
,Del City,21183,73,1,9,9,54,732,86,570,76,0,
,Depew,411,1,0,0,0,1,14,6,5,3,0,
,Dewar,762,0,0,0,0,0,3,1,1,1,1,
,Dewey,3409,4,0,0,0,4,67,16,42,9,0,
,Dibble,966,1,0,1,0,0,4,0,1,3,0,
,Dickson,1359,5,0,1,0,4,24,13,10,1,1,
,Disney,226,0,0,0,0,0,1,0,0,1,0,
,Drumright,2532,8,0,1,1,6,68,16,43,9,3,
,Duke,390,0,0,0,0,0,1,0,1,0,0,
,Duncan,23245,83,0,18,5,60,594,129,428,37,2,
,Durant,20098,57,0,20,4,33,616,89,476,51,3,
,Earlsboro,610,1,1,0,0,0,11,2,9,0,0,
,Edmond,97063,158,2,37,15,104,1532,177,1267,88,2,
,Eldorado,313,0,0,0,0,0,0,0,0,0,0,
,Elgin,3683,1,0,0,0,1,3,0,3,0,0,
,Elk City,11179,23,1,4,2,16,137,29,95,13,3,
,Elmore City,740,2,0,1,1,0,14,3,8,3,0,
,El Reno,19318,47,1,14,3,29,285,50,202,33,12,
,Enid,50168,231,1,52,9,169,1426,378,964,84,4,
,Erick,964,2,0,0,0,2,8,1,6,1,0,
,Eufaula,2824,6,0,1,0,5,53,9,39,5,1,
,Fairfax,1101,2,0,1,0,1,15,5,7,3,0,
,Fairland,1108,1,0,1,0,0,10,2,8,0,1,
,Fairview,2591,6,0,0,0,6,22,7,14,1,0,
,Fletcher,1267,1,0,0,0,1,5,2,2,1,0,
,Fort Cobb,494,2,0,0,0,2,4,1,3,0,0,
,Fort Gibson,3810,18,0,2,0,16,33,8,22,3,0,
,Fort Towson,504,0,0,0,0,0,0,0,0,0,0,
,Foyil,428,0,0,0,0,0,5,0,5,0,0,
,Frederick,3478,12,1,0,1,10,121,52,59,10,2,
,Gans,252,0,0,0,0,0,0,0,0,0,0,
,Garber,715,0,0,0,0,0,13,3,10,0,0,
,Geary,950,3,0,0,2,1,17,9,6,2,1,
,Geronimo,1185,0,0,0,0,0,7,2,5,0,2,
,Glenpool,14467,29,0,2,2,25,240,84,145,11,1,
,Goodwell,911,1,0,0,0,1,7,4,3,0,0,
,Gore,972,2,0,2,0,0,7,0,6,1,0,
,Grandfield,915,1,0,0,0,1,6,1,5,0,1,
,Granite,1649,6,1,2,0,3,4,1,2,1,1,
,Grove,7348,10,0,1,0,9,180,21,141,18,3,
,Guthrie,11400,26,0,5,2,19,180,29,133,18,4,
,Guymon,12124,21,0,7,0,14,166,40,115,11,3,
,Haileyville,706,1,0,0,0,1,2,1,0,1,0,
,Harrah,6498,14,1,4,0,9,84,18,60,6,0,
,Hartshorne,1904,2,0,0,0,2,31,10,18,3,1,
,Haskell,1685,13,0,1,0,12,34,7,19,8,0,
,Haworth,284,0,0,0,0,0,7,5,1,1,1,
,Healdton,2336,6,0,1,1,4,21,4,14,3,0,
,Heavener,3005,7,0,2,1,4,45,9,29,7,1,
,Hennessey,2162,0,0,0,0,0,3,3,0,0,0,
,Henryetta,5619,9,0,0,0,9,86,33,41,12,0,
,Hinton,4872,1,0,0,0,1,21,1,18,2,0,
,Hobart,3309,16,0,0,0,16,36,7,25,4,1,
,Holdenville,5914,22,0,4,1,17,118,40,65,13,4,
,Hollis,1733,6,0,1,1,4,25,6,12,7,1,
,Hominy,3269,4,0,1,0,3,58,24,29,5,1,
,Hooker,1690,0,0,0,0,0,4,2,2,0,0,
,Howe,635,0,0,0,0,0,3,2,1,0,0,
,Hugo,5251,24,1,5,2,16,127,37,76,14,4,
,Hulbert,500,4,0,0,0,4,1,0,1,0,0,
,Hydro,885,1,0,0,0,1,2,0,1,1,0,
,Idabel,7091,9,0,1,0,8,239,76,154,9,2,
,Inola,1902,3,0,0,1,2,18,8,8,2,0,
,Jay,2469,12,0,2,0,10,79,20,43,16,0,
,Jenks,27692,31,0,10,2,19,205,44,131,30,2,
,Jennings,289,0,0,0,0,0,3,0,2,1,0,
,Jones,3070,7,1,1,0,5,25,9,12,4,0,
,Kansas,743,2,0,0,0,2,6,2,2,2,0,
,Kellyville,1022,0,0,0,0,0,7,1,6,0,1,
,Kiefer,2254,1,0,0,0,1,27,9,14,4,0,
,Kingfisher,4986,21,1,4,1,15,98,11,84,3,2,
,Kingston,1491,3,0,0,0,3,19,6,12,1,0,
,Kiowa,610,0,0,0,0,0,8,2,6,0,0,
,Konawa,1256,9,0,1,0,8,22,5,9,8,0,
,Krebs,2071,2,1,0,0,1,30,13,12,5,0,
,Lahoma,518,0,0,0,0,0,0,0,0,0,0,
,Langley,615,3,0,0,0,3,5,1,1,3,0,
,Langston,1686,1,0,0,0,1,6,1,2,3,0,
,Laverne,1147,1,0,1,0,0,2,0,1,1,0,
,Lawton,92137,709,9,125,64,511,2256,818,1230,208,43,
,Lexington,2022,5,0,1,1,3,32,7,17,8,0,
,Lindsay,2853,7,0,0,0,7,56,18,32,6,1,
,Locust Grove,1393,5,0,0,1,4,58,19,27,12,1,
,Lone Grove,5201,8,0,1,0,7,97,15,72,10,2,
,Luther,1533,2,0,1,0,1,8,3,5,0,1,
,Madill,4080,8,0,5,0,3,95,10,77,8,0,
,Mangum,2800,11,1,4,0,6,30,6,20,4,2,
,Mannford,3317,3,0,1,0,2,22,4,17,1,0,
,Marble City,184,0,0,0,0,0,0,0,0,0,0,
,Marietta,2831,11,0,2,2,7,74,21,46,7,0,
,Marlow,4507,20,0,5,3,12,46,11,32,3,0,
,Maud,866,5,0,0,0,5,9,0,8,1,0,
,Maysville,1082,2,0,0,0,2,10,2,5,3,0,
,McAlester,18083,49,0,11,3,35,431,83,321,27,0,
,McCurtain,360,0,0,0,0,0,0,0,0,0,0,
,McLoud,4498,17,0,4,0,13,29,5,19,5,0,
,Medford,885,0,0,0,0,0,3,2,1,0,0,
,Medicine Park,470,1,0,0,0,1,5,1,3,1,0,
,Meeker,1017,2,0,0,0,2,7,0,6,1,1,
,Miami,12896,65,0,5,5,55,529,79,415,35,7,
,Midwest City,57696,216,2,17,22,175,1400,136,1118,146,5,
,Minco,1516,1,0,0,0,1,6,0,5,1,0,
,Moore,63311,163,0,21,10,132,1079,194,739,146,7,
,Mooreland,1127,3,0,2,0,1,3,1,2,0,0,
,Morris,1316,3,0,0,0,3,6,2,4,0,0,
,Mounds,971,0,0,0,0,0,16,0,8,8,0,
,Mountain Park,315,0,0,0,0,0,0,0,0,0,0,
,Mountain View,724,0,0,0,0,0,3,0,2,1,1,
,Muldrow,3301,23,0,3,5,15,56,16,29,11,0,
,Muskogee,36708,386,6,31,20,329,1259,258,909,92,9,
,Mustang,23367,26,0,13,1,12,247,12,217,18,1,
,Nash,188,0,0,0,0,0,0,0,0,0,0,
,Newcastle,14115,10,1,2,1,6,163,45,88,30,1,
,Newkirk,2184,4,0,1,0,3,26,1,15,10,0,
,Nichols Hills,3805,4,0,0,2,2,49,14,29,6,0,
,Nicoma Park,2286,8,0,3,1,4,28,8,13,7,0,
,Ninnekah,801,1,0,0,0,1,6,4,1,1,0,
,Noble,7833,12,0,2,1,9,127,29,92,6,2,
,Norman,130366,402,2,56,36,308,2971,406,2216,349,5,
,North Enid,993,1,0,0,0,1,8,2,5,1,0,
,Nowata,3592,4,0,1,0,3,66,30,32,4,1,
,Oilton,887,0,0,0,0,0,4,2,2,0,0,
,Okarche,1159,2,0,1,0,1,6,1,3,2,0,
,Okeene,1018,3,0,0,0,3,6,4,2,0,0,
,Okemah,2984,19,0,1,0,18,74,23,45,6,1,
,Oklahoma City,700764,4468,63,483,617,3305,20562,3967,13773,2822,121,
,Okmulgee,11458,69,3,3,4,59,341,94,211,36,2,
,Olustee,461,0,0,0,0,0,2,0,1,1,0,
,Oologah,1324,5,0,2,0,3,11,1,7,3,0,
,Owasso,39810,48,1,8,2,37,699,80,577,42,0,
,Panama,1291,2,0,0,0,2,5,2,3,0,0,
,Paoli,581,1,0,1,0,0,1,1,0,0,0,
,Pauls Valley,6023,28,0,8,1,19,184,38,132,14,0,
,Pawhuska,2911,2,0,0,0,2,61,18,40,3,0,
,Pawnee,1942,13,0,1,2,10,39,15,19,5,1,
,Perkins,3273,7,0,1,1,5,48,9,35,4,0,
,Perry,4450,6,0,3,0,3,75,11,55,9,0,
,Piedmont,8970,0,0,0,0,0,27,6,16,5,1,
,Pocola,4487,6,2,0,0,4,15,4,7,4,0,
,Ponca City,24328,126,2,32,6,86,756,173,497,86,6,
,Porum,607,6,0,0,0,6,7,1,6,0,1,
,Poteau,9029,34,0,4,3,27,337,80,224,33,4,
,Prague,2384,3,0,0,0,3,30,12,14,4,0,
,Pryor Creek,9626,41,1,6,2,32,297,43,227,27,2,
,Purcell,6825,25,0,2,4,19,218,34,165,19,3,
,Quinton,850,1,0,0,0,1,13,6,4,3,1,
,Ramona,541,1,0,0,0,1,12,3,7,2,0,
,Ratliff City,64,0,0,0,0,0,2,0,2,0,0,
,Rattan,277,0,0,0,0,0,0,0,0,0,0,
,Red Oak,540,0,0,0,0,0,2,0,2,0,0,
,Ringling,880,0,0,0,0,0,0,0,0,0,0,
,Roland,3790,10,0,2,0,8,58,9,41,8,0,
,Rush Springs,1011,5,0,0,0,5,12,5,6,1,0,
,Salina,1096,2,0,0,0,2,30,18,9,3,0,
,Sallisaw,8561,37,0,6,0,31,292,23,249,20,0,
,Sand Springs,20096,43,0,6,6,31,748,81,608,59,5,
,Sapulpa,22882,47,1,11,2,33,362,99,232,31,4,
,Savanna,621,5,0,0,1,4,6,0,6,0,0,
,Sawyer,343,1,0,0,1,0,4,1,3,0,2,
,Sayre,4742,7,0,0,0,7,28,12,12,4,0,
,Seiling,825,0,0,0,0,0,2,0,2,0,0,
,Seminole,7150,29,0,1,0,28,170,51,97,22,2,
,Shady Point,988,1,0,0,0,1,8,2,4,2,0,
,Shattuck,1202,0,0,0,0,0,0,0,0,0,0,
,Shawnee,31926,154,2,15,15,122,963,183,660,120,10,
,Skiatook,8648,9,0,1,0,8,89,26,57,6,1,
,Snyder,1230,8,0,2,0,6,5,2,3,0,0,
,South Coffeyville,693,3,0,0,0,3,20,4,11,5,0,
,Sparks,121,0,0,0,0,0,0,0,0,0,0,
,Spavinaw,354,0,0,0,0,0,13,4,7,2,0,
,Spencer,3868,13,0,2,0,11,68,13,39,16,1,
,Sperry,1115,5,0,1,0,4,19,10,9,0,0,
,Spiro,2140,5,0,3,0,2,16,4,10,2,0,
,Sterling,682,0,0,0,0,0,2,0,0,2,0,
,Stigler,2700,6,1,1,0,4,45,7,34,4,0,
,Stillwater,49546,99,1,28,6,64,805,186,553,66,6,
,Stilwell,3742,31,1,4,2,24,123,16,100,7,3,
,Stratford,1409,2,0,0,0,2,21,9,11,1,1,
,Stringtown,424,0,0,0,0,0,1,0,0,1,0,
,Stroud,2843,4,0,2,0,2,44,18,19,7,2,
,Sulphur,4904,8,0,0,1,7,61,8,42,11,0,
,Tahlequah,17131,16,0,0,3,13,145,9,135,1,1,
,Talala,266,0,0,0,0,0,0,0,0,0,0,
,Talihina,927,3,0,1,0,2,26,9,13,4,0,
,Tecumseh,6345,22,0,5,0,17,125,35,75,15,0,
,Texhoma,808,0,0,0,0,0,3,0,1,2,0,
,Thackerville,413,2,0,0,0,2,9,2,4,3,0,
,The Village,9320,26,0,6,3,17,196,28,151,17,1,
,Thomas,1110,1,0,0,1,0,11,2,4,5,0,
,Tipton,866,1,0,0,0,1,8,5,2,1,0,
,Tishomingo,3126,9,0,0,0,9,29,11,16,2,0,
,Tonkawa,3014,10,0,3,0,7,67,16,46,5,2,
,Tryon,391,0,0,0,0,0,0,0,0,0,0,
,Tulsa,411002,3750,36,417,411,2886,16187,3612,10218,2357,42,
,Tupelo,327,1,0,0,0,1,0,0,0,0,0,
,Tushka,416,0,0,0,0,0,4,1,2,1,0,
,Tuttle,8417,17,0,2,1,14,60,18,27,15,1,
,Tyrone,714,1,0,0,0,1,1,0,1,0,0,
,Union City,2005,3,0,1,0,2,13,2,9,2,0,
,Valley Brook,641,6,0,1,1,4,29,11,15,3,0,
,Valliant,810,3,0,0,0,3,15,4,9,2,1,
,Velma,578,1,0,0,1,0,0,0,0,0,0,
,Verden,514,1,0,0,0,1,4,1,2,1,0,
,Verdigris,5903,3,1,0,0,2,26,11,14,1,1,
,Vian,1377,13,0,3,0,10,37,10,24,3,0,
,Vici,593,2,0,0,0,2,3,1,2,0,0,
,Vinita,5169,23,0,7,1,15,126,32,69,25,1,
,Wagoner,8379,26,1,7,1,17,198,56,130,12,2,
,Walters,2366,5,0,1,0,4,43,18,20,5,0,
,Warner,1604,1,0,0,0,1,6,3,3,0,0,
,Warr Acres,10335,33,0,4,8,21,402,84,281,37,1,
,Washington,714,0,0,0,0,0,1,1,0,0,0,
,Watonga,2519,17,0,2,1,14,54,22,28,4,0,
,Watts,280,1,0,0,0,1,6,1,4,1,0,
,Waukomis,1311,0,0,0,0,0,11,1,9,1,0,
,Waurika,1861,2,0,0,0,2,27,12,15,0,0,
,Waynoka,700,0,0,0,0,0,4,2,2,0,0,
,Weatherford,11756,4,0,0,0,4,88,10,72,6,0,
,Webbers Falls,340,3,0,0,0,3,8,1,2,5,0,
,Weleetka,785,0,0,0,0,0,11,3,8,0,0,
,Wellston,692,0,0,0,0,0,22,7,10,5,0,
,West Siloam Springs,1052,2,0,0,0,2,46,4,31,11,0,
,Westville,1359,20,0,4,1,15,45,12,27,6,1,
,Wetumka,1134,3,0,0,0,3,39,2,29,8,2,
,Wewoka,3033,7,0,1,0,6,46,9,32,5,2,
,Wilburton,2340,8,0,4,0,4,49,10,37,2,1,
,Wilson,1430,2,0,1,0,1,17,7,9,1,0,
,Wister,1053,3,0,0,0,3,15,1,7,7,0,
,Woodward,11646,45,1,7,2,35,218,79,120,19,0,
,Wright City,604,0,0,0,0,0,3,1,0,2,1,
,Wyandotte,493,1,0,0,0,1,5,0,3,2,0,
,Wynnewood,1917,4,0,1,0,3,19,0,16,3,0,
,Wynona,376,0,0,0,0,0,0,0,0,0,0,
,Yale,1070,1,0,0,0,1,37,17,19,1,3,
,Yukon,26485,39,0,8,3,28,368,40,297,31,2,
OREGON,Albany,57002,110,6,17,26,61,1182,141,940,101,22,
,Ashland,21229,32,0,5,7,20,358,43,295,20,4,
,Astoria,10175,47,0,13,3,31,268,36,212,20,3,
,Baker City,10305,7,0,1,0,6,116,21,88,7,2,
,Bandon,3348,0,0,0,0,0,24,2,17,5,0,
,Banks,1803,1,0,0,0,1,8,0,8,0,0,
,Beaverton,96840,263,2,47,53,161,2030,178,1541,311,21,
,Bend,105099,193,2,29,40,122,1670,146,1398,126,27,
,Boardman,4018,14,0,2,2,10,62,7,45,10,3,
,Brookings,6764,19,0,9,3,7,85,7,69,9,1,
,Canby,18013,23,0,7,3,13,156,19,116,21,0,
,Carlton,2220,2,0,2,0,0,17,1,15,1,0,
,Central Point,19294,33,0,3,6,24,253,15,220,18,6,
,Columbia City,1938,0,0,0,0,0,8,4,4,0,0,
,Coos Bay,15768,152,1,21,17,113,850,236,557,57,7,
,Coquille,4042,5,0,1,0,4,54,17,36,1,0,
,Cornelius,15335,34,0,4,8,22,205,20,169,16,6,
,Corvallis,61474,116,0,20,34,62,1780,201,1502,77,32,
,Cottage Grove,10767,38,0,9,3,26,175,17,147,11,6,
,Dallas,17760,43,0,6,3,34,372,16,342,14,3,
,Eagle Point,9951,11,0,1,0,10,177,8,161,8,1,
,Eugene,178191,620,6,101,138,375,5697,887,4110,700,129,
,Florence,9355,13,0,1,2,10,200,23,172,5,1,
,Forest Grove,27067,115,0,20,4,91,386,38,318,30,5,
,Gaston,667,1,0,1,0,0,3,0,3,0,0,
,Gearhart,1902,0,0,0,0,0,20,0,20,0,0,
,Gervais,2570,5,0,0,0,5,7,1,6,0,0,
,Gladstone,11911,23,0,7,3,13,196,16,150,30,3,
,Grants Pass,38992,156,3,27,30,96,1404,136,1139,129,10,
,Gresham,110225,424,11,66,99,248,3303,505,1712,1086,20,
,Hermiston,19422,53,0,4,6,43,733,68,612,53,7,
,Hillsboro,107459,314,3,39,54,218,2690,303,2116,271,41,
,Hood River,8371,11,0,0,0,11,290,24,249,17,1,
,Hubbard,3393,2,0,0,1,1,31,1,21,9,0,
,Independence,10390,18,0,1,5,12,112,11,90,11,3,
,Jacksonville,2942,0,0,0,0,0,17,4,12,1,0,
,Keizer,38395,95,0,8,10,77,802,77,671,54,3,
,King City,4973,8,0,0,2,6,36,9,19,8,0,
,Klamath Falls,22896,133,0,11,21,101,603,75,428,100,22,
,La Grande,13160,55,0,19,3,33,277,43,210,24,5,
,Lake Oswego,39756,22,0,7,4,11,532,78,404,50,1,
,Lebanon,19881,27,0,2,4,21,207,30,142,35,4,
,Lincoln City,10027,47,0,6,9,32,329,81,225,23,11,
,McMinnville,34563,78,0,16,12,50,675,66,570,39,18,
,Medford,85352,341,2,51,65,223,3282,242,2807,233,44,
,Milton-Freewater,7065,22,1,2,4,15,129,22,82,25,1,
,Milwaukie,21490,32,0,9,2,21,204,38,130,36,4,
,Molalla,10136,18,0,9,1,8,64,3,60,1,3,
,Monmouth,11343,17,0,1,0,16,147,9,125,13,0,
,Mount Angel,3401,1,0,0,0,1,22,3,16,3,0,
,Myrtle Creek,3516,4,0,2,0,2,88,10,71,7,1,
,Newberg-Dundee,25926,47,0,15,3,29,324,31,266,27,6,
,Newport,10468,26,0,4,5,17,293,32,241,20,3,
,North Bend,10173,23,0,4,5,14,349,55,265,29,12,
,North Plains,3374,2,0,0,0,2,25,7,17,1,1,
,Nyssa,3246,12,1,1,1,9,37,3,28,6,2,
,Oakridge,3158,10,1,0,0,9,28,15,10,3,3,
,Ontario,11762,79,0,11,7,61,505,40,413,52,6,
,Oregon City,37109,86,3,10,8,65,591,63,451,77,9,
,Pendleton,17095,54,1,15,4,34,714,67,582,65,9,
,Philomath,5922,3,0,0,0,3,42,2,36,4,0,
,Phoenix,4074,10,1,0,2,7,115,12,99,4,3,
,Pilot Rock,1325,2,0,0,0,2,17,4,12,1,0,
,Portland,626146,4478,74,320,1209,2875,36696,4964,23522,8210,287,
,Prineville,11819,62,1,6,1,54,134,17,102,15,2,
,Rainier,1916,1,0,0,0,1,54,6,46,2,1,
,Redmond,37810,78,1,15,8,54,775,70,626,79,17,
,Reedsport,4320,7,0,0,0,7,69,6,58,5,1,
,Rogue River,2364,3,0,0,0,3,56,5,47,4,0,
,Roseburg,23942,79,0,14,13,52,1051,80,889,82,14,
,Salem,178276,798,9,27,176,586,5710,685,4123,902,120,
,Sandy,13100,7,0,1,3,3,155,9,118,28,4,
,Scappoose,8337,4,1,0,1,2,100,14,64,22,1,
,Seaside,7275,27,0,7,4,16,395,32,351,12,5,
,Sherwood,19838,19,0,2,2,15,403,12,366,25,2,
,Springfield,61185,194,1,27,44,122,1679,204,1342,133,30,
,Stanfield,2126,0,0,0,0,0,26,4,20,2,0,
,Stayton,8168,16,0,2,2,12,134,15,107,12,1,
,St. Helens,14603,43,0,7,2,34,150,27,106,17,1,
,Sunriver,1388,1,0,0,0,1,31,3,28,0,0,
,Sutherlin,8686,25,0,8,0,17,180,24,141,15,4,
,Sweet Home,10209,28,0,6,5,17,339,30,288,21,17,
,Talent,6149,1,0,0,0,1,66,13,50,3,0,
,The Dalles,15897,57,1,12,13,31,514,62,389,63,3,
,Tigard,56142,162,3,14,54,91,1862,232,1428,202,8,
,Tillamook,5241,11,0,0,3,8,157,4,145,8,2,
,Tualatin,27751,57,0,12,10,35,836,98,650,88,4,
,Umatilla,7756,17,0,6,1,10,118,19,79,20,2,
,Warrenton,6396,22,0,5,5,12,320,20,294,6,0,
,West Linn,26708,14,1,4,2,7,287,49,219,19,2,
,Winston,5695,6,0,0,3,3,113,7,95,11,1,
,Woodburn,27980,92,1,21,16,54,732,40,575,117,8,
,Yamhill,1151,1,0,0,0,1,10,0,10,0,0,
PENNSYLVANIA,Abbottstown,1036,0,0,0,0,0,3,1,2,0,0,
,"Abington Township, Montgomery County",58433,52,2,6,21,23,1366,68,1217,81,5,
,"Adams Township, Cambria County",5658,1,1,0,0,0,4,0,4,0,0,
,Allegheny Valley Regional,4521,2,0,0,0,2,13,4,9,0,2,
,Allentown,124782,360,17,30,99,214,2231,227,1755,249,7,
,Altoona,42666,122,1,34,31,56,781,170,529,82,10,
,Ambler,6825,1,0,0,1,0,59,3,51,5,0,
,Ambridge,6761,73,1,0,2,70,115,10,97,8,0,
,Apollo,1575,0,0,0,0,0,14,1,12,1,0,
,Archbald,7457,16,0,0,1,15,32,5,25,2,0,
,Armagh Township,4008,0,0,0,0,0,17,2,15,0,0,
,Ashley,2604,7,0,2,0,5,30,2,26,2,0,
,Athens Township,5140,13,0,4,0,9,74,3,70,1,2,
,Avonmore Borough,882,0,0,0,0,0,0,0,0,0,0,
,Baldwin Borough,20701,33,0,1,2,30,82,15,56,11,0,
,Bally,1221,0,0,0,0,0,5,0,5,0,0,
,Bangor,5106,10,0,2,0,8,57,5,49,3,0,
,Bellefonte,5949,0,0,0,0,0,0,0,0,0,0,
,Bellevue,7996,11,0,2,1,8,71,13,49,9,0,
,Bentleyville,2323,0,0,0,0,0,3,0,3,0,0,
,Berlin,1969,2,0,0,0,2,9,1,8,0,0,
,Berwick,10248,16,0,6,1,9,91,7,82,2,1,
,Bethel Park,32417,20,0,1,3,16,275,8,257,10,1,
,"Bethel Township, Delaware County",9607,3,0,0,0,3,47,6,38,3,0,
,Bethlehem,78606,128,0,25,32,71,1215,96,1020,99,6,
,Bethlehem Township,26337,10,0,0,2,8,330,23,297,10,4,
,Bigler Township Regional,1221,0,0,0,0,0,0,0,0,0,0,
,Biglerville,1237,1,0,0,0,1,5,0,5,0,0,
,Blakely,6651,7,0,0,0,7,54,6,48,0,0,
,Bloomsburg Town,12749,30,0,2,1,27,132,21,108,3,0,
,Blythe Township,816,0,0,0,0,0,0,0,0,0,0,
,Bonneauville,1780,0,0,0,0,0,4,0,4,0,0,
,Boswell,1208,0,0,0,0,0,0,0,0,0,0,
,Bradford,7566,82,0,5,3,74,234,17,211,6,1,
,Bradford Township,4661,1,0,1,0,0,16,2,11,3,0,
,Branch Township,2402,0,0,0,0,0,0,0,0,0,0,
,Brentwood,9701,15,0,1,4,10,86,8,71,7,0,
,Bridgeport,5090,3,0,0,0,3,106,4,86,16,0,
,Bryn Athyn,1318,0,0,0,0,0,12,3,8,1,1,
,Bushkill Township,8685,15,0,0,0,15,26,2,24,0,0,
,Butler,13027,75,0,0,8,67,161,36,116,9,0,
,"Butler Township, Luzerne County",10023,2,0,1,0,1,63,11,49,3,0,
,"Butler Township, Schuylkill County",5741,0,0,0,0,0,10,5,3,2,0,
,"Caernarvon Township, Berks County",4318,4,0,1,0,3,54,1,47,6,0,
,California,5354,25,0,1,0,24,64,11,52,1,1,
,Camp Hill,8241,2,0,1,0,1,69,3,59,7,0,
,Canonsburg,9610,7,0,0,0,7,21,3,16,2,0,
,Carlisle,23334,43,4,6,16,17,299,21,269,9,2,
,Carnegie,7828,5,0,0,0,5,75,6,64,5,0,
,Carrolltown,2188,0,0,0,0,0,11,0,11,0,0,
,"Carroll Township, Washington County",5308,0,0,0,0,0,13,0,13,0,0,
,"Carroll Township, York County",9779,3,0,0,0,3,20,3,13,4,0,
,Carroll Valley,4528,1,0,1,0,0,21,2,19,0,0,
,Cecil Township,15079,3,0,0,1,2,28,0,24,4,0,
,Central Bucks Regional,15478,11,0,1,1,9,98,7,80,11,0,
,Chartiers Township,9390,2,0,0,0,2,27,0,24,3,0,
,Cheltenham Township,39081,96,4,7,51,34,1815,53,1354,408,4,
,Cherry Tree,269,0,0,0,0,0,0,0,0,0,0,
,Chester Township,4009,15,0,1,2,12,70,8,56,6,0,
,Clairton,5949,29,3,0,1,25,75,10,54,11,1,
,Coaldale,2429,0,0,0,0,0,0,0,0,0,0,
,Coal Township,9147,7,0,2,1,4,128,15,113,0,3,
,Cochranton,1101,0,0,0,0,0,0,0,0,0,0,
,Collegeville,5483,0,0,0,0,0,36,4,30,2,0,
,Collier Township,8932,2,0,0,0,2,118,2,114,2,0,
,Colonial Regional,18855,9,0,3,2,4,427,15,400,12,0,
,"Conemaugh Township, Cambria County",1899,0,0,0,0,0,10,1,8,1,0,
,"Conemaugh Township, Somerset County",6630,2,0,2,0,0,18,2,16,0,0,
,"Conewago Township, Adams County",7966,8,1,1,0,6,41,8,32,1,0,
,Conneaut Lake Regional,4597,1,0,0,0,1,35,6,28,1,1,
,Conshohocken,9255,5,0,1,1,3,65,4,57,4,0,
,Conyngham,1817,0,0,0,0,0,4,0,4,0,0,
,Coraopolis,5343,17,0,0,0,17,60,4,55,1,0,
,Coudersport,2332,1,0,0,0,1,0,0,0,0,0,
,Courtdale,697,4,0,0,0,4,3,0,3,0,0,
,Cranberry Township,34346,8,1,0,0,7,224,4,218,2,0,
,"Cumberland Township, Adams County",7112,1,0,0,1,0,18,6,12,0,0,
,Dallas,2689,0,0,0,0,0,44,3,41,0,0,
,Dallas Township,9203,5,0,0,1,4,28,3,25,0,0,
,Danville,4205,24,0,2,0,22,75,7,66,2,0,
,Darby Township,9094,38,0,1,1,36,85,11,63,11,0,
,Delmont,2620,2,0,0,0,2,4,0,4,0,0,
,Derry,2583,2,0,1,0,1,0,0,0,0,0,
,"Derry Township, Dauphin County",25155,38,0,14,6,18,219,10,198,11,0,
,Dickson City,5984,30,0,0,1,29,129,7,112,10,0,
,Donora,4494,1,0,0,0,1,24,5,18,1,0,
,Dormont,7926,2,0,0,0,2,55,2,49,4,0,
,"Douglass Township, Montgomery County",10795,3,0,0,0,3,39,1,35,3,0,
,Dunbar,980,0,0,0,0,0,0,0,0,0,0,
,Duquesne,5079,21,0,0,3,18,57,11,40,6,1,
,Duryea,5083,16,0,0,3,13,26,3,23,0,0,
,East Earl Township,8145,3,0,1,0,2,57,3,48,6,0,
,Eastern Adams Regional,7890,7,0,0,0,7,13,2,11,0,0,
,Eastern Berks Regional,10237,9,0,1,2,6,81,11,64,6,0,
,Eastern Pike Regional,5769,12,0,1,0,11,173,4,166,3,0,
,East Greenville,3152,1,0,0,0,1,15,0,14,1,0,
,East Lampeter Township,26586,37,0,8,8,21,555,60,467,28,2,
,East Lansdowne,2675,13,2,2,5,4,227,13,190,24,0,
,East Norriton Township,13964,19,0,0,4,15,219,5,206,8,1,
,Easton,31557,51,1,3,5,42,314,15,269,30,1,
,East Pennsboro Township,21229,20,2,1,4,13,125,12,105,8,0,
,East Pikeland Township,8672,7,0,1,0,6,35,7,23,5,0,
,East Vincent Township,7691,7,1,0,0,6,22,4,17,1,1,
,East Washington,1827,3,0,2,1,0,3,3,0,0,1,
,Economy,8919,4,0,1,1,2,31,0,31,0,0,
,Eddystone,2422,24,1,1,4,18,111,5,101,5,0,
,Elderton,324,0,0,0,0,0,0,0,0,0,0,
,Elizabeth Township,12510,11,0,0,2,9,66,4,60,2,0,
,Elkland,1794,5,0,2,0,3,33,7,26,0,0,
,Elk Lick Township,2238,0,0,0,0,0,0,0,0,0,0,
,Emlenton Borough,604,0,0,0,0,0,5,3,2,0,0,
,Erie,92920,472,13,50,81,328,1734,188,1395,151,12,
,Etna,3307,3,0,0,0,3,14,1,12,1,0,
,Everett,1750,2,0,0,0,2,5,2,3,0,0,
,Everson,745,0,0,0,0,0,0,0,0,0,0,
,"Fairview Township, Luzerne County",4713,1,0,0,0,1,7,1,3,3,0,
,"Fairview Township, York County",17710,14,0,1,2,11,126,11,106,9,0,
,"Falls Township, Bucks County",34282,37,0,9,4,24,594,18,518,58,0,
,Farrell,4169,62,2,3,1,56,52,14,34,4,0,
,Fawn Township,2122,1,0,0,0,1,7,1,5,1,0,
,Ferndale,1510,1,0,0,0,1,2,0,2,0,0,
,Findlay Township,6606,2,0,0,1,1,21,1,17,3,0,
,Folcroft,6701,32,0,0,4,28,172,6,151,15,0,
,Forest City,6610,3,0,0,0,3,5,1,4,0,0,
,Forest Hills,6906,10,0,0,0,10,61,2,43,16,0,
,Forks Township,16403,7,0,0,0,7,116,2,109,5,0,
,Forty Fort,4230,3,0,0,0,3,16,1,11,4,0,
,"Foster Township, McKean County",3904,2,0,1,0,1,78,1,77,0,0,
,"Foster Township, Schuylkill County",246,0,0,0,0,0,6,0,6,0,0,
,Frackville,4456,0,0,0,0,0,18,2,15,1,0,
,Franklin,5953,13,0,2,0,11,107,15,89,3,0,
,Franklin Park,15005,5,0,2,0,3,28,1,26,1,0,
,Gaines Township,608,0,0,0,0,0,7,1,6,0,0,
,Geistown,2305,0,0,0,0,0,0,0,0,0,0,
,Gettysburg,9432,8,0,2,1,5,49,5,44,0,1,
,Glassport,4298,7,0,1,1,5,80,8,71,1,1,
,Granville Township,4573,5,0,1,0,4,68,3,65,0,0,
,Great Bend,1775,0,0,0,0,0,9,2,4,3,0,
,"Greenfield Township, Blair County",3683,3,0,1,0,2,28,8,19,1,1,
,Greensburg,14602,22,0,2,4,16,156,12,142,2,1,
,Green Tree,4753,3,1,0,2,0,12,4,7,1,0,
,Greenville,8752,22,0,2,0,20,105,20,81,4,1,
,Grove City,7848,5,0,2,0,3,37,2,34,1,0,
,Halifax,792,0,0,0,0,0,0,0,0,0,0,
,Hampden Township,34375,14,0,5,2,7,142,14,117,11,0,
,Hanover,16601,26,3,0,4,19,398,15,373,10,3,
,"Hanover Township, Luzerne County",11458,30,0,2,1,27,113,11,101,1,0,
,Harrisburg,50229,534,14,33,90,397,1005,199,466,340,10,
,Harrison Township,9786,5,0,0,2,3,74,13,55,6,0,
,Harveys Lake,2807,1,0,0,0,1,1,0,1,0,0,
,Hatboro,8247,5,0,0,0,5,47,9,36,2,0,
,Hatfield Township,18743,9,0,2,0,7,170,6,152,12,0,
,Hawley,1234,1,0,0,0,1,5,0,5,0,0,
,Hellam Township,10921,12,1,1,0,10,40,5,32,3,1,
,Hellertown,6131,17,0,2,1,14,62,6,55,1,0,
,"Hempfield Township, Mercer County",3660,23,0,0,0,23,77,9,66,2,0,
,Hermitage,16560,22,1,4,5,12,267,18,242,7,0,
,Honesdale,4471,7,0,0,0,7,30,6,24,0,0,
,Horsham Township,26774,17,1,0,6,10,277,15,244,18,2,
,Houston,1155,0,0,0,0,0,0,0,0,0,0,
,Hughestown,1343,0,0,0,0,0,9,4,5,0,0,
,Hughesville,2123,0,0,0,0,0,13,0,13,0,0,
,Hulmeville ,978,0,0,0,0,0,0,0,0,0,0,
,Hummelstown,4523,8,0,0,0,8,30,1,29,0,0,
,Indiana Township,7389,1,0,0,0,1,4,1,3,0,0,
,Indian Lake,390,0,0,0,0,0,0,0,0,0,0,
,"Jackson Township, Luzerne County",4136,2,1,0,0,1,2,1,1,0,0,
,Jeannette,8580,72,1,2,5,64,68,12,56,0,0,
,Jefferson Hills Borough,12238,7,0,0,0,7,73,4,65,4,0,
,"Jefferson Township, Mercer County",1877,0,0,0,0,0,4,1,3,0,0,
,Jenkins Township,4455,1,0,0,0,1,40,7,30,3,1,
,Jenkintown,4697,1,0,0,1,0,55,6,46,3,0,
,Jennerstown,671,0,0,0,0,0,0,0,0,0,0,
,Kane,3497,0,0,0,0,0,21,8,11,2,0,
,Kennedy Township,8448,39,0,2,1,36,130,7,119,4,0,
,Kennett Square,6196,6,0,1,1,4,34,3,26,5,2,
,Kingston,14220,16,4,0,2,10,210,17,176,17,0,
,Kingston Township,7123,8,0,0,0,8,26,3,23,0,0,
,Kittanning,3929,3,0,1,0,2,48,4,44,0,3,
,Kline Township,1479,0,0,0,0,0,14,1,12,1,0,
,Koppel,695,2,0,1,0,1,6,0,6,0,0,
,Kulpmont,2699,0,0,0,0,0,27,2,24,1,0,
,"Lancaster Township, Butler County",3498,0,0,0,0,0,1,0,1,0,0,
,Lanesboro,492,0,0,0,0,0,0,0,0,0,0,
,Langhorne Manor ,1488,0,0,0,0,0,0,0,0,0,0,
,Lansdale,18988,18,2,2,1,13,195,18,164,13,0,
,Lansford,4169,32,0,0,0,32,25,9,14,2,0,
,Latimore Township,2678,2,0,0,0,2,11,2,8,1,0,
,Leet Township,1565,0,0,0,0,0,1,0,1,0,0,
,Lehigh Township,1894,0,0,0,0,0,1,0,1,0,0,
,Lehman Township,3428,6,0,0,0,6,14,3,9,2,1,
,Lewistown,8417,61,0,9,4,48,178,20,156,2,4,
,Limerick Township,21171,5,1,4,0,0,316,19,287,10,0,
,Lincoln,896,0,0,0,0,0,0,0,0,0,0,
,Littlestown,4841,5,0,2,2,1,23,1,22,0,0,
,Lock Haven,8843,21,0,5,0,16,95,9,83,3,3,
,Lower Allen Township,21461,13,0,0,5,8,297,40,249,8,1,
,Lower Burrell,11508,17,1,0,0,16,69,7,57,5,0,
,Lower Frederick Township,4922,2,0,0,0,2,41,1,38,2,0,
,Lower Gwynedd Township,12286,7,0,0,1,6,134,9,123,2,0,
,Lower Heidelberg Township,6613,4,0,0,0,4,20,2,17,1,0,
,Lower Merion Township,64350,43,2,4,19,18,1020,98,836,86,2,
,Lower Moreland Township,14168,2,0,0,1,1,140,17,110,13,1,
,Lower Pottsgrove Township,12499,26,1,0,1,24,116,5,104,7,1,
,Lower Providence Township,25943,11,0,0,2,9,135,16,111,8,0,
,Lower Salford Township,16110,4,0,1,1,2,73,5,63,5,0,
,Lower Saucon Township,10995,11,0,0,0,11,75,9,64,2,0,
,Lower Windsor Township,7585,7,0,1,1,5,40,9,28,3,0,
,Macungie,3230,1,0,0,0,1,0,0,0,0,1,
,Mahanoy City,3514,21,1,1,1,18,87,35,52,0,0,
,Mahanoy Township,2827,0,0,0,0,0,10,3,6,1,0,
,"Mahoning Township, Carbon County",4334,6,0,1,0,5,91,5,83,3,0,
,"Mahoning Township, Montour County",4513,12,0,2,1,9,19,2,15,2,0,
,Manheim Township,62753,41,1,2,3,35,421,20,387,14,0,
,Manor,3522,0,0,0,0,0,0,0,0,0,0,
,Mansfield,3322,0,0,0,0,0,2,0,2,0,0,
,Marlborough Township,3521,0,0,0,0,0,14,3,11,0,0,
,Marysville,2684,2,0,0,0,2,18,1,17,0,0,
,Mayfield,1750,0,0,0,0,0,0,0,0,0,0,
,McAdoo,2471,0,0,0,0,0,0,0,0,0,0,
,McDonald Borough,4610,2,0,0,0,2,20,6,12,2,0,
,McKeesport,18703,280,8,2,22,248,528,111,346,71,5,
,McSherrystown,3113,7,1,1,1,4,17,4,13,0,0,
,Mercer,1942,2,0,0,0,2,21,3,18,0,0,
,Mercersburg,1491,0,0,0,0,0,6,1,5,0,0,
,Meshoppen,1225,8,0,0,0,8,9,1,7,1,0,
,Middleburg,1309,1,0,0,0,1,6,1,5,0,0,
,Middletown,9619,29,0,0,0,29,65,1,64,0,0,
,Mifflin,518,0,0,0,0,0,1,0,1,0,0,
,Mifflinburg,3457,6,2,0,0,4,20,0,20,0,0,
,Mifflin County Regional,17081,21,0,0,0,21,140,4,131,5,0,
,Milford,1133,0,0,0,0,0,10,0,10,0,0,
,"Millcreek Township, Lebanon County",5883,1,0,0,0,1,9,1,8,0,0,
,Mill Hall,5179,0,0,0,0,0,0,0,0,0,0,
,Millvale,3251,5,0,1,1,3,19,3,16,0,0,
,Milton,6488,7,0,1,1,5,53,4,49,0,0,
,Minersville,4394,3,0,0,0,3,9,1,8,0,0,
,Monaca,5452,6,0,0,2,4,56,8,39,9,0,
,Monessen,6716,64,0,1,3,60,90,9,77,4,0,
,Monongahela,11454,30,0,0,1,29,28,5,18,5,0,
,Monroeville,28069,43,0,2,13,28,656,30,548,78,2,
,Montgomery Township,26109,13,0,1,2,10,411,16,383,12,0,
,Montour Township,2166,2,0,0,1,1,9,1,8,0,0,
,Montrose,1269,0,0,0,0,0,1,0,1,0,0,
,Morton,2745,2,0,0,0,2,54,1,47,6,0,
,Mount Carmel,5636,3,1,0,2,0,103,29,66,8,2,
,Mount Carmel Township,2447,1,0,0,1,0,18,3,15,0,2,
,Mount Lebanon,32825,21,0,12,1,8,158,8,141,9,4,
,Mount Oliver,3261,23,0,0,6,17,90,11,61,18,5,
,Mount Pleasant,4155,0,0,0,0,0,5,2,3,0,0,
,Mount Pleasant Township,3329,4,0,2,0,2,3,1,2,0,0,
,Muncy,2406,9,0,2,0,7,29,3,26,0,0,
,Muncy Township,1182,1,0,0,0,1,23,0,23,0,0,
,Murrysville,20610,2,0,0,1,1,74,10,62,2,0,
,Nanticoke,10606,18,2,4,6,6,176,19,144,13,0,
,Nanty Glo,2449,3,0,0,1,2,2,0,2,0,0,
,Narberth,4485,1,0,0,0,1,50,3,37,10,0,
,Nazareth ,5962,7,0,0,0,7,40,7,33,0,0,
,Nescopeck,1479,0,0,0,0,0,3,0,3,0,0,
,New Berlin,789,0,0,0,0,0,2,0,2,0,0,
,Newberry Township,15880,10,0,0,1,9,172,13,145,14,0,
,New Cumberland,7614,11,1,4,2,4,38,7,29,2,0,
,New Hanover Township,13791,2,0,1,1,0,40,10,27,3,0,
,New Holland,12859,4,0,2,1,1,97,15,77,5,1,
,New Kensington,11896,40,2,6,7,25,252,40,190,22,1,
,Newport Township,4457,3,0,0,0,3,11,4,5,2,0,
,Norristown,35804,149,2,3,66,78,687,77,410,200,4,
,Northampton,10298,9,0,1,1,7,53,2,46,5,0,
,North Belle Vernon,1828,7,0,1,0,6,15,0,13,2,0,
,North Braddock,4150,2,0,0,0,2,1,1,0,0,0,
,North Catasauqua,2924,2,2,0,0,0,35,1,32,2,0,
,"North East, Erie County",4028,13,1,1,5,6,49,5,39,5,0,
,Northern York County Regional,90329,78,2,4,8,64,449,47,374,28,2,
,North Fayette Township,16082,13,0,1,1,11,292,2,285,5,1,
,North Hopewell Township,3315,0,0,0,0,0,16,4,11,1,0,
,North Huntingdon Township,31767,11,0,1,2,8,194,10,178,6,0,
,North Strabane Township,16624,16,0,0,0,16,36,4,29,3,0,
,Northumberland,3836,1,0,1,0,0,24,5,17,2,1,
,North Union Township,1415,0,0,0,0,0,0,0,0,0,0,
,North Versailles Township,11420,20,0,2,6,12,148,7,124,17,0,
,North Wales,3415,1,0,0,0,1,22,0,21,1,0,
,Norwood,5855,1,0,0,0,1,31,2,20,9,0,
,Oakmont,6633,2,0,0,0,2,65,8,55,2,2,
,O'Hara Township,8977,0,0,0,0,0,20,2,18,0,0,
,Ohio Township,15437,0,0,0,0,0,87,1,86,0,0,
,Oil City,9394,14,2,0,3,9,104,8,95,1,0,
,Orwigsburg,3002,1,0,0,0,1,17,0,15,2,0,
,Palmer Township,22492,16,0,2,5,9,306,10,275,21,0,
,Palmyra,7685,3,0,0,3,0,51,2,43,6,0,
,Parker,686,0,0,0,0,0,1,1,0,0,0,
,Penbrook,3256,12,0,3,1,8,50,10,22,18,1,
,Penn,426,0,0,0,0,0,0,0,0,0,0,
,"Penn Township, Westmoreland County",20701,4,0,0,0,4,18,3,14,1,0,
,"Penn Township, York County",18224,11,0,1,2,8,110,8,98,4,0,
,Perryopolis,1636,0,0,0,0,0,0,0,0,0,0,
,Peters Township,23416,35,1,1,0,33,73,10,62,1,0,
,Philadelphia,1550843,15246,403,723,5212,8908,78420,5643,49035,23742,694,
,Pine Grove,2059,0,0,0,0,0,0,0,0,0,0,
,Pittston Township,3205,8,0,1,1,6,98,0,91,7,0,
,Plains Township,9925,13,0,3,2,8,132,8,118,6,2,
,Plymouth,5751,72,2,2,4,64,173,15,150,8,1,
,"Plymouth Township, Montgomery County",18465,25,0,5,10,10,1041,28,966,47,2,
,Pocono Mountain Regional,43108,58,8,10,4,36,489,50,432,7,4,
,Point Marion,1116,8,0,0,0,8,14,5,9,0,0,
,Point Township,3789,0,0,0,0,0,26,4,21,1,0,
,Port Allegany,2064,0,0,0,0,0,0,0,0,0,0,
,Port Carbon,3236,0,0,0,0,0,0,0,0,0,0,
,Pottstown,23350,181,2,19,38,122,887,94,729,64,3,
,Pottsville,13341,43,3,8,2,30,169,11,153,5,2,
,Prospect,1087,0,0,0,0,0,0,0,0,0,0,
,Prospect Park,6339,29,0,1,1,27,50,3,43,4,3,
,Pymatuning Township,3040,6,0,0,2,4,41,3,37,1,1,
,Radnor Township,33687,28,2,1,3,22,339,19,306,14,6,
,Ralpho Township,4159,0,0,0,0,0,21,3,18,0,1,
,Reading,97790,445,14,44,113,274,1656,332,1043,281,19,
,Reading Township,5874,0,0,0,0,0,3,1,2,0,0,
,Renovo,1054,2,0,2,0,0,35,4,30,1,0,
,Resa Regional,2221,1,0,0,0,1,9,0,9,0,0,
,Rice Township,3751,1,0,0,0,1,10,1,9,0,0,
,Riverside,2015,0,0,0,0,0,7,1,6,0,0,
,Roaring Brook Township,2334,2,0,0,0,2,2,1,0,1,0,
,Rockledge,2615,4,0,0,1,3,31,8,19,4,0,
,Rockwood,833,0,0,0,0,0,0,0,0,0,0,
,Roseto,1553,3,0,0,0,3,6,1,5,0,0,
,Ross Township,32470,35,0,9,7,19,608,18,574,16,2,
,Rostraver Township,11436,6,0,0,1,5,276,4,266,6,0,
,Royalton,1127,0,0,0,0,0,0,0,0,0,0,
,Royersford,4918,2,0,0,0,2,30,1,28,1,0,
,Rural Valley,813,0,0,0,0,0,0,0,0,0,0,
,"Salem Township, Luzerne County",4048,2,0,0,0,2,15,1,12,2,0,
,Salisbury Township,13566,15,0,0,0,15,118,15,95,8,0,
,Sandy Lake,637,0,0,0,0,0,2,0,2,0,0,
,Sandy Township,11655,25,0,5,1,19,97,5,89,3,0,
,Saxton,2087,1,0,1,0,0,9,3,6,0,0,
,Schuylkill Haven,5257,6,0,0,0,6,59,1,57,1,0,
,Scottdale,4326,19,0,1,4,14,48,3,43,2,1,
,"Scott Township, Allegheny County",17430,6,1,1,1,3,122,8,108,6,1,
,"Scott Township, Lackawanna County",4621,0,0,0,0,0,2,0,2,0,0,
,Scranton,75687,235,3,68,22,142,1070,173,812,85,11,
,Selinsgrove,5685,3,0,2,0,1,41,4,36,1,0,
,Sewickley,4339,0,0,0,0,0,59,0,54,5,0,
,Sewickley Heights,828,0,0,0,0,0,6,1,5,0,0,
,Shaler Township,27122,10,0,2,1,7,137,9,121,7,0,
,Shamokin,6794,17,1,0,1,15,50,11,39,0,1,
,Sharon,12864,75,1,6,17,51,217,48,148,21,0,
,Sharpsburg,3064,4,0,0,1,3,13,2,11,0,0,
,Sharpsville,4161,12,0,1,0,11,30,8,21,1,0,
,Shenandoah,4238,12,0,1,5,6,48,9,39,0,1,
,"Shenango Township, Lawrence County",7641,2,0,0,0,2,36,5,30,1,0,
,Shinglehouse,1080,1,0,0,0,1,1,0,1,0,0,
,Shippensburg,5551,5,0,2,0,3,70,15,49,6,2,
,Silver Lake Township,1493,0,0,0,0,0,4,2,2,0,0,
,Silver Spring Township,21456,7,0,1,0,6,193,7,176,10,1,
,Slate Belt Regional,13757,19,0,1,0,18,100,11,88,1,1,
,Smethport,1387,0,0,0,0,0,1,0,1,0,0,
,Smith Township,5608,4,0,1,0,3,38,4,32,2,0,
,Somerset,5919,15,0,0,0,15,57,10,44,3,0,
,South Coatesville,1719,9,0,0,0,9,15,3,7,5,0,
,Southern Chester County Regional,15570,10,0,3,1,6,55,12,37,6,0,
,Southern Clarion County Regional,3157,1,0,0,0,1,17,0,17,0,0,
,Southern Regional York County,13603,8,0,0,2,6,102,7,92,3,0,
,South Fayette Township,18498,11,0,1,1,9,65,5,58,2,0,
,South Fork,923,0,0,0,0,0,0,0,0,0,0,
,South Greensburg,2118,2,0,0,0,2,29,1,28,0,3,
,South Londonderry Township,8831,2,0,2,0,0,26,1,23,2,0,
,South Park Township,13587,1,0,0,0,1,41,7,28,6,0,
,South Strabane Township,9638,13,0,3,0,10,416,11,396,9,0,
,Southwest Greensburg,2172,3,0,0,0,3,9,0,9,0,2,
,Spring City,3499,2,1,0,0,1,39,4,33,2,0,
,Springdale,3273,5,0,0,0,5,16,3,12,1,1,
,Springettsbury Township,27095,25,0,2,8,15,663,16,618,29,0,
,"Springfield Township, Montgomery County",21089,7,0,2,0,5,159,13,131,15,0,
,Spring Garden Township,13627,39,0,2,12,25,185,18,137,30,2,
,"Spring Township, Centre County",7999,1,0,0,0,1,10,0,10,0,1,
,St. Clair Township,2369,0,0,0,0,0,20,1,19,0,0,
,St. Marys City,12424,19,2,7,1,9,81,9,69,3,0,
,Stoneboro,933,0,0,0,0,0,0,0,0,0,0,
,Stroud Area Regional,34108,80,1,6,19,54,887,50,807,30,1,
,Sugarcreek,4696,8,0,1,0,7,15,0,15,0,0,
,"Sugarloaf Township, Luzerne County",3943,2,0,1,0,1,28,0,26,2,0,
,Susquehanna Regional,15137,10,0,0,1,9,48,8,39,1,2,
,"Susquehanna Township, Dauphin County",26800,50,1,5,8,36,280,36,206,38,0,
,Swatara Township,29598,51,1,5,14,31,786,66,632,88,3,
,Swoyersville,5024,4,0,0,0,4,25,3,20,2,0,
,Tamaqua,6912,4,0,0,1,3,71,5,62,4,0,
,Tatamy,1458,0,0,0,0,0,0,0,0,0,0,
,Telford,4887,2,0,2,0,0,44,2,41,1,0,
,Tilden Township,3604,3,0,1,0,2,73,2,71,0,0,
,Towamencin Township,17943,2,0,0,0,2,120,7,109,4,0,
,Tower City,1429,0,0,0,0,0,1,1,0,0,0,
,Trainer,1944,5,0,0,2,3,43,7,30,6,0,
,Tunkhannock,1749,5,0,3,0,2,17,6,10,1,0,
,"Tunkhannock Township, Wyoming County",7094,1,0,0,0,1,33,2,30,1,0,
,Union City,2868,2,0,1,0,1,16,2,14,0,0,
,"Union Township, Schuylkill County",1229,0,0,0,0,0,0,0,0,0,0,
,Upper Allen Township,23808,12,1,4,0,7,87,9,73,5,1,
,Upper Burrell Township,2126,0,0,0,0,0,7,0,7,0,0,
,Upper Dublin Township,27263,12,0,3,3,6,197,14,175,8,0,
,Upper Gwynedd Township,17194,3,0,0,1,2,114,3,107,4,0,
,Upper Merion Township,35304,42,1,4,18,19,1490,35,1386,69,1,
,Upper Moreland Township,26029,43,0,6,15,22,590,20,541,29,3,
,Upper Nazareth Township,8405,29,0,0,0,29,27,2,23,2,0,
,Upper Pottsgrove Township,6001,4,0,1,0,3,16,2,12,2,0,
,"Upper Providence Township, Montgomery County",24948,13,0,3,4,6,333,14,311,8,1,
,Vandergrift,4955,10,0,0,2,8,19,3,16,0,1,
,Vintondale,404,0,0,0,0,0,0,0,0,0,0,
,Walker Township,1006,0,0,0,0,0,0,0,0,0,0,
,Wampum,544,0,0,0,0,0,0,0,0,0,0,
,Warren,9094,37,1,1,0,35,88,3,84,1,0,
,"Washington Township, Fayette County",3732,2,0,0,0,2,12,3,8,1,0,
,"Washington Township, Franklin County",15334,11,0,1,1,9,177,6,159,12,1,
,"Washington Township, Northampton County",5146,7,0,0,1,6,17,1,14,2,0,
,"Washington, Washington County",13644,81,0,11,7,63,257,39,196,22,5,
,Watsontown,2220,3,0,2,0,1,26,3,20,3,0,
,Waymart,1299,0,0,0,0,0,0,0,0,0,0,
,Waynesboro,11026,17,3,7,3,4,140,19,106,15,4,
,Weatherly,2561,21,0,0,0,21,44,7,37,0,0,
,Weissport,414,0,0,0,0,0,0,0,0,0,0,
,Wellsboro,3427,4,0,0,0,4,17,2,15,0,0,
,West Brownsville,974,2,0,0,0,2,16,0,16,0,0,
,West Conshohocken,1493,1,0,0,0,1,31,3,25,3,0,
,West Deer Township,12220,7,0,3,0,4,46,7,35,4,1,
,Westfield,1098,0,0,0,0,0,20,4,15,1,0,
,West Hazleton,5172,8,0,0,2,6,41,2,38,1,0,
,West Homestead,1802,2,0,0,0,2,56,7,41,8,0,
,West Manchester Township,19172,36,2,11,3,20,543,9,520,14,4,
,West Manheim Township,9585,9,0,2,0,7,93,5,88,0,0,
,West Mifflin,18931,68,0,7,17,44,437,30,380,27,2,
,West Newton,2601,4,0,0,1,3,18,2,15,1,0,
,West Norriton Township,16294,28,2,2,3,21,293,11,265,17,0,
,West Penn Township,4472,3,1,0,0,2,39,6,27,6,0,
,West Pike Run,1519,0,0,0,0,0,0,0,0,0,0,
,West Pottsgrove Township,3781,13,0,1,3,9,136,4,126,6,0,
,West Shore Regional,7832,10,0,0,1,9,53,6,36,11,0,
,West Whiteland Township,20288,15,0,5,4,6,253,7,234,12,1,
,West York,5069,12,0,4,1,7,115,16,86,13,1,
,Whitehall Township,29102,69,1,7,16,45,809,48,730,31,2,
,White Haven Borough,1179,8,0,0,2,6,24,3,19,2,1,
,Whitemarsh Township,19977,12,0,0,0,12,165,15,125,25,0,
,Whitpain Township,20412,2,0,0,1,1,152,16,124,12,0,
,Wilkes-Barre,44268,183,4,20,36,123,674,69,569,36,8,
,Wilkes-Barre Township,3213,13,0,1,2,10,395,11,378,6,1,
,Wilkinsburg,13811,94,2,11,33,48,270,41,164,65,1,
,Williamsburg,1196,3,0,1,0,2,5,1,4,0,0,
,Williamsport,27237,64,2,13,14,35,446,37,367,42,2,
,Windber,4737,39,0,0,0,39,20,2,16,2,0,
,Womelsdorf,2878,2,0,0,0,2,6,0,6,0,0,
,Wright Township,5735,5,0,0,0,5,26,1,25,0,0,
,York,44876,236,7,19,54,156,1046,144,679,223,4,
,York County Regional,70843,158,0,8,4,146,422,25,370,27,5,
,Youngsville,1671,13,0,0,0,13,6,1,5,0,0,
,Zerbe Township,1769,0,0,0,0,0,2,1,1,0,1,
RHODE ISLAND,Barrington,17149,2,0,1,0,1,72,16,53,3,1,
,Bristol,22024,4,0,0,0,4,55,3,49,3,0,
,Burrillville,16440,14,0,3,0,11,41,5,32,4,3,
,Central Falls,22534,96,2,10,14,70,215,23,147,45,2,
,Charlestown,8096,5,0,2,0,3,32,5,24,3,1,
,Coventry,36100,33,1,10,4,18,338,38,281,19,3,
,Cranston,82484,97,0,31,10,56,932,109,698,125,11,
,Cumberland,36502,16,1,6,3,6,175,22,136,17,0,
,East Greenwich,14758,5,0,1,1,3,117,10,100,7,0,
,East Providence,46663,44,1,20,3,20,414,42,309,63,6,
,Foster,4481,4,0,0,1,3,10,4,4,2,0,
,Glocester,10207,4,0,1,0,3,26,5,12,9,1,
,Hopkinton,8449,4,0,2,1,1,24,5,18,1,0,
,Jamestown,5550,6,0,2,0,4,23,4,19,0,0,
,Johnston,29584,34,2,6,3,23,370,49,253,68,0,
,Lincoln,22731,16,0,4,5,7,222,17,173,32,1,
,Little Compton,3588,2,0,1,0,1,10,2,8,0,0,
,Middletown,16749,14,0,6,1,7,116,6,104,6,1,
,Narragansett,14545,12,0,4,0,8,55,10,40,5,0,
,Newport,24553,51,0,14,3,34,377,33,332,12,0,
,New Shoreham,1414,1,0,0,0,1,6,0,5,1,,
,North Kingstown,27943,20,0,7,0,13,161,10,141,10,2,
,North Providence,33880,32,1,11,4,16,292,27,200,65,2,
,North Smithfield,12464,9,0,5,1,3,158,6,144,8,0,
,Pawtucket,75100,224,5,49,44,126,1260,146,918,196,10,
,Portsmouth,17625,15,1,8,0,6,48,6,38,4,2,
,Providence,189590,587,11,65,113,398,3613,298,2811,504,3,
,Richmond,8216,2,0,1,0,1,28,5,21,2,1,
,Scituate,10457,4,0,2,0,2,19,6,8,5,3,
,Smithfield,21997,10,0,2,3,5,161,18,135,8,0,
,South Kingstown,32225,13,1,8,0,4,139,20,110,9,4,
,Tiverton,16180,12,0,2,0,10,107,16,78,13,1,
,Warren,11143,20,1,1,2,16,109,10,85,14,0,
,Warwick,83369,59,0,18,7,34,1030,89,868,73,3,
,Westerly,23364,18,0,7,0,11,251,34,197,20,2,
,West Greenwich,6767,1,0,0,0,1,35,4,28,3,0,
,West Warwick,31280,68,0,22,3,43,244,41,176,27,8,
,Woonsocket,42973,186,1,33,14,138,679,134,471,74,11,
SOUTH CAROLINA,Abbeville,4858,11,1,1,0,9,86,14,67,5,3,
,Aiken,32644,105,6,13,14,72,1123,87,973,63,6,
,Allendale,2437,78,3,1,12,62,88,21,58,9,1,
,Anderson,29923,179,2,25,8,144,1604,127,1343,134,18,
,Andrews,2516,25,0,0,2,23,113,21,90,2,0,
,Atlantic Beach,338,9,0,3,1,5,18,3,10,5,0,
,Bamberg,2934,36,1,1,5,29,135,8,117,10,1,
,Barnwell,4559,37,0,3,2,32,241,41,187,13,2,
,Batesburg-Leesville,5267,25,0,1,2,22,125,7,114,4,0,
,Beaufort,13786,69,6,3,14,46,511,45,444,22,3,
,Bennettsville,6543,90,1,3,13,73,273,26,233,14,3,
,Bishopville,2871,11,1,1,0,9,104,15,82,7,0,
,Blacksburg,1889,7,0,0,0,7,37,8,27,2,1,
,Bluffton,38061,29,1,4,4,20,363,48,267,48,1,
,Branchville,964,1,0,0,0,1,12,2,10,0,0,
,Burnettown,3189,1,0,0,0,1,45,8,32,5,0,
,Calhoun Falls,1727,8,0,0,1,7,31,12,19,0,0,
,Camden,8426,90,0,5,2,83,417,53,342,22,2,
,Cameron,371,1,0,0,0,1,5,2,1,2,0,
,Central,5381,4,0,1,0,3,108,3,96,9,0,
,Chapin,1909,4,0,0,0,4,39,8,27,4,0,
,Charleston,155159,624,10,44,82,488,3068,255,2329,484,17,
,Cheraw,4964,45,1,3,8,33,240,27,197,16,0,
,Chesnee,899,5,1,0,2,2,42,6,32,4,0,
,Chesterfield,1354,2,0,0,0,2,32,7,24,1,1,
,Clemson,17893,19,1,5,1,12,352,33,270,49,0,
,Clinton,7518,59,1,3,4,51,339,66,256,17,3,
,Clover,7762,14,1,2,1,10,74,8,62,4,0,
,Columbia,141497,1071,11,64,152,844,4905,645,3590,670,19,
,Conway,28571,108,0,12,12,84,529,59,437,33,2,
,Cowpens,2173,12,0,0,3,9,60,8,45,7,1,
,Darlington,6030,93,5,4,12,72,331,42,256,33,1,
,Denmark,3044,31,2,2,8,19,95,33,55,7,0,
,Dillon,6247,117,6,0,4,107,321,58,239,24,1,
,Due West,1214,0,0,0,0,0,11,4,7,0,1,
,Duncan,4392,14,0,0,3,11,69,5,52,12,0,
,Easley,25218,70,0,10,8,52,531,52,445,34,4,
,Edgefield,2467,6,0,0,0,6,26,4,17,5,0,
,Edisto Beach,1039,5,0,0,0,5,21,2,18,1,0,
,Elgin,1602,10,0,1,0,9,75,4,70,1,0,
,Elloree,545,1,0,0,0,1,12,2,9,1,0,
,Estill,1745,35,5,4,3,23,46,4,41,1,1,
,Eutawville,232,4,0,0,0,4,26,1,20,5,0,
,Florence,40141,464,9,20,38,397,1790,172,1444,174,8,
,Folly Beach,2087,6,4,0,0,2,25,1,18,6,0,
,Forest Acres,10337,45,1,1,6,37,323,41,252,30,1,
,Fort Mill,34292,28,0,4,2,22,202,12,167,23,0,
,Fountain Inn,12434,41,0,6,3,32,165,31,118,16,1,
,Gaston,1625,10,0,0,3,7,59,5,47,7,0,
,Goose Creek,48323,129,0,21,14,94,726,75,572,79,5,
,Great Falls,1898,19,0,0,1,18,35,7,25,3,2,
,Greenville,72961,443,4,24,63,352,2727,287,2158,282,13,
,Greenwood,22403,151,5,17,24,105,889,194,659,36,8,
,Hampton,2568,29,1,2,5,21,86,19,61,6,0,
,Hanahan,21901,43,4,5,5,29,316,32,247,37,1,
,Hardeeville,11864,19,1,3,4,11,216,27,166,23,3,
,Hartsville,7415,134,0,7,10,117,448,57,369,22,2,
,Hemingway,466,5,0,0,1,4,31,6,23,2,0,
,Holly Hill,1248,11,0,0,3,8,73,9,55,9,0,
,Honea Path,3836,21,0,1,2,18,144,35,102,7,1,
,Inman,3223,5,0,1,2,2,61,8,49,4,0,
,Isle of Palms,4362,15,0,1,1,13,64,6,55,3,0,
,Iva,1172,16,0,3,1,12,66,7,57,2,3,
,Jackson,1607,0,0,0,0,0,13,0,11,2,0,
,Jamestown,71,1,0,0,1,0,8,1,7,0,0,
,Kingstree,3044,29,1,2,1,25,198,32,153,13,0,
,Lake City,5975,109,0,4,2,103,250,56,181,13,6,
,Lake View,757,1,0,0,0,1,14,1,13,0,0,
,Lancaster,8997,67,2,9,9,47,527,53,461,13,4,
,Landrum,2676,8,2,2,0,4,44,8,35,1,0,
,Latta,1241,12,0,0,2,10,60,4,54,2,0,
,Laurens,9239,67,0,4,6,57,277,31,224,22,0,
,Lexington,25127,4,0,0,0,4,23,0,2,21,0,
,Loris,2728,11,0,1,0,10,77,14,57,6,0,
,Lyman,6665,1,0,0,0,1,73,11,56,6,0,
,Manning,3772,37,1,0,6,30,216,26,186,4,1,
,Marion,6108,60,2,3,3,52,333,47,264,22,0,
,Mauldin,28061,48,6,4,3,35,621,80,473,68,1,
,McColl,2002,24,0,0,3,21,82,20,57,5,1,
,McCormick,1978,2,1,0,0,1,47,5,38,4,0,
,Moncks Corner,16283,67,1,8,8,50,417,68,310,39,0,
,Mount Pleasant,96320,139,0,14,16,109,1250,82,1026,142,1,
,Mullins,3830,46,1,0,5,40,165,51,94,20,1,
,Myrtle Beach,39703,398,1,52,68,277,2337,150,1992,195,7,
,Newberry,10745,65,0,2,3,60,287,36,235,16,1,
,New Ellenton,2322,6,0,0,1,5,41,6,30,5,0,
,Ninety Six,2056,7,0,1,1,5,27,8,19,0,0,
,North Charleston,120162,1110,30,82,165,833,5617,479,4394,744,23,
,North Myrtle Beach,20321,91,0,13,5,73,815,45,711,59,2,
,Orangeburg,13442,211,1,10,21,179,864,186,606,72,5,
,Pacolet,2461,11,0,0,0,11,43,8,33,2,1,
,Pageland,2495,44,1,1,1,41,122,13,96,13,0,
,Pelion,623,3,0,1,0,2,24,3,19,2,1,
,Pendleton,3637,13,0,2,1,10,70,13,52,5,0,
,Pickens,3388,27,0,5,3,19,165,8,151,6,0,
,Pine Ridge,2299,1,0,0,0,1,18,1,16,1,0,
,Port Royal,16230,23,0,2,3,18,198,16,173,9,1,
,Prosperity,1204,4,1,0,0,3,14,1,13,0,1,
,Ridgeland,3802,3,0,0,2,1,103,24,70,9,0,
,Ridge Spring,580,3,0,1,0,2,13,5,7,1,0,
,Ridgeway,254,0,0,0,0,0,0,0,0,0,0,
,Rock Hill,75681,387,5,28,33,321,2023,225,1613,185,5,
,Salem,122,0,0,0,0,0,1,0,1,0,0,
,Salley,343,0,0,0,0,0,1,1,0,0,0,
,Saluda,3028,11,0,1,1,9,15,4,11,0,0,
,Seneca,9042,36,1,3,1,31,142,22,108,12,1,
,Simpsonville,28479,66,4,11,6,45,785,36,710,39,0,
,South Congaree,2376,8,0,0,0,8,63,14,46,3,0,
,Spartanburg,38569,614,7,24,62,521,2543,444,1714,385,19,
,Springdale,2709,23,0,0,0,23,91,15,64,12,0,
,St. Matthews,1829,12,1,0,1,10,35,4,26,5,0,
,Sullivan's Island,1916,1,0,1,0,0,19,1,16,2,0,
,Summerville,51886,224,2,20,18,184,1601,106,1303,192,7,
,Sumter,42430,376,14,7,45,310,1675,177,1354,144,10,
,Surfside Beach,4341,7,0,0,2,5,84,6,69,9,0,
,Swansea,763,9,1,0,2,6,75,2,68,5,0,
,Tega Cay,14087,3,0,0,0,3,127,5,119,3,1,
,Timmonsville,2097,33,1,1,1,30,59,7,36,16,1,
,Travelers Rest,8850,20,0,1,0,19,280,16,253,11,0,
,Union,7842,82,1,7,8,66,643,156,454,33,1,
,Walhalla,4184,16,1,2,1,12,48,10,33,5,0,
,Walterboro,5441,86,2,3,7,74,390,24,348,18,1,
,Ware Shoals,1696,16,0,2,0,14,43,7,33,3,0,
,West Columbia,17707,115,0,15,13,87,798,74,652,72,0,
,Williamston,4197,20,0,6,2,12,107,12,85,10,3,
,Williston,2827,12,0,0,3,9,154,47,99,8,2,
,Woodruff,4537,31,0,1,4,26,122,20,98,4,2,
,York,8697,48,0,7,6,35,285,36,240,9,0,
SOUTH DAKOTA,Aberdeen,28100,141,1,22,1,117,475,65,373,37,1,
,Belle Fourche,5960,15,0,4,0,11,71,9,57,5,0,
,Beresford,2105,3,0,0,0,3,25,4,18,3,0,
,Box Elder,12916,57,0,13,4,40,214,23,164,27,1,
,Brookings,24316,25,0,6,0,19,286,21,251,14,0,
,Canton,3059,8,0,1,0,7,40,6,31,3,0,
,Chamberlain,2510,10,0,1,0,9,61,6,43,12,1,
,Deadwood,1294,6,0,1,0,5,39,1,36,2,0,
,Elk Point,2084,5,0,1,0,4,9,2,6,1,0,
,Flandreau,2324,8,0,1,0,7,28,8,12,8,0,
,Hot Springs,3694,3,0,0,0,3,9,1,7,1,0,
,Huron,14561,27,0,5,1,21,298,10,276,12,1,
,Lead,3031,7,0,0,0,7,15,4,10,1,0,
,Lennox,2488,6,0,0,0,6,14,9,5,0,0,
,Madison,6066,10,0,4,1,5,44,4,35,5,0,
,Martin,936,13,0,6,0,7,35,12,19,4,0,
,Mitchell,15657,51,0,15,1,35,339,40,261,38,1,
,North Sioux City,3018,9,0,0,1,8,48,3,43,2,0,
,Pierre,13924,64,1,11,2,50,327,38,272,17,0,
,Rapid City,80850,600,4,107,95,394,3151,413,2288,450,6,
,Sioux Falls,206559,899,1,35,67,796,5017,594,3378,1045,16,
,Sisseton,2384,2,0,0,0,2,0,0,0,0,0,
,Spearfish,13276,25,0,9,1,15,261,37,217,7,1,
,Sturgis,7206,28,0,5,0,23,179,17,145,17,0,
,Summerset,3091,4,0,2,0,2,32,3,29,0,0,
,Tea,7634,8,0,0,0,8,91,9,71,11,0,
,Vermillion,12015,24,1,2,1,20,182,16,145,21,0,
,Wagner,1413,7,1,0,0,6,68,8,43,17,0,
,Watertown,23193,67,0,13,2,52,389,31,335,23,1,
,Winner,2881,3,0,0,0,3,15,2,9,4,0,
,Yankton,15588,55,1,11,0,43,376,12,329,35,1,
TENNESSEE,Adamsville,2260,13,0,0,0,13,18,1,16,1,0,
,Alcoa,12189,59,0,6,2,51,175,13,139,23,1,
,Alexandria,1001,4,0,0,0,4,7,2,1,4,0,
,Algood,3966,7,0,0,0,7,42,4,33,5,0,
,Ardmore,1222,2,0,0,0,2,36,4,28,4,0,
,Ashland City,5692,15,0,2,0,13,133,18,101,14,0,
,Athens,14509,58,0,9,1,48,554,65,442,47,1,
,Atoka,10673,12,0,0,0,12,61,8,45,8,0,
,Bartlett,56324,138,0,6,13,119,1028,91,780,157,2,
,Baxter,1978,2,0,0,0,2,15,3,10,2,0,
,Belle Meade,2564,0,0,0,0,0,19,2,16,1,0,
,Benton,1403,0,0,0,0,0,17,3,13,1,0,
,Berry Hill,1816,10,0,0,1,9,101,13,81,7,0,
,Bluff City,1842,3,0,0,0,3,39,3,36,0,0,
,Bolivar,5198,109,2,2,3,102,109,26,74,9,0,
,Brentwood,45003,35,1,3,8,23,420,29,362,29,0,
,Bristol,27970,118,0,10,5,103,786,113,625,48,1,
,Brownsville,9435,96,3,5,1,87,273,46,212,15,0,
,Bruceton,1495,1,0,0,0,1,20,5,13,2,0,
,Camden,3653,6,0,0,0,6,43,7,34,2,0,
,Carthage,2310,4,0,0,0,4,77,5,72,0,0,
,Caryville,2134,8,0,0,0,8,34,3,21,10,0,
,Centerville,3536,5,1,1,0,3,24,4,13,7,0,
,Chapel Hill,1833,12,0,1,1,10,14,0,10,4,0,
,Charleston,680,2,0,0,0,2,4,2,2,0,1,
,Chattanooga,185370,2023,29,161,199,1634,9004,971,6652,1381,22,
,Church Hill,7178,10,0,3,0,7,38,8,21,9,0,
,Clarksville,181916,850,11,105,54,680,3140,391,2339,410,14,
,Cleveland,48885,221,0,17,19,185,1350,135,1105,110,4,
,Clinton,10335,47,0,5,0,42,209,26,169,14,1,
,Collegedale,11324,20,0,5,0,15,134,8,122,4,0,
,Collierville,51686,61,2,0,7,52,695,41,604,50,0,
,Columbia,47770,267,2,14,19,232,1085,177,791,117,3,
,Cookeville,36530,85,5,5,8,67,755,70,612,73,2,
,Covington,8568,111,1,4,9,97,311,42,239,30,1,
,Cowan,1783,7,0,0,0,7,15,3,8,4,0,
,Crossville,12659,66,0,6,4,56,314,65,231,18,7,
,Dandridge,3564,10,0,0,0,10,64,5,56,3,0,
,Dayton,7493,12,0,3,0,9,118,14,94,10,1,
,Decatur,1592,8,0,1,0,7,61,3,47,11,0,
,Dickson,16488,114,1,9,0,104,501,23,437,41,0,
,Dover,1817,1,0,0,0,1,2,0,2,0,0,
,Dresden,2968,5,0,0,0,5,42,3,32,7,0,
,Dunlap,5901,9,0,0,0,9,96,8,75,13,0,
,Dyersburg,15876,198,0,18,17,163,803,134,596,73,2,
,East Ridge,21811,123,1,13,3,106,491,44,388,59,2,
,Elizabethton,14107,35,0,0,0,35,237,23,200,14,1,
,Englewood,1541,1,0,0,0,1,15,3,8,4,0,
,Erin,1205,1,0,0,0,1,4,1,2,1,0,
,Estill Springs,2283,5,0,1,0,4,21,5,12,4,0,
,Etowah,3706,4,0,0,0,4,29,3,23,3,0,
,Fairview,10118,14,0,1,0,13,61,8,47,6,2,
,Fayetteville,7053,55,0,1,1,53,148,11,129,8,0,
,Franklin,88315,132,0,28,6,98,903,52,759,92,3,
,Gallatin,49979,90,1,7,6,76,498,40,418,40,4,
,Gatlinburg,3699,15,0,4,0,11,131,9,111,11,0,
,Germantown,40560,44,1,3,3,37,549,30,453,66,2,
,Goodlettsville,16892,41,1,4,7,29,255,18,187,50,0,
,Graysville,1507,0,0,0,0,0,1,0,1,0,0,
,Greenbrier,6980,24,0,1,1,22,31,6,16,9,0,
,Greeneville,15667,61,0,4,2,55,449,57,335,57,2,
,Greenfield,2036,5,0,0,0,5,14,3,10,1,0,
,Halls,2040,21,1,1,1,18,42,5,32,5,0,
,Harriman,6166,21,0,5,0,16,129,24,90,15,0,
,Henderson,6473,18,0,0,1,17,60,10,39,11,0,
,Hendersonville,63291,70,4,4,2,60,568,38,494,36,1,
,Hohenwald,3924,18,0,0,1,17,66,4,55,7,0,
,Humboldt,7825,40,1,7,3,29,92,22,59,11,1,
,Huntingdon,4418,9,0,0,0,9,34,2,31,1,1,
,Jackson,68470,750,9,29,93,619,2308,296,1738,274,12,
,Jamestown,2042,6,0,2,0,4,47,7,39,1,1,
,Jasper,3607,9,0,0,0,9,28,0,21,7,1,
,Jefferson City,8474,21,0,6,2,13,132,16,108,8,1,
,Johnson City,73225,291,6,53,43,189,2054,216,1668,170,15,
,Jonesborough,6308,7,0,0,0,7,61,7,49,5,0,
,Kimball,1605,1,0,0,0,1,48,4,44,0,0,
,Kingsport,56522,368,3,27,24,314,2025,230,1590,205,14,
,Kingston,6194,5,0,0,0,5,31,8,19,4,0,
,Kingston Springs,2751,3,0,0,0,3,12,2,9,1,0,
,Knoxville,198132,1619,24,157,174,1264,6197,793,4527,877,7,
,Lafayette,5778,5,0,3,0,2,158,17,130,11,0,
,La Follette,7092,10,0,2,0,8,81,16,55,10,0,
,La Vergne,39571,173,1,13,10,149,774,68,579,127,2,
,Lawrenceburg,11919,54,3,1,1,49,206,51,131,24,2,
,Lebanon,47083,190,0,20,12,158,729,78,562,89,4,
,Lenoir City,11924,32,0,1,0,31,232,25,191,16,1,
,Lewisburg,13013,72,0,4,1,67,245,31,201,13,0,
,Lexington,7950,67,0,3,4,60,201,31,162,8,2,
,Livingston,4033,16,0,1,1,14,37,5,30,2,0,
,Lookout Mountain,2046,2,0,1,0,1,13,2,8,3,0,
,Loretto,1802,1,0,0,0,1,8,0,8,0,0,
,Loudon,6469,6,0,0,0,6,44,5,35,4,0,
,Madisonville,5322,16,0,1,0,15,139,10,123,6,1,
,Manchester,13417,78,1,7,3,67,376,56,298,22,3,
,Martin,10930,33,3,5,3,22,221,55,158,8,0,
,Maryville,33093,61,2,10,2,47,300,28,246,26,2,
,Maynardville,2570,12,0,2,1,9,57,5,45,7,0,
,McEwen,1704,7,0,1,0,6,7,2,4,1,0,
,McKenzie,5530,23,0,0,1,22,82,22,57,3,0,
,McMinnville,13781,102,2,8,0,92,345,27,298,20,1,
,Medina,5525,12,0,1,0,11,18,2,15,1,0,
,Memphis,616061,16091,351,452,2779,12509,52999,6844,30446,15709,388,
,Metropolitan Nashville Police Department,690495,7795,100,408,1128,6159,30414,2774,22322,5318,64,
,Milan,8304,44,1,3,4,36,183,42,129,12,3,
,Millersville,6216,16,0,3,0,13,31,5,23,3,0,
,Millington,10378,98,0,7,17,74,513,100,338,75,0,
,Monteagle,1400,4,0,0,0,4,16,1,13,2,0,
,Monterey,2731,7,0,0,1,6,33,5,22,6,0,
,Morristown,31923,212,0,16,12,184,970,118,738,114,2,
,Mosheim,2519,10,0,0,0,10,68,10,47,11,1,
,Mountain City,2413,3,0,0,0,3,20,1,18,1,0,
,Mount Carmel,5572,5,0,1,0,4,30,5,24,1,0,
,Mount Juliet,44062,40,0,2,0,38,290,11,259,20,0,
,Munford,6757,22,0,2,1,19,68,11,49,8,2,
,Murfreesboro,166916,807,11,106,61,629,3906,317,3188,401,4,
,Newbern,3249,13,0,1,1,11,59,14,41,4,0,
,Newport,6921,49,0,8,3,38,367,28,312,27,2,
,New Tazewell,2799,6,0,0,0,6,45,5,37,3,2,
,Nolensville,18450,4,0,1,0,3,42,8,31,3,1,
,Oakland,10569,15,1,0,1,13,49,4,40,5,0,
,Oak Ridge,33211,112,1,9,5,97,506,54,423,29,2,
,Oliver Springs,3379,15,0,3,0,12,49,2,36,11,0,
,Oneida,3815,16,0,2,0,14,71,9,54,8,0,
,Paris,10365,34,0,0,1,33,162,20,130,12,1,
,Parsons,2121,6,0,0,0,6,17,9,8,0,0,
,Pigeon Forge,6124,60,1,11,2,46,249,38,187,24,1,
,Pikeville,1820,3,0,1,0,2,21,4,17,0,0,
,Piperton,2774,0,0,0,0,0,18,4,12,2,0,
,Pleasant View,5500,7,0,0,0,7,24,0,22,2,1,
,Portland,13622,34,0,3,1,30,81,14,63,4,0,
,Pulaski,8233,48,0,4,3,41,224,32,175,17,2,
,Red Bank,11978,52,0,2,2,48,154,20,102,32,2,
,Red Boiling Springs,1220,3,0,0,1,2,7,2,4,1,0,
,Ridgely,1667,2,0,0,0,2,14,7,7,0,1,
,Ripley,7615,130,1,1,3,125,178,34,116,28,4,
,Rockwood,5584,33,1,3,2,27,182,23,144,15,1,
,Rocky Top,1630,12,0,1,0,11,82,6,65,11,0,
,Rogersville,4617,18,0,0,1,17,128,17,99,12,0,
,Rossville,1161,1,0,0,0,1,2,0,2,0,0,
,Savannah,7286,63,0,3,4,56,270,36,214,20,2,
,Selmer,4454,34,0,0,1,33,105,10,86,9,0,
,Sevierville,17904,92,1,11,4,76,669,34,599,36,2,
,Shelbyville,24877,132,2,12,4,114,524,63,421,40,0,
,Signal Mountain,8896,0,0,0,0,0,31,3,28,0,0,
,Smithville,5446,13,0,0,0,13,89,16,66,7,1,
,Smyrna,58096,167,0,29,18,120,1364,105,1025,234,5,
,Somerville,3399,25,0,1,1,23,67,13,45,9,0,
,South Fulton,2179,8,0,0,1,7,40,7,30,3,1,
,South Pittsburg,2980,3,0,0,0,3,8,1,7,0,0,
,Sparta,4852,11,0,0,1,10,104,9,87,8,1,
,Spring City,1955,0,0,0,0,0,14,1,13,0,0,
,Springfield,19434,91,1,1,1,88,241,13,197,31,0,
,Spring Hill,58200,80,1,9,2,68,420,40,359,21,3,
,Sweetwater,6511,34,0,2,0,32,107,10,86,11,1,
,Tazewell,2364,10,0,1,0,9,48,10,32,6,0,
,Tellico Plains,773,10,0,0,0,10,17,1,16,0,0,
,Tiptonville,3297,14,0,0,0,14,19,4,13,2,1,
,Tracy City,1431,2,0,1,0,1,26,3,19,4,1,
,Tullahoma,21054,92,1,9,3,79,433,90,308,35,2,
,Unicoi,3787,3,0,1,0,2,18,1,16,1,0,
,Union City,10901,63,0,16,2,45,356,63,274,19,0,
,Vonore,1656,5,0,0,0,5,42,2,38,2,0,
,Watertown,1605,1,0,0,0,1,14,2,11,1,0,
,Waverly,4301,8,0,1,1,6,25,1,20,4,0,
,Waynesboro,2341,4,0,0,0,4,11,1,8,2,0,
,Westmoreland,2773,3,0,0,0,3,7,1,5,1,0,
,White Bluff,4073,11,0,1,0,10,29,8,19,2,0,
,White House,15295,28,1,6,2,19,218,18,181,19,1,
,White Pine,2589,2,0,1,0,1,26,2,21,3,0,
,Whiteville,4556,7,1,0,0,6,13,2,6,5,0,
,Whitwell,1611,8,0,0,0,8,35,9,20,6,1,
,Winchester,10093,44,0,3,3,38,285,42,226,17,5,
,Woodbury,2846,5,0,0,0,5,26,1,24,1,0,
TEXAS,Abernathy,2792,1,0,1,0,0,5,3,1,1,0,
,Abilene,128387,569,6,111,62,390,2226,410,1659,157,3,
,Addison,17527,63,3,9,18,33,1268,78,795,395,1,
,Alamo,20640,120,1,16,4,99,870,96,714,60,2,
,Alamo Heights,7609,3,0,0,1,2,175,11,144,20,0,
,Alba,502,0,0,0,0,0,4,1,3,0,0,
,Alice,17622,120,1,16,8,95,477,117,324,36,2,
,Allen,114696,128,13,23,11,81,944,85,751,108,1,
,Alma,414,0,0,0,0,0,1,1,0,0,0,
,Alpine,5869,1,0,0,0,1,3,1,2,0,0,
,Alton,20357,146,1,2,9,134,253,76,155,22,1,
,Alvarado,6473,21,0,5,2,14,80,12,58,10,0,
,Alvin,28742,55,1,15,7,32,444,51,345,48,1,
,Amarillo,201684,1462,16,166,204,1076,6242,941,4624,677,41,
,Andrews,13157,50,0,7,0,43,191,22,143,26,1,
,Angleton,19703,52,0,11,2,39,251,46,188,17,0,
,Anna,27436,54,0,15,3,36,257,40,196,21,1,
,Anthony,3853,9,0,3,0,6,36,4,25,7,1,
,Aransas Pass,8843,34,0,7,4,23,186,30,130,26,1,
,Archer City,1613,0,0,0,0,0,8,5,1,2,0,
,Arcola,2331,8,0,0,0,8,43,9,23,11,0,
,Argyle,6120,5,1,0,0,4,28,6,20,2,1,
,Arlington,394799,1921,16,287,233,1385,10178,1243,7310,1625,12,
,Arp,984,0,0,0,0,0,13,1,11,1,0,
,Athens,13068,54,1,12,6,35,284,49,216,19,1,
,Atlanta,5427,6,0,1,0,5,70,13,53,4,0,
,Aubrey,9712,24,1,2,6,15,138,49,77,12,0,
,Austin,978816,4885,66,492,913,3414,32356,4581,20802,6973,147,
,Azle,14228,47,0,15,3,29,221,35,173,13,1,
,Balch Springs,26776,131,5,9,31,86,853,130,452,271,0,
,Balcones Heights,2695,44,0,4,3,37,273,35,180,58,1,
,Ballinger,3546,12,0,4,0,8,42,17,20,5,1,
,Bangs,1533,1,0,0,0,1,4,1,2,1,0,
,Bastrop,11961,55,0,7,5,43,421,46,305,70,0,
,Bay City,17247,89,2,5,5,77,487,90,369,28,7,
,Baytown,83809,343,2,54,65,222,2785,466,1814,505,3,
,Beaumont,110671,1523,17,123,223,1160,3685,651,2649,385,19,
,Bedford,48193,115,0,29,17,69,966,87,780,99,0,
,Bee Cave,8704,20,0,5,3,12,234,16,193,25,0,
,Beeville,13176,53,0,7,3,43,335,92,231,12,7,
,Bellaire,16894,14,0,0,5,9,383,46,283,54,0,
,Bellmead,10615,30,0,7,6,17,308,23,242,43,3,
,Bells,1574,0,0,0,0,0,4,0,2,2,0,
,Bellville,4215,12,0,3,1,8,45,8,26,11,0,
,Belton,24946,47,1,18,2,26,521,57,420,44,2,
,Benbrook,24425,63,4,8,9,42,517,34,441,42,0,
,Bertram,2247,5,1,1,0,3,8,4,4,0,0,
,Beverly Hills,1870,17,0,1,2,14,45,10,31,4,1,
,Big Sandy,1314,1,0,0,1,0,24,14,7,3,0,
,Big Spring,24933,184,4,20,9,151,549,108,388,53,2,
,Blanco,1987,5,0,2,1,2,25,5,15,5,0,
,Blue Mound,2302,3,0,0,0,3,10,4,3,3,0,
,Boerne,22163,19,0,5,1,13,274,61,179,34,1,
,Bogata,1094,0,0,0,0,0,2,1,1,0,0,
,Borger,12116,74,1,14,0,59,217,55,147,15,0,
,Bovina,1635,2,0,0,0,2,1,0,0,1,0,
,Bowie,5893,12,0,4,1,7,139,74,57,8,0,
,Boyd,1606,3,0,0,0,3,11,3,8,0,0,
,Brady,4964,11,0,1,0,10,51,20,27,4,2,
,Brazoria,2827,3,0,1,0,2,44,1,36,7,0,
,Breckenridge,5172,9,0,3,1,5,76,22,43,11,1,
,Bremond,877,6,0,0,0,6,3,0,3,0,0,
,Brenham,19047,61,1,10,7,43,317,21,276,20,0,
,Bridge City,9585,11,0,8,1,2,44,15,21,8,0,
,Bridgeport,6523,6,0,2,0,4,61,9,45,7,0,
,Brookshire,5755,19,1,7,3,8,63,6,34,23,1,
,Brownfield,8624,34,0,2,1,31,131,27,86,18,0,
,Brownsville,190590,747,8,45,111,583,3861,425,3032,404,22,
,Brownwood,18652,96,3,21,10,62,500,49,420,31,4,
,Bruceville-Eddy,1459,0,0,0,0,0,15,9,3,3,0,
,Buda,16508,21,0,1,4,16,330,21,248,61,0,
,Buffalo,1848,6,0,3,1,2,47,11,32,4,0,
,Bullard,4553,3,0,2,0,1,15,3,11,1,0,
,Bulverde,6907,16,1,4,1,10,119,13,94,12,0,
,Burkburnett,11166,26,2,12,0,12,68,10,45,13,0,
,Burleson,56307,111,0,24,7,80,691,83,539,69,2,
,Burnet,6841,7,0,1,0,6,47,9,32,6,1,
,Cactus,3058,17,0,4,0,13,22,1,19,2,0,
,Caddo Mills,5344,5,0,3,0,2,13,5,6,2,0,
,Caldwell,4520,6,0,1,0,5,36,9,23,4,0,
,Calvert,969,7,0,0,0,7,30,16,11,3,0,
,Cameron,5472,6,0,2,0,4,85,55,22,8,1,
,Canton,4726,4,0,0,0,4,133,31,93,9,0,
,Canyon,16211,23,0,1,0,22,115,16,91,8,1,
,Carrollton,134261,227,6,34,35,152,2020,209,1553,258,6,
,Carthage,6565,33,0,6,2,25,180,19,152,9,3,
,Castle Hills,3909,13,0,1,4,8,139,12,92,35,0,
,Castroville,3138,2,0,0,0,2,58,4,50,4,0,
,Cedar Hill,48247,87,1,8,16,62,925,114,685,126,2,
,Cedar Park,77464,92,1,40,9,42,1156,85,966,105,2,
,Celina,24571,28,1,6,0,21,272,59,206,7,5,
,Center,5124,28,0,3,1,24,126,22,97,7,0,
,Chandler,3577,1,0,0,0,1,23,2,15,6,0,
,Charlotte ,1597,2,0,0,0,2,16,6,10,0,0,
,Childress,5830,10,1,0,0,9,21,5,12,4,0,
,China Grove,1131,0,0,0,0,0,26,7,9,10,1,
,Cibolo,35851,60,0,24,1,35,324,28,270,26,3,
,Cisco,3986,4,0,2,0,2,45,18,20,7,0,
,Cleburne,35075,92,1,21,2,68,403,37,325,41,1,
,Clifton,3536,9,0,2,0,7,9,3,5,1,0,
,Clute,10640,32,0,8,6,18,236,91,127,18,0,
,Clyde,4010,8,0,2,0,6,36,9,20,7,0,
,Cockrell Hill,3658,8,0,0,0,8,76,14,49,13,0,
,Coleman,4001,6,0,1,0,5,12,4,4,4,0,
,College Station,126136,200,4,62,22,112,1684,179,1371,134,0,
,Colleyville,25748,14,0,5,0,9,131,9,116,6,0,
,Collinsville,2086,2,0,2,0,0,1,1,0,0,0,
,Colorado City,3910,7,1,0,0,6,70,23,37,10,0,
,Columbus,3724,13,0,3,0,10,43,2,30,11,0,
,Comanche,4273,12,0,3,1,8,64,8,51,5,1,
,Combes,3173,5,0,1,0,4,38,4,29,5,0,
,Commerce,9372,51,1,7,1,42,177,18,151,8,1,
,Conroe,106904,243,3,43,41,156,1712,223,1311,178,5,
,Converse,30522,123,0,3,13,107,599,112,379,108,1,
,Coppell,41719,31,0,5,6,20,419,30,363,26,0,
,Copperas Cove,38602,149,1,72,10,66,665,78,519,68,3,
,Corinth,22965,22,0,4,4,14,199,58,127,14,1,
,Corpus Christi,315340,2713,20,250,367,2076,10026,1715,7290,1021,58,
,Corrigan,1480,5,0,1,0,4,19,6,10,3,0,
,Corsicana,25782,127,0,30,12,85,625,115,436,74,10,
,Crandall,5054,69,1,8,8,52,123,23,78,22,1,
,Crane,3293,5,0,0,1,4,3,1,1,1,0,
,Crockett,6302,22,1,3,4,14,122,29,85,8,0,
,Crowley,20071,45,1,7,4,33,450,61,349,40,1,
,Crystal City,6050,16,0,0,1,15,35,15,13,7,1,
,Cuero,8085,74,0,1,0,73,123,15,100,8,2,
,Cuney,115,2,0,0,0,2,1,0,1,0,0,
,Daingerfield,2521,18,0,1,1,16,64,10,52,2,0,
,Dalhart,8389,29,0,2,1,26,74,28,38,8,0,
,Dallas,1304989,8763,242,480,2059,5982,52591,6137,27752,18702,147,
,Dalworthington Gardens,2263,1,0,0,0,1,26,3,19,4,0,
,Dawson,828,2,0,0,0,2,1,0,1,0,0,
,Dayton,9655,23,2,3,3,15,137,24,95,18,0,
,Decatur,7499,15,0,3,2,10,260,14,238,8,0,
,Deer Park,33033,47,1,12,4,30,508,41,415,52,3,
,De Leon,2332,4,0,1,0,3,24,9,12,3,2,
,Del Rio,34466,50,0,18,2,30,550,140,383,27,3,
,Denison,27261,67,3,13,4,47,229,52,143,34,3,
,Denton,155215,384,9,82,53,240,3395,311,2744,340,10,
,Denver City,4230,6,0,1,1,4,26,7,16,3,0,
,DeSoto,56257,170,0,38,32,100,1161,136,795,230,2,
,Devine,4590,6,0,0,0,6,90,7,71,12,0,
,Diboll,4617,13,2,0,1,10,45,8,26,11,1,
,Dickinson,21881,54,1,15,7,31,241,62,140,39,1,
,Dilley,3331,8,0,0,0,8,32,10,12,10,2,
,Dimmitt,4100,7,0,1,2,4,18,13,4,1,0,
,Donna,16769,248,2,11,14,221,597,77,450,70,0,
,Double Oak,3084,0,0,0,0,0,10,4,6,0,0,
,Driscoll,659,0,0,0,0,0,0,0,0,0,0,
,Dublin,3470,0,0,0,0,0,3,2,1,0,0,
,Dumas,14037,41,0,10,0,31,281,24,241,16,0,
,Duncanville,39104,148,1,10,28,109,894,100,541,253,0,
,Eagle Pass,28315,56,0,1,8,47,664,141,453,70,3,
,Early,3243,14,0,2,0,12,40,6,34,0,1,
,Eastland,3653,5,0,2,0,3,65,9,52,4,0,
,East Mountain,951,0,0,0,0,0,2,1,1,0,0,
,Edcouch,2674,8,0,0,0,8,10,1,8,1,0,
,Edgewood,1734,0,0,0,0,0,0,0,0,0,0,
,Edinburg,106137,317,2,81,30,204,2315,173,2020,122,4,
,Edna,6015,18,1,2,0,15,30,11,15,4,2,
,El Campo,12103,77,0,6,7,64,315,26,261,28,2,
,Electra,2290,11,0,0,0,11,28,5,19,4,0,
,Elgin,12235,33,2,6,5,20,172,34,121,17,1,
,El Paso,676665,2275,34,277,325,1639,10955,1064,7554,2337,97,
,Elsa,5663,28,0,3,7,18,208,32,173,3,0,
,Emory,1394,3,0,2,0,1,8,3,4,1,0,
,Encinal,517,2,0,0,0,2,8,1,2,5,0,
,Ennis,24347,34,1,1,6,26,337,36,277,24,0,
,Euless,59722,120,0,26,20,74,1249,116,973,160,4,
,Eustace,1156,2,0,0,0,2,3,1,0,2,0,
,Everman,5929,17,1,3,2,11,99,20,57,22,0,
,Fairfield,2926,14,0,0,0,14,55,7,45,3,0,
,Fair Oaks Ranch,11753,4,0,0,0,4,99,34,50,15,0,
,Fairview,11071,2,0,1,1,0,112,13,90,9,0,
,Falfurrias,4398,13,0,2,0,11,9,2,4,3,1,
,Farmers Branch,36538,77,4,10,20,43,1164,136,754,274,1,
,Farmersville,4227,8,0,3,0,5,32,4,24,4,0,
,Farwell,1369,0,0,0,0,0,10,3,5,2,0,
,Fate,25400,20,0,5,0,15,104,11,89,4,0,
,Ferris,2934,10,0,2,0,8,29,7,19,3,0,
,Flatonia,1365,0,0,0,0,0,11,2,7,2,0,
,Florence,1203,0,0,0,0,0,9,4,2,3,0,
,Floresville,8480,14,0,2,4,8,132,35,76,21,1,
,Flower Mound,79513,59,0,11,13,35,536,44,458,34,3,
,Floydada,2560,7,0,0,0,7,29,10,15,4,0,
,Forest Hill,13583,27,1,8,6,12,234,35,128,71,0,
,Forney,37242,45,1,16,6,22,306,23,227,56,0,
,Fort Stockton,8053,10,0,4,0,6,31,14,13,4,2,
,Fort Worth,973722,4769,85,673,693,3318,25766,3811,17172,4783,107,
,Franklin,1790,5,0,0,1,4,15,10,4,1,0,
,Frankston,1094,2,0,1,0,1,30,1,28,1,0,
,Fredericksburg,11446,9,0,3,2,4,105,20,69,16,0,
,Freeport,10478,77,0,10,7,60,166,31,135,0,1,
,Freer,2360,4,0,1,1,2,24,9,13,2,0,
,Friendswood,40678,30,2,7,1,20,244,21,189,34,1,
,Friona,4001,3,0,2,0,1,2,1,0,1,0,
,Frisco,228527,196,1,37,27,131,3101,221,2657,223,12,
,Fulshear,25579,4,0,0,0,4,107,14,90,3,0,
,Gainesville,18167,56,2,9,0,45,326,41,252,33,3,
,Galena Park,10215,20,0,1,5,14,153,15,101,37,1,
,Galveston,52810,273,6,73,47,147,1219,125,929,165,5,
,Ganado,2005,5,0,2,0,3,9,0,4,5,1,
,Garden Ridge,4400,2,0,0,2,0,52,1,42,9,0,
,Garland,240051,549,11,75,146,317,5731,761,3678,1292,19,
,Garrison,834,1,0,0,0,1,0,0,0,0,0,
,Gatesville,16230,26,2,5,1,18,175,43,121,11,2,
,Georgetown,87871,140,0,37,11,92,1029,184,754,91,5,
,George West,2155,13,0,2,0,11,31,12,14,5,0,
,Giddings,5202,17,1,6,0,10,94,29,61,4,0,
,Gilmer,5119,18,0,5,1,12,138,12,118,8,1,
,Gladewater,6271,21,0,6,0,15,59,8,39,12,0,
,Glenn Heights,19628,49,0,4,6,39,172,13,132,27,0,
,Godley,3545,3,0,0,0,3,24,6,14,4,0,
,Gonzales,7210,123,0,5,1,117,128,22,98,8,2,
,Graham,8767,11,0,6,1,4,84,5,73,6,0,
,Granbury,13124,21,3,6,1,11,403,30,351,22,1,
,Grand Prairie,205487,386,4,58,49,275,3294,275,2446,573,8,
,Grand Saline,3272,3,0,0,0,3,22,4,10,8,0,
,Granger,1186,0,0,0,0,0,7,5,2,0,0,
,Grapeland,1480,0,0,0,0,0,9,6,3,0,0,
,Grapevine,51458,93,2,19,9,63,1261,97,895,269,2,
,Greenville,32547,72,2,18,10,42,422,65,321,36,3,
,Groesbeck,3617,4,0,0,0,4,85,22,56,7,0,
,Groves,16554,60,0,7,5,48,201,39,137,25,1,
,Gun Barrel City,6660,12,0,1,1,10,125,30,82,13,0,
,Gunter,2580,0,0,0,0,0,10,2,8,0,0,
,Hale Center,1997,5,0,1,0,4,15,1,10,4,0,
,Hallettsville,2736,13,0,0,0,13,13,3,8,2,0,
,Hallsville,4829,2,1,1,0,0,12,5,4,3,0,
,Haltom City,45298,146,3,23,28,92,1053,163,675,215,4,
,Hamilton,2880,10,1,0,0,9,30,8,20,2,0,
,Hamlin,1859,4,0,0,0,4,5,2,2,1,0,
,Harker Heights,34540,74,4,13,9,48,404,44,289,71,0,
,Harlingen,71581,223,1,11,42,169,1982,278,1530,174,9,
,Haskell,3061,1,0,0,0,1,18,4,11,3,0,
,Hawkins,1389,2,0,0,0,2,19,7,9,3,0,
,Hawley,572,0,0,0,0,0,0,0,0,0,0,
,Hearne,4541,13,0,2,0,11,24,13,8,3,0,
,Heath,11188,8,0,2,0,6,53,6,47,0,0,
,Hedwig Village,2302,1,0,0,1,0,137,4,124,9,0,
,Helotes,9854,3,0,2,0,1,138,25,98,15,0,
,Hempstead,6545,33,0,2,8,23,128,25,71,32,0,
,Henderson,13446,79,1,9,10,59,412,74,309,29,1,
,Hereford,14687,28,0,10,1,17,275,78,157,40,1,
,Hewitt,16615,18,0,7,4,7,223,25,183,15,1,
,Hickory Creek,5760,5,0,0,1,4,77,7,65,5,1,
,Hico,1407,0,0,0,0,0,0,0,0,0,0,
,Hidalgo,14660,25,0,6,1,18,225,18,183,24,0,
,Highland Park,8707,8,0,1,0,7,200,25,163,12,0,
,Highland Village,16185,4,0,2,0,2,162,2,155,5,0,
,Hill Country Village,947,1,0,0,0,1,24,7,13,4,0,
,Hillsboro,8723,29,0,6,3,20,187,15,153,19,2,
,Hitchcock,7812,35,0,10,7,18,129,23,84,22,6,
,Holiday Lakes,1058,1,0,1,0,0,8,3,5,0,0,
,Hollywood Park,3078,2,0,0,1,1,54,5,44,5,0,
,Hondo,8800,21,1,5,3,12,145,27,94,24,0,
,Honey Grove,1783,1,0,1,0,0,8,0,4,4,0,
,Hooks,2481,12,0,1,0,11,47,1,40,6,0,
,Horizon City,23662,19,0,7,0,12,212,15,168,29,1,
,Horseshoe Bay,5009,5,0,1,0,4,35,13,20,2,0,
,Houston,2304406,25156,343,1408,6814,16591,103873,13972,69928,19973,373,
,Howe,3756,1,0,0,0,1,19,3,12,4,0,
,Hudson Oaks,2661,5,1,1,0,3,84,5,66,13,0,
,Humble,16143,142,1,28,33,80,1589,106,1224,259,5,
,Huntington,2067,1,0,0,0,1,6,1,3,2,0,
,Huntsville,48064,245,7,35,23,180,800,112,595,93,4,
,Hurst,39299,94,2,23,14,55,977,75,781,121,0,
,Hutchins,5641,32,0,6,4,22,280,20,153,107,0,
,Hutto,41911,25,1,6,3,15,363,67,280,16,0,
,Idalou,2099,4,0,0,0,4,5,0,5,0,0,
,Ingleside,10360,52,1,12,1,38,138,38,82,18,0,
,Iowa Colony,13236,9,0,1,2,6,61,13,44,4,0,
,Iowa Park,6603,9,0,1,0,8,27,7,17,3,0,
,Irving,255203,772,13,137,180,442,6249,621,4480,1148,7,
,Italy,2086,5,0,0,0,5,24,13,8,3,0,
,Itasca,1872,0,0,0,0,0,5,3,2,0,0,
,Jacinto City,9192,4,0,0,1,3,268,9,192,67,1,
,Jacksboro,4421,11,0,3,1,7,15,3,11,1,1,
,Jacksonville,14309,62,2,4,4,52,317,58,225,34,0,
,Jamaica Beach,1060,2,0,1,0,1,7,1,5,1,0,
,Jarrell,4744,4,0,1,0,3,16,4,9,3,0,
,Jasper,7701,27,1,0,4,22,246,50,184,12,7,
,Jefferson,1835,7,0,0,0,7,26,5,15,6,0,
,Jersey Village,7496,26,1,1,10,14,238,10,174,54,0,
,Jonestown,2674,4,0,1,1,2,31,7,21,3,0,
,Josephine,4785,7,0,4,0,3,27,16,10,1,0,
,Joshua,9054,12,0,2,1,9,66,12,49,5,0,
,Jourdanton,4342,24,2,0,0,22,24,4,16,4,0,
,Junction,2554,3,1,0,0,2,6,1,4,1,0,
,Karnes City,3112,4,0,0,0,4,31,9,18,4,0,
,Katy,26776,61,0,18,15,28,898,37,766,95,0,
,Kaufman,8935,11,0,0,0,11,124,13,88,23,0,
,Keene,6884,11,1,3,1,6,54,14,36,4,2,
,Keller,45024,31,0,7,2,22,360,44,287,29,1,
,Kemah,1783,11,0,5,2,4,68,9,51,8,0,
,Kemp,1327,5,0,0,0,5,18,3,15,0,0,
,Kempner,1278,0,0,0,0,0,3,2,1,0,0,
,Kenedy,3404,6,0,0,1,5,91,45,42,4,0,
,Kennedale,9781,19,0,2,3,14,66,5,53,8,0,
,Kerens,1460,7,0,0,0,7,11,3,5,3,0,
,Kermit,5694,7,0,1,1,5,24,6,16,2,1,
,Kerrville,24962,46,1,8,5,32,185,41,124,20,0,
,Kilgore,13527,32,0,3,3,26,348,38,278,32,0,
,Killeen,161968,774,9,95,69,601,2800,495,1616,689,7,
,Kingsville,24579,74,0,11,5,58,547,85,432,30,0,
,Kirby,8058,63,0,2,5,56,123,22,61,40,1,
,Knox City,1024,4,0,1,0,3,14,5,7,2,1,
,Kountze,2258,4,0,0,0,4,15,10,4,1,0,
,Kyle,63931,161,0,21,16,124,608,49,459,100,0,
,Lacy-Lakeview,7333,29,3,3,2,21,99,25,63,11,1,
,La Feria,6790,23,0,0,1,22,115,13,87,15,1,
,Lago Vista,10066,16,0,7,0,9,57,6,42,9,0,
,La Grange,4478,10,0,2,2,6,100,15,75,10,0,
,La Grulla,1203,8,0,2,2,4,11,4,4,3,0,
,Laguna Vista,3754,3,0,1,0,2,32,11,18,3,0,
,La Joya,4748,22,0,1,0,21,28,11,17,0,1,
,Lake Dallas,7885,10,0,1,2,7,39,8,28,3,0,
,Lake Jackson,27432,68,1,12,4,51,483,43,410,30,0,
,Lakeport,992,0,0,0,0,0,1,1,0,0,0,
,Lakeside,1592,2,0,0,0,2,18,7,9,2,0,
,"Lakeview, Harrison County",6633,9,0,3,0,6,40,8,28,4,0,
,Lakeway,19519,13,0,4,0,9,209,33,155,21,1,
,Lake Worth,4652,23,0,4,6,13,445,27,391,27,0,
,La Marque,19503,97,4,22,9,62,412,85,288,39,2,
,Lamesa,8300,28,0,4,2,22,84,32,39,13,2,
,Lampasas,7894,29,1,7,1,20,209,12,192,5,0,
,Lancaster,40292,201,4,7,26,164,1232,160,810,262,4,
,La Porte,37221,74,0,7,6,61,328,54,230,44,2,
,Laredo,256542,1092,10,129,86,867,3506,445,2728,333,36,
,La Vernia,1315,2,0,2,0,0,43,1,31,11,0,
,La Villa,3091,17,0,0,2,15,57,3,51,3,0,
,Lavon,7814,29,0,3,2,24,79,33,46,0,0,
,League City,115791,132,4,30,16,82,1412,143,1158,111,0,
,Leander,82228,55,0,25,4,26,708,75,586,47,3,
,Leon Valley,11370,64,0,7,8,49,697,47,481,169,1,
,Levelland,12194,77,1,5,4,67,172,57,97,18,1,
,Lewisville,133694,302,8,61,50,183,2421,222,1794,405,3,
,Lexington,1300,1,0,1,0,0,6,0,5,1,0,
,Liberty,8808,35,0,3,2,30,163,19,130,14,1,
,Liberty Hill,7018,4,0,1,0,3,47,10,30,7,0,
,Lindale,6953,12,0,2,0,10,96,3,84,9,1,
,Little Elm,59954,123,1,38,4,80,313,23,232,58,2,
,Littlefield,5707,12,0,0,2,10,94,25,59,10,1,
,Live Oak,16020,27,0,12,6,9,727,67,537,123,0,
,Livingston,5813,40,0,6,5,29,297,19,243,35,0,
,Llano,3564,2,0,0,0,2,38,8,25,5,0,
,Lockhart,15310,8,0,2,0,6,224,99,93,32,0,
,Log Cabin,819,2,0,0,1,1,8,0,6,2,0,
,Lone Star,1403,3,0,0,0,3,9,2,5,2,0,
,Longview,82981,347,9,46,39,253,2072,296,1582,194,1,
,Lorena,1779,7,0,0,0,7,22,1,15,6,0,
,Los Fresnos,8260,65,0,3,1,61,116,8,102,6,0,
,Lubbock,266960,2276,16,231,353,1676,8352,1615,5765,972,83,
,Lufkin,34193,206,2,39,31,134,937,133,727,77,2,
,Luling,5528,15,0,1,0,14,95,11,73,11,0,
,Lumberton,14264,16,0,3,2,11,100,17,71,12,0,
,Lyford,2237,4,0,1,0,3,23,1,21,1,0,
,Lytle,3120,2,0,0,1,1,95,16,73,6,0,
,Madisonville,4638,14,0,1,3,10,71,12,49,10,0,
,Magnolia,3921,6,0,1,3,2,27,11,11,5,0,
,Manor,22185,35,2,1,9,23,380,39,267,74,3,
,Mansfield,78788,95,1,15,16,63,1147,104,945,98,3,
,Manvel,17817,24,0,9,1,14,131,32,82,17,1,
,Marble Falls,7598,35,0,13,1,21,161,22,128,11,1,
,Marfa,1695,1,0,0,0,1,3,0,0,3,0,
,Marion,1077,0,0,0,0,0,2,2,0,0,0,
,Marlin,5488,27,0,4,3,20,42,23,12,7,1,
,Marshall,23790,111,2,8,11,90,431,148,248,35,0,
,Mathis,4262,18,0,0,2,16,79,20,50,9,1,
,Maud,969,0,0,0,0,0,0,0,0,0,0,
,Maypearl,953,0,0,0,0,0,0,0,0,0,0,
,McAllen,145684,210,7,52,35,116,2839,162,2585,92,3,
,McKinney,212716,224,5,40,24,155,1930,169,1535,226,7,
,Meadows Place,4598,2,0,1,0,1,115,8,93,14,0,
,Melissa,22495,7,0,0,0,7,83,16,64,3,0,
,Memorial Villages,11121,2,1,0,0,1,71,5,66,0,0,
,Mercedes,16949,93,0,17,13,63,574,39,493,42,3,
,Meridian,1427,1,0,0,0,1,3,0,3,0,0,
,Merkel,2409,6,0,3,0,3,9,1,6,2,0,
,Mesquite,147926,757,5,55,153,544,5423,435,3621,1367,10,
,Mexia,6858,31,0,3,3,25,57,16,36,5,1,
,Midland,135253,582,7,86,45,444,2558,371,1832,355,4,
,Midlothian,40287,43,0,7,4,32,427,32,363,32,3,
,Miles,924,0,0,0,0,0,0,0,0,0,0,
,Milford,748,3,0,0,0,3,1,0,0,1,0,
,Mineola,5093,9,0,1,1,7,95,4,88,3,0,
,Mineral Wells,15347,57,0,22,4,31,464,147,271,46,2,
,Mission,87031,177,1,27,12,137,986,100,843,43,5,
,Missouri City,77560,132,1,28,21,82,677,44,543,90,4,
,Monahans,7073,38,0,6,2,30,129,28,86,15,3,
,Mont Belvieu,9539,20,0,6,0,14,183,16,139,28,0,
,Montgomery,2700,2,0,1,0,1,44,2,39,3,0,
,Morgans Point Resort,4829,3,0,2,0,1,19,3,15,1,0,
,Moulton,856,1,0,1,0,0,2,0,2,0,0,
,Mount Enterprise,508,0,0,0,0,0,0,0,0,0,0,
,Mount Pleasant,15970,74,3,12,5,54,297,31,244,22,1,
,Mount Vernon,2565,3,0,1,0,2,16,4,10,2,0,
,Muleshoe,5016,4,0,0,0,4,22,12,8,2,0,
,Murphy,21218,14,2,5,0,7,122,9,112,1,0,
,Nacogdoches,31936,84,4,26,12,42,512,74,390,48,1,
,Nash,4352,15,4,1,1,9,26,2,24,0,1,
,Nassau Bay,5086,10,0,6,0,4,102,26,68,8,0,
,Natalia,1363,6,0,0,0,6,12,3,7,2,0,
,Navasota,8784,75,1,13,6,55,183,28,141,14,0,
,Nederland,17881,49,0,9,5,35,213,27,168,18,0,
,Needville,3093,5,1,1,0,3,29,0,29,0,0,
,New Boston,4515,12,0,0,1,11,149,23,116,10,2,
,New Braunfels,111942,163,0,22,24,117,1388,238,965,185,1,
,New London,984,3,0,1,0,2,13,9,0,4,1,
,Newton,1571,9,0,2,0,7,25,12,12,1,0,
,Nolanville,7164,10,1,2,1,6,59,17,32,10,0,
,Northeast,4132,0,0,0,0,0,4,0,3,1,0,
,Northlake,11186,15,1,4,2,8,98,14,66,18,0,
,North Richland Hills,70853,144,1,32,21,90,1603,203,1228,172,3,
,"Oak Ridge, Kaufman County",1307,0,0,0,0,0,4,3,1,0,0,
,Oak Ridge North,2968,2,0,0,0,2,59,3,47,9,0,
,Odem,2246,0,0,0,0,0,3,1,2,0,0,
,Odessa,111922,441,7,42,50,342,1996,281,1437,278,13,
,Olmos Park,2158,3,0,0,1,2,43,11,29,3,0,
,Olney,3003,4,0,0,0,4,13,3,8,2,0,
,Onalaska,3276,18,0,4,0,14,58,11,32,15,1,
,Orange,18978,88,2,12,7,67,296,87,152,57,2,
,Overton,2306,5,0,2,0,3,28,7,18,3,0,
,Ovilla,4440,1,0,0,0,1,14,1,12,1,0,
,Oyster Creek,1210,3,0,1,1,1,17,12,4,1,0,
,Palacios,4336,17,0,1,1,15,70,12,48,10,1,
,Palestine,19190,86,1,19,5,61,289,49,220,20,8,
,Palmer,2522,1,0,1,0,0,16,2,6,8,0,
,Palmhurst,2586,3,0,0,2,1,225,1,223,1,0,
,Palmview,15877,54,0,2,5,47,218,55,130,33,1,
,Pampa,16500,81,1,10,1,69,351,69,266,16,3,
,Pantego,2472,13,0,1,0,12,57,8,44,5,0,
,Paris,24793,152,1,26,12,113,628,160,428,40,3,
,Parker,6367,1,0,0,0,1,18,2,16,0,0,
,Pasadena,145850,909,11,133,133,632,4048,489,2691,868,11,
,Patton Village,1883,7,0,0,0,7,16,3,10,3,0,
,Payne Springs,753,0,0,0,0,0,3,2,0,1,0,
,Pearland,127433,135,2,23,29,81,2127,166,1829,132,2,
,Pearsall,8926,27,0,1,1,25,105,47,46,12,0,
,Pecos,10335,80,1,3,1,75,70,11,52,7,0,
,Penitas,6278,9,0,0,0,9,58,4,52,2,0,
,Perryton,7994,29,0,5,0,24,50,10,40,0,0,
,Petersburg,971,1,0,0,0,1,0,0,0,0,0,
,Pflugerville,65599,127,1,29,23,74,1068,72,869,127,0,
,Pharr,80359,200,2,31,20,147,1188,180,921,87,2,
,Pilot Point,5142,5,0,1,1,3,41,6,29,6,1,
,Pinehurst,2199,12,0,0,1,11,21,1,17,3,0,
,Pineland,903,0,0,0,0,0,1,0,1,0,0,
,Pittsburg,4465,15,0,2,0,13,54,11,27,16,2,
,Plainview,19335,65,0,14,6,45,391,63,291,37,1,
,Plano,291140,470,3,92,96,279,4841,562,3721,558,13,
,Pleasanton,11169,15,1,5,0,9,247,26,200,21,0,
,Ponder,2655,3,0,3,0,0,8,1,6,1,0,
,Port Aransas,3468,16,0,5,1,10,196,11,132,53,0,
,Port Arthur,55371,433,7,45,63,318,980,254,550,176,1,
,Port Isabel,5152,12,0,2,0,10,140,11,121,8,1,
,Portland,20345,24,0,3,2,19,307,24,268,15,1,
,Port Lavaca,11137,34,0,13,2,19,119,27,81,11,0,
,Port Neches,13582,44,1,7,1,35,106,24,79,3,0,
,Poteet,3024,1,0,0,0,1,45,10,29,6,0,
,Poth,1955,1,0,0,0,1,6,1,5,0,0,
,Prairie View ,8535,13,0,2,0,11,66,29,31,6,0,
,Premont,2419,11,0,0,1,10,8,5,2,1,0,
,Presidio,3133,4,0,1,0,3,0,0,0,0,0,
,Primera,5298,4,0,1,0,3,16,1,15,0,0,
,Princeton,26171,55,1,25,6,23,154,24,116,14,1,
,Prosper,41777,18,0,7,4,7,467,71,370,26,1,
,Queen City,1389,4,0,2,0,2,12,2,9,1,0,
,Quitman,1998,1,0,0,0,1,8,4,3,1,0,
,Rancho Viejo,2864,3,0,2,0,1,11,0,11,0,0,
,Ranger,2276,1,0,0,0,1,21,10,8,3,1,
,Raymondville,10130,48,4,3,3,38,234,68,149,17,3,
,Red Oak,19134,33,1,10,4,18,272,25,201,46,2,
,Refugio,2774,8,0,1,0,7,38,12,19,7,1,
,"Reno, Lamar County",3481,4,0,1,0,3,53,10,42,1,0,
,"Reno, Parker County",3481,9,0,1,1,7,27,9,14,4,0,
,Rhome,1881,9,0,0,0,9,30,9,18,3,0,
,Rice,1255,1,0,0,0,1,18,2,13,3,0,
,Richardson,119008,149,4,20,47,78,2405,322,1637,446,5,
,Richland,277,8,0,0,0,8,5,1,3,1,0,
,Richland Hills,8315,41,2,10,1,28,230,54,152,24,0,
,Richmond,13017,44,3,3,8,30,284,35,234,15,0,
,Richwood,4748,3,0,3,0,0,38,4,28,6,0,
,Rio Grande City,15253,21,0,0,0,21,305,48,222,35,3,
,Rio Hondo,2261,15,0,3,1,11,32,5,25,2,0,
,River Oaks,7349,23,0,4,1,18,93,16,52,25,0,
,Roanoke,10036,8,0,3,3,2,240,42,188,10,0,
,Robinson,13158,19,1,3,1,14,89,20,58,11,0,
,Robstown,10198,38,2,4,2,30,299,99,183,17,0,
,Rockdale,5631,28,0,0,0,28,50,12,28,10,0,
,Rockport,11003,50,1,14,2,33,228,53,165,10,2,
,Rockwall,53433,59,0,7,13,39,746,38,630,78,0,
,Rogers,1109,0,0,0,0,0,0,0,0,0,0,
,Rollingwood,1408,1,0,0,1,0,21,1,19,1,0,
,Roma,11503,26,0,3,1,22,100,16,81,3,1,
,Roman Forest,2279,12,0,2,0,10,79,20,57,2,1,
,Roscoe,1226,1,0,0,0,1,3,0,2,1,0,
,Rose City,341,0,0,0,0,0,13,3,4,6,0,
,Rosenberg,41900,88,1,20,11,56,675,83,521,71,1,
,Round Rock,129898,179,2,38,25,114,2800,213,2334,253,5,
,Rowlett,66671,148,3,25,16,104,911,93,719,99,4,
,Royse City,23763,46,1,11,4,30,342,53,279,10,0,
,Runaway Bay,1961,1,0,0,0,1,10,4,5,1,0,
,Rusk,5504,14,0,0,0,14,83,22,56,5,0,
,Sabinal,1387,0,0,0,0,0,3,1,2,0,0,
,Sachse,32671,14,0,2,2,10,266,37,202,27,0,
,Saginaw,26007,47,1,14,9,23,298,31,231,36,0,
,Salado,2406,0,0,0,0,0,8,3,5,0,0,
,San Angelo,98642,280,5,38,26,211,2581,422,1967,192,6,
,San Antonio,1490047,10344,163,1458,1795,6928,80386,8143,53168,19075,232,
,San Augustine,1868,5,0,0,1,4,11,6,5,0,0,
,San Benito,24578,76,0,0,13,63,791,92,647,52,1,
,San Elizario,10145,1,0,0,0,1,11,5,4,2,0,
,Sanger,10144,10,0,2,0,8,86,12,59,15,1,
,San Juan,36008,118,2,0,21,95,523,106,385,32,0,
,San Marcos,71413,320,3,58,41,218,1631,242,1165,224,4,
,San Saba,3135,3,0,2,0,1,5,0,5,0,1,
,Sansom Park Village,5315,26,0,2,3,21,117,31,71,15,0,
,Santa Anna,1045,1,0,1,0,0,3,2,0,1,0,
,Santa Fe,12883,19,0,7,0,12,74,15,49,10,0,
,Schertz,43461,70,0,9,6,55,420,51,280,89,3,
,Schulenburg,2758,20,0,3,0,17,43,2,34,7,0,
,Seabrook,13770,20,0,8,1,11,148,24,107,17,0,
,Seadrift,997,0,0,0,0,0,5,1,4,0,0,
,Seagoville,20098,41,0,6,0,35,317,55,153,109,2,
,Sealy,7019,10,0,2,1,7,72,21,39,12,0,
,Seguin,35581,94,5,15,12,62,689,89,558,42,1,
,Selma,11871,29,1,3,2,23,300,16,236,48,1,
,Seminole,7182,16,0,0,0,16,66,17,39,10,0,
,Seven Points,1464,7,0,1,0,6,21,6,12,3,0,
,Seymour,2578,4,0,0,1,3,7,3,3,1,0,
,Shallowater,2923,4,0,0,0,4,13,3,10,0,0,
,Shavano Park,3672,0,0,0,0,0,52,4,45,3,0,
,Shenandoah,3738,11,0,3,1,7,280,16,205,59,0,
,Sherman,45941,193,3,29,16,145,680,215,378,87,3,
,Shiner,2198,5,1,1,0,3,14,5,9,0,0,
,Silsbee,6829,15,1,3,1,10,67,6,44,17,1,
,Sinton,5520,14,0,1,0,13,116,15,96,5,0,
,Slaton,5679,20,0,1,0,19,77,20,50,7,2,
,Smithville,4223,13,0,4,2,7,53,7,40,6,0,
,Snyder,11131,140,2,5,0,133,177,24,136,17,1,
,Socorro,39445,86,0,21,12,53,296,37,161,98,0,
,Somerset,1820,2,0,0,1,1,10,3,5,2,0,
,Somerville,1391,2,0,1,0,1,7,0,7,0,0,
,Sonora,2337,4,0,1,0,3,6,2,3,1,0,
,Sour Lake,1843,3,0,2,0,1,10,2,7,1,0,
,South Houston,15718,88,1,10,24,53,417,50,248,119,1,
,Southlake,31024,11,0,2,0,9,344,22,301,21,1,
,South Padre Island,2048,39,0,9,3,27,274,18,208,48,0,
,Southside Place,1850,2,0,0,1,1,25,2,18,5,0,
,Spearman,3051,0,0,0,0,0,0,0,0,0,0,
,Splendora,1958,3,0,0,0,3,33,7,19,7,0,
,Springtown,4227,11,0,3,1,7,65,14,48,3,0,
,Spring Valley,4278,3,0,0,1,2,74,3,57,14,0,
,Stafford,17330,78,0,14,10,54,651,36,512,103,0,
,Stamford,2935,3,1,1,0,1,21,8,12,1,1,
,Stanton,2653,4,0,0,0,4,34,6,19,9,1,
,Stephenville,21911,57,0,15,0,42,227,39,176,12,0,
,Stratford,1976,2,0,1,0,1,2,0,1,1,0,
,Sudan,922,2,0,0,0,2,3,0,3,0,0,
,Sugar Land,108718,79,3,12,33,31,1400,68,1226,106,0,
,Sullivan City,3903,16,0,0,0,16,42,11,26,5,0,
,Sulphur Springs,16640,23,1,9,2,11,124,11,104,9,1,
,Sunnyvale,8741,12,0,1,1,10,89,17,59,13,0,
,Sunray,1694,2,0,0,0,2,18,4,14,0,0,
,Sunrise Beach Village,800,0,0,0,0,0,9,5,4,0,0,
,Sunset Valley,626,5,0,0,4,1,300,3,272,25,0,
,Surfside Beach,681,3,0,0,0,3,8,4,3,1,0,
,Sweeny,3529,11,0,1,1,9,61,6,53,2,0,
,Sweetwater,10310,54,1,5,3,45,117,39,64,14,0,
,Taft,2903,4,0,0,1,3,17,3,12,2,0,
,Tahoka,2432,12,1,2,1,8,18,6,10,2,0,
,Tatum,1375,0,0,0,0,0,3,1,2,0,0,
,Taylor,17267,37,0,1,2,34,297,67,204,26,2,
,Teague,3490,13,0,3,0,10,55,21,26,8,0,
,Temple,93073,354,7,99,47,201,1828,249,1274,305,11,
,Tenaha,1009,0,0,0,0,0,0,0,0,0,0,
,Terrell,21371,63,4,8,7,44,514,57,383,74,2,
,Terrell Hills,5049,1,0,0,0,1,86,18,59,9,0,
,Texarkana,35560,176,7,29,20,120,896,114,689,93,0,
,Texas City,57448,224,4,33,28,159,1327,172,986,169,4,
,The Colony,45671,83,1,21,9,52,1131,52,978,101,1,
,Thorndale,1386,0,0,0,0,0,0,0,0,0,0,
,Three Rivers,1581,2,0,0,0,2,2,1,1,0,0,
,Tioga,1273,0,0,0,0,0,0,0,0,0,0,
,Todd Mission,128,0,0,0,0,0,8,1,6,1,0,
,Tomball,14260,56,0,8,4,44,345,30,268,47,3,
,Tom Bean,981,1,0,0,0,1,1,1,0,0,0,
,Tool,2275,10,0,0,1,9,9,3,4,2,0,
,Trophy Club,13772,3,0,1,0,2,53,5,43,5,1,
,Tulia,4354,22,0,3,2,17,89,18,65,6,0,
,Tye,1203,4,1,0,0,3,7,1,4,2,0,
,Tyler,110824,482,11,86,41,344,2400,290,1904,206,3,
,Universal City,20112,63,0,21,14,28,674,146,439,89,0,
,University Park,25080,8,0,2,3,3,288,147,116,25,0,
,Uvalde,15538,50,0,11,3,36,349,82,225,42,1,
,Valley Mills,1294,5,0,3,0,2,6,4,2,0,0,
,Van,2891,4,0,2,0,2,21,3,7,11,0,
,Van Alstyne,7203,6,0,0,0,6,35,3,32,0,0,
,Vega,861,0,0,0,0,0,1,0,1,0,0,
,Venus,8228,19,0,3,0,16,40,5,30,5,0,
,Vernon,9598,27,0,6,3,18,136,27,99,10,0,
,Victoria,65298,249,5,43,25,176,1465,270,1118,77,4,
,Vidor,9642,27,0,8,3,16,108,30,54,24,0,
,Waco,145741,740,12,122,98,508,3862,507,2938,417,15,
,Waelder,956,1,0,1,0,0,4,3,1,0,0,
,Wake Village,5794,5,0,0,0,5,46,17,27,2,0,
,Waller,3364,8,0,2,1,5,65,21,32,12,0,
,Wallis,1365,4,0,0,0,4,10,3,7,0,0,
,Watauga,22782,37,0,14,5,18,311,41,228,42,1,
,Waxahachie,47535,111,0,23,4,84,730,57,601,72,2,
,Weatherford,39115,83,0,27,7,49,611,71,478,62,2,
,Webster,12045,56,0,5,8,43,827,102,549,176,0,
,Weimar,2101,3,0,0,1,2,9,1,7,1,0,
,Weslaco,43072,167,0,22,35,110,1713,129,1489,95,2,
,West,2586,5,0,1,0,4,12,4,6,2,0,
,West Columbia,3579,9,0,1,3,5,71,12,55,4,2,
,West Lake Hills,3166,2,0,0,0,2,92,6,78,8,0,
,West Orange,3396,10,0,3,3,4,97,20,72,5,0,
,Westover Hills,639,0,0,0,0,0,11,3,8,0,0,
,West University Place,14686,12,0,1,6,5,165,22,118,25,1,
,Westworth,2658,17,0,1,2,14,132,15,114,3,0,
,Wharton,8792,42,0,2,12,28,196,30,150,16,0,
,Whitehouse,9609,13,0,8,1,4,50,7,40,3,0,
,White Oak,6233,7,1,1,1,4,51,8,38,5,0,
,Whitesboro,4396,4,0,0,1,3,13,1,9,3,1,
,White Settlement,17949,117,0,20,9,88,347,70,224,53,1,
,Whitewright,1856,1,0,0,0,1,10,4,6,0,0,
,Whitney,2096,5,0,2,0,3,38,8,26,4,0,
,Wichita Falls,102740,507,4,99,63,341,2558,445,1908,205,2,
,Willis,7201,40,1,10,1,28,200,32,150,18,0,
,Willow Park,6023,11,0,2,0,9,67,7,50,10,0,
,Wills Point,4023,13,0,3,1,9,29,10,15,4,0,
,Wilmer,6169,18,0,4,0,14,133,10,100,23,1,
,Windcrest,5766,16,0,0,8,8,456,21,380,55,1,
,Wink,837,1,0,0,0,1,1,0,1,0,0,
,Winnsboro,3611,6,0,2,0,4,19,11,7,1,0,
,Winters,2318,2,0,0,0,2,11,2,9,0,0,
,Wolfforth,7135,11,0,0,2,9,30,7,17,6,0,
,Woodbranch,1546,0,0,0,0,0,0,0,0,0,0,
,Woodsboro,1245,1,0,0,0,1,7,2,5,0,0,
,Woodville,2420,1,0,0,0,1,20,2,14,4,0,
,Wortham,1017,5,0,1,0,4,18,9,6,3,0,
,Wylie,62539,47,0,18,5,24,460,37,396,27,0,
,Yoakum,5885,2,0,1,1,0,35,14,15,6,0,
,Zavalla,610,4,0,1,0,3,14,3,11,0,0,
UTAH,American Fork/Cedar Hills,49228,61,0,23,3,35,714,58,600,56,6,
,Aurora,1049,0,0,0,0,0,0,0,0,0,0,
,Big Water,509,1,0,0,0,1,1,0,1,0,0,
,Blanding,3153,8,0,0,0,8,38,3,34,1,0,
,Bluffdale,20013,26,0,5,0,21,135,14,103,18,0,
,Brian Head,159,1,0,0,0,1,8,2,5,1,0,
,Brigham City,20106,31,0,15,3,13,234,44,175,15,3,
,Cedar City,40418,67,0,16,2,49,607,69,504,34,1,
,Clearfield,35195,86,0,15,5,66,459,53,369,37,3,
,Cottonwood Heights,31892,17,0,5,2,10,571,63,470,38,0,
,Draper,50588,75,0,14,11,50,726,94,582,50,5,
,East Carbon,1569,5,0,4,0,1,26,10,16,0,1,
,Enoch,8636,8,7,0,0,1,14,2,12,0,0,
,Ephraim,6101,10,0,1,0,9,38,3,34,1,0,
,Farmington,26229,21,1,9,1,10,322,19,293,10,0,
,Grantsville,15336,33,0,5,5,23,54,8,40,6,0,
,Harrisville,6797,13,0,1,6,6,173,23,148,2,1,
,Heber,18329,26,0,6,0,20,157,8,137,12,1,
,Helper,2135,3,0,1,0,2,27,8,15,4,1,
,Herriman,60724,41,0,10,3,28,446,38,368,40,2,
,Hildale,1208,5,0,2,0,3,18,5,12,1,0,
,Hurricane,24662,48,1,10,0,37,240,28,196,16,0,
,Kanab,5360,4,0,2,0,2,56,7,44,5,0,
,Kaysville,32635,30,0,16,2,12,218,25,174,19,0,
,La Verkin,4627,3,0,1,0,2,76,2,69,5,0,
,Layton,82887,101,3,39,7,52,1246,102,1082,62,9,
,Lehi,88416,71,1,31,2,37,639,74,490,75,2,
,Lindon,11816,7,0,1,3,3,243,15,205,23,0,
,Logan,55645,116,0,42,4,70,786,71,659,56,0,
,Lone Peak,30491,4,0,1,1,2,85,8,68,9,0,
,Mantua,1340,3,0,0,0,3,3,1,2,0,0,
,Mapleton,13841,8,0,2,0,6,46,3,42,1,0,
,Moab,5299,28,0,7,1,20,106,8,85,13,0,
,Mount Pleasant,3900,6,0,3,0,3,24,2,20,2,0,
,Murray,48943,148,1,25,30,92,1946,220,1509,217,27,
,Naples,2458,4,1,2,0,1,12,3,6,3,0,
,Nephi,7032,6,0,4,0,2,50,11,37,2,0,
,North Ogden,22276,31,2,8,1,20,137,22,100,15,1,
,North Park,17699,13,0,3,0,10,65,12,48,5,0,
,North Salt Lake,22824,27,0,9,3,15,267,38,197,32,1,
,Ogden,86593,495,7,87,46,355,1817,213,1446,158,6,
,Orem,94682,145,0,59,10,76,1402,89,1210,103,5,
,Park City,8355,50,0,30,1,19,200,15,175,10,0,
,Payson,23151,26,2,4,3,17,151,15,125,11,1,
,Perry,5953,16,0,4,1,11,105,6,95,4,0,
,Pleasant Grove,37577,59,0,25,1,33,344,63,239,42,3,
,Pleasant View,11347,6,0,0,0,6,69,10,55,4,0,
,Price,8277,18,0,0,0,18,145,12,131,2,0,
,Provo,112743,197,0,68,18,111,1530,124,1296,110,13,
,Richfield,8216,22,0,5,0,17,215,15,188,12,0,
,Riverdale,9239,22,0,10,2,10,476,29,429,18,1,
,Riverton,44259,25,0,5,1,19,401,39,340,22,1,
,Roosevelt,7249,31,0,8,0,23,149,18,111,20,1,
,Roy,38522,79,1,21,6,51,391,59,311,21,2,
,Salem,10949,3,0,1,0,2,79,36,41,2,0,
,Salina,2614,6,0,2,0,4,39,4,32,3,0,
,Salt Lake City,206692,1794,16,330,363,1085,11671,1148,9311,1212,67,
,Sandy,91132,151,0,35,22,94,2271,490,1618,163,8,
,Santa Clara/Ivins,18913,26,0,7,0,19,74,26,42,6,1,
,Santaquin/Genola,20235,12,0,0,0,12,63,6,51,6,0,
,Saratoga Springs,56039,55,0,20,2,33,250,23,208,19,1,
,Smithfield,14814,5,0,1,0,4,59,12,42,5,0,
,South Jordan,86444,76,0,23,6,47,959,80,794,85,6,
,South Ogden,17827,37,0,8,7,22,191,31,156,4,2,
,Spanish Fork,44805,35,2,13,4,16,404,27,357,20,0,
,Spring City,1016,0,0,0,0,0,7,0,7,0,0,
,Springdale,605,1,0,0,0,1,10,0,8,2,0,
,Springville,36089,39,2,14,3,20,352,19,306,27,2,
,St. George,105930,177,0,57,21,99,1133,108,930,95,1,
,Sunset,5327,16,0,9,0,7,52,9,36,7,3,
,Syracuse,37272,29,0,11,0,18,184,21,157,6,1,
,Taylorsville City,56674,124,0,20,16,88,1228,113,961,154,3,
,Tooele,39934,150,4,34,6,106,745,203,495,47,3,
,Washington,34960,32,0,7,1,24,440,39,370,31,1,
,Wellington,1630,3,0,2,0,1,15,4,10,1,0,
,West Jordan,116485,362,0,75,30,257,2078,273,1600,205,6,
,West Valley,135023,579,4,86,79,410,2888,291,2138,459,9,
,Willard,2349,2,0,0,0,2,32,30,1,1,0,
,Woods Cross,11493,7,0,0,1,6,164,18,125,21,0,
VERMONT,Barre,8406,40,0,4,2,34,262,9,251,2,5,
,Barre Town,8052,13,0,1,4,8,74,6,65,3,1,
,Bellows Falls,2761,8,0,0,0,8,34,3,30,1,0,
,Bennington,15314,68,0,2,6,60,378,51,326,1,0,
,Berlin,2909,20,0,1,1,18,285,12,268,5,0,
,Bradford,2847,0,0,0,0,0,7,2,5,0,0,
,Brandon,4111,12,0,2,0,10,50,3,46,1,1,
,Brattleboro,12078,63,2,9,11,41,630,53,574,3,3,
,Bristol,3759,2,0,0,0,2,12,0,11,1,0,
,Burlington,44522,183,1,17,23,142,2931,193,2468,270,13,
,Castleton,4449,1,0,0,0,1,2,0,2,0,0,
,Chester,3036,0,0,0,0,0,0,0,0,0,0,
,Colchester,17654,27,1,5,1,20,328,24,296,8,2,
,Dover,1837,1,0,1,0,0,14,1,12,1,0,
,Essex,22576,34,0,8,1,25,325,21,284,20,0,
,Fair Haven,2721,8,0,3,0,5,50,2,47,1,0,
,Fairlee,1028,0,0,0,0,0,3,0,3,0,0,
,Hardwick,3001,6,0,0,0,6,67,15,51,1,0,
,Hartford,10799,22,0,7,3,12,117,16,86,15,0,
,Hinesburg,4706,11,0,1,0,10,13,0,8,5,0,
,Killington,1408,3,0,0,0,3,38,0,38,0,0,
,Ludlow,2190,2,0,0,0,2,16,2,14,0,0,
,Lyndonville,1223,2,0,0,0,2,27,1,25,1,0,
,Manchester,4512,11,0,1,0,10,57,10,46,1,0,
,Middlebury,9163,17,0,8,0,9,101,7,90,4,0,
,Milton,10664,16,0,7,1,8,107,15,90,2,0,
,Montpelier,8001,15,0,3,2,10,159,10,148,1,2,
,Morristown,5798,10,0,1,0,9,93,5,87,1,0,
,Newport,4382,22,0,3,0,19,83,10,73,0,0,
,Northfield,5935,13,0,3,1,9,8,2,6,0,0,
,Norwich,3660,2,0,0,0,2,18,3,15,0,0,
,Pittsford,2886,0,0,0,0,0,5,0,5,0,0,
,Richmond,4125,0,0,0,0,0,3,0,3,0,0,
,Royalton,2774,2,0,0,0,2,21,2,15,4,0,
,Rutland,15651,65,1,2,3,59,637,24,608,5,1,
,Rutland Town,3920,7,0,3,1,3,148,6,140,2,0,
,Shelburne,7948,5,0,1,0,4,134,10,115,9,0,
,South Burlington,20794,53,0,9,6,38,1127,33,985,109,0,
,Springfield,9117,28,0,2,2,24,94,7,77,10,2,
,St. Albans,6982,54,0,6,9,39,372,23,345,4,3,
,St. Johnsbury,7414,35,0,9,4,22,221,19,201,1,1,
,Stowe,5323,1,0,0,0,1,70,4,65,1,0,
,Swanton,6876,12,0,1,1,10,41,2,39,0,0,
,Thetford,2857,0,0,0,0,0,3,0,3,0,0,
,Vergennes,2572,4,0,2,0,2,28,2,25,1,0,
,Weathersfield,2871,5,0,4,0,1,4,0,4,0,0,
,Williston,10082,18,0,4,1,13,565,19,538,8,0,
,Wilmington,2266,10,0,1,0,9,8,1,7,0,0,
,Windsor,3565,6,0,2,0,4,33,2,28,3,1,
,Winhall,1178,0,0,0,0,0,4,0,4,0,0,
,Winooski,8476,31,0,3,2,26,274,32,232,10,0,
,Woodstock,3053,3,0,1,0,2,46,1,45,0,0,
VIRGINIA,Abingdon,8320,20,0,8,0,12,142,4,123,15,3,
,Alexandria,153897,352,2,5,131,214,3740,185,3080,475,5,
,Altavista,3307,8,0,0,2,6,112,6,105,1,0,
,Amherst,2134,3,0,0,1,2,24,2,22,0,0,
,Ashland,7834,34,0,3,1,30,204,10,176,18,1,
,Bedford,6775,15,0,5,0,10,143,6,132,5,0,
,Berryville,4792,1,0,0,0,1,25,1,24,0,0,
,Big Stone Gap,5109,7,0,2,1,4,72,4,64,4,0,
,Blacksburg,46052,40,1,17,4,18,311,38,261,12,0,
,Blackstone,3322,31,0,0,1,30,61,6,50,5,0,
,Bluefield,4956,8,0,5,1,2,256,8,242,6,0,
,Bridgewater,6743,2,0,2,0,0,30,0,30,0,0,
,Bristol,16831,86,0,8,12,66,660,56,560,44,0,
,Broadway,4298,5,0,1,1,3,13,1,12,0,0,
,Brookneal,1071,1,0,0,0,1,8,3,4,1,0,
,Buena Vista,6581,8,0,3,0,5,21,1,19,1,0,
,Cape Charles,1212,1,0,0,1,0,8,1,7,0,0,
,Charlottesville,44874,145,6,21,25,93,1583,139,1252,192,2,
,Chase City,2060,10,0,0,0,10,18,1,14,3,0,
,Chesapeake,254051,1058,9,87,115,847,4637,430,3746,461,12,
,Chilhowie,1622,3,0,0,1,2,34,2,27,5,1,
,Chincoteague,3254,12,0,3,0,9,24,0,20,4,0,
,Christiansburg,22206,36,0,15,2,19,489,31,440,18,2,
,Clarksville,1303,1,0,0,0,1,14,0,12,2,0,
,Clifton Forge,3402,10,0,3,0,7,43,6,36,1,0,
,Coeburn,1554,4,0,1,1,2,51,10,36,5,0,
,Colonial Beach,3961,6,0,2,0,4,51,5,42,4,0,
,Colonial Heights,18363,72,0,6,8,58,598,21,527,50,2,
,Covington,5653,9,0,1,1,7,81,5,71,5,0,
,Crewe,2230,10,0,1,1,8,48,6,38,4,0,
,Culpeper,21080,35,0,5,5,25,317,16,275,26,1,
,Damascus,788,1,0,1,0,0,53,2,48,3,0,
,Danville,42091,155,6,18,18,113,1274,95,1086,93,8,
,Dayton,1731,0,0,0,0,0,11,0,11,0,0,
,Dublin,2664,1,0,0,0,1,48,9,36,3,0,
,Dumfries,5775,12,0,0,3,9,59,2,38,19,0,
,Eastville,290,0,0,0,0,0,0,0,0,0,0,
,Elkton,3023,5,0,0,0,5,31,2,25,4,0,
,Emporia,5375,36,2,5,3,26,172,8,152,12,1,
,Exmore,1399,6,0,0,2,4,29,2,26,1,0,
,Fairfax City,25193,32,1,5,12,14,688,18,621,49,1,
,Falls Church,14553,18,0,2,9,7,261,13,228,20,5,
,Farmville,7470,31,0,5,1,25,131,6,122,3,1,
,Franklin,8304,38,1,8,8,21,332,23,258,51,2,
,Fredericksburg,29170,142,2,17,12,111,1003,34,915,54,4,
,Front Royal,15379,35,0,20,3,12,260,22,225,13,2,
,Galax,6744,23,1,9,1,12,266,25,227,14,1,
,Gate City,2023,5,0,2,0,3,30,5,23,2,0,
,Glade Spring,1367,1,0,0,1,0,21,0,18,3,0,
,Gordonsville,1501,10,0,1,0,9,12,0,9,3,0,
,Grottoes,2981,3,0,0,0,3,8,1,5,2,0,
,Grundy,832,2,0,0,0,2,33,2,30,1,0,
,Halifax,1093,2,0,0,0,2,16,0,11,5,0,
,Hampton,138533,395,27,48,115,205,4153,230,3528,395,23,
,Harrisonburg,50928,114,1,18,14,81,1019,100,869,50,2,
,Herndon,23962,52,0,11,14,27,342,17,312,13,0,
,Hillsville,2850,0,0,0,0,0,35,4,25,6,0,
,Hopewell,22958,84,6,6,11,61,403,46,281,76,5,
,Independence,1012,0,0,0,0,0,16,2,13,1,0,
,Jonesville,857,0,0,0,0,0,3,0,3,0,0,
,Kenbridge,1121,4,0,0,0,4,6,0,5,1,0,
,Lawrenceville,1017,3,0,1,0,2,8,0,8,0,0,
,Lebanon,3087,13,0,3,0,10,74,3,67,4,1,
,Leesburg,49274,125,0,14,10,101,816,22,761,33,4,
,Lexington,7532,8,0,1,0,7,54,3,51,0,0,
,Louisa,2166,7,0,1,0,6,27,0,27,0,0,
,Luray,4837,9,0,2,0,7,87,18,68,1,0,
,Lynchburg,79509,266,3,30,37,196,1597,207,1133,257,2,
,Manassas,42652,110,0,25,23,62,772,64,633,75,7,
,Manassas Park,16493,42,2,6,4,30,176,15,142,19,0,
,Marion,5629,18,0,3,0,15,104,9,91,4,0,
,Martinsville,13861,50,3,8,2,37,212,22,173,17,2,
,Middletown,1425,1,0,1,0,0,16,3,12,1,0,
,Mount Jackson,2014,4,1,2,0,1,26,2,23,1,0,
,Newport News,183600,1608,46,66,213,1283,4621,433,3624,564,30,
,Norfolk,230849,1239,43,108,208,880,8808,579,6716,1513,19,
,Norton,3577,9,0,1,0,8,357,11,339,7,1,
,Onley,533,2,0,0,0,2,32,4,27,1,0,
,Orange,5188,15,0,4,1,10,65,9,53,3,1,
,Pearisburg,2792,1,0,1,0,0,60,7,50,3,0,
,Pennington Gap,1591,5,0,2,0,3,28,3,21,4,0,
,Petersburg,33424,232,23,9,27,173,1130,76,905,149,4,
,Poquoson,12648,25,0,4,0,21,91,19,70,2,1,
,Portsmouth,96649,798,39,37,188,534,4412,430,3286,696,6,
,Pulaski,8866,44,0,3,1,40,254,50,190,14,3,
,Purcellville,8990,3,0,0,1,2,52,1,47,4,0,
,Radford,17071,34,0,8,1,25,203,25,161,17,0,
,Richlands,5149,29,0,2,2,25,76,6,64,6,2,
,Richmond,230789,825,62,68,224,471,8587,663,6691,1233,22,
,Roanoke,96925,560,28,66,80,386,3791,444,3056,291,24,
,Rocky Mount,4953,4,1,1,0,2,311,5,302,4,0,
,Rural Retreat,1525,1,0,1,0,0,5,1,4,0,0,
,Salem,25606,22,0,5,5,12,477,66,379,32,1,
,Saltville,1785,2,0,0,1,1,12,1,9,2,0,
,Shenandoah,2486,2,0,0,0,2,9,2,7,0,0,
,Smithfield,9027,25,2,1,3,19,100,2,86,12,0,
,South Boston,7822,34,1,4,2,27,192,24,159,9,0,
,South Hill,4788,18,0,3,2,13,192,10,174,8,0,
,Staunton,25972,44,0,10,10,24,387,28,338,21,12,
,Stephens City,2130,0,0,0,0,0,30,3,26,1,0,
,St. Paul,835,2,0,0,0,2,20,1,18,1,0,
,Strasburg,7277,19,1,3,2,13,75,10,61,4,0,
,Suffolk,100598,551,11,38,68,434,1653,111,1413,129,3,
,Tappahannock,2195,13,1,0,0,12,58,8,47,3,0,
,Tazewell,4379,10,0,4,0,6,48,8,32,8,0,
,Timberville,3049,1,0,1,0,0,12,0,12,0,0,
,Vienna,16191,19,0,4,3,12,136,4,127,5,0,
,Vinton,8039,13,0,0,4,9,126,10,109,7,0,
,Virginia Beach,453991,433,17,100,134,182,7520,393,6498,629,28,
,Warrenton,10275,6,0,1,1,4,124,6,114,4,1,
,Waynesboro,23098,53,0,10,3,40,454,48,363,43,3,
,Weber City,1238,4,0,0,0,4,14,0,12,2,0,
,West Point,3442,7,0,0,0,7,12,2,8,2,0,
,Williamsburg,16147,43,0,5,4,34,222,7,207,8,0,
,Winchester,27923,86,0,40,11,35,696,59,612,25,3,
,Windsor,2916,3,0,0,0,3,38,5,30,3,0,
,Wintergreen,167,0,0,0,0,0,13,1,12,0,0,
,Wise,2883,3,0,0,0,3,36,1,30,5,0,
,Woodstock,5954,6,0,2,0,4,125,11,110,4,0,
,Wytheville,8131,5,0,3,1,1,231,19,204,8,0,
WASHINGTON,Aberdeen,17155,74,0,21,11,42,563,77,426,60,6,
,Airway Heights,10870,41,0,8,6,27,478,81,338,59,0,
,Algona,3188,4,0,1,1,2,63,23,24,16,1,
,Anacortes,18167,17,0,4,1,12,415,38,359,18,0,
,Arlington,21611,85,1,13,15,56,514,88,327,99,1,
,Auburn,83779,504,8,55,210,231,4413,846,2033,1534,16,
,Bainbridge Island,24325,13,0,3,3,7,227,37,176,14,3,
,Battle Ground,22022,24,0,5,3,16,291,41,198,52,1,
,Beaux Arts,301,0,0,0,0,0,7,1,6,0,0,
,Bellevue,153291,231,0,15,102,114,5269,608,3959,702,11,
,Bellingham,94968,308,1,12,96,199,3954,646,3071,237,24,
,Bingen,771,0,0,0,0,0,21,4,17,0,0,
,Black Diamond,7254,0,0,0,0,0,55,5,41,9,0,
,Blaine,6080,16,0,0,1,15,101,20,69,12,0,
,Bonney Lake,22917,37,0,4,12,21,463,92,297,74,3,
,Bothell,49453,52,0,16,9,27,853,108,630,115,7,
,Bremerton,46342,188,1,33,41,113,1234,194,767,273,10,
,Brewster,2036,3,0,0,0,3,28,6,16,6,0,
,Brier,6417,3,0,0,1,2,29,6,18,5,0,
,Buckley,5843,13,0,0,0,13,70,25,30,15,2,
,Burien,50227,231,6,28,76,121,1918,318,859,741,19,
,Burlington,10011,31,0,6,6,19,737,47,644,46,0,
,Camas,27835,7,0,1,2,4,287,39,212,36,5,
,Carnation,2190,2,0,1,0,1,18,3,14,1,0,
,Castle Rock,2437,4,0,1,0,3,26,4,21,1,0,
,Centralia,19031,73,6,23,8,36,662,117,483,62,9,
,Chehalis,7728,25,0,4,9,12,422,59,325,38,1,
,Cheney,12469,41,0,18,4,19,244,42,177,25,1,
,Clarkston,7289,28,0,9,2,17,317,61,242,14,1,
,Cle Elum,3256,3,0,0,0,3,80,11,59,10,0,
,Clyde Hill,3074,6,0,0,0,6,20,6,12,2,0,
,College Place,9745,5,0,2,0,3,164,15,134,15,1,
,Colville,5066,2,1,0,0,1,24,7,10,7,0,
,Connell,4482,6,0,2,0,4,32,5,24,3,0,
,Coulee Dam,1212,2,0,0,0,2,35,13,20,2,0,
,Covington,21640,34,0,7,19,8,751,140,492,119,2,
,Darrington,1458,1,0,1,0,0,21,8,9,4,0,
,Des Moines,32180,101,1,13,36,51,1133,125,587,421,3,
,Dupont,9773,8,0,1,3,4,179,43,94,42,2,
,East Wenatchee,14004,11,0,4,2,5,247,33,197,17,0,
,Eatonville,2810,12,0,1,1,10,31,10,14,7,0,
,Edgewood,13145,33,0,1,8,24,354,71,180,103,1,
,Edmonds,42474,74,1,8,20,45,1040,157,775,108,2,
,Ellensburg,18367,36,1,16,4,15,503,74,386,43,4,
,Elma,3480,10,0,3,1,6,72,14,50,8,0,
,Enumclaw,12772,11,0,2,1,8,264,24,178,62,0,
,Ephrata,8468,15,1,1,0,13,289,58,210,21,3,
,Everett,111566,435,10,49,115,261,4637,672,2731,1234,31,
,Federal Way,96340,619,11,44,236,328,5212,599,2334,2279,30,
,Ferndale,16214,36,0,8,7,21,271,19,238,14,0,
,Fife,10693,164,1,11,54,98,1057,163,514,380,11,
,Fircrest,6916,23,0,1,4,18,139,18,81,40,2,
,Gig Harbor,12693,31,0,1,12,18,455,46,343,66,0,
,Goldendale,3425,4,0,0,0,4,94,5,86,3,0,
,Grand Coulee,1888,3,0,2,0,1,38,12,21,5,1,
,Grandview,11126,51,0,6,5,40,260,49,180,31,3,
,Granite Falls,4993,4,0,0,0,4,47,8,29,10,0,
,Hoquiam,8806,12,0,4,0,8,164,18,133,13,1,
,Index,157,0,0,0,0,0,0,0,0,0,0,
,Issaquah,38978,42,1,10,15,16,1469,114,1221,134,4,
,Kalama,3077,2,0,1,0,1,54,25,27,2,0,
,Kelso,12672,35,3,11,7,14,437,58,342,37,4,
,Kenmore,23275,18,0,4,2,12,260,49,157,54,1,
,Kennewick,85138,365,6,54,71,234,3103,363,2248,492,16,
,Kent,133312,742,17,96,258,371,6786,1239,3173,2374,27,
,Kettle Falls,1665,2,0,0,0,2,24,3,15,6,0,
,Kirkland,91861,102,0,33,21,48,1894,216,1426,252,1,
,La Center,4899,3,0,1,1,1,45,10,25,10,0,
,Lacey,59545,117,2,24,23,68,1740,273,1237,230,7,
,Lake Forest Park,12982,17,1,3,5,8,273,28,206,39,0,
,Lake Stevens,40229,44,1,15,5,23,311,38,238,35,0,
,Lakewood,62059,470,6,26,109,329,3061,406,1448,1207,9,
,Langley,1148,1,0,1,0,0,8,1,6,1,1,
,Liberty Lake,12918,25,0,4,0,21,222,23,178,21,0,
,Long Beach,1780,0,0,0,0,0,17,6,9,2,0,
,Longview,37739,106,1,28,28,49,1292,164,1016,112,4,
,Lynden,16361,30,0,8,3,19,232,20,198,14,0,
,Lynnwood,45754,124,0,16,43,65,2608,265,1987,356,13,
,Maple Valley,28288,30,0,4,13,13,403,70,247,86,4,
,Marysville,72936,167,3,30,34,100,1418,192,935,291,5,
,Medina,2826,0,0,0,0,0,42,7,32,3,0,
,Mercer Island,24891,17,0,2,5,10,289,42,223,24,0,
,Mill Creek,20791,43,1,6,6,30,423,58,287,78,0,
,Milton,8802,27,0,2,10,15,371,65,190,116,2,
,Monroe,18917,60,0,10,7,43,496,58,376,62,1,
,Montesano,4175,4,0,1,1,2,49,3,41,5,0,
,Moses Lake,26169,121,2,6,10,103,1110,143,880,87,8,
,Mountlake Terrace,21675,32,0,6,6,20,657,112,347,198,0,
,Mount Vernon,35641,72,1,7,13,51,734,121,512,101,8,
,Moxee,4960,8,0,2,1,5,21,3,13,5,0,
,Mukilteo,20892,24,0,9,5,10,375,46,245,84,0,
,Napavine,2157,6,1,0,0,5,32,7,23,2,0,
,Newcastle,12785,13,1,1,8,3,331,42,207,82,1,
,Normandy Park,6532,6,0,1,3,2,102,14,76,12,1,
,North Bend,8110,1,0,0,1,0,299,37,240,22,1,
,Oak Harbor,24297,16,0,3,0,13,238,36,161,41,1,
,Oakville,733,1,0,0,0,1,16,2,14,0,0,
,Ocean Shores,7647,3,0,0,1,2,54,16,30,8,0,
,Olympia,55701,319,2,32,89,196,2126,297,1534,295,11,
,Orting,8906,13,0,3,0,10,70,7,51,12,1,
,Othello,9100,22,0,7,1,14,231,27,177,27,0,
,Pacific,6917,25,1,2,7,15,165,34,59,72,0,
,Pasco,80263,241,1,21,54,165,1746,294,1131,321,12,
,Port Angeles,20090,113,0,27,12,74,535,85,406,44,10,
,Port Orchard,17881,64,0,13,12,39,603,97,407,99,8,
,Port Townsend,10496,19,0,1,1,17,150,21,125,4,3,
,Poulsbo,12070,28,1,5,0,22,220,32,148,40,4,
,Prosser,6309,12,0,0,0,12,88,16,68,4,0,
,Pullman,32688,61,0,21,5,35,325,43,267,15,1,
,Puyallup,42169,168,0,14,60,94,2251,327,1181,743,40,
,Quincy,8539,23,0,4,5,14,205,63,102,40,0,
,Raymond,3204,6,0,0,0,6,43,6,27,10,0,
,Reardan,713,0,0,0,0,0,6,3,3,0,0,
,Redmond,78496,99,2,21,32,44,2364,277,1764,323,7,
,Renton,102742,423,8,34,143,238,4548,664,1924,1960,12,
,Richland,63816,161,3,20,31,107,1638,247,1205,186,6,
,Ridgefield,16344,19,0,1,2,16,167,19,134,14,1,
,Ritzville,1721,5,0,2,1,2,82,30,47,5,0,
,Roy,796,2,0,0,1,1,7,2,2,3,0,
,Royal City,1889,4,0,1,0,3,27,5,18,4,3,
,Ruston,1037,12,0,0,5,7,81,7,36,38,0,
,Sammamish,65062,16,1,5,0,10,422,117,273,32,4,
,SeaTac,30098,126,2,22,40,62,1564,175,688,701,5,
,Seattle,753786,5858,68,273,1671,3846,37781,8490,20067,9224,147,
,Sedro Woolley,13147,4,0,0,1,3,139,17,102,20,0,
,Selah,8726,12,0,5,2,5,118,21,88,9,0,
,Sequim,8447,31,0,8,4,19,163,20,128,15,1,
,Shelton,11010,78,3,24,9,42,294,50,196,48,5,
,Shoreline,60149,104,1,16,41,46,1638,319,925,394,11,
,Skykomish,156,0,0,0,0,0,2,2,0,0,0,
,Snohomish,10137,17,0,1,6,10,211,38,135,38,2,
,Snoqualmie,13397,2,0,0,1,1,176,20,139,17,1,
,Soap Lake,1704,6,0,0,1,5,49,9,34,6,0,
,South Bend,1792,5,0,5,0,0,12,0,11,1,0,
,Spokane,230648,1644,18,204,338,1084,12489,1957,8914,1618,87,
,Spokane Valley,109278,331,3,57,58,213,3743,632,2643,468,14,
,Stanwood,9361,14,0,2,1,11,113,24,66,23,0,
,Steilacoom,6615,12,0,1,2,9,86,10,49,27,1,
,Sultan,6800,9,0,0,0,9,35,13,19,3,0,
,Sumas,1663,0,0,0,0,0,1,0,1,0,0,
,Sumner,10569,44,0,4,21,19,517,88,287,142,5,
,Sunnyside,16252,45,0,3,4,38,429,56,309,64,1,
,Tacoma,222828,2769,31,148,613,1977,16391,1692,8187,6512,126,
,Toppenish,8645,53,8,3,16,26,495,86,310,99,2,
,Tukwila,21191,178,2,24,96,56,3805,302,2607,896,2,
,Tumwater,26717,63,0,13,15,35,681,141,454,86,4,
,Union Gap,6464,12,0,0,9,3,445,39,382,24,2,
,University Place,34504,113,1,7,28,77,933,101,535,297,0,
,Vancouver,196159,1276,8,141,261,866,8808,1394,5050,2364,48,
,Walla Walla,33152,116,0,20,11,85,799,140,574,85,26,
,Warden,2571,7,0,2,2,3,37,12,19,6,0,
,Washougal,16870,36,0,13,1,22,223,35,156,32,4,
,Wenatchee,35390,94,1,14,22,57,914,139,695,80,16,
,Westport,2287,1,0,1,0,0,46,5,40,1,2,
,West Richland,18546,20,0,3,0,17,140,26,97,17,0,
,Winlock,1883,3,0,2,0,1,28,2,23,3,0,
,Woodinville,13154,19,0,3,7,9,407,51,307,49,4,
,Woodland,6512,9,0,4,4,1,220,25,171,24,0,
,Yakima,96991,473,9,25,67,372,2343,386,1590,367,13,
,Yarrow Point,1106,0,0,0,0,0,7,2,5,0,0,
WEST VIRGINIA,Alderson,949,5,0,1,0,4,20,2,17,1,0,
,Barboursville,4354,3,0,0,0,3,121,0,121,0,0,
,Beckley,16520,102,4,15,7,76,1163,110,1004,49,1,
,Bluefield,9310,118,2,7,1,108,31,15,14,2,2,
,Bridgeport,9306,14,0,3,0,11,118,5,108,5,0,
,Buckhannon,5070,4,0,0,0,4,77,0,77,0,2,
,Ceredo,1338,2,1,0,1,0,16,1,14,1,0,
,Chapmanville,951,1,0,0,0,1,9,1,8,0,0,
,Charleston,46390,282,6,49,34,193,1752,365,1248,139,20,
,Clarksburg,15465,53,1,9,2,41,484,40,426,18,9,
,Dunbar,7083,33,1,4,2,26,101,41,55,5,0,
,Fairmont,18153,110,3,13,3,91,243,47,178,18,8,
,Fayetteville,2805,5,0,0,0,5,32,2,30,0,0,
,Follansbee,2691,0,0,0,0,0,17,3,14,0,0,
,Glen Dale,1425,0,0,0,0,0,12,1,10,1,0,
,Grafton,4524,2,0,0,0,2,24,4,20,0,0,
,Huntington,45251,354,1,43,46,264,1483,196,1095,192,33,
,Kenova,2884,2,0,0,0,2,21,0,19,2,0,
,Keyser,4852,5,0,1,0,4,30,5,23,2,0,
,Madison,2732,2,0,0,0,2,31,13,16,2,1,
,Martinsburg,19044,44,0,8,4,32,188,25,162,1,5,
,Moorefield,2488,18,0,2,0,16,29,1,25,3,0,
,Morgantown,30331,105,2,35,11,57,669,42,605,22,2,
,Moundsville,7718,18,0,4,0,14,122,0,122,0,2,
,Mullens,1372,0,0,0,0,0,4,1,3,0,0,
,Nitro,6377,15,0,3,3,9,334,22,307,5,1,
,Oak Hill,7842,17,0,1,0,16,72,16,53,3,0,
,Parkersburg,28959,77,0,21,11,45,1016,114,833,69,20,
,Philippi,2911,16,1,0,0,15,18,3,15,0,0,
,Ranson,5772,10,0,3,0,7,48,7,36,5,0,
,Ravenswood,3828,15,0,1,0,14,20,1,19,0,0,
,Ripley,3059,10,0,0,0,10,21,0,18,3,0,
,Romney,1752,6,0,0,0,6,10,2,8,0,0,
,South Charleston,12946,73,5,0,4,64,605,48,539,18,2,
,Spencer,1981,1,0,0,0,1,78,7,68,3,2,
,St. Albans,10276,34,0,4,2,28,242,34,189,19,1,
,Star City,1787,3,1,1,0,1,37,3,32,2,0,
,Summersville,3344,3,0,0,1,2,67,7,58,2,1,
,Vienna,10441,10,2,4,0,4,333,1,327,5,1,
,West Hamlin,501,1,0,0,1,0,4,0,3,1,0,
,Westover,4038,8,0,2,0,6,91,6,84,1,0,
,Wheeling,26104,257,0,21,8,228,530,139,358,33,0,
,White Sulphur Springs,2147,2,0,0,0,2,29,3,25,1,0,
WISCONSIN,Adams,1784,6,0,3,1,2,41,5,36,0,0,
,Algoma,3198,5,0,1,0,4,19,3,15,1,0,
,Altoona,9564,10,1,3,0,6,254,7,240,7,0,
,Amery,2969,4,0,0,0,4,18,2,14,2,0,
,Antigo,8049,9,0,3,0,6,92,8,81,3,0,
,Appleton,73921,200,3,48,15,134,1039,71,917,51,3,
,Arcadia,3679,0,0,0,0,0,4,1,3,0,0,
,Ashland,7859,15,2,1,2,10,261,30,219,12,0,
,Ashwaubenon,16743,23,1,4,3,15,341,18,301,22,0,
,Augusta,1506,0,0,0,0,0,14,2,11,1,0,
,Avoca,553,0,0,0,0,0,4,0,4,0,0,
,Barron,3649,5,0,1,0,4,22,2,18,2,0,
,Bayside,4354,1,0,1,0,0,17,1,14,2,0,
,Beaver Dam,16521,22,0,5,0,17,207,13,191,3,0,
,Beloit,36339,179,1,25,31,122,805,74,610,121,9,
,Beloit Town,7741,12,0,1,1,10,121,68,43,10,0,
,Berlin,5602,11,0,0,0,11,55,8,46,1,0,
,Birchwood,407,0,0,0,0,0,0,0,0,0,0,
,Bloomer,3702,6,0,4,0,2,13,1,11,1,0,
,Boyceville,1099,3,0,2,0,1,16,2,9,5,0,
,Brillion,3367,3,0,1,1,1,12,0,12,0,0,
,Brodhead,3191,0,0,0,0,0,36,2,32,2,0,
,Brookfield,42202,33,1,6,6,20,488,41,413,34,0,
,Brown Deer,12661,49,0,5,12,32,641,12,584,45,1,
,Burlington,10991,9,0,3,0,6,79,4,74,1,0,
,Butler,1764,3,0,0,1,2,46,5,32,9,0,
,Caledonia,25148,13,0,3,0,10,112,15,84,13,0,
,Campbell Township,4167,2,0,0,1,1,45,4,39,2,0,
,Cedarburg,12550,5,0,0,0,5,45,1,42,2,0,
,Chetek,2168,1,0,0,0,1,6,0,6,0,0,
,Chilton,3737,5,0,2,0,3,47,2,45,0,0,
,Chippewa Falls,14595,38,0,8,2,28,87,6,73,8,0,
,Clinton,2215,2,0,0,0,2,27,2,24,1,0,
,Clintonville,4474,4,1,0,1,2,72,4,67,1,1,
,Colby-Abbotsford,4270,13,0,1,0,12,33,3,26,4,0,
,Columbus,5458,3,0,0,1,2,30,3,24,3,0,
,Cottage Grove,9803,4,0,1,0,3,14,2,10,2,0,
,Cudahy,17666,35,0,9,0,26,174,22,123,29,1,
,Cumberland,2267,2,0,0,0,2,6,0,4,2,0,
,Darlington,2547,2,0,0,0,2,6,0,5,1,0,
,Deforest,10914,24,0,1,0,23,84,5,73,6,0,
,Delafield,7169,2,0,0,0,2,64,1,62,1,0,
,Delavan,10037,11,0,2,3,6,108,5,99,4,0,
,Delavan Town,5270,2,0,0,1,1,25,4,21,0,0,
,De Pere,25326,21,0,8,0,13,187,13,167,7,1,
,East Troy,4699,4,0,1,0,3,14,0,14,0,0,
,Eau Claire,69859,91,0,38,8,45,1409,102,1217,90,7,
,Edgerton,5933,0,0,0,0,0,32,4,26,2,0,
,Elkhorn,10227,9,0,1,0,8,74,7,62,5,0,
,Ellsworth,3287,2,0,0,0,2,28,2,25,1,0,
,Elm Grove,6239,3,0,2,0,1,36,6,28,2,0,
,Everest Metropolitan,18014,36,0,16,1,19,138,14,115,9,2,
,Fall River,1791,0,0,0,0,0,2,0,2,0,0,
,Fennimore,2741,5,0,0,0,5,3,1,2,0,0,
,Fitchburg,31467,115,1,5,9,100,459,56,326,77,0,
,Fond du Lac,44158,147,4,32,6,105,693,53,616,24,2,
,Fontana,1882,0,0,0,0,0,8,1,7,0,0,
,Fort Atkinson,12333,29,0,7,0,22,114,7,107,0,0,
,Fox Crossing,18737,12,0,0,0,12,160,11,131,18,0,
,Fox Point,6531,2,0,0,0,2,61,2,58,1,0,
,Fox Valley Metro,23678,32,0,8,0,24,121,7,104,10,0,
,Franklin,35815,21,0,4,1,16,354,18,317,19,0,
,Fulton,3664,0,0,0,0,0,0,0,0,0,0,
,Geneva Town,5416,1,0,0,0,1,7,0,6,1,0,
,Genoa City,2935,0,0,0,0,0,6,0,4,2,0,
,Glendale,12849,36,0,3,18,15,531,20,478,33,0,
,Grafton,12611,11,0,2,2,7,123,5,113,5,0,
,Grand Chute,24022,54,0,18,4,32,1134,24,1078,32,2,
,Grand Rapids,7552,8,0,0,0,8,15,5,10,0,0,
,Green Bay,105521,408,6,70,33,299,1613,227,1086,300,10,
,Greendale,14442,15,0,2,2,11,186,9,166,11,0,
,Greenfield,36859,55,0,0,16,39,998,39,855,104,0,
,Hales Corners,7510,8,1,1,2,4,91,3,82,6,0,
,Hammond,1855,4,0,0,0,4,1,0,1,0,0,
,Hartford,15894,58,0,5,0,53,98,3,90,5,0,
,Hartford Township,3371,0,0,0,0,0,0,0,0,0,0,
,Hartland,10219,7,0,3,0,4,44,1,42,1,0,
,Hayward,2599,14,0,1,0,13,92,5,84,3,0,
,Hobart-Lawrence,17385,5,0,2,0,3,41,12,26,3,0,
,Holmen,11784,5,0,2,0,3,61,6,52,3,0,
,Horicon,3786,6,0,3,0,3,23,1,22,0,0,
,Hortonville,3534,2,0,0,0,2,4,0,4,0,0,
,Hudson,15397,28,1,8,0,19,235,5,216,14,1,
,Hurley,1561,4,0,2,0,2,28,3,24,1,0,
,Iron River,1299,0,0,0,0,0,0,0,0,0,0,
,Jackson,8039,5,0,2,0,3,28,0,28,0,0,
,Janesville,66033,125,0,40,16,69,1185,80,1044,61,7,
,Jefferson,7573,15,0,5,0,10,124,3,107,14,0,
,Kaukauna,17503,18,2,6,0,10,136,18,116,2,0,
,Kenosha,97786,381,1,66,31,283,981,117,768,96,6,
,Kewaskum,4460,4,0,1,0,3,30,1,29,0,0,
,Kewaunee,2790,0,0,0,0,0,7,2,5,0,0,
,Kiel,3952,3,0,0,0,3,6,0,5,1,0,
,Kohler,2199,0,0,0,0,0,66,0,66,0,0,
,Kronenwetter,8602,9,0,5,0,4,20,3,16,1,0,
,La Crosse,50759,137,2,20,15,100,1402,97,1250,55,12,
,Ladysmith,3083,3,0,0,0,3,7,0,7,0,0,
,Lake Delton,3480,23,0,5,0,18,319,10,302,7,1,
,Lake Geneva,8670,9,0,1,0,8,131,6,124,1,0,
,Lake Hallie,7345,18,0,1,0,17,26,2,23,1,1,
,Lake Mills,6551,10,0,1,0,9,48,1,43,4,0,
,Lancaster,3895,68,0,4,0,64,35,0,32,3,0,
,Linden,494,0,0,0,0,0,0,0,0,0,0,
,Linn Township,2695,2,0,1,0,1,11,2,9,0,0,
,Luxemburg,2765,0,0,0,0,0,10,0,9,1,0,
,Madison,274234,826,10,76,122,618,6403,769,5098,536,8,
,Manawa,1403,0,0,0,0,0,7,0,7,0,0,
,Manitowoc,34538,56,0,5,8,43,413,36,361,16,0,
,Maple Bluff,1292,25,0,0,0,25,22,4,13,5,0,
,Marinette,11025,28,0,7,0,21,147,5,137,5,0,
,Markesan,1369,1,0,0,0,1,0,0,0,0,0,
,Marshall Village,3848,5,0,0,1,4,9,0,9,0,0,
,Marshfield,18716,52,0,28,0,24,225,5,209,11,1,
,Mauston,4211,15,0,2,0,13,73,2,66,5,1,
,Mayville,5145,6,0,1,0,5,22,1,20,1,0,
,McFarland,9548,8,0,2,0,6,55,5,47,3,0,
,Medford,4255,5,0,4,0,1,91,3,87,1,0,
,Menasha,17710,38,0,9,2,27,166,13,146,7,1,
,Menomonee Falls,39575,38,2,1,3,32,300,25,251,24,1,
,Menomonie,16586,50,0,4,1,45,169,15,149,5,1,
,Mequon,25407,15,0,1,2,12,151,17,117,17,1,
,Merrill,9012,20,3,3,2,12,250,16,228,6,1,
,Middleton,22573,28,1,1,4,22,193,22,164,7,0,
,Milton,5630,2,0,0,1,1,23,0,22,1,0,
,Milton Town,3067,0,0,0,0,0,1,0,1,0,0,
,Milwaukee,558698,8032,173,415,1589,5855,15076,2336,7144,5596,186,
,Mineral Point,2564,2,0,1,0,1,15,1,14,0,0,
,Minocqua,5146,8,0,3,0,5,55,4,48,3,0,
,Mondovi,2857,10,0,1,0,9,9,0,9,0,0,
,Monona,8574,12,0,3,2,7,286,6,270,10,0,
,Monroe,10367,8,1,3,0,4,105,1,101,3,0,
,Montello,1448,0,0,0,0,0,10,0,9,1,0,
,Mosinee,4493,4,0,2,0,2,15,3,8,4,0,
,Mount Horeb,7641,1,0,0,0,1,11,0,10,1,0,
,Mount Pleasant,27540,36,0,7,5,24,519,34,470,15,0,
,Mukwonago,8538,11,0,1,1,9,82,6,73,3,0,
,Muscoda,1241,1,0,0,0,1,15,1,14,0,0,
,Muskego,25184,9,0,2,0,7,98,4,88,6,1,
,Neenah,27358,46,0,13,2,31,327,22,287,18,1,
,Nekoosa,2409,1,0,0,0,1,9,1,8,0,0,
,New Berlin,40234,21,0,9,1,11,427,28,381,18,0,
,New Glarus,2189,1,0,0,0,1,9,0,9,0,0,
,New Holstein,2920,8,0,3,0,5,12,1,11,0,0,
,New Lisbon,1707,3,0,0,0,3,2,0,2,0,0,
,New London,7457,4,0,2,0,2,37,0,37,0,0,
,New Richmond,10808,15,0,2,0,13,101,1,92,8,0,
,Niagara,1572,1,0,0,0,1,3,0,3,0,0,
,North Fond du Lac,5360,16,0,4,0,12,35,5,28,2,0,
,Norwalk,593,0,0,0,0,0,1,0,1,0,0,
,Oak Creek,36003,54,0,11,7,36,666,17,598,51,0,
,Oconomowoc,18637,7,0,3,0,4,88,4,81,3,0,
,Oconomowoc Lake,592,0,0,0,0,0,1,0,1,0,0,
,Oconomowoc Town,8887,0,0,0,0,0,11,0,11,0,0,
,Oconto,4634,7,0,1,1,5,34,0,33,1,1,
,Omro,3588,2,0,1,0,1,18,0,18,0,0,
,Onalaska,19029,17,0,10,2,5,460,29,429,2,0,
,Oregon,11809,6,0,3,1,2,43,5,31,7,0,
,Osceola,2910,2,0,0,0,2,17,2,13,2,0,
,Oshkosh,65548,167,0,43,14,110,1071,99,900,72,3,
,Oxford,536,0,0,0,0,0,2,0,2,0,0,
,Palmyra,1674,2,0,1,0,1,8,0,6,2,0,
,Park Falls,2387,6,0,2,0,4,17,1,15,1,0,
,Peshtigo,3376,6,1,0,0,5,6,1,5,0,0,
,Pewaukee Village,8157,2,0,1,0,1,186,2,181,3,0,
,Phillips,1532,10,0,2,0,8,10,1,8,1,0,
,Platteville,10814,40,0,8,0,32,167,6,159,2,1,
,Pleasant Prairie,22096,85,0,6,4,75,183,9,169,5,2,
,Plover,13941,26,0,8,1,17,208,7,198,3,1,
,Plymouth,8893,0,0,0,0,0,47,1,46,0,0,
,Portage,10014,20,0,4,1,15,161,5,149,7,0,
,Port Washington,12939,3,0,0,0,3,50,2,48,0,0,
,Poynette,2562,6,0,1,0,5,7,1,6,0,0,
,Prairie du Chien,5349,17,0,5,0,12,90,4,82,4,0,
,Prescott,4443,6,0,0,0,6,30,6,22,2,0,
,Pulaski,4132,0,0,0,0,0,22,1,19,2,0,
,Racine,75858,255,11,49,26,169,733,159,425,149,4,
,Redgranite,1994,0,0,0,0,0,9,0,9,0,0,
,Reedsburg,10070,13,0,6,0,7,174,6,162,6,1,
,Rhinelander,8209,3,0,0,0,3,99,2,95,2,0,
,Rice Lake,9011,40,0,8,0,32,129,5,118,6,0,
,Richland Center,4884,6,0,2,0,4,37,3,34,0,0,
,Ripon,7736,9,0,2,0,7,49,4,44,1,0,
,Ripon Town,1310,0,0,0,0,0,1,0,1,0,0,
,River Falls ,16796,22,1,2,1,18,159,12,145,2,0,
,Rome Town,3226,2,0,0,0,2,12,2,10,0,0,
,Rothschild,5494,13,0,0,1,12,78,1,72,5,0,
,Sauk Prairie,4538,8,0,1,0,7,54,1,50,3,0,
,Saukville,4274,5,0,0,0,5,69,2,62,5,0,
,Seymour,3497,3,0,0,0,3,15,0,13,2,0,
,Sharon,1557,0,0,0,0,0,2,0,2,0,0,
,Shawano,9166,15,0,0,0,15,107,3,98,6,0,
,Sheboygan,49708,164,0,43,6,115,620,59,540,21,2,
,Sheboygan Falls,8163,5,0,0,0,5,21,1,19,1,0,
,Shorewood,13419,2,1,0,1,0,158,10,136,12,0,
,Shorewood Hills,2160,9,0,2,1,6,57,2,55,0,0,
,Siren,848,4,0,1,0,3,7,2,5,0,0,
,Slinger,6423,8,0,0,0,8,43,4,34,5,0,
,South Milwaukee,20148,29,0,6,4,19,234,12,210,12,0,
,Sparta,9757,37,1,12,2,22,232,19,205,8,2,
,Spooner,2495,5,0,1,0,4,25,2,21,2,0,
,Stanley,3787,10,0,1,0,9,28,2,20,6,1,
,Stevens Point,25752,41,0,3,3,35,201,5,191,5,1,
,St. Francis,9591,19,0,6,1,12,112,36,62,14,0,
,Stoughton,12678,16,0,4,1,11,160,26,132,2,1,
,Strum,1065,0,0,0,0,0,1,0,1,0,0,
,Sturgeon Bay,9780,8,0,0,0,8,72,2,62,8,0,
,Sturtevant,6626,4,0,0,0,4,50,5,32,13,0,
,Summit,5316,9,0,3,0,6,43,4,38,1,1,
,Sun Prairie,36950,59,1,3,3,52,507,19,449,39,1,
,Superior,26309,56,1,12,2,41,570,67,464,39,2,
,Thiensville,3300,2,0,0,0,2,29,1,26,2,0,
,Thorp,1753,1,0,1,0,0,16,0,14,2,0,
,Three Lakes,2469,1,0,0,0,1,7,3,4,0,0,
,Twin Lakes,6385,16,0,0,0,16,33,5,25,3,0,
,Two Rivers,11118,24,0,4,1,19,57,6,50,1,1,
,Verona,14737,8,0,1,0,7,88,4,81,3,1,
,Viroqua,4426,3,0,2,0,1,81,4,75,2,0,
,Walworth,2790,0,0,0,0,0,16,0,15,1,0,
,Waterford Town,6457,5,0,2,0,3,18,1,15,2,0,
,Watertown,22711,45,0,12,3,30,240,22,212,6,1,
,Waukesha,70095,106,0,23,6,77,659,45,565,49,0,
,Waunakee,15033,6,0,0,0,6,39,6,30,3,0,
,Waupaca,6377,17,0,4,0,13,79,7,70,2,1,
,Waupun,10519,15,0,3,0,12,41,2,38,1,0,
,Wausau,39743,163,1,25,7,130,452,45,370,37,2,
,Wautoma,2242,0,0,0,0,0,15,0,15,0,0,
,Wauwatosa,46935,79,0,6,28,45,1113,77,846,190,0,
,Webster,722,0,0,0,0,0,10,0,10,0,0,
,West Allis,58505,169,2,14,51,102,1375,125,1024,226,4,
,West Bend,31554,93,0,11,3,79,469,14,431,24,0,
,Westby,2358,1,0,0,0,1,19,2,17,0,0,
,Westfield,1327,1,0,0,0,1,3,0,3,0,0,
,West Milwaukee,3988,27,0,1,15,11,586,5,524,57,2,
,West Salem,5294,14,0,5,0,9,47,5,38,4,0,
,Whitefish Bay,14531,4,0,0,3,1,122,8,105,9,0,
,Whitehall,1621,1,0,0,0,1,5,0,5,0,0,
,Whitewater,15415,28,0,7,4,17,145,20,120,5,0,
,Williams Bay,2973,1,0,0,0,1,13,1,12,0,0,
,Wilton,520,0,0,0,0,0,0,0,0,0,0,
,Winneconne,2480,2,1,0,0,1,10,1,9,0,0,
,Wisconsin Rapids,18637,93,0,28,3,62,390,17,361,12,2,
,Woodruff,2094,0,0,0,0,0,12,1,11,0,0,
WYOMING,Buffalo,4691,3,0,2,0,1,36,6,29,1,0,
,Casper,58169,147,2,29,14,102,1507,165,1192,150,5,
,Cheyenne,64307,204,3,52,28,121,2382,298,1878,206,10,
,Cody,10316,21,1,12,0,8,113,29,69,15,0,
,Diamondville,538,1,0,0,0,1,3,0,3,0,0,
,Douglas,6467,11,0,6,0,5,92,6,81,5,0,
,Dubois,943,2,0,0,0,2,3,0,3,0,0,
,Evanston,11889,38,0,26,2,10,165,15,139,11,0,
,Evansville,2758,6,0,2,0,4,30,2,22,6,0,
,Gillette,33159,79,0,23,0,56,620,71,517,32,2,
,Glenrock,2417,1,0,0,0,1,18,6,10,2,0,
,Green River,11403,39,0,6,0,33,100,6,82,12,2,
,Jackson,10659,10,0,3,1,6,62,5,50,7,0,
,Laramie,32347,51,0,13,2,36,464,103,351,10,5,
,Lingle,404,0,0,0,0,0,2,2,0,0,0,
,Lusk,1449,5,0,0,0,5,14,3,11,0,0,
,Medicine Bow,246,0,0,0,0,0,0,0,0,0,0,
,Mills,4538,5,0,1,0,4,57,2,49,6,0,
,Moorcroft,995,2,0,2,0,0,13,1,9,3,0,
,Newcastle,3386,10,0,4,0,6,35,8,26,1,1,
,Pine Bluffs,1128,1,0,0,0,1,13,1,12,0,0,
,Powell,6563,7,0,3,0,4,88,21,63,4,2,
,Riverton,10826,68,1,13,6,48,369,33,281,55,2,
,Rock Springs,22790,40,0,15,3,22,350,31,285,34,1,
,Sheridan,19472,19,2,2,1,14,220,20,191,9,1,
,Thermopolis,2692,1,0,0,1,0,17,5,12,0,0,
,Torrington,6148,12,0,6,0,6,96,14,72,10,0,
,Upton,904,1,0,0,0,1,14,0,13,1,0,
,Worland,4812,4,0,2,0,2,22,1,20,1,0,
1 The FBI does not publish arson data unless it receives data from either the agency or the state for all 12 months of the calendar year.,,,,,,,,,,,,,
2 Limited data for 2023 were available for Florida. ,,,,,,,,,,,,,
