geoid,GEO_ID,place,place_raw,NAME,state_abbr,year,table8_city,table8_population,acs_population,is_cdp,burglary,larceny_theft,motor_vehicle_theft,arson,table8_property_crime,property_crime_count,property_crime_rate,poverty_rate,blau_heterogeneity,pct_moved_year,renter_share,unemployment_rate,median_hh_income,foreign_born_share,land_area_sqmi,density,lat,lon,cde_gap_flag
0103076,1600000US0103076,Auburn city,Auburn city,"Auburn city, Alabama",AL,2022,Auburn,80759.0,76660.0,False,74.0,797.0,66.0,0.0,937.0,937.0,1222.2801982781111,24.6,0.5014688417534328,23.2,48.7,3.0,55509.0,9.306026611009653,62.105,1234.361162547299,32.609539,-85.494735,0
0103076,1600000US0103076,Auburn city,Auburn city,"Auburn city, Alabama",AL,2023,Auburn,81755.0,78738.0,False,66.0,801.0,56.0,2.0,923.0,923.0,1172.2421194340725,26.1,0.5231883136828408,21.0,48.0,3.8,56123.0,9.841499657090605,62.486,1260.090260218289,32.607806,-85.494746,0
0103076,1600000US0103076,Auburn city,Auburn city,"Auburn city, Alabama",AL,2024,Auburn,83756.0,80594.0,False,33.0,730.0,57.0,1.0,820.0,820.0,1017.4454674045215,25.4,0.5282571164876656,19.3,46.9,3.2,63668.0,10.712956299476389,62.949,1280.3062796867305,32.607806,-85.494746,0
0107000,1600000US0107000,Birmingham city,Birmingham city,"Birmingham city, Alabama",AL,2022,Birmingham,195050.0,200431.0,False,1519.0,4821.0,1799.0,134.0,8139.0,8139.0,4060.749085720273,26.1,0.47487612546265723,19.2,54.1,7.5,42464.0,3.9125684150655338,146.999,1363.485465887523,33.527174,-86.797036,0
0107000,1600000US0107000,Birmingham city,Birmingham city,"Birmingham city, Alabama",AL,2023,Birmingham,195224.0,199322.0,False,1399.0,5390.0,2122.0,126.0,8911.0,8911.0,4470.655522220327,25.2,0.4903568715086255,18.6,54.9,6.1,44376.0,4.3652983614453,147.07,1355.2865982185353,33.527174,-86.797036,0
0107000,1600000US0107000,Birmingham city,Birmingham city,"Birmingham city, Alabama",AL,2024,Birmingham,195418.0,198173.0,False,1426.0,4873.0,1579.0,103.0,7878.0,7878.0,3975.3144979386702,24.7,0.4935597486733031,17.4,54.5,5.8,46051.0,4.653005202525066,147.07,1347.4739919766098,33.527174,-86.797036,0
0120104,1600000US0120104,Decatur city,Decatur city,"Decatur city, Alabama",AL,2022,Decatur,57831.0,57525.0,False,182.0,1166.0,153.0,162.0,1501.0,1501.0,2609.3003042155583,13.9,0.5781680071453921,11.2,36.2,5.1,55164.0,7.786179921773143,54.594,1053.6872183756457,34.572995,-86.989901,0
0120104,1600000US0120104,Decatur city,Decatur city,"Decatur city, Alabama",AL,2023,Decatur,58005.0,57760.0,False,157.0,1085.0,158.0,129.0,1400.0,1400.0,2423.8227146814406,12.8,0.6011208867191397,10.3,37.0,5.0,59831.0,7.941481994459834,54.594,1057.9917207019087,34.572995,-86.989901,0
0120104,1600000US0120104,Decatur city,Decatur city,"Decatur city, Alabama",AL,2024,Decatur,58514.0,57361.0,False,113.0,1073.0,165.0,112.0,1351.0,1351.0,2355.2587995327835,13.1,0.6091925318450313,10.6,36.7,4.5,61563.0,8.51972594620038,54.596,1050.6447358780863,34.572995,-86.989901,0
0121184,1600000US0121184,Dothan city,Dothan city,"Dothan city, Alabama",AL,2022,Dothan,71196.0,70699.0,False,1003.0,1575.0,108.0,31.0,2686.0,2686.0,3799.205080694211,18.4,0.5554302449902293,12.2,41.3,5.1,53704.0,3.108954864991018,89.839,786.9522145170806,31.233698,-85.406823,0
0121184,1600000US0121184,Dothan city,Dothan city,"Dothan city, Alabama",AL,2023,Dothan,71312.0,71118.0,False,431.0,1841.0,144.0,11.0,2416.0,2416.0,3397.1708990691527,19.2,0.5685155139927635,12.5,42.9,4.5,55052.0,3.6840181107455217,89.839,791.6161132692929,31.233698,-85.406823,0
0121184,1600000US0121184,Dothan city,Dothan city,"Dothan city, Alabama",AL,2024,Dothan,71318.0,71514.0,False,260.0,1618.0,94.0,17.0,1972.0,1972.0,2757.5020275750203,19.3,0.5729020024260063,11.9,42.9,4.3,55792.0,3.6845932265011045,90.226,792.6096690532662,31.233698,-85.406823,0
0135896,1600000US0135896,Hoover city,Hoover city,"Hoover city, Alabama",AL,2022,Hoover,92491.0,91995.0,False,114.0,1251.0,78.0,1.0,1443.0,1443.0,1568.5635088863523,5.4,0.4967302288979596,14.5,30.5,3.9,101765.0,7.7373770313604,49.327,1865.002939566566,33.37903,-86.808905,0
0135896,1600000US0135896,Hoover city,Hoover city,"Hoover city, Alabama",AL,2023,Hoover,92296.0,92401.0,False,91.0,1127.0,95.0,2.0,1313.0,1313.0,1420.9802924210776,5.3,0.5027881976347766,13.4,28.8,4.0,107822.0,7.65900801939373,49.354,1872.2089394983184,33.37903,-86.808905,0
0135896,1600000US0135896,Hoover city,Hoover city,"Hoover city, Alabama",AL,2024,Hoover,92352.0,92642.0,False,70.0,1029.0,62.0,1.0,1161.0,1161.0,1253.2112864575463,5.1,0.4963337390331146,11.6,28.9,3.5,109253.0,8.8966127674273,49.673,1865.0373442312725,33.375128,-86.809416,0
0137000,1600000US0137000,Huntsville city,Huntsville city,"Huntsville city, Alabama",AL,2022,Huntsville,218897.0,215025.0,False,613.0,2348.0,336.0,6.0,3297.0,3297.0,1533.3100802232298,14.1,0.5791155746376508,20.3,42.5,4.6,67874.0,6.222997325892338,220.7,974.2863615768011,34.782275,-86.532599,0
0137000,1600000US0137000,Huntsville city,Huntsville city,"Huntsville city, Alabama",AL,2023,Huntsville,224777.0,218814.0,False,229.0,1172.0,183.0,5.0,1584.0,1584.0,723.9024925279003,13.8,0.5905154205460594,18.7,41.9,4.3,70778.0,6.56219437513139,223.633,978.4513019098255,34.69772,-86.67667,0
0137000,1600000US0137000,Huntsville city,Huntsville city,"Huntsville city, Alabama",AL,2024,Huntsville,228697.0,222791.0,False,735.0,4137.0,590.0,17.0,5462.0,5462.0,2451.6250656444827,12.6,0.5954150737871696,16.8,41.7,4.1,74714.0,6.65511623000929,225.215,989.2369513575916,34.69772,-86.67667,0
0145784,1600000US0145784,Madison city,Madison city,"Madison city, Alabama",AL,2023,Madison,61071.0,58335.0,False,63.0,460.0,42.0,1.0,565.0,565.0,968.5437558926888,4.0,0.5168472563715973,13.2,25.3,2.5,131436.0,9.940858832604784,30.563,1908.6804305860028,34.710533,-86.76228,0
0145784,1600000US0145784,Madison city,Madison city,"Madison city, Alabama",AL,2024,Madison,62087.0,60106.0,False,66.0,698.0,60.0,1.0,824.0,824.0,1370.9113898778824,4.3,0.5326073671980176,14.2,26.0,2.2,134655.0,9.726150467507404,30.578,1965.6615867617243,34.710533,-86.76228,0
0150000,1600000US0150000,Mobile city,Mobile city,"Mobile city, Alabama",AL,2022,Mobile,239323.0,186316.0,False,1077.0,5521.0,613.0,15.0,7211.0,7211.0,3870.30636123575,20.7,0.5608073221093608,14.1,49.4,6.5,48524.0,3.602481805105305,139.482,1335.7709238468046,30.668426,-88.100226,0
0150000,1600000US0150000,Mobile city,Mobile city,"Mobile city, Alabama",AL,2023,Mobile,237469.0,185097.0,False,878.0,4451.0,578.0,6.0,5907.0,5907.0,3191.299696915671,18.9,0.5659913061390933,13.5,48.6,5.9,51090.0,3.7715360054457934,139.482,1327.0314449176237,30.668426,-88.100226,0
0150000,1600000US0150000,Mobile city,Mobile city,"Mobile city, Alabama",AL,2024,Mobile,237092.0,203416.0,False,743.0,2818.0,409.0,8.0,3970.0,3970.0,1951.6655523655957,18.4,0.5763934568266579,13.3,46.0,5.6,53558.0,4.273508475242852,150.84,1348.5547600106072,30.668246,-88.107853,0
0151000,1600000US0151000,Montgomery city,Montgomery city,"Montgomery city, Alabama",AL,2024,Montgomery,193728.0,197494.0,False,1021.0,2598.0,711.0,1.0,4330.0,4330.0,2192.4716700254185,21.5,0.533922009317504,18.0,45.6,6.4,56811.0,5.781441461512755,159.854,1235.4648616862887,32.348503,-86.267307,0
0177256,1600000US0177256,Tuscaloosa city,Tuscaloosa city,"Tuscaloosa city, Alabama",AL,2022,Tuscaloosa,101280.0,105797.0,False,356.0,2312.0,251.0,4.0,2919.0,2919.0,2759.0574401920658,23.1,0.5778273565708298,24.9,54.3,6.8,47257.0,4.400880932351579,61.896,1709.2703890396795,33.234404,-87.5283,0
0177256,1600000US0177256,Tuscaloosa city,Tuscaloosa city,"Tuscaloosa city, Alabama",AL,2023,Tuscaloosa,113956.0,107699.0,False,337.0,2684.0,327.0,5.0,3348.0,3348.0,3108.663961596672,23.8,0.5861861869061359,25.9,54.9,7.0,48536.0,4.721492307263763,62.15,1732.8881737731297,33.234404,-87.5283,0
0177256,1600000US0177256,Tuscaloosa city,Tuscaloosa city,"Tuscaloosa city, Alabama",AL,2024,Tuscaloosa,113834.0,111038.0,False,363.0,2458.0,288.0,5.0,3109.0,3109.0,2799.942362074245,25.1,0.5940938639957627,27.7,57.1,7.7,51464.0,5.668329760982727,62.536,1775.5852628885762,33.234404,-87.5283,0
0203000,1600000US0203000,Anchorage municipality,Anchorage municipality,"Anchorage municipality, Alaska",AK,2022,Anchorage,285821.0,290674.0,False,1179.0,5605.0,1116.0,136.0,7900.0,7900.0,2717.821339369878,9.6,0.6582126468949755,16.6,36.2,5.2,95731.0,10.827593799239011,1706.886,170.29491131803763,61.17425,-149.284329,0
0203000,1600000US0203000,Anchorage municipality,Anchorage municipality,"Anchorage municipality, Alaska",AK,2023,Anchorage,285026.0,289069.0,False,952.0,6078.0,1212.0,85.0,8242.0,8242.0,2851.222372513137,9.3,0.6599399385710882,16.3,36.3,4.6,98152.0,10.862112506010675,1707.004,169.3428955058102,61.17425,-149.284329,0
0203000,1600000US0203000,Anchorage municipality,Anchorage municipality,"Anchorage municipality, Alaska",AK,2024,Anchorage,286958.0,288976.0,False,910.0,5813.0,1214.0,87.0,7937.0,7937.0,2746.594872930624,8.9,0.6679174228729261,16.3,36.1,4.6,103284.0,10.875989701566912,1707.069,169.28196809853614,61.17425,-149.284329,0
0404720,1600000US0404720,Avondale city,Avondale city,"Avondale city, Arizona",AZ,2022,Avondale,91467.0,89214.0,False,285.0,2328.0,275.0,16.0,2888.0,2888.0,3237.160086981864,10.7,0.6074603294881817,16.0,40.4,4.8,76496.0,17.545452507453987,47.626,1873.2205098055686,33.313236,-112.328928,0
0404720,1600000US0404720,Avondale city,Avondale city,"Avondale city, Arizona",AZ,2023,Avondale,92661.0,90644.0,False,195.0,1820.0,273.0,11.0,2288.0,2288.0,2524.1604518776753,10.9,0.6178940704248348,13.9,38.4,4.6,81260.0,17.242178191606726,47.845,1894.5344341101475,33.313236,-112.328928,0
0404720,1600000US0404720,Avondale city,Avondale city,"Avondale city, Arizona",AZ,2024,Avondale,94911.0,92477.0,False,187.0,1680.0,260.0,8.0,2127.0,2127.0,2300.0313591487616,10.9,0.6303380259870572,12.2,38.4,3.6,86123.0,19.29128323799431,47.845,1932.8456474030725,33.313236,-112.328928,0
0407940,1600000US0407940,Buckeye city,Buckeye city,"Buckeye city, Arizona",AZ,2022,Buckeye,110002.0,95042.0,False,141.0,885.0,115.0,5.0,1141.0,1141.0,1200.5218745396771,7.9,0.6005747315488547,12.1,14.7,5.0,94188.0,10.136571200101008,393.181,241.72582093234413,33.431573,-112.641626,0
0407940,1600000US0407940,Buckeye city,Buckeye city,"Buckeye city, Arizona",AZ,2023,Buckeye,112048.0,99844.0,False,104.0,701.0,128.0,6.0,933.0,933.0,934.4577540963903,6.8,0.6124368818449606,11.7,13.9,4.8,98778.0,10.275029045310685,394.829,252.87909449407212,33.431573,-112.641626,0
0407940,1600000US0407940,Buckeye city,Buckeye city,"Buckeye city, Arizona",AZ,2024,Buckeye,114513.0,104923.0,False,100.0,653.0,130.0,1.0,883.0,883.0,841.569531942472,8.0,0.6197234199873958,10.9,14.0,4.9,99486.0,10.219875527767982,395.378,265.3738953608952,33.431573,-112.641626,0
0410530,1600000US0410530,Casa Grande city,Casa Grande city,"Casa Grande city, Arizona",AZ,2022,Casa Grande,61271.0,55186.0,False,195.0,1266.0,174.0,11.0,1635.0,1635.0,2962.7079331714567,14.5,0.6148090278863854,19.5,30.2,6.8,64535.0,11.56452723516834,113.839,484.77235393845694,32.906922,-111.763486,0
0410530,1600000US0410530,Casa Grande city,Casa Grande city,"Casa Grande city, Arizona",AZ,2023,Casa Grande,63228.0,57590.0,False,171.0,918.0,224.0,14.0,1313.0,1313.0,2279.9097065462756,14.1,0.6210379103880257,18.2,29.2,6.4,66354.0,11.960409793366903,113.839,505.8898971354281,32.906922,-111.763486,0
0410530,1600000US0410530,Casa Grande city,Casa Grande city,"Casa Grande city, Arizona",AZ,2024,Casa Grande,67317.0,60905.0,False,173.0,689.0,167.0,7.0,1029.0,1029.0,1689.5164600607502,13.5,0.6364678614328291,17.0,27.2,6.1,69983.0,12.159921188736558,113.903,534.7093579624768,32.906895,-111.763503,0
0412000,1600000US0412000,Chandler city,Chandler city,"Chandler city, Arizona",AZ,2022,Chandler,281373.0,275618.0,False,478.0,4166.0,442.0,13.0,5086.0,5086.0,1845.3076359308898,7.7,0.6313951367413607,15.0,35.4,3.8,99374.0,15.91840881219659,65.504,4207.651441133366,33.282765,-111.851819,0
0412000,1600000US0412000,Chandler city,Chandler city,"Chandler city, Arizona",AZ,2023,Chandler,282419.0,278123.0,False,381.0,3339.0,359.0,6.0,4079.0,4079.0,1466.6172880344309,7.7,0.6306042352769836,14.2,34.4,3.6,103691.0,15.449998741563983,65.639,4237.16083426012,33.282765,-111.851819,0
0412000,1600000US0412000,Chandler city,Chandler city,"Chandler city, Arizona",AZ,2024,Chandler,281117.0,280136.0,False,339.0,3633.0,257.0,11.0,4229.0,4229.0,1509.6238969643316,7.9,0.6396549155940184,13.4,35.0,3.6,108095.0,15.618485307136535,65.645,4267.438494934877,33.282765,-111.851819,0
0423620,1600000US0423620,Flagstaff city,Flagstaff city,"Flagstaff city, Arizona",AZ,2023,Flagstaff,75343.0,76333.0,False,226.0,1340.0,84.0,24.0,1650.0,1650.0,2161.5814916222344,19.4,0.6062812020019495,30.4,58.1,6.5,68041.0,5.945004126655575,66.012,1156.3503605405078,35.185212,-111.620698,0
0423620,1600000US0423620,Flagstaff city,Flagstaff city,"Flagstaff city, Arizona",AZ,2024,Flagstaff,76433.0,76445.0,False,94.0,1506.0,106.0,8.0,1706.0,1706.0,2231.669827980901,18.2,0.6098490992997705,30.2,57.7,5.7,71512.0,5.953299757995945,66.016,1157.9768540959767,35.185212,-111.620698,0
0427400,1600000US0427400,Gilbert town,Gilbert town,"Gilbert town, Arizona",AZ,2022,Gilbert,277123.0,267267.0,False,276.0,2332.0,210.0,10.0,2818.0,2818.0,1054.3763352752117,5.5,0.5114442572954268,14.9,25.3,3.5,115179.0,9.706024312765885,68.618,3894.9983969220907,33.310225,-111.743224,0
0427400,1600000US0427400,Gilbert town,Gilbert town,"Gilbert town, Arizona",AZ,2023,Gilbert,278495.0,271118.0,False,282.0,2130.0,192.0,9.0,2604.0,2604.0,960.46739795956,5.1,0.52002278117414,14.3,26.1,3.3,121351.0,9.60282976416173,68.663,3948.531232250266,33.310345,-111.743121,0
0427400,1600000US0427400,Gilbert town,Gilbert town,"Gilbert town, Arizona",AZ,2024,Gilbert,277527.0,280262.0,False,221.0,2293.0,173.0,9.0,2687.0,2687.0,958.7457450528435,5.3,0.5295921048603884,13.8,26.9,3.5,122551.0,9.66952351728026,68.778,4074.8785948995314,33.310345,-111.743121,0
0427820,1600000US0427820,Glendale city,Glendale city,"Glendale city, Arizona",AZ,2022,Glendale,250466.0,248083.0,False,947.0,6063.0,1105.0,39.0,8115.0,8115.0,3271.082661851074,17.2,0.6394014004667882,13.9,42.8,5.7,66375.0,16.760922755690636,66.009,3758.3208350376462,33.533111,-112.189901,0
0427820,1600000US0427820,Glendale city,Glendale city,"Glendale city, Arizona",AZ,2023,Glendale,253768.0,250193.0,False,815.0,4942.0,1559.0,40.0,7316.0,7316.0,2924.1425619421807,16.2,0.6410247193129046,12.8,42.4,5.3,70139.0,17.11798491564512,67.126,3727.2144921490926,33.533111,-112.189901,0
0427820,1600000US0427820,Glendale city,Glendale city,"Glendale city, Arizona",AZ,2024,Glendale,255512.0,252833.0,False,798.0,4906.0,1120.0,30.0,6824.0,6824.0,2699.0147646865717,15.1,0.6410500463180056,11.7,42.8,5.6,73530.0,18.148342977380327,67.247,3759.766234924978,33.533111,-112.189901,0
0428380,1600000US0428380,Goodyear city,Goodyear city,"Goodyear city, Arizona",AZ,2022,Goodyear,107212.0,97542.0,False,279.0,1570.0,146.0,6.0,1995.0,1995.0,2045.2728055606815,5.5,0.6110907687720858,13.6,22.2,5.5,97307.0,9.455414078038178,191.305,509.8768981469381,33.254031,-112.366472,0
0428380,1600000US0428380,Goodyear city,Goodyear city,"Goodyear city, Arizona",AZ,2023,Goodyear,109929.0,102891.0,False,256.0,1406.0,140.0,10.0,1802.0,1802.0,1751.3679524934153,5.8,0.608269690335999,13.4,22.0,4.8,101814.0,9.370110116531086,191.305,537.8374846449387,33.254031,-112.366472,0
0428380,1600000US0428380,Goodyear city,Goodyear city,"Goodyear city, Arizona",AZ,2024,Goodyear,116892.0,107645.0,False,162.0,1362.0,186.0,10.0,1710.0,1710.0,1588.5549723628594,5.2,0.6198150605840687,12.0,22.3,4.2,103319.0,9.550838404013192,191.305,562.6878544732234,33.254031,-112.366472,0
0439370,1600000US0439370,Lake Havasu City city,Lake Havasu City city,"Lake Havasu City city, Arizona",AZ,2022,Lake Havasu City,59166.0,57294.0,False,91.0,631.0,82.0,3.0,804.0,804.0,1403.288302440046,12.3,0.33493339977525083,16.7,25.7,5.9,64027.0,6.848884699968583,46.339,1236.4099354755174,34.499809,-114.310943,0
0439370,1600000US0439370,Lake Havasu City city,Lake Havasu City city,"Lake Havasu City city, Arizona",AZ,2023,Lake Havasu City,59720.0,58037.0,False,97.0,587.0,52.0,9.0,736.0,736.0,1268.1565208401537,13.9,0.34016114289360766,15.9,26.6,5.1,66264.0,5.970329272705343,46.339,1252.4439457044823,34.499809,-114.310943,0
0439370,1600000US0439370,Lake Havasu City city,Lake Havasu City city,"Lake Havasu City city, Arizona",AZ,2024,Lake Havasu City,59898.0,58359.0,False,140.0,641.0,54.0,2.0,835.0,835.0,1430.7990198598332,14.1,0.34032944899710105,15.1,26.8,5.0,70148.0,6.091605407906235,46.339,1259.3927361401843,34.499809,-114.310943,0
0444270,1600000US0444270,Marana town,Marana town,"Marana town, Arizona",AZ,2022,Marana,57119.0,52542.0,False,85.0,1154.0,35.0,7.0,1274.0,1274.0,2424.72688515854,5.0,0.5573730545572189,11.6,17.2,4.1,105624.0,7.968863004834229,121.099,433.8764151644522,32.465939,-111.135401,0
0444270,1600000US0444270,Marana town,Marana town,"Marana town, Arizona",AZ,2023,Marana,57718.0,54487.0,False,69.0,934.0,34.0,1.0,1037.0,1037.0,1903.2062693853582,5.4,0.5543000742457684,11.5,16.7,5.2,108256.0,7.922990805146182,121.099,449.9376543158903,32.465939,-111.135401,0
0444270,1600000US0444270,Marana town,Marana town,"Marana town, Arizona",AZ,2024,Marana,60507.0,56938.0,False,53.0,728.0,36.0,3.0,817.0,817.0,1434.8940953317644,4.9,0.5604679967257241,12.6,16.3,4.5,112606.0,8.18258456566792,121.709,467.82078564444697,32.465939,-111.135401,0
0444410,1600000US0444410,Maricopa city,Maricopa city,"Maricopa city, Arizona",AZ,2022,Maricopa,66525.0,59605.0,False,37.0,416.0,54.0,6.0,507.0,507.0,850.5997818974919,7.5,0.6754039616328567,15.0,17.1,3.5,88795.0,8.819729888432178,42.491,1402.7676449130404,33.041942,-111.999259,0
0444410,1600000US0444410,Maricopa city,Maricopa city,"Maricopa city, Arizona",AZ,2023,Maricopa,70355.0,62986.0,False,51.0,437.0,61.0,2.0,549.0,549.0,871.6222652652971,6.7,0.6863090997065505,15.4,17.0,4.3,94208.0,9.22427206045788,42.491,1482.3374361629521,33.041942,-111.999259,0
0444410,1600000US0444410,Maricopa city,Maricopa city,"Maricopa city, Arizona",AZ,2024,Maricopa,75614.0,67163.0,False,47.0,566.0,44.0,0.0,657.0,657.0,978.2171731459287,7.4,0.6913757198408854,14.1,16.4,5.0,96391.0,9.164271994997247,42.484,1580.9010450993314,33.041942,-111.999259,0
0446000,1600000US0446000,Mesa city,Mesa city,"Mesa city, Arizona",AZ,2022,Mesa,513116.0,503390.0,False,1098.0,6918.0,1065.0,28.0,9081.0,9081.0,1803.9690895726972,11.2,0.5576069503657038,17.3,36.8,4.7,73766.0,11.577504519358747,140.86,3573.6901888399825,33.400626,-111.716487,0
0446000,1600000US0446000,Mesa city,Mesa city,"Mesa city, Arizona",AZ,2023,Mesa,515848.0,507478.0,False,1020.0,5985.0,1380.0,47.0,8385.0,8385.0,1652.2883750625645,10.5,0.5560671451312647,16.2,35.6,4.6,78779.0,11.178218563169242,141.384,3589.359474905223,33.400626,-111.716487,0
0446000,1600000US0446000,Mesa city,Mesa city,"Mesa city, Arizona",AZ,2024,Mesa,513585.0,511764.0,False,964.0,5539.0,1019.0,41.0,7522.0,7522.0,1469.81811928936,10.3,0.5617871247651044,15.5,35.6,4.2,82752.0,11.543015921401272,141.815,3608.6732715157073,33.400626,-111.716487,0
0454050,1600000US0454050,Peoria city,Peoria city,"Peoria city, Arizona",AZ,2022,Peoria,197894.0,191292.0,False,370.0,2120.0,244.0,5.0,2734.0,2734.0,1429.2286138468937,8.4,0.5349672700687519,13.9,25.0,3.9,86759.0,10.973799217949521,176.082,1086.380209220704,33.786186,-112.308042,0
0454050,1600000US0454050,Peoria city,Peoria city,"Peoria city, Arizona",AZ,2023,Peoria,200886.0,194338.0,False,383.0,1910.0,304.0,11.0,2597.0,2597.0,1336.3315460692197,8.4,0.5221378825700917,12.0,24.5,3.5,93403.0,11.324084841873438,176.697,1099.8375750578673,33.786186,-112.308042,0
0454050,1600000US0454050,Peoria city,Peoria city,"Peoria city, Arizona",AZ,2024,Peoria,201056.0,196906.0,False,303.0,1823.0,297.0,18.0,2423.0,2423.0,1230.5363980782708,8.4,0.5371906093120218,11.3,24.0,4.0,95815.0,11.203315287497588,176.727,1114.1817605685605,33.786186,-112.308042,0
0455000,1600000US0455000,Phoenix city,Phoenix city,"Phoenix city, Arizona",AZ,2022,Phoenix,1637902.0,1609456.0,False,6266.0,33631.0,7633.0,257.0,47530.0,47530.0,2953.171754928373,14.6,0.6381794617488828,14.9,43.6,5.2,72092.0,19.284031374576255,518.311,3105.193599981478,33.572154,-112.090132,0
0455000,1600000US0455000,Phoenix city,Phoenix city,"Phoenix city, Arizona",AZ,2023,Phoenix,1660686.0,1624832.0,False,5690.0,26195.0,9364.0,183.0,41249.0,41249.0,2538.662458641878,14.3,0.6462062540808342,14.7,42.9,5.1,77041.0,19.036737336536945,518.331,3134.738227117421,33.572154,-112.090132,0
0455000,1600000US0455000,Phoenix city,Phoenix city,"Phoenix city, Arizona",AZ,2024,Phoenix,1662809.0,1642323.0,False,5274.0,26308.0,7084.0,226.0,38666.0,38666.0,2354.3480789101777,13.7,0.6499390502127833,14.5,42.7,5.0,81332.0,19.018548726407655,518.325,3168.5197511214005,33.572154,-112.090132,0
0458150,1600000US0458150,Queen Creek town,Queen Creek town,"Queen Creek town, Arizona",AZ,2022,Queen Creek,72229.0,61788.0,False,85.0,602.0,30.0,4.0,717.0,717.0,1160.4194989318314,4.0,0.4581139154886965,13.2,11.4,4.3,127182.0,5.598174402796659,41.912,1474.2317236113763,33.239425,-111.613319,0
0458150,1600000US0458150,Queen Creek town,Queen Creek town,"Queen Creek town, Arizona",AZ,2023,Queen Creek,76239.0,66369.0,False,75.0,530.0,42.0,7.0,647.0,647.0,974.8527173831156,3.6,0.4502145614045482,11.8,9.1,4.0,134719.0,5.945546866760084,42.102,1576.385919908793,33.239425,-111.613319,0
0458150,1600000US0458150,Queen Creek town,Queen Creek town,"Queen Creek town, Arizona",AZ,2024,Queen Creek,82639.0,71867.0,False,47.0,604.0,28.0,7.0,679.0,679.0,944.8008126121864,3.7,0.4579985545486661,11.9,9.8,4.3,141978.0,6.2086910543086535,42.111,1706.6087245612787,33.239425,-111.613319,0
0465000,1600000US0465000,Scottsdale city,Scottsdale city,"Scottsdale city, Arizona",AZ,2023,Scottsdale,243644.0,242169.0,False,526.0,4352.0,504.0,9.0,5382.0,5382.0,2222.4149251142794,7.1,0.36813127505000787,15.6,32.4,3.4,107372.0,11.221915274044159,184.003,1316.1144111780786,33.684272,-111.861448,0
0465000,1600000US0465000,Scottsdale city,Scottsdale city,"Scottsdale city, Arizona",AZ,2024,Scottsdale,245237.0,243821.0,False,447.0,3764.0,388.0,7.0,4599.0,4599.0,1886.2198087941563,7.3,0.38920894539697826,15.8,33.0,3.6,110886.0,11.444051168685224,184.003,1325.0925256653425,33.684272,-111.861448,0
0471510,1600000US0471510,Surprise city,Surprise city,"Surprise city, Arizona",AZ,2022,Surprise,154128.0,145591.0,False,203.0,1811.0,149.0,15.0,2163.0,2163.0,1485.668756997342,6.8,0.5168880755079568,15.1,21.6,4.6,87756.0,7.055381170539388,110.341,1319.46420641466,33.670801,-112.452546,0
0471510,1600000US0471510,Surprise city,Surprise city,"Surprise city, Arizona",AZ,2023,Surprise,159346.0,149519.0,False,196.0,1605.0,190.0,5.0,1991.0,1991.0,1331.603341381363,7.8,0.5097917509212736,15.7,21.0,4.2,93371.0,6.785759669339683,110.505,1353.0518981041582,33.670801,-112.452546,0
0471510,1600000US0471510,Surprise city,Surprise city,"Surprise city, Arizona",AZ,2024,Surprise,163202.0,154948.0,False,154.0,1113.0,162.0,12.0,1429.0,1429.0,922.2448821540129,8.6,0.5207857846678079,13.9,20.9,4.3,96711.0,6.985569352298835,110.506,1402.1682080611008,33.670801,-112.452546,0
0473000,1600000US0473000,Tempe city,Tempe city,"Tempe city, Arizona",AZ,2022,Tempe,187473.0,181005.0,False,929.0,6405.0,792.0,30.0,8126.0,8126.0,4489.378746443468,16.8,0.644159429300967,26.3,59.3,5.7,72022.0,14.277506146239055,39.973,4528.181522527706,33.388414,-111.931782,0
0473000,1600000US0473000,Tempe city,Tempe city,"Tempe city, Arizona",AZ,2023,Tempe,188144.0,186419.0,False,746.0,5277.0,693.0,18.0,6716.0,6716.0,3602.6370702557138,16.2,0.6553621404169488,26.3,58.4,5.6,77643.0,13.845155268508039,39.981,4662.689777644381,33.388414,-111.931782,0
0473000,1600000US0473000,Tempe city,Tempe city,"Tempe city, Arizona",AZ,2024,Tempe,191376.0,188065.0,False,640.0,4321.0,577.0,14.0,5538.0,5538.0,2944.726557307314,15.8,0.6679323973572378,25.6,57.7,5.5,79663.0,14.35514316858533,39.981,4703.859333183262,33.388414,-111.931782,0
0477000,1600000US0477000,Tucson city,Tucson city,"Tucson city, Arizona",AZ,2024,Tucson,548789.0,547073.0,False,1629.0,13723.0,2830.0,110.0,18182.0,18182.0,3323.505272605301,18.9,0.6247208805614104,19.6,48.2,6.2,57073.0,13.438425950467305,242.203,2258.737505315789,32.153036,-110.870773,0
0485540,1600000US0485540,Yuma city,Yuma city,"Yuma city, Arizona",AZ,2022,Yuma,98164.0,96314.0,False,450.0,990.0,217.0,13.0,1657.0,1657.0,1720.4144776460328,16.1,0.5190913854405728,17.7,35.7,7.7,59312.0,19.101065265693464,120.798,797.3145250749185,32.516286,-114.521782,0
0485540,1600000US0485540,Yuma city,Yuma city,"Yuma city, Arizona",AZ,2023,Yuma,99610.0,98461.0,False,316.0,938.0,205.0,18.0,1459.0,1459.0,1481.804978620977,15.3,0.5270587866733589,16.9,34.7,7.5,62546.0,19.044088522359107,121.039,813.4650815026562,32.516286,-114.521782,0
0485540,1600000US0485540,Yuma city,Yuma city,"Yuma city, Arizona",AZ,2024,Yuma,101989.0,100139.0,False,201.0,906.0,165.0,16.0,1272.0,1272.0,1270.2343742198343,15.5,0.5313086555959896,14.7,33.2,6.3,65482.0,19.48391735487672,121.084,827.0209111030359,32.516286,-114.521782,0
0505320,1600000US0505320,Bentonville city,Bentonville city,"Bentonville city, Arkansas",AR,2022,Bentonville,58871.0,54513.0,False,69.0,575.0,42.0,1.0,686.0,686.0,1258.415423843854,6.2,0.5812657144175624,16.6,47.8,3.2,99074.0,16.451121750775044,35.047,1555.4255713755815,36.352662,-94.231181,0
0505320,1600000US0505320,Bentonville city,Bentonville city,"Bentonville city, Arkansas",AR,2023,Bentonville,59465.0,56326.0,False,87.0,524.0,40.0,1.0,651.0,651.0,1155.7717572701772,6.3,0.6105690409254896,16.5,49.6,2.7,108465.0,16.5128004829031,35.441,1589.2892412742303,36.352662,-94.231181,0
0505320,1600000US0505320,Bentonville city,Bentonville city,"Bentonville city, Arkansas",AR,2024,Bentonville,61109.0,58249.0,False,54.0,421.0,31.0,3.0,506.0,506.0,868.6844409346083,5.2,0.6391038552811912,17.3,49.6,3.1,112792.0,18.01747669487888,35.475,1641.9732205778716,36.352662,-94.231181,0
0515190,1600000US0515190,Conway city,Conway city,"Conway city, Arkansas",AR,2022,Conway,66487.0,65159.0,False,138.0,1628.0,124.0,6.0,1890.0,1890.0,2900.597001181725,19.1,0.47174966017067765,14.9,56.0,3.0,54036.0,4.527386853696343,46.498,1401.3290894232011,35.07435,-92.467078,0
0515190,1600000US0515190,Conway city,Conway city,"Conway city, Arkansas",AR,2023,Conway,69315.0,66288.0,False,133.0,1452.0,129.0,6.0,1714.0,1714.0,2585.6867004586047,18.3,0.48797511556444373,13.6,56.0,3.3,58461.0,4.8606082548877625,46.63,1421.5740939309458,35.074404,-92.467004,0
0515190,1600000US0515190,Conway city,Conway city,"Conway city, Arkansas",AR,2024,Conway,71417.0,67642.0,False,126.0,1252.0,84.0,3.0,1462.0,1462.0,2161.3790248662076,16.9,0.5072175713846796,14.4,54.6,3.6,63004.0,5.268915762396144,46.644,1450.1757996741276,35.074404,-92.467004,0
0523290,1600000US0523290,Fayetteville city,Fayetteville city,"Fayetteville city, Arkansas",AR,2022,Fayetteville,96456.0,95022.0,False,337.0,3155.0,398.0,6.0,3890.0,3890.0,4093.7888068026355,21.2,0.40521342822678263,25.5,59.8,5.3,56881.0,5.904948327755678,54.534,1742.4359115414238,36.071455,-94.166564,0
0523290,1600000US0523290,Fayetteville city,Fayetteville city,"Fayetteville city, Arkansas",AR,2023,Fayetteville,101624.0,97227.0,False,255.0,2724.0,298.0,3.0,3277.0,3277.0,3370.4629372499408,21.4,0.4437366424100434,25.5,58.1,4.9,59074.0,5.680520842975716,54.755,1775.673454479043,36.071455,-94.166564,0
0523290,1600000US0523290,Fayetteville city,Fayetteville city,"Fayetteville city, Arkansas",AR,2024,Fayetteville,104089.0,99319.0,False,238.0,2024.0,206.0,2.0,2468.0,2468.0,2484.922321006051,20.6,0.4839235157998326,23.3,58.2,4.0,62695.0,6.403608574391607,54.757,1813.8137589714559,36.071455,-94.166564,0
0524550,1600000US0524550,Fort Smith city,Fort Smith city,"Fort Smith city, Arkansas",AR,2022,Fort Smith,90013.0,89315.0,False,733.0,3293.0,424.0,17.0,4450.0,4450.0,4982.365784022841,18.9,0.5954828551352438,18.2,48.6,6.1,50799.0,11.307171247830713,64.187,1391.481141041021,35.349276,-94.370883,0
0524550,1600000US0524550,Fort Smith city,Fort Smith city,"Fort Smith city, Arkansas",AR,2023,Fort Smith,90417.0,89496.0,False,478.0,2964.0,326.0,17.0,3768.0,3768.0,4210.244033252883,18.3,0.6050302684674933,16.2,47.0,6.7,52692.0,11.6731474032359,64.189,1394.2575830749818,35.349276,-94.370883,0
0524550,1600000US0524550,Fort Smith city,Fort Smith city,"Fort Smith city, Arkansas",AR,2024,Fort Smith,89977.0,89805.0,False,420.0,2613.0,282.0,10.0,3315.0,3315.0,3691.3312176382165,18.3,0.6056622321037614,16.6,46.6,6.5,54816.0,11.873503702466454,64.189,1399.0714920001872,35.349276,-94.370883,0
0535710,1600000US0535710,Jonesboro city,Jonesboro city,"Jonesboro city, Arkansas",AR,2022,Jonesboro,79865.0,78379.0,False,897.0,1549.0,209.0,11.0,2655.0,2655.0,3387.386927620919,22.4,0.512346710241596,23.2,46.0,6.7,51124.0,4.580308501001544,80.18,977.5380394113245,35.819755,-90.679033,0
0535710,1600000US0535710,Jonesboro city,Jonesboro city,"Jonesboro city, Arkansas",AR,2023,Jonesboro,80395.0,79187.0,False,870.0,1591.0,197.0,16.0,2658.0,2658.0,3356.6115650296138,22.4,0.5284999448031209,21.7,47.4,6.8,52559.0,4.486847588619344,80.18,987.6153654277874,35.819755,-90.679033,0
0535710,1600000US0535710,Jonesboro city,Jonesboro city,"Jonesboro city, Arkansas",AR,2024,Jonesboro,81256.0,80137.0,False,755.0,1538.0,181.0,6.0,2474.0,2474.0,3087.213147484932,22.8,0.5433171609861545,19.8,45.7,6.3,55424.0,4.553452213085092,80.172,999.563438606995,35.819755,-90.679033,0
0541000,1600000US0541000,Little Rock city,Little Rock city,"Little Rock city, Arkansas",AR,2022,Little Rock,201513.0,202218.0,False,1926.0,7775.0,1077.0,64.0,10778.0,10778.0,5329.891503229188,16.5,0.6212221308091078,13.9,45.6,4.4,58697.0,6.638380361787774,120.23,1681.9263079098394,34.725393,-92.358556,0
0541000,1600000US0541000,Little Rock city,Little Rock city,"Little Rock city, Arkansas",AR,2023,Little Rock,202986.0,202739.0,False,1879.0,8127.0,1011.0,58.0,11017.0,11017.0,5434.080270692862,16.4,0.6413196883388586,13.4,45.8,4.2,60583.0,7.878109293229225,120.281,1685.5446828676183,34.725393,-92.358556,0
0541000,1600000US0541000,Little Rock city,Little Rock city,"Little Rock city, Arkansas",AR,2024,Little Rock,204247.0,203436.0,False,1914.0,7810.0,926.0,61.0,10650.0,10650.0,5235.061641007492,17.5,0.6469480472284168,14.0,46.5,4.1,63003.0,8.304823138480897,121.242,1677.933389419508,34.725393,-92.358556,0
0550450,1600000US0550450,North Little Rock city,North Little Rock city,"North Little Rock city, Arkansas",AR,2022,North Little Rock,63663.0,64454.0,False,476.0,2102.0,372.0,18.0,2950.0,2950.0,4576.907561982189,21.2,0.6076239627095519,15.5,52.4,6.6,49166.0,3.9780308437024856,53.033,1215.3564761563555,34.781752,-92.235057,0
0550450,1600000US0550450,North Little Rock city,North Little Rock city,"North Little Rock city, Arkansas",AR,2023,North Little Rock,64612.0,64504.0,False,400.0,1892.0,361.0,10.0,2653.0,2653.0,4112.923229567158,20.8,0.6162929465726534,14.7,53.3,6.3,51236.0,4.515999007813469,53.045,1216.0241304552737,34.781752,-92.235057,0
0550450,1600000US0550450,North Little Rock city,North Little Rock city,"North Little Rock city, Arkansas",AR,2024,North Little Rock,64487.0,64538.0,False,388.0,2057.0,336.0,11.0,2781.0,2781.0,4309.089218754842,20.3,0.6140023421427641,15.2,55.4,5.9,52707.0,4.1572406954042584,53.045,1216.6650956734848,34.781752,-92.235057,0
0560410,1600000US0560410,Rogers city,Rogers city,"Rogers city, Arkansas",AR,2022,Rogers,72115.0,69961.0,False,127.0,1303.0,109.0,3.0,1539.0,1539.0,2199.797029773731,10.6,0.5921283776152073,11.8,41.5,2.9,78075.0,18.820485699175254,38.897,1798.622001696789,36.318085,-94.152287,0
0560410,1600000US0560410,Rogers city,Rogers city,"Rogers city, Arkansas",AR,2023,Rogers,74365.0,71411.0,False,115.0,991.0,74.0,8.0,1180.0,1180.0,1652.4064919970313,10.4,0.6190949432229161,11.8,42.4,2.7,82993.0,18.775818851437453,38.897,1835.8999408694758,36.318085,-94.152287,0
0560410,1600000US0560410,Rogers city,Rogers city,"Rogers city, Arkansas",AR,2024,Rogers,75307.0,72981.0,False,102.0,810.0,48.0,5.0,960.0,960.0,1315.4108603609159,10.5,0.6293481194386662,11.6,42.8,2.5,86728.0,17.970430660034804,38.897,1876.262950870247,36.318085,-94.152287,0
0566080,1600000US0566080,Springdale city,Springdale city,"Springdale city, Arkansas",AR,2022,Springdale,90892.0,86705.0,False,250.0,1764.0,279.0,4.0,2293.0,2293.0,2644.5995040655093,14.7,0.6790570696849569,11.4,47.9,4.4,59985.0,24.15431636007151,49.776,1741.9037287045965,36.191438,-94.155062,0
0566080,1600000US0566080,Springdale city,Springdale city,"Springdale city, Arkansas",AR,2023,Springdale,90937.0,87388.0,False,199.0,1972.0,248.0,3.0,2419.0,2419.0,2768.1146152789856,13.7,0.6796376315040692,10.0,46.7,5.1,66044.0,25.310111228086235,49.773,1755.7310188254676,36.191438,-94.155062,0
0566080,1600000US0566080,Springdale city,Springdale city,"Springdale city, Arkansas",AR,2024,Springdale,91630.0,88160.0,False,180.0,1441.0,139.0,2.0,1760.0,1760.0,1996.3702359346642,13.4,0.6880726286309992,8.7,46.6,3.7,69787.0,26.60390199637024,49.773,1771.2414361199847,36.191438,-94.155062,0
0600562,1600000US0600562,Alameda city,Alameda city,"Alameda city, California",CA,2022,Alameda,74441.0,77565.0,False,297.0,2302.0,601.0,20.0,3200.0,3200.0,4125.572100818668,7.1,0.7086300806618507,13.1,51.7,5.1,129917.0,24.682524334429186,10.399,7458.890277911339,37.741911,-122.259914,0
0600562,1600000US0600562,Alameda city,Alameda city,"Alameda city, California",CA,2023,Alameda,75061.0,76876.0,False,376.0,2599.0,1280.0,20.0,4255.0,4255.0,5534.887351058848,6.9,0.7163957652609438,13.2,51.0,5.0,132015.0,25.36942608876632,10.399,7392.633907106453,37.741911,-122.259914,0
0600562,1600000US0600562,Alameda city,Alameda city,"Alameda city, California",CA,2024,Alameda,74458.0,77238.0,False,192.0,2515.0,952.0,29.0,3659.0,3659.0,4737.305471400087,7.2,0.7201456471262427,12.1,49.3,5.7,137697.0,25.658354695875087,10.399,7427.444946629485,37.741911,-122.259914,0
0600884,1600000US0600884,Alhambra city,Alhambra city,"Alhambra city, California",CA,2022,Alhambra,79703.0,82295.0,False,251.0,1453.0,340.0,6.0,2044.0,2044.0,2483.747493772404,12.5,0.6076160685330173,8.8,59.0,5.5,80234.0,46.23367154748162,7.631,10784.30087799764,34.083571,-118.136444,0
0600884,1600000US0600884,Alhambra city,Alhambra city,"Alhambra city, California",CA,2023,Alhambra,79087.0,81483.0,False,240.0,1450.0,312.0,8.0,2002.0,2002.0,2456.95421130788,12.3,0.6106917903513321,8.8,58.0,5.6,85189.0,45.863554361032364,7.631,10677.892805661118,34.083571,-118.136444,0
0600884,1600000US0600884,Alhambra city,Alhambra city,"Alhambra city, California",CA,2024,Alhambra,78840.0,81022.0,False,262.0,1454.0,216.0,5.0,1932.0,1932.0,2384.537533015724,12.6,0.6119973594275686,8.8,58.9,5.3,88024.0,44.95075411616598,7.631,10617.48132616957,34.083571,-118.136444,0
0600947,1600000US0600947,Aliso Viejo city,Aliso Viejo city,"Aliso Viejo city, California",CA,2022,Aliso Viejo,51477.0,51896.0,False,41.0,257.0,53.0,1.0,351.0,351.0,676.3527054108216,4.9,0.6221654066929556,12.5,43.8,3.8,131708.0,24.06351163866194,6.926,7492.92520935605,33.57921,-117.728898,0
0600947,1600000US0600947,Aliso Viejo city,Aliso Viejo city,"Aliso Viejo city, California",CA,2023,Aliso Viejo,50736.0,51320.0,False,39.0,267.0,54.0,4.0,360.0,360.0,701.4809041309431,5.2,0.6242881323549334,12.0,43.4,3.7,137970.0,25.995713172252533,6.926,7409.760323419001,33.57921,-117.728898,0
0600947,1600000US0600947,Aliso Viejo city,Aliso Viejo city,"Aliso Viejo city, California",CA,2024,Aliso Viejo,49674.0,51113.0,False,43.0,321.0,67.0,3.0,431.0,431.0,843.2297067282296,5.1,0.6319270694045727,11.5,43.3,4.2,142439.0,25.429929763465264,6.926,7379.872942535374,33.57921,-117.728898,0
0602000,1600000US0602000,Anaheim city,Anaheim city,"Anaheim city, California",CA,2022,Anaheim,344795.0,347111.0,False,1693.0,6055.0,1800.0,42.0,9548.0,9548.0,2750.705105859509,12.6,0.6282650466123432,10.8,53.4,5.4,88538.0,34.630420816395905,50.283,6903.148181293876,33.855502,-117.758657,0
0602000,1600000US0602000,Anaheim city,Anaheim city,"Anaheim city, California",CA,2023,Anaheim,343147.0,344553.0,False,1518.0,5298.0,1610.0,39.0,8426.0,8426.0,2445.487341570092,12.5,0.635149930471606,10.5,54.1,5.5,90583.0,35.222737866162824,50.283,6852.276117176779,33.855502,-117.758657,0
0602000,1600000US0602000,Anaheim city,Anaheim city,"Anaheim city, California",CA,2024,Anaheim,338488.0,344521.0,False,1178.0,4850.0,1189.0,52.0,7217.0,7217.0,2094.7924799939624,12.4,0.6314189594192834,10.2,53.8,5.8,95227.0,35.06694802348768,50.283,6851.6397191893875,33.855502,-117.758657,0
0602252,1600000US0602252,Antioch city,Antioch city,"Antioch city, California",CA,2022,Antioch,114338.0,115016.0,False,432.0,1456.0,640.0,16.0,2528.0,2528.0,2197.9550671210964,12.1,0.7562840767477388,10.7,38.5,7.9,90709.0,22.476003338665926,29.171,3942.819923897021,37.978336,-121.796064,0
0602252,1600000US0602252,Antioch city,Antioch city,"Antioch city, California",CA,2023,Antioch,115271.0,115759.0,False,602.0,1609.0,1222.0,7.0,3433.0,3433.0,2965.6441399804767,11.2,0.7540595003159802,9.9,36.5,7.1,94256.0,23.824497447282717,29.171,3968.2904254225086,37.978336,-121.796064,0
0602252,1600000US0602252,Antioch city,Antioch city,"Antioch city, California",CA,2024,Antioch,117675.0,116477.0,False,549.0,1604.0,1605.0,17.0,3758.0,3758.0,3226.3880422744405,11.4,0.7612768003579133,9.6,36.4,7.4,97465.0,24.641774770984828,29.172,3992.767036884684,37.978336,-121.796064,0
0602364,1600000US0602364,Apple Valley town,Apple Valley town,"Apple Valley town, California",CA,2022,Apple Valley,76520.0,75603.0,False,231.0,717.0,190.0,,1138.0,1138.0,1505.2312738912476,17.0,0.6356864377590659,10.4,32.5,9.2,62898.0,11.186064045077575,77.006,981.7806404695738,34.533376,-117.210358,0
0602364,1600000US0602364,Apple Valley town,Apple Valley town,"Apple Valley town, California",CA,2024,Apple Valley,74764.0,75473.0,False,201.0,707.0,290.0,14.0,1198.0,1198.0,1587.3226186848276,16.6,0.6434756930497405,9.3,30.1,7.5,69882.0,11.18148211943344,77.006,980.0924603277666,34.533376,-117.210358,0
0602462,1600000US0602462,Arcadia city,Arcadia city,"Arcadia city, California",CA,2022,Arcadia,54202.0,56181.0,False,390.0,1147.0,116.0,6.0,1653.0,1653.0,2942.275858386287,8.9,0.605213249874764,9.7,41.6,5.4,108214.0,43.580569943575235,10.927,5141.484396449163,34.132689,-118.036347,0
0602462,1600000US0602462,Arcadia city,Arcadia city,"Arcadia city, California",CA,2023,Arcadia,54071.0,55550.0,False,376.0,1161.0,110.0,13.0,1647.0,1647.0,2964.896489648965,7.4,0.6047467055976525,9.3,41.5,5.5,116142.0,44.01440144014401,10.927,5083.737530886794,34.132689,-118.036347,0
0602462,1600000US0602462,Arcadia city,Arcadia city,"Arcadia city, California",CA,2024,Arcadia,53397.0,55170.0,False,333.0,1041.0,132.0,7.0,1506.0,1506.0,2729.7444263186517,8.6,0.5948529542167833,9.5,41.9,5.7,113516.0,46.19358346927678,10.927,5048.961288551295,34.132689,-118.036347,0
0603526,1600000US0603526,Bakersfield city,Bakersfield city,"Bakersfield city, California",CA,2022,Bakersfield,411873.0,404321.0,False,3184.0,8319.0,4858.0,,16361.0,16361.0,4046.5372810217623,16.5,0.6215527043107056,10.8,39.8,7.1,73827.0,19.636378026370135,150.273,2690.576484132213,35.353171,-119.037919,0
0603526,1600000US0603526,Bakersfield city,Bakersfield city,"Bakersfield city, California",CA,2023,Bakersfield,413409.0,408366.0,False,2842.0,6650.0,4269.0,14.0,13761.0,13761.0,3369.7712346277604,16.0,0.6186239816521387,10.4,39.9,7.0,77397.0,19.880940137033935,150.273,2717.494160627658,35.353171,-119.037919,0
0603526,1600000US0603526,Bakersfield city,Bakersfield city,"Bakersfield city, California",CA,2024,Bakersfield,416120.0,411986.0,False,2237.0,5239.0,2801.0,17.0,10277.0,10277.0,2494.502240367391,16.3,0.6147246460259599,9.9,39.4,7.0,80540.0,20.180540115440813,150.273,2741.583651088353,35.353171,-119.037919,0
0603666,1600000US0603666,Baldwin Park city,Baldwin Park city,"Baldwin Park city, California",CA,2022,Baldwin Park,69205.0,71692.0,False,205.0,613.0,284.0,17.0,1102.0,1102.0,1537.131060648329,13.8,0.42055786820389074,4.0,40.7,7.1,76002.0,44.52658595101266,6.632,10810.012062726177,34.082824,-117.971286,0
0603666,1600000US0603666,Baldwin Park city,Baldwin Park city,"Baldwin Park city, California",CA,2023,Baldwin Park,68230.0,70720.0,False,173.0,681.0,346.0,6.0,1200.0,1200.0,1696.8325791855202,13.2,0.4179802425696393,4.0,41.5,6.3,79087.0,43.841911764705884,6.632,10663.44993968637,34.082824,-117.971286,0
0603666,1600000US0603666,Baldwin Park city,Baldwin Park city,"Baldwin Park city, California",CA,2024,Baldwin Park,67791.0,70138.0,False,129.0,631.0,209.0,1.0,969.0,969.0,1381.562063360803,13.5,0.4192336062942037,3.8,42.3,6.0,80663.0,43.99327040976361,6.632,10575.693606755127,34.082824,-117.971286,0
0604758,1600000US0604758,Beaumont city,Beaumont city,"Beaumont city, California",CA,2022,Beaumont,57067.0,53544.0,False,170.0,426.0,108.0,0.0,704.0,704.0,1314.806514268639,7.9,0.6622673578930682,11.6,19.9,5.6,102469.0,16.608770357089497,30.332,1765.2644072266912,33.876722,-116.953009,0
0604758,1600000US0604758,Beaumont city,Beaumont city,"Beaumont city, California",CA,2023,Beaumont,57819.0,54817.0,False,93.0,481.0,75.0,2.0,649.0,649.0,1183.939288906726,9.2,0.6583850034592575,10.8,19.9,6.2,105164.0,14.889541565572722,30.332,1807.2332849795596,33.876722,-116.953009,0
0604758,1600000US0604758,Beaumont city,Beaumont city,"Beaumont city, California",CA,2024,Beaumont,60294.0,56266.0,False,77.0,478.0,59.0,5.0,614.0,614.0,1091.245156933139,10.0,0.6546404913075139,9.2,19.2,4.9,107118.0,14.134646145096506,30.332,1855.0046155874984,33.876722,-116.953009,0
0604982,1600000US0604982,Bellflower city,Bellflower city,"Bellflower city, California",CA,2022,Bellflower,75830.0,78352.0,False,342.0,915.0,635.0,,1892.0,1892.0,2414.7437206452933,14.2,0.5950251539691923,8.4,61.0,8.4,75379.0,29.394272003267307,6.117,12808.893248324342,33.887821,-118.12725,0
0604982,1600000US0604982,Bellflower city,Bellflower city,"Bellflower city, California",CA,2023,Bellflower,75152.0,77396.0,False,272.0,679.0,685.0,5.0,1636.0,1636.0,2113.804330973177,13.2,0.5872174942205899,7.6,61.9,7.8,77602.0,31.099798439195826,6.117,12652.607487330391,33.887821,-118.12725,0
0604982,1600000US0604982,Bellflower city,Bellflower city,"Bellflower city, California",CA,2024,Bellflower,73883.0,76819.0,False,256.0,739.0,608.0,12.0,1603.0,1603.0,2086.7233366745204,13.3,0.5913356975009878,7.6,60.7,7.6,78722.0,30.767127924081283,6.117,12558.280202713748,33.887821,-118.12725,0
0606000,1600000US0606000,Berkeley city,Berkeley city,"Berkeley city, California",CA,2022,Berkeley,114872.0,121385.0,False,1036.0,4611.0,836.0,52.0,6483.0,6483.0,5340.857601845369,17.7,0.6629040457011035,26.0,56.7,5.5,104716.0,21.490299460394613,10.432,11635.832055214723,37.865673,-122.298725,0
0606000,1600000US0606000,Berkeley city,Berkeley city,"Berkeley city, California",CA,2023,Berkeley,116595.0,120223.0,False,1139.0,4511.0,1368.0,61.0,7018.0,7018.0,5837.485339743643,16.8,0.6654050901143993,25.9,56.7,6.0,108558.0,21.258827345848964,10.432,11524.444018404907,37.865673,-122.298725,0
0606000,1600000US0606000,Berkeley city,Berkeley city,"Berkeley city, California",CA,2024,Berkeley,117400.0,120257.0,False,776.0,4292.0,1071.0,48.0,6139.0,6139.0,5104.9003384418365,17.3,0.6809246870076886,25.2,55.8,5.6,108092.0,21.112284523977813,10.432,11527.703220858895,37.865673,-122.298725,0
0608142,1600000US0608142,Brentwood city,Brentwood city,"Brentwood city, California",CA,2022,Brentwood,65243.0,64443.0,False,226.0,992.0,133.0,,1351.0,1351.0,2096.426299210155,6.9,0.7005457886209874,10.5,18.3,6.0,134689.0,16.83503250934935,14.865,4335.216952573159,37.935578,-121.71897,0
0608142,1600000US0608142,Brentwood city,Brentwood city,"Brentwood city, California",CA,2023,Brentwood,66976.0,64609.0,False,196.0,1082.0,182.0,14.0,1460.0,1460.0,2259.7470940581034,7.8,0.715168228022848,9.1,18.0,6.0,139567.0,18.82709839186491,14.865,4346.384123780693,37.935578,-121.71897,0
0608142,1600000US0608142,Brentwood city,Brentwood city,"Brentwood city, California",CA,2024,Brentwood,65352.0,65208.0,False,144.0,1250.0,168.0,5.0,1562.0,1562.0,2395.4116059379216,8.3,0.7150326833298812,9.0,17.8,5.8,142494.0,19.290577843209423,14.865,4386.680121089808,37.935578,-121.71897,0
0608786,1600000US0608786,Buena Park city,Buena Park city,"Buena Park city, California",CA,2022,Buena Park,82065.0,83542.0,False,269.0,1601.0,519.0,,2389.0,2389.0,2859.639462785186,8.8,0.6845359838055309,9.8,43.5,5.4,101586.0,34.81482368150152,10.527,7935.974161679492,33.857353,-118.007373,0
0608786,1600000US0608786,Buena Park city,Buena Park city,"Buena Park city, California",CA,2023,Buena Park,81753.0,83052.0,False,227.0,1710.0,392.0,9.0,2329.0,2329.0,2804.267206087752,8.6,0.6754551549820664,8.2,43.9,5.3,108187.0,35.46573231228628,10.527,7889.427187232831,33.857353,-118.007373,0
0608786,1600000US0608786,Buena Park city,Buena Park city,"Buena Park city, California",CA,2024,Buena Park,81334.0,82871.0,False,177.0,1404.0,341.0,16.0,1922.0,1922.0,2319.2672949523962,8.8,0.6782232329798534,7.6,45.0,5.6,110550.0,34.84934416140749,10.527,7872.233304835187,33.857353,-118.007373,0
0608954,1600000US0608954,Burbank city,Burbank city,"Burbank city, California",CA,2022,Burbank,103516.0,106389.0,False,278.0,2246.0,295.0,39.0,2819.0,2819.0,2649.710026412505,10.7,0.6198260880621413,10.3,56.7,6.6,91455.0,29.214486460066357,17.316,6143.970893970894,34.190079,-118.326405,0
0608954,1600000US0608954,Burbank city,Burbank city,"Burbank city, California",CA,2023,Burbank,102345.0,105165.0,False,347.0,2605.0,312.0,36.0,3264.0,3264.0,3103.6941948366853,10.7,0.629671869650789,10.2,57.2,6.9,95816.0,29.308229924404504,17.316,6073.284823284824,34.190079,-118.326405,0
0608954,1600000US0608954,Burbank city,Burbank city,"Burbank city, California",CA,2024,Burbank,101377.0,104546.0,False,347.0,2470.0,297.0,24.0,3114.0,3114.0,2978.593155166147,10.7,0.6318407695672088,9.6,56.7,7.4,97082.0,29.886365810265335,17.316,6037.537537537538,34.190079,-118.326405,0
0610046,1600000US0610046,Camarillo city,Camarillo city,"Camarillo city, California",CA,2022,Camarillo,70872.0,70622.0,False,73.0,779.0,60.0,,912.0,912.0,1291.3822888051882,7.4,0.6327947676454186,10.3,35.3,4.8,105141.0,16.222990003115175,19.686,3587.4225337803514,34.221823,-119.032154,0
0610046,1600000US0610046,Camarillo city,Camarillo city,"Camarillo city, California",CA,2023,Camarillo,70010.0,70244.0,False,67.0,786.0,39.0,1.0,892.0,892.0,1269.8593474175732,7.5,0.6383355651324227,10.8,35.5,4.4,109390.0,17.056261032970788,19.686,3568.2210708117445,34.221823,-119.032154,0
0610046,1600000US0610046,Camarillo city,Camarillo city,"Camarillo city, California",CA,2024,Camarillo,69115.0,70186.0,False,76.0,675.0,72.0,0.0,823.0,823.0,1172.5985239221495,8.5,0.6490865044139498,11.0,35.4,5.5,113428.0,16.188413643746618,19.686,3565.274814589048,34.221823,-119.032154,0
0611194,1600000US0611194,Carlsbad city,Carlsbad city,"Carlsbad city, California",CA,2022,Carlsbad,115531.0,114745.0,False,296.0,1565.0,186.0,11.0,2047.0,2047.0,1783.9557279184278,6.9,0.508757689567058,13.9,37.8,6.0,134139.0,15.510915508301014,37.812,3034.618639585317,33.129284,-117.284183,0
0611194,1600000US0611194,Carlsbad city,Carlsbad city,"Carlsbad city, California",CA,2023,Carlsbad,113796.0,114500.0,False,271.0,1426.0,152.0,9.0,1849.0,1849.0,1614.8471615720525,6.9,0.5239049394176313,14.1,36.7,6.3,139326.0,14.541484716157205,37.812,3028.139215064001,33.129284,-117.284183,0
0611194,1600000US0611194,Carlsbad city,Carlsbad city,"Carlsbad city, California",CA,2024,Carlsbad,113023.0,114373.0,False,267.0,1318.0,123.0,8.0,1708.0,1708.0,1493.3594467225657,6.9,0.5264925722759524,14.1,37.1,5.5,142748.0,14.061885235151653,37.812,3024.7804929651966,33.129284,-117.284183,0
0611530,1600000US0611530,Carson city,Carson city,"Carson city, California",CA,2022,Carson,92021.0,94475.0,False,372.0,1311.0,842.0,,2525.0,2525.0,2672.6647261180206,9.2,0.7196929644129502,7.1,25.3,6.9,103045.0,34.6451442180471,18.731,5043.77769473066,33.840367,-118.249574,0
0611530,1600000US0611530,Carson city,Carson city,"Carson city, California",CA,2023,Carson,90974.0,93523.0,False,358.0,1347.0,788.0,25.0,2493.0,2493.0,2665.654437945746,9.0,0.7224671864160923,6.6,26.0,6.9,107391.0,35.184927771778064,18.731,4992.952858897015,33.840367,-118.249574,0
0611530,1600000US0611530,Carson city,Carson city,"Carson city, California",CA,2024,Carson,89767.0,92871.0,False,387.0,1519.0,725.0,16.0,2631.0,2631.0,2832.9618503084926,8.7,0.7221393050485791,6.2,26.0,7.8,108703.0,32.933854486330496,18.731,4958.144252842881,33.840367,-118.249574,0
0612048,1600000US0612048,Cathedral City city,Cathedral City city,"Cathedral City city, California",CA,2023,Cathedral City,52963.0,52047.0,False,152.0,337.0,226.0,6.0,715.0,715.0,1373.7583338136685,15.3,0.5555961880624156,8.5,34.7,6.4,67031.0,28.095759601898283,22.476,2315.670048051255,33.835487,-116.463103,0
0612048,1600000US0612048,Cathedral City city,Cathedral City city,"Cathedral City city, California",CA,2024,Cathedral City,52602.0,52267.0,False,97.0,358.0,187.0,15.0,642.0,642.0,1228.3084929305298,13.1,0.5458548173036397,8.3,33.5,6.0,73572.0,27.96793387797272,22.476,2325.45826659548,33.835487,-116.463103,0
0613014,1600000US0613014,Chico city,Chico city,"Chico city, California",CA,2022,Chico,102499.0,102790.0,False,224.0,1214.0,265.0,,1703.0,1703.0,1656.7759509679931,22.2,0.4971886495390342,23.2,55.9,6.9,65932.0,7.836365405195058,34.451,2983.657948971002,39.758951,-121.81772,0
0613014,1600000US0613014,Chico city,Chico city,"Chico city, California",CA,2023,Chico,100896.0,102032.0,False,231.0,1316.0,290.0,26.0,1837.0,1837.0,1800.41555590403,22.1,0.5192985205206032,23.9,55.7,6.6,67929.0,8.055315979300612,34.521,2955.650183946004,39.758951,-121.81772,0
0613014,1600000US0613014,Chico city,Chico city,"Chico city, California",CA,2024,Chico,100831.0,102188.0,False,210.0,1499.0,205.0,15.0,1914.0,1914.0,1873.0183583199594,22.7,0.532993900403241,22.3,56.6,6.8,66977.0,8.544056053548362,34.371,2973.0877774868345,39.758951,-121.81772,0
0613210,1600000US0613210,Chino city,Chino city,"Chino city, California",CA,2022,Chino,94611.0,91008.0,False,314.0,1942.0,282.0,8.0,2538.0,2538.0,2788.76582278481,8.2,0.6386990408549422,13.8,36.3,5.5,99385.0,25.43622538677918,29.574,3077.2976262933657,33.978037,-117.657719,0
0613210,1600000US0613210,Chino city,Chino city,"Chino city, California",CA,2023,Chino,94162.0,91775.0,False,300.0,1915.0,347.0,4.0,2562.0,2562.0,2791.6099155543448,7.4,0.6379549570833588,13.3,37.1,5.8,103845.0,26.204304004358487,29.574,3103.232569148576,33.978037,-117.657719,0
0613210,1600000US0613210,Chino city,Chino city,"Chino city, California",CA,2024,Chino,93818.0,92652.0,False,206.0,1558.0,311.0,10.0,2075.0,2075.0,2239.5630963174026,8.0,0.6377030680770185,11.6,36.0,6.5,104682.0,25.527781375469498,29.574,3132.886995333739,33.978037,-117.657719,0
0613214,1600000US0613214,Chino Hills city,Chino Hills city,"Chino Hills city, California",CA,2022,Chino Hills,78786.0,78223.0,False,258.0,796.0,86.0,,1140.0,1140.0,1457.3718727228566,7.2,0.7003175292083319,12.2,29.5,6.2,117548.0,32.41246180790816,44.65,1751.9148936170213,33.942969,-117.725648,0
0613214,1600000US0613214,Chino Hills city,Chino Hills city,"Chino Hills city, California",CA,2024,Chino Hills,76802.0,77927.0,False,157.0,526.0,66.0,2.0,749.0,749.0,961.1559536489278,7.6,0.7000937723668641,9.4,30.8,6.9,126334.0,33.96383795090277,44.65,1745.2855543113103,33.942969,-117.725648,0
0613392,1600000US0613392,Chula Vista city,Chula Vista city,"Chula Vista city, California",CA,2022,Chula Vista,277976.0,276103.0,False,519.0,2035.0,996.0,38.0,3550.0,3550.0,1285.752056297831,8.8,0.5863909029851763,8.8,40.1,8.8,101984.0,29.34194847574999,49.638,5562.331278456022,32.62767,-117.01517,0
0613392,1600000US0613392,Chula Vista city,Chula Vista city,"Chula Vista city, California",CA,2023,Chula Vista,280748.0,275030.0,False,366.0,2069.0,1149.0,28.0,3584.0,3584.0,1303.1305675744463,8.4,0.585268548948108,8.6,39.8,8.8,105173.0,29.477147947496636,49.638,5540.714774970788,32.62767,-117.01517,0
0613392,1600000US0613392,Chula Vista city,Chula Vista city,"Chula Vista city, California",CA,2024,Chula Vista,273843.0,276375.0,False,368.0,1825.0,908.0,35.0,3101.0,3101.0,1122.0262324739936,8.7,0.5791967761995909,8.7,40.2,8.0,108032.0,29.400271370420622,49.638,5567.810951287321,32.62767,-117.01517,0
0613588,1600000US0613588,Citrus Heights city,Citrus Heights city,"Citrus Heights city, California",CA,2022,Citrus Heights,86896.0,87127.0,False,232.0,1248.0,291.0,23.0,1771.0,1771.0,2032.6649603452433,10.1,0.5021838090191095,12.1,40.2,6.3,75022.0,15.13652484304521,14.216,6128.798536859877,38.69481,-121.287953,0
0613588,1600000US0613588,Citrus Heights city,Citrus Heights city,"Citrus Heights city, California",CA,2023,Citrus Heights,85894.0,87036.0,False,233.0,1239.0,298.0,24.0,1770.0,1770.0,2033.6412518957673,9.8,0.5094932141898678,12.6,39.7,7.0,77167.0,14.9191139298681,14.216,6122.397298818233,38.69481,-121.287953,0
0613588,1600000US0613588,Citrus Heights city,Citrus Heights city,"Citrus Heights city, California",CA,2024,Citrus Heights,85809.0,86995.0,False,317.0,1265.0,243.0,36.0,1825.0,1825.0,2097.821713891603,8.6,0.5228953563069894,12.0,39.3,6.7,82314.0,15.804356572216793,14.216,6119.5132245357345,38.69481,-121.287953,0
0614218,1600000US0614218,Clovis city,Clovis city,"Clovis city, California",CA,2022,Clovis,125348.0,120607.0,False,190.0,1796.0,187.0,7.0,2173.0,2173.0,1801.7196348470654,8.4,0.6525146128364858,13.1,33.5,6.3,98554.0,12.515028149278235,25.852,4665.287018412502,36.828967,-119.684922,0
0614218,1600000US0614218,Clovis city,Clovis city,"Clovis city, California",CA,2023,Clovis,126552.0,122719.0,False,276.0,1724.0,238.0,25.0,2238.0,2238.0,1823.6784849941737,7.4,0.6548909692839512,11.6,33.8,5.9,100360.0,12.511510035120885,25.852,4746.982825313322,36.828967,-119.684922,0
0614218,1600000US0614218,Clovis city,Clovis city,"Clovis city, California",CA,2024,Clovis,127560.0,124725.0,False,188.0,1714.0,223.0,12.0,2125.0,2125.0,1703.7482461415113,8.0,0.6627576208247441,11.8,34.6,5.6,99241.0,12.868310282621767,26.256,4750.342778793419,36.827809,-119.681843,0
0614890,1600000US0614890,Colton city,Colton city,"Colton city, California",CA,2022,Colton,54597.0,53959.0,False,200.0,773.0,277.0,8.0,1250.0,1250.0,2316.5736948423805,15.4,0.4456115888348011,7.7,48.5,7.4,66725.0,20.632331955744178,15.629,3452.4921620065265,34.054525,-117.325029,0
0614890,1600000US0614890,Colton city,Colton city,"Colton city, California",CA,2023,Colton,53893.0,53798.0,False,212.0,1156.0,407.0,10.0,1775.0,1775.0,3299.379159076546,15.3,0.42915442238052226,7.2,47.7,6.9,69581.0,23.365180861742072,15.628,3442.4110570770413,34.054525,-117.325029,0
0614890,1600000US0614890,Colton city,Colton city,"Colton city, California",CA,2024,Colton,53153.0,53772.0,False,160.0,754.0,205.0,5.0,1119.0,1119.0,2081.0087034144167,13.7,0.417736684670615,7.6,47.2,7.5,71208.0,25.71598601502641,15.628,3440.747376503711,34.054525,-117.325029,0
0615044,1600000US0615044,Compton city,Compton city,"Compton city, California",CA,2022,Compton,91625.0,94822.0,False,279.0,1158.0,1012.0,,2449.0,2449.0,2582.733964691738,17.7,0.4306671074034074,3.9,42.6,7.9,69728.0,29.43304296471283,10.028,9455.723972875947,33.894047,-118.227469,0
0615044,1600000US0615044,Compton city,Compton city,"Compton city, California",CA,2023,Compton,90323.0,93525.0,False,390.0,1568.0,1150.0,83.0,3108.0,3108.0,3323.1756214915795,17.1,0.4307739399579037,3.6,42.6,7.1,74270.0,30.629243517775993,10.027,9327.316246135435,33.894047,-118.227469,0
0615044,1600000US0615044,Compton city,Compton city,"Compton city, California",CA,2024,Compton,89564.0,92698.0,False,347.0,1443.0,1027.0,70.0,2817.0,2817.0,3038.9005156529806,17.9,0.4116288506883069,3.4,43.6,8.0,78465.0,31.1829812940948,10.027,9244.838934875836,33.894047,-118.227469,0
0616000,1600000US0616000,Concord city,Concord city,"Concord city, California",CA,2022,Concord,122982.0,125007.0,False,514.0,2369.0,561.0,68.0,3444.0,3444.0,2755.0457174398234,9.2,0.6846794532740785,12.2,38.9,4.9,107789.0,25.576967689809372,30.56,4090.5431937172775,37.972186,-122.001599,0
0616000,1600000US0616000,Concord city,Concord city,"Concord city, California",CA,2023,Concord,121331.0,124260.0,False,700.0,2363.0,787.0,45.0,3850.0,3850.0,3098.3421857395783,8.9,0.6898600254307042,11.4,38.6,4.9,109195.0,25.60357315306615,30.568,4065.035331065166,37.972184,-122.001587,0
0616000,1600000US0616000,Concord city,Concord city,"Concord city, California",CA,2024,Concord,121341.0,124035.0,False,515.0,2361.0,626.0,73.0,3502.0,3502.0,2823.3966219212316,8.2,0.6963512047679752,10.8,38.4,5.4,108709.0,25.481517313661467,30.568,4057.674692488877,37.972184,-122.001587,0
0616350,1600000US0616350,Corona city,Corona city,"Corona city, California",CA,2022,Corona,161946.0,158346.0,False,642.0,2595.0,654.0,,3891.0,3891.0,2457.277102042363,8.5,0.6526529785663949,10.6,36.9,4.6,103727.0,23.793464943857124,39.892,3969.367291687556,33.861969,-117.565495,0
0616350,1600000US0616350,Corona city,Corona city,"Corona city, California",CA,2023,Corona,160590.0,158839.0,False,568.0,2399.0,485.0,17.0,3452.0,3452.0,2173.269788905747,9.1,0.6525753897947086,9.3,36.6,5.4,106438.0,24.235861469790166,39.892,3981.725659280056,33.861969,-117.565495,0
0616350,1600000US0616350,Corona city,Corona city,"Corona city, California",CA,2024,Corona,161174.0,159670.0,False,393.0,2050.0,335.0,15.0,2778.0,2778.0,1739.838416734515,8.7,0.6590800167168547,8.3,36.2,5.5,109242.0,25.10928790630676,39.892,4002.5569036398274,33.861969,-117.565495,0
0616532,1600000US0616532,Costa Mesa city,Costa Mesa city,"Costa Mesa city, California",CA,2022,Costa Mesa,109785.0,111490.0,False,540.0,2983.0,382.0,,3905.0,3905.0,3502.5562830747153,9.5,0.6215109755132255,15.3,60.3,5.0,104981.0,23.197596196968338,15.806,7053.650512463621,33.665905,-117.912336,0
0616532,1600000US0616532,Costa Mesa city,Costa Mesa city,"Costa Mesa city, California",CA,2024,Costa Mesa,107235.0,110330.0,False,398.0,2341.0,303.0,29.0,3042.0,3042.0,2757.18299646515,9.1,0.6313846430682328,14.7,60.4,4.7,111505.0,22.328469138040425,15.806,6980.260660508668,33.665905,-117.912336,0
0616742,1600000US0616742,Covina city,Covina city,"Covina city, California",CA,2022,Covina,49590.0,50717.0,False,557.0,671.0,162.0,12.0,1390.0,1390.0,2740.6983851568507,7.7,0.5664320369874158,8.6,44.4,5.7,89650.0,24.583472997219868,7.035,7209.239516702203,34.090475,-117.882143,0
0616742,1600000US0616742,Covina city,Covina city,"Covina city, California",CA,2023,Covina,48668.0,50143.0,False,345.0,511.0,136.0,5.0,992.0,992.0,1978.3419420457492,8.9,0.5900975369269648,7.7,42.7,6.3,94792.0,24.70534271982131,7.035,7127.647476901208,34.090475,-117.882143,0
0617610,1600000US0617610,Cupertino city,Cupertino city,"Cupertino city, California",CA,2022,Cupertino,56950.0,59763.0,False,161.0,535.0,62.0,,758.0,758.0,1268.3432893261718,5.3,0.4602546976542149,16.6,39.4,3.0,223667.0,53.911282900791456,11.328,5275.688559322034,37.3194,-122.044957,0
0617610,1600000US0617610,Cupertino city,Cupertino city,"Cupertino city, California",CA,2023,Cupertino,56740.0,58886.0,False,119.0,525.0,48.0,8.0,692.0,692.0,1175.1519885881196,4.3,0.440847378824306,16.5,38.7,3.4,231139.0,55.13194986923887,11.34,5192.768959435626,37.3194,-122.044957,0
0617610,1600000US0617610,Cupertino city,Cupertino city,"Cupertino city, California",CA,2024,Cupertino,56375.0,58566.0,False,133.0,713.0,37.0,9.0,883.0,883.0,1507.7007137246867,4.1,0.45370149192946796,16.8,39.4,4.0,234707.0,55.00461018338285,11.34,5164.550264550265,37.3194,-122.044957,0
0617918,1600000US0617918,Daly City city,Daly City city,"Daly City city, California",CA,2022,Daly City,98021.0,103648.0,False,145.0,1623.0,332.0,,2100.0,2100.0,2026.088298857672,7.6,0.5967118878132756,8.9,39.8,5.4,114910.0,50.58274158690954,7.638,13570.044514270752,37.686193,-122.468669,0
0617918,1600000US0617918,Daly City city,Daly City city,"Daly City city, California",CA,2023,Daly City,97774.0,102560.0,False,191.0,1502.0,371.0,9.0,2064.0,2064.0,2012.4804992199686,7.3,0.5977216034721731,8.8,39.5,5.0,119570.0,50.93701248049922,7.638,13427.598847865933,37.686193,-122.468669,0
0617918,1600000US0617918,Daly City city,Daly City city,"Daly City city, California",CA,2024,Daly City,98217.0,101964.0,False,94.0,1362.0,320.0,12.0,1776.0,1776.0,1741.7912204307402,7.7,0.5910040568870165,9.0,39.8,5.3,123547.0,49.69106743556549,7.65,13328.627450980392,37.701684,-122.464968,0
0618100,1600000US0618100,Davis city,Davis city,"Davis city, California",CA,2022,Davis,66939.0,67203.0,False,169.0,1599.0,116.0,9.0,1884.0,1884.0,2803.4462747198786,26.3,0.6461386605984266,30.6,58.0,5.8,83592.0,21.02435903159085,9.972,6739.169675090253,38.556147,-121.737793,0
0618100,1600000US0618100,Davis city,Davis city,"Davis city, California",CA,2023,Davis,67193.0,66801.0,False,188.0,1496.0,161.0,23.0,1845.0,1845.0,2761.9347015763237,25.1,0.6561632422134795,30.1,56.5,5.6,87421.0,20.327540006886125,9.972,6698.856799037305,38.556147,-121.737793,0
0618100,1600000US0618100,Davis city,Davis city,"Davis city, California",CA,2024,Davis,65483.0,66978.0,False,93.0,1260.0,95.0,26.0,1448.0,1448.0,2161.9039087461556,26.5,0.6639235315731986,30.7,56.5,6.3,90045.0,18.9913105795933,9.972,6716.606498194946,38.556147,-121.737793,0
0618394,1600000US0618394,Delano city,Delano city,"Delano city, California",CA,2022,Delano,52484.0,50498.0,False,120.0,544.0,432.0,31.0,1096.0,1096.0,2170.3829854647706,19.6,0.4026347733020951,6.5,38.4,9.8,53639.0,35.38159927125827,14.716,3431.503125849416,35.76643,-119.264221,0
0618394,1600000US0618394,Delano city,Delano city,"Delano city, California",CA,2023,Delano,51347.0,50835.0,False,100.0,498.0,239.0,50.0,837.0,837.0,1646.5033933313664,15.9,0.39990480447946486,6.5,37.9,11.4,61817.0,34.01199960657028,14.716,3454.403370481109,35.76643,-119.264221,0
0618394,1600000US0618394,Delano city,Delano city,"Delano city, California",CA,2024,Delano,52061.0,51679.0,False,44.0,352.0,183.0,18.0,579.0,579.0,1120.37771628708,16.0,0.39755560270482226,5.2,37.2,13.9,67010.0,35.194179453936805,14.716,3511.7559119325906,35.76643,-119.264221,0
0619192,1600000US0619192,Diamond Bar city,Diamond Bar city,"Diamond Bar city, California",CA,2022,Diamond Bar,52713.0,54534.0,False,256.0,614.0,99.0,,969.0,969.0,1776.8731433601058,8.6,0.5908781162010794,9.0,22.6,5.2,106881.0,45.17915428906737,14.878,3665.4120177443206,34.001573,-117.817601,0
0619192,1600000US0619192,Diamond Bar city,Diamond Bar city,"Diamond Bar city, California",CA,2023,Diamond Bar,51863.0,53750.0,False,287.0,610.0,105.0,1.0,1002.0,1002.0,1864.1860465116279,9.1,0.5691987784964847,7.8,22.6,5.1,106602.0,46.8446511627907,14.878,3612.71676300578,34.001573,-117.817601,0
0619192,1600000US0619192,Diamond Bar city,Diamond Bar city,"Diamond Bar city, California",CA,2024,Diamond Bar,51126.0,53355.0,False,346.0,532.0,74.0,3.0,952.0,952.0,1784.275138225096,10.0,0.5633399574520968,7.3,22.7,4.9,108281.0,47.288913878736764,14.878,3586.167495631133,34.001573,-117.817601,0
0619766,1600000US0619766,Downey city,Downey city,"Downey city, California",CA,2022,Downey,109226.0,113052.0,False,282.0,1616.0,997.0,,2895.0,2895.0,2560.768495913385,9.5,0.42239047998553914,7.1,50.6,5.6,84236.0,31.605809715882955,12.409,9110.484325892498,33.938237,-118.130856,0
0619766,1600000US0619766,Downey city,Downey city,"Downey city, California",CA,2023,Downey,107969.0,111793.0,False,318.0,1609.0,1189.0,10.0,3116.0,3116.0,2787.294374424159,9.1,0.4126051501822041,6.7,49.3,5.8,87400.0,31.858882040914903,12.409,9009.025707148037,33.938237,-118.130856,0
0620018,1600000US0620018,Dublin city,Dublin city,"Dublin city, California",CA,2023,Dublin,71833.0,70542.0,False,85.0,1016.0,117.0,8.0,1218.0,1218.0,1726.6309432678404,4.3,0.6369531086173703,17.3,34.9,3.5,205046.0,40.63820135522101,15.229,4632.083524853897,37.716137,-121.896229,0
0620018,1600000US0620018,Dublin city,Dublin city,"Dublin city, California",CA,2024,Dublin,68099.0,70803.0,False,107.0,1063.0,136.0,6.0,1306.0,1306.0,1844.5546092679688,4.5,0.6245911088918459,15.3,34.3,3.8,214385.0,40.83584028925328,15.229,4649.221879309213,37.716137,-121.896229,0
0621230,1600000US0621230,Eastvale city,Eastvale city,"Eastvale city, California",CA,2022,Eastvale,72753.0,69594.0,False,146.0,940.0,146.0,,1232.0,1232.0,1770.2675518004426,4.3,0.7145816159748489,9.4,22.3,4.5,151615.0,27.20205764864787,12.679,5488.918684438836,33.963274,-117.582369,0
0621230,1600000US0621230,Eastvale city,Eastvale city,"Eastvale city, California",CA,2023,Eastvale,71564.0,70179.0,False,142.0,931.0,200.0,3.0,1273.0,1273.0,1813.9329429031477,3.6,0.7169356025442043,8.1,19.8,4.7,161322.0,27.97845509340401,12.679,5535.057969871441,33.963274,-117.582369,0
0621230,1600000US0621230,Eastvale city,Eastvale city,"Eastvale city, California",CA,2024,Eastvale,70669.0,70633.0,False,105.0,975.0,142.0,1.0,1222.0,1222.0,1730.0695142497134,4.8,0.6988234840731484,8.7,22.0,4.7,160069.0,30.127560771877164,12.679,5570.865210190078,33.963274,-117.582369,0
0621712,1600000US0621712,El Cajon city,El Cajon city,"El Cajon city, California",CA,2022,El Cajon,104693.0,105721.0,False,265.0,1077.0,342.0,23.0,1684.0,1684.0,1592.8718040881188,18.9,0.6020990092747958,14.8,58.3,8.1,64128.0,28.830601299647185,14.51,7286.078566505858,32.801673,-116.960468,0
0621712,1600000US0621712,El Cajon city,El Cajon city,"El Cajon city, California",CA,2023,El Cajon,103569.0,104909.0,False,214.0,1061.0,296.0,25.0,1571.0,1571.0,1497.488299383275,20.0,0.6223991860642202,14.9,58.9,9.2,66478.0,28.69153266164009,14.51,7230.117160578911,32.801673,-116.960468,0
0621712,1600000US0621712,El Cajon city,El Cajon city,"El Cajon city, California",CA,2024,El Cajon,101983.0,104449.0,False,157.0,1105.0,268.0,18.0,1530.0,1530.0,1464.8297255119724,20.5,0.6361865521153615,15.4,58.5,9.6,67511.0,29.316700016275888,14.51,7198.414886285321,32.801673,-116.960468,0
0622020,1600000US0622020,Elk Grove city,Elk Grove city,"Elk Grove city, California",CA,2022,Elk Grove,180372.0,176105.0,False,263.0,1912.0,191.0,5.0,2366.0,2366.0,1343.516651997388,8.8,0.7579934572876028,10.2,26.2,6.4,115864.0,25.299111325629596,42.601,4133.823149691322,38.414621,-121.384961,0
0622020,1600000US0622020,Elk Grove city,Elk Grove city,"Elk Grove city, California",CA,2023,Elk Grove,177976.0,177221.0,False,252.0,1667.0,222.0,17.0,2141.0,2141.0,1208.0961059919537,7.4,0.7556404201581788,9.5,26.1,6.7,122229.0,24.988573588908764,42.601,4160.019717846999,38.414621,-121.384961,0
0622020,1600000US0622020,Elk Grove city,Elk Grove city,"Elk Grove city, California",CA,2024,Elk Grove,179074.0,179155.0,False,198.0,1784.0,224.0,9.0,2206.0,2206.0,1231.3359939717004,8.0,0.7618039414172798,8.7,26.2,6.4,125924.0,25.39197901258687,42.601,4205.417713199221,38.414621,-121.384961,0
0622230,1600000US0622230,El Monte city,El Monte city,"El Monte city, California",CA,2022,El Monte,104695.0,108682.0,False,443.0,990.0,524.0,17.0,1957.0,1957.0,1800.666163670157,16.9,0.4854916060300699,6.6,60.4,7.0,59929.0,49.20594026609742,9.557,11371.978654389452,34.074633,-118.029136,0
0622230,1600000US0622230,El Monte city,El Monte city,"El Monte city, California",CA,2023,El Monte,103463.0,107066.0,False,416.0,1195.0,453.0,21.0,2064.0,2064.0,1927.7828629069918,17.2,0.4900026889308958,5.8,60.0,6.4,64484.0,49.722601012459606,9.557,11202.887935544626,34.074633,-118.029136,0
0622230,1600000US0622230,El Monte city,El Monte city,"El Monte city, California",CA,2024,El Monte,102088.0,106109.0,False,397.0,1211.0,487.0,14.0,2095.0,2095.0,1974.3848306929667,17.4,0.4730808930268643,6.2,59.8,6.3,68030.0,49.07312292077015,9.557,11102.751909595061,34.074633,-118.029136,0
0622678,1600000US0622678,Encinitas city,Encinitas city,"Encinitas city, California",CA,2022,Encinitas,61488.0,61942.0,False,147.0,667.0,106.0,1.0,920.0,920.0,1485.2604048949017,7.1,0.39730401142546257,10.2,34.8,4.6,142506.0,12.445513544929128,19.056,3250.524769101595,33.050632,-117.263616,0
0622678,1600000US0622678,Encinitas city,Encinitas city,"Encinitas city, California",CA,2023,Encinitas,61062.0,61585.0,False,103.0,545.0,85.0,4.0,733.0,733.0,1190.2248924251037,7.3,0.42516186262984923,9.1,33.6,4.7,150471.0,12.136072095477795,19.056,3231.790512174643,33.050632,-117.263616,0
0622678,1600000US0622678,Encinitas city,Encinitas city,"Encinitas city, California",CA,2024,Encinitas,60461.0,61480.0,False,98.0,397.0,74.0,6.0,569.0,569.0,925.5042290175667,7.4,0.4320988507722545,8.9,33.5,4.5,162229.0,12.789525048796357,19.056,3226.280436607892,33.050632,-117.263616,0
0622804,1600000US0622804,Escondido city,Escondido city,"Escondido city, California",CA,2022,Escondido,150072.0,151114.0,False,416.0,1702.0,576.0,16.0,2694.0,2694.0,1782.7600354699102,13.2,0.6019028595247016,10.7,48.2,4.3,77554.0,27.573884616911737,37.346,4046.323568789161,33.133053,-117.074043,0
0622804,1600000US0622804,Escondido city,Escondido city,"Escondido city, California",CA,2023,Escondido,149837.0,149913.0,False,351.0,1670.0,363.0,15.0,2384.0,2384.0,1590.2556816286778,13.4,0.6065239030706988,10.2,47.8,4.5,84477.0,28.284404954873825,37.348,4013.949876834101,33.133053,-117.074043,0
0622804,1600000US0622804,Escondido city,Escondido city,"Escondido city, California",CA,2024,Escondido,147170.0,149668.0,False,328.0,1546.0,312.0,25.0,2186.0,2186.0,1460.5660528636715,12.2,0.6107831003483664,9.8,46.6,4.7,91967.0,29.02424031857177,37.353,4006.853532514122,33.133053,-117.074043,0
0623182,1600000US0623182,Fairfield city,Fairfield city,"Fairfield city, California",CA,2022,Fairfield,119583.0,119420.0,False,359.0,2153.0,533.0,,3045.0,3045.0,2549.824150058617,9.2,0.7703601104327142,13.6,39.7,5.5,98857.0,22.248367107687155,41.586,2871.6394940605014,38.26206,-122.032386,0
0623182,1600000US0623182,Fairfield city,Fairfield city,"Fairfield city, California",CA,2023,Fairfield,119071.0,119985.0,False,370.0,1815.0,445.0,59.0,2630.0,2630.0,2191.9406592490727,10.5,0.7665885964211584,12.0,39.8,5.3,102321.0,23.802141934408468,41.586,2885.2257971432696,38.26206,-122.032386,0
0623182,1600000US0623182,Fairfield city,Fairfield city,"Fairfield city, California",CA,2024,Fairfield,121082.0,120785.0,False,259.0,1495.0,287.0,41.0,2041.0,2041.0,1689.7793600198702,10.2,0.7660984918810041,11.1,38.7,5.8,101895.0,23.347269942459743,41.586,2904.463040446304,38.26206,-122.032386,0
0624638,1600000US0624638,Folsom city,Folsom city,"Folsom city, California",CA,2022,Folsom,83011.0,81077.0,False,162.0,945.0,104.0,,1211.0,1211.0,1493.6418466396142,5.3,0.6274226042441758,16.4,30.8,5.0,134935.0,18.36649111338604,27.881,2907.965998350131,38.666597,-121.141635,0
0624638,1600000US0624638,Folsom city,Folsom city,"Folsom city, California",CA,2023,Folsom,84559.0,82140.0,False,120.0,1149.0,59.0,8.0,1328.0,1328.0,1616.7518870221575,5.3,0.6303244103480024,16.2,31.0,5.1,139263.0,19.181884587289993,27.881,2946.092320935404,38.666597,-121.141635,0
0624638,1600000US0624638,Folsom city,Folsom city,"Folsom city, California",CA,2024,Folsom,86152.0,83916.0,False,101.0,1085.0,65.0,9.0,1251.0,1251.0,1490.7764907764906,5.3,0.6411766114226511,14.1,30.3,6.3,139804.0,20.189236855903523,27.881,3009.7916143610346,38.666597,-121.141635,0
0624680,1600000US0624680,Fontana city,Fontana city,"Fontana city, California",CA,2022,Fontana,212730.0,209279.0,False,445.0,1688.0,605.0,17.0,2738.0,2738.0,1308.3013584736166,10.5,0.49603571134716384,9.2,33.4,6.2,93230.0,27.64395854337989,43.278,4835.690189010583,34.109686,-117.462888,0
0624680,1600000US0624680,Fontana city,Fontana city,"Fontana city, California",CA,2023,Fontana,214429.0,211921.0,False,434.0,1846.0,647.0,17.0,2927.0,2927.0,1381.1750605178345,10.3,0.5100764929427781,8.5,32.8,6.8,98187.0,28.28412474459822,43.278,4896.737372336985,34.109686,-117.462888,0
0624680,1600000US0624680,Fontana city,Fontana city,"Fontana city, California",CA,2024,Fontana,217605.0,214169.0,False,319.0,1728.0,600.0,12.0,2647.0,2647.0,1235.9398419005552,9.9,0.513253989156458,8.0,33.2,6.5,102821.0,28.2613263357442,43.285,4947.880328058219,34.109686,-117.462888,0
0625380,1600000US0625380,Fountain Valley city,Fountain Valley city,"Fountain Valley city, California",CA,2022,Fountain Valley,55941.0,56754.0,False,182.0,921.0,144.0,,1247.0,1247.0,2197.201959333263,7.0,0.680815076578142,10.3,34.1,6.0,108860.0,31.812735666208546,9.071,6256.642046080918,33.710582,-117.951129,0
0625380,1600000US0625380,Fountain Valley city,Fountain Valley city,"Fountain Valley city, California",CA,2023,Fountain Valley,55419.0,56358.0,False,242.0,824.0,114.0,10.0,1180.0,1180.0,2093.7577628730614,7.3,0.6869876253482214,9.2,33.9,6.4,111797.0,32.039816884914295,9.071,6212.986440304267,33.710582,-117.951129,0
0625380,1600000US0625380,Fountain Valley city,Fountain Valley city,"Fountain Valley city, California",CA,2024,Fountain Valley,54975.0,56258.0,False,151.0,735.0,95.0,7.0,981.0,981.0,1743.751999715596,8.0,0.6911544379328716,8.7,35.2,5.6,115237.0,32.88598954815315,9.071,6201.962297431375,33.710582,-117.951129,0
0626000,1600000US0626000,Fremont city,Fremont city,"Fremont city, California",CA,2022,Fremont,223430.0,228795.0,False,997.0,4214.0,1207.0,25.0,6418.0,6418.0,2805.131231014664,5.3,0.5698680686917466,11.1,39.3,4.0,169023.0,48.81618916497301,78.103,2929.4009192988747,37.49446,-121.94115,0
0626000,1600000US0626000,Fremont city,Fremont city,"Fremont city, California",CA,2023,Fremont,220775.0,228518.0,False,1164.0,3831.0,1321.0,34.0,6316.0,6316.0,2763.8960607041895,5.1,0.5624009313086709,11.4,39.8,4.3,176350.0,50.063014729693066,78.103,2925.8543205766746,37.49446,-121.94115,0
0626000,1600000US0626000,Fremont city,Fremont city,"Fremont city, California",CA,2024,Fremont,224820.0,228295.0,False,771.0,3248.0,1214.0,41.0,5233.0,5233.0,2292.209641034626,5.2,0.5505951875926983,11.8,39.2,4.7,181506.0,51.09704548938873,78.103,2922.999116551221,37.49446,-121.94115,0
0627000,1600000US0627000,Fresno city,Fresno city,"Fresno city, California",CA,2022,Fresno,546871.0,541528.0,False,3980.0,11748.0,3134.0,121.0,18862.0,18862.0,3483.1070600227504,22.1,0.6572139491766038,13.0,51.9,9.0,63001.0,18.964855002880736,115.818,4675.680809546012,36.782684,-119.793359,0
0627000,1600000US0627000,Fresno city,Fresno city,"Fresno city, California",CA,2023,Fresno,547134.0,543615.0,False,2470.0,10925.0,3359.0,167.0,16754.0,16754.0,3081.960578718394,20.9,0.6589597809618829,11.9,50.3,8.7,66804.0,18.950727996835994,115.818,4693.700461068228,36.782684,-119.793359,0
0627000,1600000US0627000,Fresno city,Fresno city,"Fresno city, California",CA,2024,Fresno,546722.0,545970.0,False,2166.0,12050.0,3669.0,211.0,17885.0,17885.0,3275.821015806729,20.1,0.6585676173920048,11.7,49.9,8.9,70991.0,19.315530157334653,115.909,4710.333106143612,36.782684,-119.793359,0
0628000,1600000US0628000,Fullerton city,Fullerton city,"Fullerton city, California",CA,2022,Fullerton,140587.0,142280.0,False,749.0,2398.0,583.0,,3730.0,3730.0,2621.5912285633963,12.3,0.6927114681350328,12.9,48.4,6.9,99279.0,28.90216474557211,22.42,6346.119536128456,33.885716,-117.928025,0
0628000,1600000US0628000,Fullerton city,Fullerton city,"Fullerton city, California",CA,2023,Fullerton,139131.0,141278.0,False,486.0,2053.0,487.0,13.0,3026.0,3026.0,2141.8763006271324,12.2,0.6906897461593356,12.4,48.5,6.5,104219.0,28.909667464148697,22.42,6301.4272970562,33.885716,-117.928025,0
0628000,1600000US0628000,Fullerton city,Fullerton city,"Fullerton city, California",CA,2024,Fullerton,137942.0,140968.0,False,451.0,2051.0,290.0,19.0,2792.0,2792.0,1980.591339878554,12.3,0.6894212475917162,10.9,48.2,6.3,104286.0,29.34282957834402,22.42,6287.600356824263,33.885716,-117.928025,0
0628168,1600000US0628168,Gardena city,Gardena city,"Gardena city, California",CA,2022,Gardena,58535.0,60377.0,False,212.0,1014.0,619.0,6.0,1845.0,1845.0,3055.7993938089007,11.1,0.7123343567584599,9.5,51.0,4.3,75443.0,38.13372641900061,5.829,10358.037399210843,33.894417,-118.307522,0
0628168,1600000US0628168,Gardena city,Gardena city,"Gardena city, California",CA,2023,Gardena,57853.0,59765.0,False,241.0,1009.0,603.0,11.0,1853.0,1853.0,3100.4768677319503,11.0,0.7060725312571984,9.6,51.1,5.2,79291.0,36.28879779134945,5.829,10253.04511923143,33.894417,-118.307522,0
0628168,1600000US0628168,Gardena city,Gardena city,"Gardena city, California",CA,2024,Gardena,57584.0,59422.0,False,243.0,995.0,519.0,7.0,1757.0,1757.0,2956.817340378984,11.8,0.6997945448528532,8.7,51.2,6.1,84803.0,37.08054255999462,5.829,10194.201406759308,33.894417,-118.307522,0
0629000,1600000US0629000,Garden Grove city,Garden Grove city,"Garden Grove city, California",CA,2022,Garden Grove,169157.0,171637.0,False,650.0,2474.0,583.0,30.0,3707.0,3707.0,2159.7907211149113,12.6,0.6584281066834976,7.0,46.0,5.8,86139.0,43.94099174420434,17.953,9560.352030301343,33.778782,-117.960472,0
0629000,1600000US0629000,Garden Grove city,Garden Grove city,"Garden Grove city, California",CA,2023,Garden Grove,168015.0,170603.0,False,476.0,1553.0,386.0,15.0,2415.0,2415.0,1415.5671353962123,12.2,0.6592728441506108,7.4,46.4,5.7,90166.0,45.25360046423568,17.953,9502.75719935387,33.778782,-117.960472,0
0629000,1600000US0629000,Garden Grove city,Garden Grove city,"Garden Grove city, California",CA,2024,Garden Grove,167041.0,170964.0,False,514.0,1963.0,461.0,24.0,2938.0,2938.0,1718.4904424323252,12.3,0.6538492987646694,7.5,46.9,6.0,92174.0,46.18165227767249,17.953,9522.86525928814,33.778782,-117.960472,0
0629504,1600000US0629504,Gilroy city,Gilroy city,"Gilroy city, California",CA,2022,Gilroy,56742.0,58696.0,False,184.0,681.0,372.0,,1237.0,1237.0,2107.4689927763393,7.8,0.5838447359299521,9.5,36.4,5.9,127391.0,24.470151287992365,16.536,3549.58877600387,37.006407,-121.585321,0
0629504,1600000US0629504,Gilroy city,Gilroy city,"Gilroy city, California",CA,2023,Gilroy,57331.0,58561.0,False,197.0,1135.0,358.0,34.0,1690.0,1690.0,2885.8796810163763,7.6,0.5785269936875181,10.1,37.2,6.1,131554.0,24.113317737060502,16.536,3541.424770198355,37.006407,-121.585321,0
0629504,1600000US0629504,Gilroy city,Gilroy city,"Gilroy city, California",CA,2024,Gilroy,57877.0,59004.0,False,148.0,871.0,233.0,28.0,1252.0,1252.0,2121.8900413531283,6.7,0.5824940280088696,8.8,37.6,6.3,133107.0,24.308521456172464,16.536,3568.2148040638604,37.006407,-121.585321,0
0630000,1600000US0630000,Glendale city,Glendale city,"Glendale city, California",CA,2022,Glendale,188599.0,194512.0,False,486.0,2545.0,413.0,,3444.0,3444.0,1770.5848482355846,13.4,0.5661003408671732,10.6,65.8,8.1,81219.0,51.098646870115985,30.479,6381.836674431576,34.181393,-118.24583,0
0630000,1600000US0630000,Glendale city,Glendale city,"Glendale city, California",CA,2023,Glendale,185923.0,192270.0,False,538.0,3123.0,491.0,35.0,4152.0,4152.0,2159.4632547979404,13.4,0.5584227709442411,10.4,64.7,8.2,84262.0,51.04332449160035,30.479,6308.2778306374885,34.181393,-118.24583,0
0630000,1600000US0630000,Glendale city,Glendale city,"Glendale city, California",CA,2024,Glendale,184180.0,190748.0,False,372.0,2937.0,424.0,33.0,3733.0,3733.0,1957.0323148866569,12.9,0.5542519602391376,10.2,64.8,8.3,88393.0,51.488875374840106,30.479,6258.341809114472,34.181393,-118.24583,0
0630014,1600000US0630014,Glendora city,Glendora city,"Glendora city, California",CA,2022,Glendora,50650.0,52095.0,False,199.0,869.0,90.0,,1158.0,1158.0,2222.8620788943276,7.2,0.6490743636799962,10.6,32.1,6.1,106718.0,18.6140704482196,19.51,2670.169144028703,34.144964,-117.847804,0
0630014,1600000US0630014,Glendora city,Glendora city,"Glendora city, California",CA,2023,Glendora,50008.0,51350.0,False,189.0,773.0,86.0,16.0,1048.0,1048.0,2040.8958130477117,7.4,0.6560740216681251,10.1,32.2,6.1,111915.0,18.95813047711782,19.51,2631.983598154792,34.144964,-117.847804,0
0630014,1600000US0630014,Glendora city,Glendora city,"Glendora city, California",CA,2024,Glendora,49136.0,50926.0,False,177.0,719.0,86.0,8.0,982.0,982.0,1928.288104308212,7.3,0.6644404637232617,8.6,32.1,6.1,113569.0,18.638809252641085,19.51,2610.251153254741,34.144964,-117.847804,0
0631960,1600000US0631960,Hanford city,Hanford city,"Hanford city, California",CA,2022,Hanford,58990.0,57920.0,False,113.0,517.0,169.0,13.0,799.0,799.0,1379.4889502762433,14.5,0.6164505492906962,11.3,38.1,8.2,73819.0,15.036256906077346,17.471,3315.208059069315,36.327512,-119.655018,0
0631960,1600000US0631960,Hanford city,Hanford city,"Hanford city, California",CA,2023,Hanford,58657.0,59389.0,False,91.0,463.0,147.0,6.0,701.0,701.0,1180.3532640724713,14.9,0.6083133388501443,9.3,37.9,9.0,73544.0,16.2521679098823,17.914,3315.2283130512446,36.327741,-119.65462,0
0631960,1600000US0631960,Hanford city,Hanford city,"Hanford city, California",CA,2024,Hanford,60208.0,59754.0,False,98.0,460.0,136.0,19.0,694.0,694.0,1161.428523613482,14.5,0.6089951799331439,9.0,37.9,9.5,76461.0,14.810723968269906,17.927,3333.1845819155465,36.327719,-119.654609,0
0632548,1600000US0632548,Hawthorne city,Hawthorne city,"Hawthorne city, California",CA,2022,Hawthorne,84283.0,86978.0,False,284.0,902.0,587.0,,1773.0,1773.0,2038.4465037135826,15.6,0.61601466164271,10.2,72.2,7.5,72298.0,32.65078525604176,6.087,14289.140791851487,33.914775,-118.348083,0
0632548,1600000US0632548,Hawthorne city,Hawthorne city,"Hawthorne city, California",CA,2023,Hawthorne,82988.0,85933.0,False,251.0,968.0,702.0,15.0,1921.0,1921.0,2235.4625114915107,16.4,0.6145602920557733,10.5,72.5,7.8,72719.0,33.76584082948344,6.087,14117.463446689668,33.914775,-118.348083,0
0632548,1600000US0632548,Hawthorne city,Hawthorne city,"Hawthorne city, California",CA,2024,Hawthorne,81941.0,85191.0,False,239.0,1135.0,646.0,14.0,2020.0,2020.0,2371.142491577749,15.5,0.6249571419431985,9.4,72.8,7.9,75848.0,32.14189292296135,6.087,13995.564317397733,33.914775,-118.348083,0
0633000,1600000US0633000,Hayward city,Hayward city,"Hayward city, California",CA,2022,Hayward,156458.0,160602.0,False,502.0,2429.0,1608.0,,4539.0,4539.0,2826.2412672320393,9.6,0.725488353426356,8.6,43.5,5.7,105371.0,40.372473568199645,45.818,3505.216290540836,37.626826,-122.104015,0
0633000,1600000US0633000,Hayward city,Hayward city,"Hayward city, California",CA,2023,Hayward,153914.0,159201.0,False,654.0,3037.0,2377.0,19.0,6068.0,6068.0,3811.533847149201,9.5,0.7203484919225456,8.5,43.1,5.9,113775.0,42.01418332799417,45.818,3474.63878824916,37.626826,-122.104015,0
0633000,1600000US0633000,Hayward city,Hayward city,"Hayward city, California",CA,2024,Hayward,153419.0,158801.0,False,559.0,2939.0,2112.0,34.0,5610.0,5610.0,3532.723345570872,9.6,0.714633888593067,8.7,42.0,6.3,113318.0,43.445570242001,45.818,3465.908594875377,37.626826,-122.104015,0
0633182,1600000US0633182,Hemet city,Hemet city,"Hemet city, California",CA,2022,Hemet,91046.0,89651.0,False,563.0,828.0,487.0,11.0,1878.0,1878.0,2094.789795986659,17.4,0.6182734670211993,12.0,38.9,9.5,49901.0,18.64786784308039,29.262,3063.734536258629,33.734068,-116.996808,0
0633182,1600000US0633182,Hemet city,Hemet city,"Hemet city, California",CA,2023,Hemet,91115.0,90646.0,False,394.0,968.0,438.0,20.0,1800.0,1800.0,1985.746751097677,16.0,0.6333674528652917,11.9,36.9,8.3,53623.0,19.66551199170399,29.262,3097.737680267924,33.734068,-116.996808,0
0633182,1600000US0633182,Hemet city,Hemet city,"Hemet city, California",CA,2024,Hemet,93212.0,91326.0,False,158.0,1135.0,230.0,8.0,1523.0,1523.0,1667.6521472526993,14.9,0.6478396584443472,11.3,37.7,8.0,57719.0,19.432582178131092,29.262,3120.976009842116,33.734068,-116.996808,0
0633434,1600000US0633434,Hesperia city,Hesperia city,"Hesperia city, California",CA,2022,Hesperia,101748.0,99878.0,False,323.0,815.0,295.0,,1433.0,1433.0,1434.7503954824888,18.1,0.5248315432061541,6.6,36.5,9.8,67698.0,17.60247501952382,72.681,1374.1968327348277,34.397038,-117.315198,0
0633434,1600000US0633434,Hesperia city,Hesperia city,"Hesperia city, California",CA,2024,Hesperia,100850.0,100775.0,False,324.0,573.0,541.0,25.0,1438.0,1438.0,1426.9412056561646,16.9,0.5310694992005949,7.3,32.8,9.3,72160.0,17.506325973703795,72.681,1386.5384350793192,34.397038,-117.315198,0
0633588,1600000US0633588,Highland city,Highland city,"Highland city, California",CA,2022,Highland,57248.0,56789.0,False,154.0,442.0,161.0,,757.0,757.0,1333.0046311785732,15.9,0.5890163321816473,8.6,33.7,6.0,72222.0,23.08545669055627,18.571,3057.939798610737,34.113473,-117.165729,0
0633588,1600000US0633588,Highland city,Highland city,"Highland city, California",CA,2024,Highland,55936.0,56675.0,False,112.0,408.0,220.0,14.0,740.0,740.0,1305.6903396559328,17.1,0.6025969808664196,6.6,35.9,6.2,77120.0,21.44861049845611,18.571,3051.8011954122017,34.113473,-117.165729,0
0636000,1600000US0636000,Huntington Beach city,Huntington Beach city,"Huntington Beach city, California",CA,2022,Huntington Beach,194618.0,197481.0,False,494.0,3369.0,501.0,,4364.0,4364.0,2209.8328446787286,7.3,0.5846004085762054,13.5,44.3,5.4,114747.0,16.275996171783614,26.982,7318.990438069824,33.698007,-118.003834,0
0636000,1600000US0636000,Huntington Beach city,Huntington Beach city,"Huntington Beach city, California",CA,2023,Huntington Beach,192292.0,196010.0,False,469.0,3108.0,332.0,39.0,3909.0,3909.0,1994.28600581603,7.5,0.5913313675527399,12.0,44.2,5.4,119885.0,16.410387225141573,26.982,7264.472611370544,33.698007,-118.003834,0
0636000,1600000US0636000,Huntington Beach city,Huntington Beach city,"Huntington Beach city, California",CA,2024,Huntington Beach,190081.0,195240.0,False,382.0,3125.0,274.0,31.0,3781.0,3781.0,1936.5908625281706,7.8,0.5945228764299402,12.1,44.6,5.4,120919.0,17.645461995492724,26.982,7235.935067822993,33.698007,-118.003834,0
0636056,1600000US0636056,Huntington Park city,Huntington Park city,"Huntington Park city, California",CA,2022,Huntington Park,52507.0,54547.0,False,374.0,866.0,751.0,,1991.0,1991.0,3650.0632482079673,17.9,0.057954518636308294,7.3,75.7,10.1,54073.0,46.18585806735476,3.007,18140.006651147323,33.979248,-118.217438,0
0636056,1600000US0636056,Huntington Park city,Huntington Park city,"Huntington Park city, California",CA,2023,Huntington Park,51623.0,53658.0,False,330.0,1060.0,793.0,21.0,2183.0,2183.0,4068.3588654068362,17.6,0.06699872304379406,6.3,75.5,9.6,56952.0,47.05728875470573,3.007,17844.36315264383,33.979248,-118.217438,0
0636056,1600000US0636056,Huntington Park city,Huntington Park city,"Huntington Park city, California",CA,2024,Huntington Park,51054.0,53108.0,False,228.0,822.0,543.0,15.0,1593.0,1593.0,2999.5480906831363,18.3,0.0644915161601829,6.2,75.8,9.5,59996.0,46.524064171122994,3.008,17655.58510638298,33.979248,-118.217438,0
0636448,1600000US0636448,Indio city,Indio city,"Indio city, California",CA,2022,Indio,91604.0,89616.0,False,220.0,965.0,340.0,,1525.0,1525.0,1701.7050526691662,13.2,0.471173061321433,7.0,30.7,7.3,68436.0,24.654079628637742,33.183,2700.659976493988,33.731639,-116.235971,0
0636448,1600000US0636448,Indio city,Indio city,"Indio city, California",CA,2023,Indio,93364.0,90669.0,False,210.0,1113.0,337.0,23.0,1660.0,1660.0,1830.8352358579007,11.6,0.46569526824177476,7.1,31.7,4.6,78709.0,25.335009760778217,33.183,2732.393092848748,33.731639,-116.235971,0
0636546,1600000US0636546,Inglewood city,Inglewood city,"Inglewood city, California",CA,2022,Inglewood,102879.0,106806.0,False,312.0,1569.0,1102.0,,2983.0,2983.0,2792.914255753422,15.4,0.6051151075809365,8.2,64.5,8.2,67563.0,29.253974495814845,9.067,11779.64045439506,33.956068,-118.344274,0
0636546,1600000US0636546,Inglewood city,Inglewood city,"Inglewood city, California",CA,2023,Inglewood,101790.0,105575.0,False,371.0,2347.0,1104.0,26.0,3822.0,3822.0,3620.175230878522,14.9,0.6045436496203346,7.4,64.7,7.9,71029.0,28.89699265924698,9.067,11643.87338700783,33.956068,-118.344274,0
0636546,1600000US0636546,Inglewood city,Inglewood city,"Inglewood city, California",CA,2024,Inglewood,101399.0,104569.0,False,301.0,2486.0,878.0,26.0,3665.0,3665.0,3504.862817852327,14.6,0.6105138048820833,6.4,63.8,8.3,72750.0,28.699710239172223,9.067,11532.921583765303,33.956068,-118.344274,0
0636770,1600000US0636770,Irvine city,Irvine city,"Irvine city, California",CA,2022,Irvine,311696.0,304527.0,False,833.0,3488.0,290.0,19.0,4611.0,4611.0,1514.151454550828,12.5,0.66098137195969,22.5,56.1,5.5,122948.0,39.57317413562673,65.61,4641.472336534065,33.678399,-117.771254,0
0636770,1600000US0636770,Irvine city,Irvine city,"Irvine city, California",CA,2023,Irvine,316132.0,308160.0,False,808.0,3807.0,273.0,16.0,4888.0,4888.0,1586.188992731049,11.7,0.6649922533069698,22.3,56.2,5.5,129647.0,39.28154205607476,65.613,4696.630240958347,33.678399,-117.771254,0
0636770,1600000US0636770,Irvine city,Irvine city,"Irvine city, California",CA,2024,Irvine,316764.0,311690.0,False,627.0,3554.0,221.0,17.0,4402.0,4402.0,1412.3006833712984,10.8,0.6657603212625138,21.7,55.5,5.9,136719.0,39.81937181173602,65.613,4750.430554920519,33.678399,-117.771254,0
0637692,1600000US0637692,Jurupa Valley city,Jurupa Valley city,"Jurupa Valley city, California",CA,2022,Jurupa Valley,108601.0,105672.0,False,314.0,1782.0,862.0,,2958.0,2958.0,2799.227799227799,10.3,0.4446678752424501,6.1,30.1,6.8,91562.0,27.503974562798096,42.94,2460.9222170470425,34.002591,-117.467612,0
0637692,1600000US0637692,Jurupa Valley city,Jurupa Valley city,"Jurupa Valley city, California",CA,2023,Jurupa Valley,108777.0,106244.0,False,322.0,1735.0,776.0,5.0,2833.0,2833.0,2666.503520198788,11.6,0.45226771851599445,6.0,29.8,6.4,96190.0,27.54414366928956,42.94,2474.2431299487657,34.002591,-117.467612,0
0637692,1600000US0637692,Jurupa Valley city,Jurupa Valley city,"Jurupa Valley city, California",CA,2024,Jurupa Valley,107986.0,107011.0,False,337.0,1678.0,705.0,8.0,2720.0,2720.0,2541.79476876209,11.0,0.4489878784353769,5.3,29.9,5.7,97550.0,28.33727373821383,42.94,2492.105263157895,34.002591,-117.467612,0
0639248,1600000US0639248,Laguna Niguel city,Laguna Niguel city,"Laguna Niguel city, California",CA,2022,Laguna Niguel,64119.0,64259.0,False,102.0,493.0,75.0,2.0,670.0,670.0,1042.655503509236,7.4,0.5461858975653608,12.0,34.0,5.5,135822.0,23.31813442474984,14.736,4360.681324647123,33.528654,-117.701253,0
0639248,1600000US0639248,Laguna Niguel city,Laguna Niguel city,"Laguna Niguel city, California",CA,2023,Laguna Niguel,63502.0,64023.0,False,82.0,462.0,81.0,2.0,625.0,625.0,976.2116739296816,5.9,0.5445305239455218,11.1,33.5,6.7,140605.0,24.144448088968026,14.736,4344.666123778501,33.528654,-117.701253,0
0639248,1600000US0639248,Laguna Niguel city,Laguna Niguel city,"Laguna Niguel city, California",CA,2024,Laguna Niguel,62363.0,64139.0,False,94.0,408.0,62.0,3.0,564.0,564.0,879.34018303996,6.4,0.5382251900317525,10.8,32.6,7.1,140452.0,25.80956984050266,14.736,4352.538002171553,33.528654,-117.701253,0
0639290,1600000US0639290,La Habra city,La Habra city,"La Habra city, California",CA,2022,La Habra,62082.0,62904.0,False,212.0,884.0,138.0,7.0,1234.0,1234.0,1961.7194455042604,9.8,0.5676406823676974,10.4,43.0,7.2,93801.0,24.643901818644284,7.559,8321.73567932266,33.927927,-117.951554,0
0639290,1600000US0639290,La Habra city,La Habra city,"La Habra city, California",CA,2023,La Habra,61426.0,62233.0,False,200.0,915.0,148.0,2.0,1263.0,1263.0,2029.4698953931195,9.7,0.5690879515318785,8.7,41.7,7.1,98158.0,25.041376761525235,7.559,8232.967323720068,33.927927,-117.951554,0
0639290,1600000US0639290,La Habra city,La Habra city,"La Habra city, California",CA,2024,La Habra,60335.0,61970.0,False,117.0,1041.0,145.0,6.0,1303.0,1303.0,2102.6303049862836,10.9,0.5804264464091676,8.8,41.7,7.1,100106.0,24.878166854929802,7.564,8192.755156002115,33.927927,-117.951554,0
0639486,1600000US0639486,Lake Elsinore city,Lake Elsinore city,"Lake Elsinore city, California",CA,2022,Lake Elsinore,72730.0,69993.0,False,254.0,1214.0,337.0,,1805.0,1805.0,2578.829311502579,10.3,0.6218403361345377,8.9,29.8,6.9,89788.0,21.91219121912191,38.269,1828.9738430583502,33.685956,-117.335404,0
0639486,1600000US0639486,Lake Elsinore city,Lake Elsinore city,"Lake Elsinore city, California",CA,2023,Lake Elsinore,72695.0,71516.0,False,255.0,1055.0,257.0,2.0,1567.0,1567.0,2191.1180714805078,9.4,0.6209159394349049,8.8,28.4,6.4,96527.0,21.049835001957604,38.269,1868.7710679662391,33.685956,-117.335404,0
0639486,1600000US0639486,Lake Elsinore city,Lake Elsinore city,"Lake Elsinore city, California",CA,2024,Lake Elsinore,73871.0,72461.0,False,146.0,1067.0,156.0,3.0,1369.0,1369.0,1889.2921709609304,9.4,0.6331672896029026,8.5,29.1,6.3,101888.0,20.907798677909494,38.269,1893.464684209151,33.685956,-117.335404,0
0639496,1600000US0639496,Lake Forest city,Lake Forest city,"Lake Forest city, California",CA,2022,Lake Forest,85480.0,85583.0,False,124.0,652.0,125.0,12.0,901.0,901.0,1052.7791734339764,7.3,0.6661163251764859,11.9,29.7,5.0,128358.0,26.82425248004861,16.714,5120.43795620438,33.654946,-117.675848,0
0639496,1600000US0639496,Lake Forest city,Lake Forest city,"Lake Forest city, California",CA,2023,Lake Forest,85533.0,85846.0,False,121.0,590.0,129.0,7.0,840.0,840.0,978.496377233651,8.3,0.6756672631614125,11.7,29.3,4.6,131378.0,27.316357197772756,16.714,5136.17326791911,33.654946,-117.675848,0
0639496,1600000US0639496,Lake Forest city,Lake Forest city,"Lake Forest city, California",CA,2024,Lake Forest,85811.0,86281.0,False,92.0,487.0,133.0,7.0,712.0,712.0,825.2106489261831,8.5,0.6903513960907994,12.0,29.5,4.9,135175.0,27.427823043311967,16.714,5162.199353835109,33.654946,-117.675848,0
0639892,1600000US0639892,Lakewood city,Lakewood city,"Lakewood city, California",CA,2022,Lakewood,78858.0,81499.0,False,237.0,1181.0,428.0,,1846.0,1846.0,2265.0584669750547,6.0,0.7305473239464423,8.1,28.3,5.7,113030.0,21.017435796758242,9.394,8675.644028103045,33.847135,-118.121894,0
0639892,1600000US0639892,Lakewood city,Lakewood city,"Lakewood city, California",CA,2023,Lakewood,77534.0,80510.0,False,262.0,1022.0,443.0,8.0,1727.0,1727.0,2145.0751459446033,5.9,0.7278181030164473,7.8,28.0,5.5,116794.0,20.96882374860266,9.394,8570.36406216734,33.847135,-118.121894,0
0639892,1600000US0639892,Lakewood city,Lakewood city,"Lakewood city, California",CA,2024,Lakewood,76818.0,79850.0,False,227.0,1287.0,472.0,3.0,1986.0,1986.0,2487.163431433939,5.8,0.7195951247035279,8.3,28.6,5.2,119177.0,21.44896681277395,9.394,8500.106450926123,33.847135,-118.121894,0
0640004,1600000US0640004,La Mesa city,La Mesa city,"La Mesa city, California",CA,2022,La Mesa,60333.0,60888.0,False,172.0,883.0,201.0,19.0,1256.0,1256.0,2062.8038365523585,11.7,0.6360069731819635,15.8,55.2,6.5,83649.0,14.025752200762053,9.091,6697.6130238697615,32.769495,-117.021923,0
0640004,1600000US0640004,La Mesa city,La Mesa city,"La Mesa city, California",CA,2023,La Mesa,60008.0,60835.0,False,174.0,627.0,195.0,6.0,996.0,996.0,1637.2154187556505,11.7,0.6399193195644606,14.4,54.0,6.3,84337.0,14.241801594476863,9.092,6691.047074351078,32.769495,-117.021923,0
0640004,1600000US0640004,La Mesa city,La Mesa city,"La Mesa city, California",CA,2024,La Mesa,60352.0,60797.0,False,133.0,541.0,158.0,7.0,832.0,832.0,1368.4885767389837,11.5,0.6503177880659806,13.8,52.3,6.2,95028.0,13.145385463098508,9.092,6686.867575890893,32.769495,-117.021923,0
0640130,1600000US0640130,Lancaster city,Lancaster city,"Lancaster city, California",CA,2022,Lancaster,167481.0,171465.0,False,756.0,1322.0,1064.0,,3142.0,3142.0,1832.4439389962965,17.6,0.6834877206882983,8.7,42.9,7.5,71367.0,13.314670632490596,94.282,1818.6398252052354,34.693558,-118.175305,0
0640130,1600000US0640130,Lancaster city,Lancaster city,"Lancaster city, California",CA,2023,Lancaster,167293.0,170013.0,False,680.0,1161.0,1118.0,43.0,2959.0,2959.0,1740.4551416656373,15.5,0.6826887516381785,7.8,41.6,7.1,76083.0,13.897760759471334,94.282,1803.239218514669,34.693558,-118.175305,0
0640130,1600000US0640130,Lancaster city,Lancaster city,"Lancaster city, California",CA,2024,Lancaster,164012.0,169169.0,False,631.0,1121.0,1398.0,53.0,3150.0,3150.0,1862.0432821616253,15.6,0.6727380578616698,8.2,39.6,7.5,81511.0,15.438998870951535,94.282,1794.287350713816,34.693558,-118.175305,0
0641474,1600000US0641474,Lincoln city,Lincoln city,"Lincoln city, California",CA,2022,Lincoln,51456.0,50131.0,False,65.0,334.0,55.0,7.0,454.0,454.0,905.6272565877401,8.0,0.5010681155425847,11.1,17.1,4.2,99434.0,10.865532305359956,24.17,2074.100124120811,38.874464,-121.292886,0
0641474,1600000US0641474,Lincoln city,Lincoln city,"Lincoln city, California",CA,2023,Lincoln,53950.0,51629.0,False,52.0,287.0,34.0,7.0,373.0,373.0,722.4621821069554,7.7,0.5307384575720868,11.0,16.5,4.3,108108.0,11.729841755602472,24.17,2136.077782374845,38.874464,-121.292886,0
0641474,1600000US0641474,Lincoln city,Lincoln city,"Lincoln city, California",CA,2024,Lincoln,56152.0,52956.0,False,20.0,276.0,19.0,5.0,315.0,315.0,594.8334466349422,6.9,0.5637418435579014,11.2,16.1,4.2,111990.0,11.790920764408188,24.533,2158.561936982839,38.874464,-121.292886,0
0641992,1600000US0641992,Livermore city,Livermore city,"Livermore city, California",CA,2022,Livermore,85151.0,87154.0,False,182.0,1204.0,210.0,,1596.0,1596.0,1831.2412511187092,4.3,0.6319902801126461,11.7,27.3,3.3,152590.0,18.989375129081857,26.57,3280.165600301091,37.686977,-121.759781,0
0641992,1600000US0641992,Livermore city,Livermore city,"Livermore city, California",CA,2023,Livermore,83155.0,85870.0,False,183.0,1183.0,243.0,10.0,1609.0,1609.0,1873.7626644928382,4.4,0.6341043668576443,10.6,28.0,3.4,153602.0,19.874228484919062,26.57,3231.8404215280393,37.686977,-121.759781,0
0641992,1600000US0641992,Livermore city,Livermore city,"Livermore city, California",CA,2024,Livermore,81316.0,85522.0,False,236.0,1342.0,313.0,18.0,1891.0,1891.0,2211.126961483595,4.9,0.6437409783343759,10.0,28.0,3.6,160775.0,19.731764925983956,26.57,3218.7429431689875,37.686977,-121.759781,0
0643000,1600000US0643000,Long Beach city,Long Beach city,"Long Beach city, California",CA,2022,Long Beach,447528.0,462293.0,False,2137.0,6424.0,3069.0,213.0,11630.0,11630.0,2515.720549521624,15.1,0.7017404765071686,11.0,59.4,6.6,78995.0,24.597819997274456,50.672,9123.243605936217,33.780791,-118.16818,0
0643000,1600000US0643000,Long Beach city,Long Beach city,"Long Beach city, California",CA,2023,Long Beach,444415.0,458491.0,False,2268.0,7260.0,3766.0,145.0,13294.0,13294.0,2899.51165889843,15.0,0.7067473144081526,11.1,59.1,6.5,83969.0,24.691433419630922,50.672,9048.2120303126,33.780791,-118.16818,0
0643000,1600000US0643000,Long Beach city,Long Beach city,"Long Beach city, California",CA,2024,Long Beach,444232.0,455548.0,False,3131.0,7977.0,4346.0,136.0,15454.0,15454.0,3392.3977275720667,14.8,0.7082489031710568,10.8,58.8,6.5,87430.0,24.79255753510058,50.672,8990.132617619198,33.780791,-118.16818,0
0644000,1600000US0644000,Los Angeles city,Los Angeles city,"Los Angeles city, California",CA,2022,Los Angeles,3809182.0,3881041.0,False,15013.0,62665.0,25493.0,1881.0,103171.0,103171.0,2658.3331637053047,16.6,0.6687065230306994,11.0,63.4,7.7,76244.0,35.96766949898236,470.518,8248.443205148369,34.019394,-118.410825,0
0644000,1600000US0644000,Los Angeles city,Los Angeles city,"Los Angeles city, California",CA,2023,Los Angeles,3786018.0,3857897.0,False,15385.0,66798.0,25594.0,179.0,107777.0,107777.0,2793.672303848444,16.5,0.6746925878271011,10.8,63.7,7.9,80366.0,35.81256835006222,470.517,8199.272289842875,34.019394,-118.410825,0
0644000,1600000US0644000,Los Angeles city,Los Angeles city,"Los Angeles city, California",CA,2024,Los Angeles2,3796352.0,3857263.0,False,14152.0,32326.0,9857.0,407.0,56335.0,56335.0,1460.491545430011,16.5,0.6762826100734105,10.7,64.0,8.2,81939.0,35.70951734429309,470.52,8197.872566522146,34.019394,-118.410825,0
0644574,1600000US0644574,Lynwood city,Lynwood city,"Lynwood city, California",CA,2022,Lynwood,64142.0,66346.0,False,143.0,713.0,759.0,,1615.0,1615.0,2434.208543092274,16.1,0.22523472893918273,5.7,50.6,9.6,67350.0,38.31278449341332,4.841,13705.019624044618,33.923959,-118.201655,0
0644574,1600000US0644574,Lynwood city,Lynwood city,"Lynwood city, California",CA,2023,Lynwood,62766.0,65291.0,False,212.0,699.0,849.0,15.0,1760.0,1760.0,2695.6242054800814,17.4,0.21794790971093325,6.2,51.0,9.8,70236.0,38.27020569450613,4.841,13487.089444329684,33.923959,-118.201655,0
0644574,1600000US0644574,Lynwood city,Lynwood city,"Lynwood city, California",CA,2024,Lynwood,62089.0,64578.0,False,232.0,907.0,853.0,23.0,1992.0,1992.0,3084.6418284864817,18.0,0.2227391660036262,6.3,52.2,9.8,74844.0,38.89250209049521,4.841,13339.805825242718,33.923959,-118.201655,0
0645022,1600000US0645022,Madera city,Madera city,"Madera city, California",CA,2022,Madera,69395.0,66784.0,False,132.0,748.0,242.0,27.0,1122.0,1122.0,1680.0431241015813,27.7,0.3273249583249055,9.7,49.4,12.8,61626.0,27.503593675131764,16.59,4025.5575647980713,36.963179,-120.077914,0
0645022,1600000US0645022,Madera city,Madera city,"Madera city, California",CA,2023,Madera,68862.0,67133.0,False,66.0,634.0,138.0,25.0,838.0,838.0,1248.2683628021987,26.0,0.3389531302230441,9.6,48.3,11.9,63619.0,26.65306183248179,19.707,3406.5560460749984,36.965774,-120.08616,0
0645022,1600000US0645022,Madera city,Madera city,"Madera city, California",CA,2024,Madera,68607.0,67831.0,False,70.0,549.0,189.0,52.0,808.0,808.0,1191.195765947723,25.6,0.3255974638233894,9.7,45.3,12.6,63933.0,25.59154368946352,19.707,3441.9749327650075,36.965774,-120.08616,0
0645484,1600000US0645484,Manteca city,Manteca city,"Manteca city, California",CA,2022,Manteca,87677.0,83897.0,False,186.0,1204.0,265.0,,1655.0,1655.0,1972.6569484010154,10.0,0.6842896562617616,11.6,30.9,6.4,89966.0,20.44292406164702,21.42,3916.7600373482724,37.792839,-121.226076,0
0645484,1600000US0645484,Manteca city,Manteca city,"Manteca city, California",CA,2023,Manteca,88518.0,86521.0,False,242.0,1001.0,320.0,16.0,1563.0,1563.0,1806.4978444539477,10.4,0.6878646610762797,9.5,28.2,6.5,94718.0,20.243640272303836,21.42,4039.2623716153125,37.792839,-121.226076,0
0645484,1600000US0645484,Manteca city,Manteca city,"Manteca city, California",CA,2024,Manteca,93538.0,89043.0,False,184.0,968.0,222.0,15.0,1374.0,1374.0,1543.074694248846,9.5,0.6869024099068322,10.1,27.6,5.8,97055.0,21.801826084026818,21.766,4090.921620876597,37.790498,-121.230626,0
0646842,1600000US0646842,Menifee city,Menifee city,"Menifee city, California",CA,2022,Menifee,109673.0,103680.0,False,164.0,1066.0,275.0,4.0,1505.0,1505.0,1451.5817901234568,9.0,0.6577831822869036,12.3,19.5,7.1,87871.0,15.11670524691358,46.464,2231.404958677686,33.689858,-117.184383,0
0646842,1600000US0646842,Menifee city,Menifee city,"Menifee city, California",CA,2023,Menifee,112660.0,107020.0,False,181.0,884.0,252.0,2.0,1317.0,1317.0,1230.6111007288357,9.6,0.6695959934762445,9.7,19.7,6.8,89183.0,15.01214726219398,46.464,2303.288567493113,33.689858,-117.184383,0
0646842,1600000US0646842,Menifee city,Menifee city,"Menifee city, California",CA,2024,Menifee,117055.0,110305.0,False,110.0,649.0,176.0,2.0,935.0,935.0,847.649698563075,9.5,0.6656212019780955,9.8,19.8,6.5,93454.0,14.31848057658311,46.463,2374.0395583582635,33.689858,-117.184383,0
0646898,1600000US0646898,Merced city,Merced city,"Merced city, California",CA,2022,Merced,92191.0,87686.0,False,381.0,1722.0,425.0,133.0,2528.0,2528.0,2883.0143922633033,25.2,0.5852553033643124,13.8,56.7,12.6,59233.0,23.18043929475629,23.254,3770.792121785499,37.305712,-120.477905,0
0646898,1600000US0646898,Merced city,Merced city,"Merced city, California",CA,2023,Merced,94125.0,89766.0,False,392.0,1586.0,532.0,89.0,2510.0,2510.0,2796.158902034178,23.0,0.5936227255300452,14.0,55.6,12.3,59938.0,22.052893077557204,23.254,3860.2390986496944,37.305712,-120.477905,0
0646898,1600000US0646898,Merced city,Merced city,"Merced city, California",CA,2024,Merced,96077.0,91953.0,False,547.0,1670.0,466.0,73.0,2683.0,2683.0,2917.794960468935,23.9,0.581606157050824,13.0,54.1,11.3,63122.0,22.08519569780214,23.246,3955.648283575669,37.305721,-120.477907,0
0647766,1600000US0647766,Milpitas city,Milpitas city,"Milpitas city, California",CA,2022,Milpitas,77790.0,79092.0,False,353.0,2123.0,369.0,,2845.0,2845.0,3597.076821928893,5.9,0.4852601111652812,17.3,39.4,4.5,166769.0,53.69063874981035,13.481,5866.923818707811,37.433141,-121.890924,0
0647766,1600000US0647766,Milpitas city,Milpitas city,"Milpitas city, California",CA,2023,Milpitas,76573.0,78216.0,False,277.0,2022.0,294.0,7.0,2593.0,2593.0,3315.178480106372,5.4,0.46099655748579427,16.8,40.7,4.1,176822.0,54.31753093996113,13.481,5801.943476003264,37.433141,-121.890924,0
0647766,1600000US0647766,Milpitas city,Milpitas city,"Milpitas city, California",CA,2024,Milpitas,76523.0,78578.0,False,189.0,1943.0,304.0,9.0,2436.0,2436.0,3100.1043549084984,5.9,0.46004096060808775,16.3,41.6,4.1,178798.0,55.41500165440708,13.481,5828.796083376604,37.433136,-121.890934,0
0648256,1600000US0648256,Mission Viejo city,Mission Viejo city,"Mission Viejo city, California",CA,2022,Mission Viejo,91382.0,93233.0,False,110.0,808.0,103.0,1.0,1021.0,1021.0,1095.1058101745089,4.9,0.5692916839777478,9.4,22.5,4.4,136570.0,22.16275353147491,17.66,5279.331823329559,33.609335,-117.656471,0
0648256,1600000US0648256,Mission Viejo city,Mission Viejo city,"Mission Viejo city, California",CA,2023,Mission Viejo,90944.0,92415.0,False,114.0,894.0,133.0,7.0,1141.0,1141.0,1234.6480549694315,5.0,0.5847325537138877,8.2,22.5,4.5,136071.0,22.896715901098307,17.66,5233.012457531144,33.609335,-117.656471,0
0648256,1600000US0648256,Mission Viejo city,Mission Viejo city,"Mission Viejo city, California",CA,2024,Mission Viejo,89699.0,92151.0,False,97.0,877.0,90.0,4.0,1064.0,1064.0,1154.6266453972285,5.6,0.5875120024412812,7.8,23.1,5.2,136123.0,22.930841770572215,17.66,5218.063420158551,33.609335,-117.656471,0
0648354,1600000US0648354,Modesto city,Modesto city,"Modesto city, California",CA,2022,Modesto,219083.0,218308.0,False,582.0,3891.0,791.0,94.0,5264.0,5264.0,2411.272147607967,13.8,0.6453517262591103,11.6,42.3,7.8,73375.0,18.049269838943143,43.097,5065.503399308536,37.637533,-121.003049,0
0648354,1600000US0648354,Modesto city,Modesto city,"Modesto city, California",CA,2023,Modesto,217778.0,218614.0,False,575.0,3575.0,705.0,105.0,4855.0,4855.0,2220.8092802839706,13.0,0.6461803588880075,10.7,41.6,7.3,77899.0,18.738049713193117,43.358,5042.068361086766,37.637533,-121.003049,0
0648354,1600000US0648354,Modesto city,Modesto city,"Modesto city, California",CA,2024,Modesto,218990.0,219215.0,False,585.0,3983.0,720.0,126.0,5288.0,5288.0,2412.243687703852,13.3,0.6504135658792367,10.0,41.1,7.2,79891.0,19.068950573637753,43.358,5055.9297015545,37.637533,-121.003049,0
0648816,1600000US0648816,Montebello city,Montebello city,"Montebello city, California",CA,2022,Montebello,59909.0,62056.0,False,183.0,951.0,607.0,,1741.0,1741.0,2805.53048859095,13.0,0.36704891084747415,7.0,53.9,6.8,72317.0,36.39938120407374,8.328,7451.488952929875,34.015444,-118.111012,0
0648816,1600000US0648816,Montebello city,Montebello city,"Montebello city, California",CA,2024,Montebello,59231.0,61045.0,False,185.0,874.0,489.0,11.0,1548.0,1548.0,2535.8342206568923,12.1,0.39353023491308814,6.2,54.1,7.1,79971.0,35.96199524940617,8.328,7330.09125840538,34.015444,-118.111012,0
0648914,1600000US0648914,Monterey Park city,Monterey Park city,"Monterey Park city, California",CA,2022,Monterey Park,58352.0,60386.0,False,245.0,709.0,273.0,,1227.0,1227.0,2031.9279303149738,12.0,0.5070311186049091,9.0,49.5,5.8,76892.0,51.54174808730501,7.672,7870.9593326381655,34.04838,-118.133165,0
0648914,1600000US0648914,Monterey Park city,Monterey Park city,"Monterey Park city, California",CA,2023,Monterey Park,57419.0,59639.0,False,282.0,795.0,249.0,4.0,1326.0,1326.0,2223.3773202099296,13.2,0.5099557874342999,8.3,48.1,5.7,77605.0,51.55183688525965,7.672,7773.59228362878,34.04838,-118.133165,0
0648914,1600000US0648914,Monterey Park city,Monterey Park city,"Monterey Park city, California",CA,2024,Monterey Park,56904.0,59132.0,False,236.0,763.0,202.0,7.0,1201.0,1201.0,2031.049178109991,12.4,0.5114173165590211,8.0,48.4,6.1,81855.0,50.78975850639248,7.672,7707.507820646507,34.04838,-118.133165,0
0649270,1600000US0649270,Moreno Valley city,Moreno Valley city,"Moreno Valley city, California",CA,2022,Moreno Valley,214014.0,209578.0,False,638.0,2890.0,839.0,,4367.0,4367.0,2083.7110765442935,12.9,0.5852215896131854,8.6,37.0,7.5,82637.0,24.877134050329712,51.31,4084.5449230169556,33.923253,-117.205685,0
0649270,1600000US0649270,Moreno Valley city,Moreno Valley city,"Moreno Valley city, California",CA,2023,Moreno Valley,213349.0,210378.0,False,623.0,2711.0,815.0,11.0,4149.0,4149.0,1972.164389812623,11.8,0.5913457945081944,7.9,37.2,7.4,87477.0,23.90031277034671,51.31,4100.136425648022,33.923253,-117.205685,0
0649270,1600000US0649270,Moreno Valley city,Moreno Valley city,"Moreno Valley city, California",CA,2024,Moreno Valley,213581.0,211666.0,False,500.0,2503.0,555.0,4.0,3558.0,3558.0,1680.9501762210275,11.7,0.5715224152189189,7.6,36.7,7.1,93222.0,24.35204520329198,51.31,4125.238744884038,33.923253,-117.205685,0
0649670,1600000US0649670,Mountain View city,Mountain View city,"Mountain View city, California",CA,2022,Mountain View,80588.0,82132.0,False,400.0,1804.0,182.0,29.0,2386.0,2386.0,2905.0796279160377,5.4,0.6885831579304251,20.3,60.4,3.4,174156.0,41.925193590805044,11.958,6868.37263756481,37.399686,-122.079269,0
0649670,1600000US0649670,Mountain View city,Mountain View city,"Mountain View city, California",CA,2023,Mountain View,80382.0,82363.0,False,350.0,1755.0,181.0,7.0,2286.0,2286.0,2775.518133142309,5.5,0.690722864156742,19.9,61.2,3.4,179917.0,42.84933768803953,11.958,6887.690249205552,37.399686,-122.079269,0
0649670,1600000US0649670,Mountain View city,Mountain View city,"Mountain View city, California",CA,2024,Mountain View,81461.0,83732.0,False,403.0,1667.0,189.0,19.0,2259.0,2259.0,2697.893278555391,6.0,0.6936913234782693,19.8,61.4,3.7,189917.0,42.946543734772845,11.958,7002.174276634889,37.399686,-122.079269,0
0650076,1600000US0650076,Murrieta city,Murrieta city,"Murrieta city, California",CA,2022,Murrieta,114655.0,111899.0,False,241.0,961.0,226.0,10.0,1428.0,1428.0,1276.150814573857,6.6,0.6581137194971182,14.0,32.5,6.7,106925.0,15.348662633267502,33.536,3336.6829675572517,33.572134,-117.190444,0
0650076,1600000US0650076,Murrieta city,Murrieta city,"Murrieta city, California",CA,2023,Murrieta,115037.0,111621.0,False,252.0,994.0,158.0,8.0,1404.0,1404.0,1257.8278280968636,5.9,0.6571805323987299,12.6,30.7,7.1,109780.0,15.677157524121805,33.536,3328.3933683206105,33.572134,-117.190444,0
0650076,1600000US0650076,Murrieta city,Murrieta city,"Murrieta city, California",CA,2024,Murrieta,112125.0,112064.0,False,151.0,784.0,123.0,15.0,1058.0,1058.0,944.103369503141,5.4,0.6708213857564891,12.0,30.5,6.8,114081.0,16.611043689320386,35.398,3165.8285778857557,33.573214,-117.191007,0
0650258,1600000US0650258,Napa city,Napa city,"Napa city, California",CA,2022,Napa,78586.0,79233.0,False,151.0,857.0,154.0,,1162.0,1162.0,1466.5606502341195,8.1,0.5632313532597594,10.7,40.9,5.8,100273.0,20.678252748223596,18.036,4393.047238855622,38.297872,-122.300741,0
0650258,1600000US0650258,Napa city,Napa city,"Napa city, California",CA,2023,Napa,77956.0,78816.0,False,135.0,1087.0,146.0,20.0,1368.0,1368.0,1735.6881851400733,8.7,0.5700119366605461,11.3,41.7,5.5,102231.0,21.296437271619975,18.048,4367.021276595745,38.297872,-122.300741,0
0650258,1600000US0650258,Napa city,Napa city,"Napa city, California",CA,2024,Napa,76888.0,78239.0,False,66.0,881.0,116.0,26.0,1063.0,1063.0,1358.65744705326,8.5,0.5742114534250606,11.3,41.3,5.7,105963.0,20.94735362159537,18.054,4333.610280270301,38.297872,-122.300741,0
0650398,1600000US0650398,National City city,National City city,"National City city, California",CA,2022,National City,55676.0,56345.0,False,184.0,763.0,297.0,11.0,1244.0,1244.0,2207.8267814357973,14.1,0.5367267627501271,7.3,67.2,8.4,59850.0,38.27846304019877,7.348,7668.072945019053,32.665862,-117.097361,0
0650398,1600000US0650398,National City city,National City city,"National City city, California",CA,2023,National City,55270.0,55960.0,False,140.0,677.0,350.0,11.0,1167.0,1167.0,2085.4181558255896,14.0,0.5279336007134678,7.3,65.8,7.5,64248.0,36.937097927090775,7.348,7615.677735438215,32.665862,-117.097361,0
0650398,1600000US0650398,National City city,National City city,"National City city, California",CA,2024,National City,54915.0,58893.0,False,133.0,571.0,361.0,9.0,1065.0,1065.0,1808.3643217360295,14.6,0.5541641608934107,8.4,65.3,6.6,66841.0,35.960131085188394,7.348,8014.833968426783,32.665862,-117.097361,0
0651182,1600000US0651182,Newport Beach city,Newport Beach city,"Newport Beach city, California",CA,2022,Newport Beach,84254.0,85159.0,False,359.0,1248.0,142.0,,1749.0,1749.0,2053.8052349135146,7.9,0.40228013286706754,17.3,47.5,4.1,149471.0,14.942636714851043,23.797,3578.5603227297556,33.597332,-117.890352,0
0651182,1600000US0651182,Newport Beach city,Newport Beach city,"Newport Beach city, California",CA,2023,Newport Beach,83392.0,84304.0,False,310.0,1230.0,133.0,11.0,1673.0,1673.0,1984.4847219586259,7.3,0.4046236914860196,17.4,46.9,4.4,158461.0,15.909090909090908,23.797,3542.631424129092,33.597332,-117.890352,0
0651182,1600000US0651182,Newport Beach city,Newport Beach city,"Newport Beach city, California",CA,2024,Newport Beach,81811.0,83845.0,False,258.0,1153.0,121.0,1.0,1532.0,1532.0,1827.1811079968988,6.6,0.41003287258536825,16.2,47.9,4.3,156867.0,15.984256664082533,23.797,3523.343278564525,33.597332,-117.890352,0
0652526,1600000US0652526,Norwalk city,Norwalk city,"Norwalk city, California",CA,2022,Norwalk,98259.0,101893.0,False,269.0,1011.0,558.0,17.0,1838.0,1838.0,1803.853061544954,9.0,0.48778223991869274,5.2,32.4,5.6,91259.0,31.817691107338092,9.707,10496.857937570825,33.9076,-118.083453,0
0652526,1600000US0652526,Norwalk city,Norwalk city,"Norwalk city, California",CA,2023,Norwalk,96656.0,100713.0,False,283.0,1130.0,585.0,15.0,1998.0,1998.0,1983.8551130439964,9.7,0.48570048063931914,4.9,31.9,5.6,98709.0,32.559848281751115,9.707,10375.296178015864,33.9076,-118.083453,0
0652526,1600000US0652526,Norwalk city,Norwalk city,"Norwalk city, California",CA,2024,Norwalk,96677.0,99789.0,False,230.0,1109.0,554.0,9.0,1893.0,1893.0,1897.002675645612,9.3,0.4753419427284509,5.3,31.7,5.7,100085.0,33.15495695918388,9.707,10280.107139177911,33.9076,-118.083453,0
0652582,1600000US0652582,Novato city,Novato city,"Novato city, California",CA,2022,Novato,52412.0,53055.0,False,98.0,556.0,196.0,11.0,850.0,850.0,1602.1110168692867,8.8,0.5665225304083534,12.3,31.4,6.5,110948.0,21.15540476863632,27.475,1931.0282074613283,38.085087,-122.548215,0
0652582,1600000US0652582,Novato city,Novato city,"Novato city, California",CA,2023,Novato,51733.0,52689.0,False,71.0,633.0,164.0,16.0,868.0,868.0,1647.4026836721137,9.0,0.599842402017783,11.4,34.5,6.7,112193.0,22.858661200630113,27.369,1925.1342760056998,38.085087,-122.548272,0
0652582,1600000US0652582,Novato city,Novato city,"Novato city, California",CA,2024,Novato,51258.0,52546.0,False,40.0,571.0,83.0,19.0,694.0,694.0,1320.7475354927112,9.6,0.6137643093552962,8.5,33.9,5.9,115736.0,23.731587561374795,27.369,1919.909386532208,38.085087,-122.548272,0
0653000,1600000US0653000,Oakland city,Oakland city,"Oakland city, California",CA,2022,Oakland,428374.0,437825.0,False,2693.0,17347.0,7697.0,191.0,27737.0,27737.0,6335.179580882773,13.2,0.7714920168013211,12.7,57.9,5.8,94389.0,26.28607320276366,55.963,7823.472651573361,37.769846,-122.22569,0
0653000,1600000US0653000,Oakland city,Oakland city,"Oakland city, California",CA,2023,Oakland,425484.0,438072.0,False,3886.0,22652.0,16510.0,153.0,43048.0,43048.0,9826.695155134315,13.7,0.7697198006427431,12.6,58.3,6.0,97369.0,27.06906627221096,55.963,7827.886282007755,37.769846,-122.22569,0
0653000,1600000US0653000,Oakland city,Oakland city,"Oakland city, California",CA,2024,Oakland,435042.0,439418.0,False,3423.0,18118.0,9914.0,114.0,31455.0,31455.0,7158.332157535649,13.4,0.7726182636133444,12.7,57.7,6.4,101600.0,27.497508067489267,55.963,7851.937887532834,37.769846,-122.22569,0
0653322,1600000US0653322,Oceanside city,Oceanside city,"Oceanside city, California",CA,2022,Oceanside,171844.0,173722.0,False,495.0,2469.0,484.0,42.0,3448.0,3448.0,1984.7802811388308,9.2,0.6519727312343102,14.6,42.1,5.9,86701.0,20.429767099158425,41.268,4209.605505476398,33.224601,-117.306291,0
0653322,1600000US0653322,Oceanside city,Oceanside city,"Oceanside city, California",CA,2023,Oceanside,171348.0,172542.0,False,485.0,2172.0,389.0,28.0,3046.0,3046.0,1765.3672728958745,8.1,0.653953400433654,13.7,41.5,5.4,93724.0,20.885349653997288,41.268,4181.011922070369,33.224601,-117.306291,0
0653322,1600000US0653322,Oceanside city,Oceanside city,"Oceanside city, California",CA,2024,Oceanside,168725.0,172242.0,False,520.0,1964.0,337.0,22.0,2821.0,2821.0,1637.8119157928961,8.3,0.6656865059656178,12.5,41.7,5.3,97737.0,21.715377201843918,41.268,4173.742366967142,33.224601,-117.306291,0
0653896,1600000US0653896,Ontario city,Ontario city,"Ontario city, California",CA,2022,Ontario,180004.0,176326.0,False,653.0,2254.0,926.0,35.0,3833.0,3833.0,2173.8144119415174,12.9,0.47878574067834123,8.4,44.3,5.8,78070.0,27.794539659494344,49.984,3527.648847631242,34.037648,-117.604433,0
0653896,1600000US0653896,Ontario city,Ontario city,"Ontario city, California",CA,2023,Ontario,180688.0,178347.0,False,657.0,2292.0,1214.0,22.0,4163.0,4163.0,2334.213639702378,12.7,0.5036690278175631,7.9,42.7,6.0,82806.0,27.241837541422058,49.984,3568.081786171575,34.037648,-117.604433,0
0653896,1600000US0653896,Ontario city,Ontario city,"Ontario city, California",CA,2024,Ontario,184763.0,180547.0,False,441.0,2057.0,860.0,23.0,3358.0,3358.0,1859.9035154281157,12.4,0.5011894066561757,7.5,42.0,6.3,88941.0,27.74125297014074,49.984,3612.095870678617,34.037648,-117.604433,0
0653980,1600000US0653980,Orange city,Orange city,"Orange city, California",CA,2023,Orange,134582.0,138723.0,False,933.0,1233.0,281.0,8.0,2447.0,2447.0,1763.9468581273472,9.2,0.6601329195312168,10.8,41.9,4.7,116945.0,20.989309631423772,25.667,5404.722016597187,33.786971,-117.861265,0
0653980,1600000US0653980,Orange city,Orange city,"Orange city, California",CA,2024,Orange,137970.0,138266.0,False,493.0,970.0,314.0,15.0,1777.0,1777.0,1285.2038823716605,9.5,0.6647929289142174,10.4,43.3,4.9,117113.0,21.870163308405537,25.667,5386.917053025285,33.786971,-117.861265,0
0654652,1600000US0654652,Oxnard city,Oxnard city,"Oxnard city, California",CA,2023,Oxnard,199508.0,201014.0,False,442.0,2380.0,663.0,52.0,3485.0,3485.0,1733.7100898444885,10.8,0.3863109530516391,6.6,46.1,6.6,93372.0,33.78918881271951,26.545,7572.574872857412,34.199436,-119.207515,0
0654652,1600000US0654652,Oxnard city,Oxnard city,"Oxnard city, California",CA,2024,Oxnard,197361.0,200928.0,False,396.0,2596.0,713.0,53.0,3705.0,3705.0,1843.944099378882,11.0,0.38465405645809503,6.5,45.6,6.5,96212.0,34.2032967032967,26.545,7569.335091354304,34.199436,-119.207515,0
0655156,1600000US0655156,Palmdale city,Palmdale city,"Palmdale city, California",CA,2022,Palmdale,162316.0,166895.0,False,443.0,1441.0,632.0,,2516.0,2516.0,1507.5346774918362,14.1,0.5558066375635977,8.3,33.5,7.4,78414.0,25.30872704394979,106.064,1573.5310755770101,34.591038,-118.105403,0
0655156,1600000US0655156,Palmdale city,Palmdale city,"Palmdale city, California",CA,2023,Palmdale,160829.0,165487.0,False,405.0,1630.0,625.0,30.0,2660.0,2660.0,1607.3770145086926,14.6,0.5580994257997066,7.6,33.8,7.4,81151.0,24.91555227903098,106.064,1560.2560718057023,34.591038,-118.105403,0
0655156,1600000US0655156,Palmdale city,Palmdale city,"Palmdale city, California",CA,2024,Palmdale,158983.0,164634.0,False,399.0,1742.0,824.0,39.0,2965.0,2965.0,1800.9645638203529,15.7,0.5533165698893223,7.2,33.8,8.3,81770.0,25.38965219820936,106.064,1552.2137577311812,34.591038,-118.105403,0
0655184,1600000US0655184,Palm Desert city,Palm Desert city,"Palm Desert city, California",CA,2022,Palm Desert,51918.0,51290.0,False,303.0,1477.0,244.0,,2024.0,2024.0,3946.1883408071744,12.9,0.5167918564745686,14.6,34.0,6.5,75691.0,16.745954377071552,26.777,1915.4498263435037,33.737635,-116.364145,0
0655184,1600000US0655184,Palm Desert city,Palm Desert city,"Palm Desert city, California",CA,2023,Palm Desert,51776.0,51551.0,False,298.0,1416.0,164.0,5.0,1878.0,1878.0,3642.994316308122,11.3,0.5152965658791853,14.5,35.6,6.1,79508.0,17.44874008263661,26.777,1925.1969974231615,33.737635,-116.364145,0
0655184,1600000US0655184,Palm Desert city,Palm Desert city,"Palm Desert city, California",CA,2024,Palm Desert,52205.0,51990.0,False,233.0,1129.0,114.0,4.0,1476.0,1476.0,2839.007501442585,11.0,0.5213150582577966,13.7,35.0,6.4,77513.0,17.51875360646278,26.777,1941.5916644881802,33.737635,-116.364145,0
0655282,1600000US0655282,Palo Alto city,Palo Alto city,"Palo Alto city, California",CA,2022,Palo Alto,64922.0,67901.0,False,147.0,1688.0,110.0,16.0,1945.0,1945.0,2864.464440877159,4.7,0.6324843855509505,15.2,44.0,3.3,214118.0,34.286682081265376,24.051,2823.209014178205,37.39652,-122.143088,0
0655282,1600000US0655282,Palo Alto city,Palo Alto city,"Palo Alto city, California",CA,2023,Palo Alto,64855.0,67231.0,False,177.0,1526.0,116.0,11.0,1819.0,1819.0,2705.597120376017,5.4,0.6357391164434433,15.0,45.8,3.7,220408.0,36.27493269473903,24.051,2795.351544634319,37.39652,-122.143088,0
0655282,1600000US0655282,Palo Alto city,Palo Alto city,"Palo Alto city, California",CA,2024,Palo Alto,65079.0,67237.0,False,147.0,1707.0,120.0,7.0,1974.0,1974.0,2935.883516516204,6.0,0.6414737300828877,14.3,45.4,3.9,231101.0,36.994511950265476,24.051,2795.601014510831,37.39652,-122.143088,0
0655618,1600000US0655618,Paramount city,Paramount city,"Paramount city, California",CA,2022,Paramount,51405.0,53255.0,False,183.0,731.0,492.0,,1406.0,1406.0,2640.127687541076,13.4,0.3278006927853201,5.6,59.4,5.3,67197.0,36.10552999718336,4.726,11268.514600084638,33.898883,-118.166629,0
0655618,1600000US0655618,Paramount city,Paramount city,"Paramount city, California",CA,2023,Paramount,50717.0,52546.0,False,226.0,567.0,621.0,7.0,1414.0,1414.0,2690.97552620561,13.3,0.3119277818682593,5.3,56.6,5.6,70912.0,36.29772009287101,4.726,11118.493440541684,33.898883,-118.166629,0
0655618,1600000US0655618,Paramount city,Paramount city,"Paramount city, California",CA,2024,Paramount,50265.0,52050.0,False,222.0,673.0,520.0,17.0,1415.0,1415.0,2718.539865513929,12.6,0.3278115578292874,4.9,57.0,5.7,75250.0,36.35542747358309,4.726,11013.542107490479,33.898883,-118.166629,0
0656000,1600000US0656000,Pasadena city,Pasadena city,"Pasadena city, California",CA,2022,Pasadena,133312.0,137554.0,False,543.0,2172.0,334.0,33.0,3049.0,3049.0,2216.5840324527094,13.4,0.7193435913553698,13.1,57.9,5.2,97818.0,29.40517905695218,22.96,5991.02787456446,34.160602,-118.137954,0
0656000,1600000US0656000,Pasadena city,Pasadena city,"Pasadena city, California",CA,2023,Pasadena,132210.0,136462.0,False,550.0,2576.0,304.0,36.0,3430.0,3430.0,2513.5202473948793,13.2,0.7209137325906676,12.8,57.9,5.3,103778.0,29.204467177675834,22.96,5943.4668989547035,34.160602,-118.137954,0
0656000,1600000US0656000,Pasadena city,Pasadena city,"Pasadena city, California",CA,2024,Pasadena,131966.0,136969.0,False,735.0,2461.0,363.0,34.0,3559.0,3559.0,2598.398177689842,13.3,0.7249030152687888,12.2,57.5,5.6,105192.0,28.24288707663778,22.96,5965.548780487805,34.160602,-118.137954,0
0656700,1600000US0656700,Perris city,Perris city,"Perris city, California",CA,2022,Perris,80784.0,78881.0,False,194.0,1359.0,509.0,,2062.0,2062.0,2614.064223323741,12.7,0.3642538163847735,6.9,32.3,7.1,78352.0,29.924823468262318,31.563,2499.16040934005,33.789849,-117.222171,0
0656700,1600000US0656700,Perris city,Perris city,"Perris city, California",CA,2023,Perris,80974.0,79349.0,False,231.0,1331.0,466.0,6.0,2028.0,2028.0,2555.797804635219,11.9,0.3729185234626098,5.5,31.3,7.1,82523.0,29.84788718194306,31.563,2513.98789722143,33.789849,-117.222171,0
0656700,1600000US0656700,Perris city,Perris city,"Perris city, California",CA,2024,Perris,81203.0,80511.0,False,139.0,1119.0,232.0,8.0,1490.0,1490.0,1850.6787892337693,10.7,0.3824441225544104,6.1,31.2,7.9,88911.0,29.661785346101777,31.563,2550.803155593575,33.789849,-117.222171,0
0656784,1600000US0656784,Petaluma city,Petaluma city,"Petaluma city, California",CA,2022,Petaluma,59129.0,59682.0,False,89.0,521.0,104.0,,714.0,714.0,1196.3406052076002,5.9,0.47942728881556873,10.5,37.1,4.7,108527.0,14.146643879226566,14.415,4140.2705515088455,38.242251,-122.628769,0
0656784,1600000US0656784,Petaluma city,Petaluma city,"Petaluma city, California",CA,2023,Petaluma,58099.0,59321.0,False,72.0,580.0,66.0,9.0,718.0,718.0,1210.3639520574502,6.2,0.5028828860916845,9.6,36.1,4.5,109823.0,15.109320476728309,14.415,4115.227193895248,38.242251,-122.628769,0
0656784,1600000US0656784,Petaluma city,Petaluma city,"Petaluma city, California",CA,2024,Petaluma,58493.0,59247.0,False,56.0,571.0,59.0,14.0,686.0,686.0,1157.864533225311,6.5,0.5013334499897012,8.7,35.5,4.6,115430.0,15.296977062129727,14.415,4110.09365244537,38.242251,-122.628769,0
0656924,1600000US0656924,Pico Rivera city,Pico Rivera city,"Pico Rivera city, California",CA,2022,Pico Rivera,59557.0,61561.0,False,285.0,689.0,449.0,,1423.0,1423.0,2311.528402722503,9.6,0.17852037684927702,4.1,31.1,4.7,82539.0,30.326018095872385,8.315,7403.607937462418,33.989524,-118.089295,0
0656924,1600000US0656924,Pico Rivera city,Pico Rivera city,"Pico Rivera city, California",CA,2023,Pico Rivera,58754.0,60821.0,False,234.0,672.0,567.0,16.0,1473.0,1473.0,2421.8608704230446,9.6,0.17764867987902333,4.6,29.9,4.8,86956.0,30.10966606928528,8.315,7314.61214672279,33.989524,-118.089295,0
0656924,1600000US0656924,Pico Rivera city,Pico Rivera city,"Pico Rivera city, California",CA,2024,Pico Rivera,58318.0,60272.0,False,154.0,671.0,351.0,9.0,1176.0,1176.0,1951.1547650650384,10.3,0.18428257797022318,4.6,29.5,4.9,88201.0,30.2428988585081,8.315,7248.586891160554,33.989524,-118.089295,0
0657456,1600000US0657456,Pittsburg city,Pittsburg city,"Pittsburg city, California",CA,2022,Pittsburg,76488.0,76419.0,False,234.0,927.0,512.0,,1673.0,1673.0,2189.2461298891635,9.9,0.7234549868963969,10.9,40.5,7.1,98408.0,32.07579266936233,17.676,4323.319755600815,38.016771,-121.896948,0
0657456,1600000US0657456,Pittsburg city,Pittsburg city,"Pittsburg city, California",CA,2023,Pittsburg,78061.0,75868.0,False,242.0,779.0,586.0,8.0,1607.0,1607.0,2118.1525807982284,11.0,0.7223069802240984,9.8,39.0,7.5,101099.0,32.063584119786995,17.676,4292.14754469337,38.016771,-121.896948,0
0657456,1600000US0657456,Pittsburg city,Pittsburg city,"Pittsburg city, California",CA,2024,Pittsburg,75621.0,76257.0,False,243.0,775.0,607.0,7.0,1625.0,1625.0,2130.951912611301,11.2,0.7301229307382597,10.4,37.7,7.6,99861.0,32.00624204991017,17.676,4314.154786150713,38.016771,-121.896948,0
0657526,1600000US0657526,Placentia city,Placentia city,"Placentia city, California",CA,2022,Placentia,50764.0,51797.0,False,301.0,475.0,129.0,3.0,905.0,905.0,1747.2054366082978,8.2,0.6821411313651996,10.1,36.7,5.0,106155.0,24.73502326389559,6.613,7832.602449720248,33.881158,-117.854783,0
0657526,1600000US0657526,Placentia city,Placentia city,"Placentia city, California",CA,2023,Placentia,52069.0,52384.0,False,204.0,620.0,143.0,5.0,967.0,967.0,1845.9835064141723,8.5,0.6851908588599427,10.4,36.7,5.4,110575.0,24.135232131948687,6.732,7781.34284016637,33.881158,-117.854783,0
0657526,1600000US0657526,Placentia city,Placentia city,"Placentia city, California",CA,2024,Placentia,52034.0,52826.0,False,128.0,513.0,122.0,8.0,763.0,763.0,1444.3645174724568,7.9,0.6868414427764497,9.7,36.4,5.5,115929.0,23.980615605951613,6.732,7846.999405822935,33.881158,-117.854783,0
0657792,1600000US0657792,Pleasanton city,Pleasanton city,"Pleasanton city, California",CA,2022,Pleasanton,76350.0,78691.0,False,144.0,1108.0,98.0,,1350.0,1350.0,1715.57103099465,5.3,0.6431714022677223,12.3,31.8,4.2,181639.0,34.98239951201535,24.141,3259.6412741808545,37.667185,-121.88123,0
0657792,1600000US0657792,Pleasanton city,Pleasanton city,"Pleasanton city, California",CA,2023,Pleasanton,75238.0,77500.0,False,206.0,1100.0,188.0,6.0,1494.0,1494.0,1927.7419354838712,5.5,0.658102025723205,11.9,32.9,4.8,186206.0,35.87483870967742,24.141,3210.306118222112,37.667185,-121.88123,0
0657792,1600000US0657792,Pleasanton city,Pleasanton city,"Pleasanton city, California",CA,2024,Pleasanton,73054.0,76960.0,False,153.0,905.0,167.0,3.0,1225.0,1225.0,1591.7359667359667,5.3,0.659219362543817,10.6,33.0,4.8,190124.0,36.3487525987526,24.141,3187.9375336564353,37.667185,-121.88123,0
0658072,1600000US0658072,Pomona city,Pomona city,"Pomona city, California",CA,2022,Pomona,145600.0,149831.0,False,774.0,2640.0,979.0,,4393.0,4393.0,2931.9700195553655,14.8,0.45669109034338573,9.0,46.1,6.5,73515.0,32.907742723468445,22.984,6518.926209537069,34.058494,-117.761091,0
0658072,1600000US0658072,Pomona city,Pomona city,"Pomona city, California",CA,2023,Pomona,143578.0,148391.0,False,721.0,2428.0,1080.0,18.0,4229.0,4229.0,2849.903296021996,14.2,0.46470979655258315,9.4,45.4,6.3,78869.0,32.68324898410281,22.984,6456.273929690219,34.058494,-117.761091,0
0658072,1600000US0658072,Pomona city,Pomona city,"Pomona city, California",CA,2024,Pomona,143726.0,147943.0,False,604.0,2501.0,852.0,28.0,3957.0,3957.0,2674.6787614148693,14.3,0.4618548563993218,9.1,46.0,6.6,79479.0,33.20941173289713,22.984,6436.782109293421,34.058494,-117.761091,0
0658240,1600000US0658240,Porterville city,Porterville city,"Porterville city, California",CA,2022,Porterville,62865.0,62491.0,False,178.0,782.0,347.0,5.0,1307.0,1307.0,2091.5011761693686,17.7,0.4356673834284285,11.3,45.0,10.1,55785.0,26.55742426909475,18.647,3351.2629377379744,36.063542,-119.0336,0
0658240,1600000US0658240,Porterville city,Porterville city,"Porterville city, California",CA,2023,Porterville,63165.0,62765.0,False,151.0,802.0,341.0,6.0,1294.0,1294.0,2061.658567673066,17.9,0.41866875811174653,9.1,45.1,9.1,59012.0,26.095754003027167,18.79,3340.340606705695,36.063542,-119.0336,0
0658240,1600000US0658240,Porterville city,Porterville city,"Porterville city, California",CA,2024,Porterville,62891.0,63157.0,False,182.0,529.0,221.0,6.0,932.0,932.0,1475.6875722406069,17.3,0.42149369020468663,8.7,45.7,10.1,60461.0,26.453124752600658,18.821,3355.666542691674,36.063542,-119.0336,0
0659444,1600000US0659444,Rancho Cordova city,Rancho Cordova city,"Rancho Cordova city, California",CA,2022,Rancho Cordova,81041.0,79128.0,False,333.0,1081.0,395.0,,1809.0,1809.0,2286.1692447679707,11.6,0.7046624846531366,12.8,41.8,6.1,85099.0,24.47300576281468,34.569,2288.987242905493,38.577079,-121.236187,0
0659444,1600000US0659444,Rancho Cordova city,Rancho Cordova city,"Rancho Cordova city, California",CA,2023,Rancho Cordova,81151.0,80656.0,False,392.0,1022.0,385.0,10.0,1799.0,1799.0,2230.460226145606,11.2,0.7030907548604322,12.6,42.8,7.0,89120.0,24.94172783177941,34.569,2333.1886950736207,38.577079,-121.236187,0
0659444,1600000US0659444,Rancho Cordova city,Rancho Cordova city,"Rancho Cordova city, California",CA,2024,Rancho Cordova,83622.0,81849.0,False,272.0,1223.0,271.0,12.0,1766.0,1766.0,2157.6317364903666,12.2,0.7054759785208663,11.4,41.8,7.3,89585.0,26.53178413908539,34.569,2367.6993838410135,38.577079,-121.236187,0
0659451,1600000US0659451,Rancho Cucamonga city,Rancho Cucamonga city,"Rancho Cucamonga city, California",CA,2022,Rancho Cucamonga,175714.0,174696.0,False,721.0,2545.0,280.0,,3546.0,3546.0,2029.811787333425,7.5,0.7062782416817945,11.4,36.7,5.4,105534.0,20.283234876585613,46.503,3756.6608605896395,34.130306,-117.566067,0
0659451,1600000US0659451,Rancho Cucamonga city,Rancho Cucamonga city,"Rancho Cucamonga city, California",CA,2024,Rancho Cucamonga,174313.0,175411.0,False,476.0,2295.0,386.0,19.0,3157.0,3157.0,1799.7731043093077,8.0,0.712493734307454,10.2,37.7,5.9,111895.0,20.7757780298841,46.51,3771.468501397549,34.130306,-117.566067,0
0659920,1600000US0659920,Redding city,Redding city,"Redding city, California",CA,2024,Redding,92468.0,93409.0,False,185.0,1198.0,231.0,5.0,1614.0,1614.0,1727.884893318631,14.1,0.4454979974553209,16.5,45.2,5.3,70466.0,5.266087850207153,59.469,1570.7175166893676,40.570277,-122.366766,0
0659962,1600000US0659962,Redlands city,Redlands city,"Redlands city, California",CA,2022,Redlands,73554.0,73234.0,False,292.0,1713.0,260.0,7.0,2265.0,2265.0,3092.8257366796843,8.6,0.6537294456016032,14.0,41.7,6.5,94473.0,15.35352431930524,36.02,2033.1482509716823,34.053506,-117.170476,0
0659962,1600000US0659962,Redlands city,Redlands city,"Redlands city, California",CA,2023,Redlands,74147.0,72985.0,False,247.0,1563.0,277.0,9.0,2087.0,2087.0,2859.4916763718575,7.4,0.6634579256106312,11.5,42.6,6.2,99158.0,16.46913749400562,36.011,2026.7418288856181,34.053506,-117.170476,0
0659962,1600000US0659962,Redlands city,Redlands city,"Redlands city, California",CA,2024,Redlands,72331.0,73375.0,False,196.0,1114.0,246.0,14.0,1556.0,1556.0,2120.6132879046,9.1,0.6662844284657066,11.3,43.2,5.5,105041.0,16.75502555366269,36.0,2038.1944444444443,34.053506,-117.170476,0
0660018,1600000US0660018,Redondo Beach city,Redondo Beach city,"Redondo Beach city, California",CA,2022,Redondo Beach,68332.0,70620.0,False,280.0,1108.0,173.0,,1561.0,1561.0,2210.421976777117,5.3,0.6318865346146013,12.8,47.5,5.0,134033.0,20.014160294534125,6.198,11393.998063891577,33.849538,-118.400755,0
0660018,1600000US0660018,Redondo Beach city,Redondo Beach city,"Redondo Beach city, California",CA,2023,Redondo Beach,67742.0,69814.0,False,315.0,1157.0,193.0,1.0,1665.0,1665.0,2384.908471080299,5.0,0.6248114334183394,12.3,46.6,5.5,144588.0,19.468874437791847,6.198,11263.956114875766,33.849538,-118.400755,0
0660018,1600000US0660018,Redondo Beach city,Redondo Beach city,"Redondo Beach city, California",CA,2024,Redondo Beach,66593.0,69291.0,False,276.0,1256.0,190.0,6.0,1722.0,1722.0,2485.171234359441,5.4,0.6402092683554566,11.4,46.6,5.5,150245.0,19.197298350435123,6.198,11179.574056147143,33.849538,-118.400755,0
0660102,1600000US0660102,Redwood City city,Redwood City city,"Redwood City city, California",CA,2022,Redwood City,79182.0,83077.0,False,234.0,1079.0,265.0,,1578.0,1578.0,1899.4426857012168,6.4,0.6846578290452714,13.9,52.4,3.9,145620.0,32.11959988925936,19.336,4296.493587091436,37.515274,-122.213672,0
0660102,1600000US0660102,Redwood City city,Redwood City city,"Redwood City city, California",CA,2023,Redwood City,78765.0,82423.0,False,239.0,1202.0,296.0,13.0,1737.0,1737.0,2107.421472161897,6.6,0.695378724230066,14.4,52.3,3.7,150840.0,32.39144413573881,19.336,4262.670666115019,37.515274,-122.213672,0
0660102,1600000US0660102,Redwood City city,Redwood City city,"Redwood City city, California",CA,2024,Redwood City,80060.0,82447.0,False,95.0,998.0,204.0,22.0,1297.0,1297.0,1573.1318301454269,6.3,0.7025484877968163,13.9,51.4,4.1,157814.0,32.880517180734294,19.336,4263.911874224245,37.515274,-122.213672,0
0660466,1600000US0660466,Rialto city,Rialto city,"Rialto city, California",CA,2022,Rialto,104589.0,103873.0,False,384.0,2137.0,515.0,,3036.0,3036.0,2922.79995764058,13.0,0.412196290578583,8.1,37.1,9.3,80750.0,25.563909774436087,24.092,4311.514195583596,34.117419,-117.389215,0
0660466,1600000US0660466,Rialto city,Rialto city,"Rialto city, California",CA,2023,Rialto,103257.0,103866.0,False,370.0,2025.0,468.0,19.0,2863.0,2863.0,2756.4361773823966,12.6,0.4238220649450025,7.1,35.5,8.4,85521.0,24.523905801706043,24.092,4311.223642702972,34.117419,-117.389215,0
0660466,1600000US0660466,Rialto city,Rialto city,"Rialto city, California",CA,2024,Rialto,103164.0,104143.0,False,314.0,1747.0,410.0,29.0,2471.0,2471.0,2372.6990772303466,12.7,0.4184768204530277,6.2,33.8,7.7,88857.0,24.619993662560134,24.092,4322.7212352648185,34.117419,-117.389215,0
0660620,1600000US0660620,Richmond city,Richmond city,"Richmond city, California",CA,2022,Richmond,115043.0,115619.0,False,252.0,1830.0,1035.0,33.0,3117.0,3117.0,2695.923680363954,14.3,0.7219964173304649,8.8,48.1,6.9,86618.0,34.380162430050426,30.042,3848.5786565475,37.952278,-122.360609,0
0660620,1600000US0660620,Richmond city,Richmond city,"Richmond city, California",CA,2023,Richmond,113282.0,115396.0,False,372.0,1976.0,1239.0,34.0,3587.0,3587.0,3108.426635238656,13.6,0.7037973563776849,8.4,47.5,7.0,90038.0,34.541925196713926,30.042,3841.1557153318686,37.952278,-122.360609,0
0660620,1600000US0660620,Richmond city,Richmond city,"Richmond city, California",CA,2024,Richmond,113418.0,115505.0,False,146.0,1875.0,1112.0,33.0,3133.0,3133.0,2712.4366910523354,13.5,0.7132632852513223,7.6,45.3,8.3,95391.0,34.47642959179256,30.042,3844.7839691099125,37.952278,-122.360609,0
0662000,1600000US0662000,Riverside city,Riverside city,"Riverside city, California",CA,2022,Riverside,319889.0,316076.0,False,1563.0,7058.0,1745.0,171.0,10366.0,10366.0,3279.5909844467787,12.8,0.6083289166376407,11.6,44.5,6.1,83448.0,22.229463799845604,81.149,3895.007948341939,33.938143,-117.393168,0
0662000,1600000US0662000,Riverside city,Riverside city,"Riverside city, California",CA,2023,Riverside,323473.0,316241.0,False,1833.0,7192.0,1885.0,50.0,10910.0,10910.0,3449.9005505295013,12.5,0.6155845882713382,11.3,43.7,6.0,88575.0,22.357632312065796,81.149,3897.041245117007,33.938143,-117.393168,0
0662000,1600000US0662000,Riverside city,Riverside city,"Riverside city, California",CA,2024,Riverside,320148.0,319069.0,False,1268.0,6353.0,1446.0,93.0,9067.0,9067.0,2841.7050857338068,12.2,0.6111250370972239,10.3,43.2,6.3,91045.0,22.352845309321808,81.149,3931.890719540598,33.938143,-117.393168,0
0662364,1600000US0662364,Rocklin city,Rocklin city,"Rocklin city, California",CA,2022,Rocklin,74168.0,71676.0,False,102.0,768.0,72.0,9.0,942.0,942.0,1314.247446844132,4.3,0.5324798297325222,15.4,33.2,4.9,116006.0,13.078296779954238,19.81,3618.1726400807675,38.806868,-121.249696,0
0662364,1600000US0662364,Rocklin city,Rocklin city,"Rocklin city, California",CA,2023,Rocklin,74876.0,72340.0,False,88.0,632.0,61.0,5.0,781.0,781.0,1079.6239977882221,5.1,0.5476882286967152,13.9,31.5,4.8,120916.0,13.249930881946364,19.81,3651.691065118627,38.806868,-121.249696,0
0662364,1600000US0662364,Rocklin city,Rocklin city,"Rocklin city, California",CA,2024,Rocklin,74048.0,73327.0,False,53.0,573.0,43.0,14.0,669.0,669.0,912.3515212677457,5.6,0.5756826808551755,13.0,31.7,4.5,124168.0,14.28259713338879,19.842,3695.544803951215,38.806868,-121.249696,0
0662896,1600000US0662896,Rosemead city,Rosemead city,"Rosemead city, California",CA,2022,Rosemead,49368.0,51043.0,False,380.0,779.0,277.0,,1436.0,1436.0,2813.3142644437044,12.6,0.5048336171924781,4.8,50.7,4.9,70073.0,56.1526556040985,5.162,9888.221619527316,34.06888,-118.08268,0
0662896,1600000US0662896,Rosemead city,Rosemead city,"Rosemead city, California",CA,2023,Rosemead,49158.0,50340.0,False,270.0,733.0,244.0,4.0,1247.0,1247.0,2477.155343663091,14.1,0.4940577280689168,4.1,51.8,5.0,72248.0,58.60150973381009,5.162,9752.034095311894,34.06888,-118.08268,0
0662896,1600000US0662896,Rosemead city,Rosemead city,"Rosemead city, California",CA,2024,Rosemead,48740.0,50013.0,False,230.0,786.0,204.0,6.0,1220.0,1220.0,2439.3657649011257,13.7,0.4820021806826976,4.6,52.7,5.8,73566.0,59.23060004398857,5.162,9688.686555598606,34.06888,-118.08268,0
0662938,1600000US0662938,Roseville city,Roseville city,"Roseville city, California",CA,2022,Roseville,155448.0,148879.0,False,285.0,2372.0,273.0,,2930.0,2930.0,1968.0411609427792,6.3,0.5500459792214578,13.3,31.9,4.5,112265.0,14.77844423995325,44.087,3376.936511896931,38.770296,-121.319634,0
0662938,1600000US0662938,Roseville city,Roseville city,"Roseville city, California",CA,2023,Roseville,158084.0,152438.0,False,342.0,1772.0,159.0,14.0,2273.0,2273.0,1491.0980201786956,6.0,0.5676540179701272,13.1,31.4,4.8,117354.0,14.811923536126162,44.087,3457.6632567423503,38.770296,-121.319634,0
0662938,1600000US0662938,Roseville city,Roseville city,"Roseville city, California",CA,2024,Roseville,162841.0,155955.0,False,226.0,1919.0,168.0,28.0,2313.0,2313.0,1483.1201308069635,5.9,0.5829404556024917,12.8,31.2,5.2,119288.0,15.626943669648297,44.087,3537.4373398053845,38.770296,-121.319634,0
0664000,1600000US0664000,Sacramento city,Sacramento city,"Sacramento city, California",CA,2022,Sacramento,526671.0,523600.0,False,2769.0,10328.0,3584.0,204.0,16681.0,16681.0,3185.8288770053477,14.8,0.7637644728333726,14.8,49.3,6.3,78954.0,21.307104660045837,98.646,5307.868540032034,38.567694,-121.468161,0
0664000,1600000US0664000,Sacramento city,Sacramento city,"Sacramento city, California",CA,2023,Sacramento,529172.0,524802.0,False,2752.0,8850.0,3703.0,137.0,15305.0,15305.0,2916.337971272975,14.4,0.7657240877874063,13.7,48.5,6.2,83753.0,21.25601655481496,98.646,5320.0535247247735,38.567694,-121.468161,0
0664000,1600000US0664000,Sacramento city,Sacramento city,"Sacramento city, California",CA,2024,Sacramento,526670.0,528706.0,False,2326.0,8406.0,2684.0,155.0,13416.0,13416.0,2537.5161242732256,13.9,0.7683550117873817,12.7,48.3,6.6,87321.0,22.34890468426687,98.646,5359.629381829978,38.567694,-121.468161,0
0664224,1600000US0664224,Salinas city,Salinas city,"Salinas city, California",CA,2022,Salinas,162187.0,162783.0,False,340.0,1695.0,685.0,,2720.0,2720.0,1670.9361542667234,14.2,0.3392832573179224,9.0,52.9,5.0,84250.0,36.46080978972005,23.515,6922.517541994472,36.690217,-121.633793,0
0664224,1600000US0664224,Salinas city,Salinas city,"Salinas city, California",CA,2023,Salinas,159896.0,161993.0,False,238.0,1306.0,511.0,21.0,2055.0,2055.0,1268.5733334156414,14.2,0.3393615774816724,8.8,53.0,4.7,89150.0,36.325026390029194,23.515,6888.921964703381,36.690217,-121.633793,0
0664224,1600000US0664224,Salinas city,Salinas city,"Salinas city, California",CA,2024,Salinas,158233.0,161761.0,False,232.0,1833.0,586.0,44.0,2651.0,2651.0,1638.837544278287,13.6,0.3305823433602504,8.1,53.0,4.7,91908.0,37.47627672924871,23.515,6879.055921752073,36.690217,-121.633793,0
0665000,1600000US0665000,San Bernardino city,San Bernardino city,"San Bernardino city, California",CA,2022,San Bernardino,222623.0,221041.0,False,1244.0,3608.0,1726.0,91.0,6578.0,6578.0,2975.9184947588906,20.2,0.5100228152002333,10.2,51.1,7.6,61323.0,21.834863215421574,62.128,3557.832217357713,34.14114,-117.294635,0
0665000,1600000US0665000,San Bernardino city,San Bernardino city,"San Bernardino city, California",CA,2023,San Bernardino,219483.0,221774.0,False,1224.0,4125.0,1725.0,63.0,7074.0,7074.0,3189.733692858496,19.5,0.4869578128177937,9.0,51.5,6.5,63988.0,22.84623084761965,62.1,3571.2399355877615,34.14114,-117.294635,0
0665000,1600000US0665000,San Bernardino city,San Bernardino city,"San Bernardino city, California",CA,2024,San Bernardino,224283.0,222724.0,False,1021.0,3762.0,1716.0,52.0,6499.0,6499.0,2917.9612435121494,18.6,0.4797812738213918,8.5,50.0,6.1,67415.0,23.300587273935452,62.111,3585.9026581442904,34.14114,-117.294635,0
0665042,1600000US0665042,San Buenaventura (Ventura) city,San Buenaventura (Ventura) city,"San Buenaventura (Ventura) city, California",CA,2022,Ventura,109439.0,110358.0,False,348.0,1839.0,204.0,,2391.0,2391.0,2166.585113902028,9.6,0.5838534017430854,11.1,43.5,4.9,96036.0,13.425397343192156,21.873,5045.398436428473,34.26778,-119.254206,0
0665042,1600000US0665042,San Buenaventura (Ventura) city,San Buenaventura (Ventura) city,"San Buenaventura (Ventura) city, California",CA,2023,Ventura,109035.0,109900.0,False,285.0,1862.0,178.0,13.0,2325.0,2325.0,2115.5595996360325,10.4,0.5840872660314076,11.2,44.1,5.0,100407.0,13.028207461328481,21.873,5024.459379143235,34.26778,-119.254206,0
0665042,1600000US0665042,San Buenaventura (Ventura) city,San Buenaventura (Ventura) city,"San Buenaventura (Ventura) city, California",CA,2024,Ventura,108543.0,109857.0,False,288.0,1882.0,224.0,18.0,2394.0,2394.0,2179.1965919331496,10.4,0.6023980701527992,10.8,44.1,4.8,103069.0,13.868028436968057,21.873,5022.493485118639,34.26778,-119.254206,0
0665084,1600000US0665084,San Clemente city,San Clemente city,"San Clemente city, California",CA,2022,San Clemente,63449.0,64232.0,False,112.0,528.0,138.0,3.0,778.0,778.0,1211.2342757504048,5.6,0.45044741617372475,12.4,35.1,5.3,134730.0,11.273197160293936,18.356,3499.2373066027453,33.449143,-117.61312,0
0665084,1600000US0665084,San Clemente city,San Clemente city,"San Clemente city, California",CA,2023,San Clemente,63061.0,63510.0,False,103.0,643.0,147.0,3.0,893.0,893.0,1406.077783026295,5.7,0.4578921081860978,11.6,35.7,5.1,134735.0,11.604471736734373,18.356,3459.904118544345,33.449143,-117.61312,0
0665084,1600000US0665084,San Clemente city,San Clemente city,"San Clemente city, California",CA,2024,San Clemente,61692.0,63273.0,False,84.0,571.0,127.0,10.0,782.0,782.0,1235.9142130134496,5.8,0.453008332357162,10.3,33.5,4.6,140062.0,11.188026488391573,18.356,3446.9928088908255,33.449143,-117.61312,0
0666000,1600000US0666000,San Diego city,San Diego city,"San Diego city, California",CA,2022,San Diego,1377838.0,1383987.0,False,3290.0,15106.0,6648.0,174.0,25044.0,25044.0,1809.5545695154651,11.4,0.7025447460194391,15.9,52.4,6.1,98657.0,24.885999651730835,325.883,4246.883083806151,32.814977,-117.135562,0
0666000,1600000US0666000,San Diego city,San Diego city,"San Diego city, California",CA,2023,San Diego,1378349.0,1385061.0,False,2777.0,15419.0,6776.0,138.0,24972.0,24972.0,1802.9530829328094,11.1,0.7058285390719885,15.3,52.4,5.9,104321.0,24.751256442857027,326.087,4247.519833664022,32.814977,-117.135562,0
0666000,1600000US0666000,San Diego city,San Diego city,"San Diego city, California",CA,2024,San Diego,1389024.0,1389526.0,False,2603.0,15100.0,5494.0,136.0,23197.0,23197.0,1669.4182044812403,11.0,0.7082529854958852,15.0,52.7,6.0,108077.0,25.142530618354748,326.09,4261.1732957159065,32.814977,-117.135562,0
0667000,1600000US0667000,San Francisco city,San Francisco city,"San Francisco city, California",CA,2022,San Francisco,764693.0,851036.0,False,5947.0,35530.0,6282.0,344.0,47759.0,47759.0,5611.866008018463,10.5,0.704571043710083,15.3,61.4,5.4,136689.0,33.86096475354744,46.736,18209.4317014721,37.727239,-123.032229,0
0667000,1600000US0667000,San Francisco city,San Francisco city,"San Francisco city, California",CA,2023,San Francisco,782846.0,836321.0,False,5643.0,32373.0,6704.0,324.0,44720.0,44720.0,5347.229114179842,10.6,0.7079950617458122,15.4,61.5,5.6,141446.0,34.2193966192407,46.7,17908.372591006424,37.727239,-123.032229,0
0667000,1600000US0667000,San Francisco city,San Francisco city,"San Francisco city, California",CA,2024,San Francisco,802856.0,830235.0,False,5118.0,21026.0,5401.0,266.0,31545.0,31545.0,3799.526640047697,11.2,0.7101923098440406,15.7,61.8,6.1,140970.0,34.047468487837776,46.685,17783.763521473706,37.727239,-123.032229,0
0667112,1600000US0667112,San Jacinto city,San Jacinto city,"San Jacinto city, California",CA,2022,San Jacinto,56521.0,54077.0,False,194.0,828.0,200.0,,1222.0,1222.0,2259.7407400558463,17.1,0.5583640911102985,10.1,28.5,8.3,73682.0,17.308652477023504,25.873,2090.0939203030184,33.798864,-116.995914,0
0667112,1600000US0667112,San Jacinto city,San Jacinto city,"San Jacinto city, California",CA,2023,San Jacinto,56189.0,54756.0,False,233.0,805.0,184.0,8.0,1222.0,1222.0,2231.7188983855654,16.5,0.5324236170276224,10.3,27.0,8.8,78281.0,20.016071298122583,25.873,2116.3374946855793,33.798864,-116.995914,0
0667112,1600000US0667112,San Jacinto city,San Jacinto city,"San Jacinto city, California",CA,2024,San Jacinto,55863.0,55180.0,False,205.0,614.0,146.0,9.0,965.0,965.0,1748.8220369699166,16.1,0.5365514449990745,10.5,25.0,8.9,80647.0,21.299383834722725,25.873,2132.7252348007573,33.798864,-116.995914,0
0668000,1600000US0668000,San Jose city,San Jose city,"San Jose city, California",CA,2022,San Jose,956814.0,1001176.0,False,3884.0,15010.0,6469.0,176.0,25363.0,25363.0,2533.320814721887,7.9,0.7022372795970837,12.2,44.2,4.7,136010.0,41.006076853620144,177.92,5627.113309352519,37.296011,-121.814552,0
0668000,1600000US0668000,San Jose city,San Jose city,"San Jose city, California",CA,2024,San Jose,956840.0,990138.0,False,4086.0,14575.0,6101.0,147.0,24762.0,24762.0,2500.86351599474,8.1,0.6994711236562025,11.8,44.2,5.1,146427.0,41.95940363868471,177.94,5564.448690569855,37.296011,-121.814552,0
0668084,1600000US0668084,San Leandro city,San Leandro city,"San Leandro city, California",CA,2022,San Leandro,86465.0,89723.0,False,480.0,2499.0,1275.0,,4254.0,4254.0,4741.259208898499,8.4,0.744293804714037,8.4,42.1,5.0,97141.0,37.343824883251784,13.323,6734.444194250544,37.703368,-122.163036,0
0668084,1600000US0668084,San Leandro city,San Leandro city,"San Leandro city, California",CA,2023,San Leandro,84855.0,88531.0,False,504.0,2589.0,1980.0,19.0,5073.0,5073.0,5730.196202460155,8.6,0.7432822473764762,7.2,41.7,5.6,98063.0,37.79805943680745,13.323,6644.974855513023,37.703368,-122.163036,0
0668084,1600000US0668084,San Leandro city,San Leandro city,"San Leandro city, California",CA,2024,San Leandro,84200.0,87826.0,False,484.0,1797.0,1022.0,11.0,3303.0,3303.0,3760.8453077676318,8.3,0.7362463229338654,7.1,41.9,5.3,101420.0,38.41800833466172,13.323,6592.058845605344,37.703368,-122.163036,0
0668196,1600000US0668196,San Marcos city,San Marcos city,"San Marcos city, California",CA,2022,San Marcos,94879.0,94360.0,False,185.0,644.0,178.0,5.0,1007.0,1007.0,1067.1894870707927,9.7,0.64079131004778,12.0,38.1,4.2,99413.0,23.02352691818567,24.566,3841.081169095498,33.132567,-117.169892,0
0668196,1600000US0668196,San Marcos city,San Marcos city,"San Marcos city, California",CA,2023,San Marcos,94838.0,94078.0,False,105.0,513.0,136.0,10.0,754.0,754.0,801.4626161270435,10.2,0.6481512228515239,12.1,37.0,4.5,105286.0,22.40800187078807,24.571,3828.8225957429486,33.132567,-117.169892,0
0668196,1600000US0668196,San Marcos city,San Marcos city,"San Marcos city, California",CA,2024,San Marcos,93974.0,94882.0,False,142.0,376.0,102.0,7.0,620.0,620.0,653.4432242153412,9.2,0.6555093662802868,12.2,36.3,4.6,109377.0,22.273982420269387,24.57,3861.7012617012615,33.132567,-117.169892,0
0668252,1600000US0668252,San Mateo city,San Mateo city,"San Mateo city, California",CA,2022,San Mateo,99184.0,104165.0,False,536.0,1451.0,343.0,,2330.0,2330.0,2236.83578937263,7.3,0.7127050061755051,15.8,48.4,4.7,149152.0,35.849853597657564,12.134,8584.555793637712,37.56031,-122.3106,0
0668252,1600000US0668252,San Mateo city,San Mateo city,"San Mateo city, California",CA,2023,San Mateo,98883.0,103555.0,False,225.0,1402.0,271.0,10.0,1898.0,1898.0,1832.8424508715177,7.9,0.718349022042825,15.0,49.2,4.3,152669.0,36.629810245763124,12.134,8534.283830558761,37.56031,-122.3106,0
0668252,1600000US0668252,San Mateo city,San Mateo city,"San Mateo city, California",CA,2024,San Mateo,99929.0,103105.0,False,98.0,1577.0,207.0,4.0,1882.0,1882.0,1825.3236991416518,8.2,0.7232980005549572,15.5,50.1,4.6,153504.0,36.23005673827651,12.134,8497.197956156255,37.56031,-122.3106,0
0668364,1600000US0668364,San Rafael city,San Rafael city,"San Rafael city, California",CA,2022,San Rafael,60386.0,60891.0,False,183.0,1085.0,554.0,24.0,1822.0,1822.0,2992.232021152551,8.9,0.5780685869487674,11.6,48.1,4.8,113839.0,26.78556765367624,16.587,3671.007415445831,37.981003,-122.50693,0
0668364,1600000US0668364,San Rafael city,San Rafael city,"San Rafael city, California",CA,2023,San Rafael,59400.0,60604.0,False,153.0,1058.0,438.0,14.0,1649.0,1649.0,2720.94251204541,10.9,0.5983282376719943,11.4,48.2,5.8,109317.0,28.128506369216556,16.587,3653.704708506662,37.981003,-122.50693,0
0668364,1600000US0668364,San Rafael city,San Rafael city,"San Rafael city, California",CA,2024,San Rafael,59037.0,60433.0,False,156.0,1045.0,249.0,16.0,1450.0,1450.0,2399.3513477735673,11.7,0.6064522718950904,10.8,47.0,5.4,119435.0,28.300762828256087,16.587,3643.3954301561466,37.981003,-122.50693,0
0668378,1600000US0668378,San Ramon city,San Ramon city,"San Ramon city, California",CA,2022,San Ramon,87226.0,86119.0,False,117.0,621.0,69.0,,807.0,807.0,937.0754421207864,4.2,0.6392525527710224,12.9,28.9,5.0,190829.0,36.980225037448186,20.059,4293.284809811057,37.765258,-121.931987,0
0668378,1600000US0668378,San Ramon city,San Ramon city,"San Ramon city, California",CA,2023,San Ramon,85627.0,85734.0,False,86.0,627.0,91.0,5.0,804.0,804.0,937.78430960879,4.1,0.6312186570429599,11.9,29.5,5.0,197358.0,37.16961765460611,20.059,4274.091430280671,37.765258,-121.931987,0
0668378,1600000US0668378,San Ramon city,San Ramon city,"San Ramon city, California",CA,2024,San Ramon,84452.0,85993.0,False,114.0,700.0,126.0,4.0,940.0,940.0,1093.112230065238,4.4,0.6363845643364816,11.0,29.1,5.2,196161.0,38.55313804612003,20.059,4287.003340146567,37.765258,-121.931987,0
0669000,1600000US0669000,Santa Ana city,Santa Ana city,"Santa Ana city, California",CA,2023,Santa Ana,307327.0,311639.0,False,1118.0,3754.0,1262.0,52.0,6134.0,6134.0,1968.303068614647,11.1,0.3812021065982599,8.0,55.4,5.2,88354.0,41.026315705030505,27.376,11383.657218001168,33.736332,-117.8829,0
0669000,1600000US0669000,Santa Ana city,Santa Ana city,"Santa Ana city, California",CA,2024,Santa Ana,310304.0,312534.0,False,700.0,3601.0,981.0,24.0,5282.0,5282.0,1690.0561218939379,10.8,0.3894840779479044,8.1,55.4,4.8,93999.0,41.799292237004614,27.376,11416.35008766803,33.736332,-117.8829,0
0669070,1600000US0669070,Santa Barbara city,Santa Barbara city,"Santa Barbara city, California",CA,2022,Santa Barbara,87817.0,88640.0,False,226.0,1400.0,169.0,,1795.0,1795.0,2025.0451263537907,13.0,0.5633839620918265,16.0,59.1,4.4,98346.0,21.07287906137184,19.505,4544.475775442194,34.400601,-119.712955,0
0669070,1600000US0669070,Santa Barbara city,Santa Barbara city,"Santa Barbara city, California",CA,2023,Santa Barbara,86967.0,88024.0,False,203.0,1163.0,184.0,20.0,1550.0,1550.0,1760.883395437608,13.1,0.5761650210588838,15.5,60.2,4.7,101672.0,20.426247387076252,19.489,4516.59910718867,34.403592,-119.713714,0
0669070,1600000US0669070,Santa Barbara city,Santa Barbara city,"Santa Barbara city, California",CA,2024,Santa Barbara,85758.0,87779.0,False,146.0,1236.0,170.0,10.0,1552.0,1552.0,1768.0766470340288,14.0,0.5851106615316524,13.7,60.1,5.8,106182.0,19.88288770662687,19.489,4504.027913181794,34.403592,-119.713714,0
0669084,1600000US0669084,Santa Clara city,Santa Clara city,"Santa Clara city, California",CA,2022,Santa Clara,126877.0,128058.0,False,646.0,3394.0,524.0,22.0,4564.0,4564.0,3564.0100579424948,8.0,0.6625436641161082,22.4,58.1,4.2,165352.0,45.095191241468704,18.277,7006.5109153581,37.364621,-121.967973,0
0669084,1600000US0669084,Santa Clara city,Santa Clara city,"Santa Clara city, California",CA,2023,Santa Clara,126452.0,129239.0,False,501.0,2603.0,597.0,15.0,3701.0,3701.0,2863.686658052136,7.8,0.6648853181059249,22.4,58.8,4.4,173670.0,45.39806095683191,18.277,7071.127646769163,37.364621,-121.967973,0
0669084,1600000US0669084,Santa Clara city,Santa Clara city,"Santa Clara city, California",CA,2024,Santa Clara,131901.0,130256.0,False,445.0,2336.0,519.0,13.0,3300.0,3300.0,2533.472546370225,8.4,0.6462008308450475,22.0,59.2,5.1,178958.0,46.44008721287311,18.277,7126.771351972424,37.364621,-121.967973,0
0669088,1600000US0669088,Santa Clarita city,Santa Clarita city,"Santa Clarita city, California",CA,2022,Santa Clarita,220765.0,225850.0,False,361.0,1687.0,361.0,,2409.0,2409.0,1066.6371485499226,8.0,0.6616931672143643,10.6,28.9,5.5,116186.0,21.17290236882887,70.754,3192.0456793962176,34.414083,-118.494729,0
0669088,1600000US0669088,Santa Clarita city,Santa Clarita city,"Santa Clarita city, California",CA,2023,Santa Clarita,218060.0,229021.0,False,429.0,1804.0,433.0,24.0,2666.0,2666.0,1164.08538954943,7.7,0.6668432951528256,10.6,28.0,5.3,119926.0,21.618541531125967,73.614,3111.1065829869317,34.416504,-118.500693,0
0669088,1600000US0669088,Santa Clarita city,Santa Clarita city,"Santa Clarita city, California",CA,2024,Santa Clarita,221303.0,230221.0,False,433.0,1731.0,440.0,21.0,2604.0,2604.0,1131.087085887039,7.4,0.6790941203042333,10.1,28.2,5.6,123062.0,22.224297522815036,73.618,3127.237903773534,34.416504,-118.500693,0
0669112,1600000US0669112,Santa Cruz city,Santa Cruz city,"Santa Cruz city, California",CA,2022,Santa Cruz,61650.0,61367.0,False,253.0,1782.0,191.0,40.0,2226.0,2226.0,3627.356722668535,18.7,0.5697003977464202,31.5,53.0,6.2,105491.0,12.506721853765052,12.74,4816.875981161696,36.974385,-122.035268,0
0669112,1600000US0669112,Santa Cruz city,Santa Cruz city,"Santa Cruz city, California",CA,2023,Santa Cruz,61754.0,60953.0,False,118.0,1276.0,110.0,35.0,1504.0,1504.0,2467.474939707644,17.6,0.580974825120627,29.4,52.3,6.3,111427.0,12.847603891522978,12.74,4784.379905808477,36.974385,-122.035268,0
0669112,1600000US0669112,Santa Cruz city,Santa Cruz city,"Santa Cruz city, California",CA,2024,Santa Cruz,61346.0,61607.0,False,83.0,1363.0,97.0,46.0,1543.0,1543.0,2504.585517879462,17.0,0.581126376743945,27.9,51.6,7.2,115475.0,13.05695781323551,12.74,4835.714285714285,36.974385,-122.035268,0
0669196,1600000US0669196,Santa Maria city,Santa Maria city,"Santa Maria city, California",CA,2022,Santa Maria,109518.0,109543.0,False,393.0,1504.0,1142.0,33.0,3039.0,3039.0,2774.2530330555123,13.5,0.37068977535748315,10.6,48.8,6.3,81237.0,33.11576275982947,22.81,4802.411223147743,34.933076,-120.443559,0
0669196,1600000US0669196,Santa Maria city,Santa Maria city,"Santa Maria city, California",CA,2023,Santa Maria,110317.0,109880.0,False,437.0,1425.0,734.0,25.0,2596.0,2596.0,2362.5773571168547,15.5,0.3557039916729492,10.2,48.8,7.1,84617.0,32.67655624317437,22.81,4817.185444980272,34.933076,-120.443559,0
0669196,1600000US0669196,Santa Maria city,Santa Maria city,"Santa Maria city, California",CA,2024,Santa Maria,110056.0,110462.0,False,344.0,1265.0,463.0,75.0,2072.0,2072.0,1875.7581792833735,17.3,0.35328233270329057,10.1,49.8,7.3,84746.0,32.951603266281616,22.81,4842.700569925471,34.933076,-120.443559,0
0670000,1600000US0670000,Santa Monica city,Santa Monica city,"Santa Monica city, California",CA,2022,Santa Monica,89527.0,92168.0,False,665.0,2823.0,569.0,67.0,4057.0,4057.0,4401.744640222203,11.6,0.5689912028273267,13.9,71.1,6.2,106797.0,22.486112316639183,8.409,10960.637412296348,34.010911,-118.498245,0
0670000,1600000US0670000,Santa Monica city,Santa Monica city,"Santa Monica city, California",CA,2023,Santa Monica,88552.0,91535.0,False,652.0,2983.0,582.0,54.0,4217.0,4217.0,4606.980936253892,11.6,0.5754281033293022,13.2,71.2,6.1,109739.0,23.174741902004698,8.409,10885.360922820786,34.010911,-118.498245,0
0670000,1600000US0670000,Santa Monica city,Santa Monica city,"Santa Monica city, California",CA,2024,Santa Monica,88948.0,91169.0,False,755.0,3009.0,497.0,55.0,4261.0,4261.0,4673.737783676469,11.2,0.5741283832276212,12.6,72.1,6.7,114885.0,23.278746065000163,8.409,10841.836127958139,34.010911,-118.498245,0
0670098,1600000US0670098,Santa Rosa city,Santa Rosa city,"Santa Rosa city, California",CA,2022,Santa Rosa,175999.0,178221.0,False,439.0,1561.0,392.0,35.0,2392.0,2392.0,1342.1538427009164,10.0,0.5924159960517916,13.8,44.3,5.6,92604.0,20.817412089484407,42.526,4190.871466867328,38.445824,-122.706181,0
0670098,1600000US0670098,Santa Rosa city,Santa Rosa city,"Santa Rosa city, California",CA,2023,Santa Rosa,176855.0,177216.0,False,456.0,1776.0,366.0,22.0,2598.0,2598.0,1466.0075839653305,9.5,0.6064584140223572,13.5,43.8,5.5,97410.0,20.79214066449982,42.536,4166.259168704157,38.445824,-122.706181,0
0670098,1600000US0670098,Santa Rosa city,Santa Rosa city,"Santa Rosa city, California",CA,2024,Santa Rosa,175147.0,177090.0,False,405.0,1610.0,297.0,26.0,2312.0,2312.0,1305.5508498503586,9.7,0.6165904970596142,12.4,43.3,6.3,99060.0,21.17849680953188,42.544,4162.514103046258,38.445824,-122.706181,0
0670224,1600000US0670224,Santee city,Santee city,"Santee city, California",CA,2022,Santee,59351.0,59497.0,False,74.0,387.0,73.0,10.0,534.0,534.0,897.5242449199119,8.4,0.5127804759592947,12.1,27.0,5.4,101777.0,12.148511689665026,16.537,3597.8109693414767,32.85499,-116.986056,0
0670224,1600000US0670224,Santee city,Santee city,"Santee city, California",CA,2023,Santee,58606.0,59485.0,False,68.0,410.0,83.0,3.0,561.0,561.0,943.0948978734135,8.5,0.5415519543504911,10.6,28.1,5.1,105613.0,12.705724132134153,16.537,3597.0853238193145,32.85499,-116.986056,0
0670224,1600000US0670224,Santee city,Santee city,"Santee city, California",CA,2024,Santee,59351.0,59332.0,False,45.0,222.0,72.0,7.0,339.0,339.0,571.36115418324,7.9,0.5506219513586914,9.3,27.6,4.7,113394.0,13.665475628665813,16.537,3587.8333434117435,32.85499,-116.986056,0
0672016,1600000US0672016,Simi Valley city,Simi Valley city,"Simi Valley city, California",CA,2022,Simi Valley,125585.0,126153.0,False,174.0,791.0,104.0,,1069.0,1069.0,847.383732451864,7.0,0.5943936805926807,9.5,27.2,4.4,112144.0,18.036828295799545,41.545,3036.5386929835117,34.266887,-118.748458,0
0672016,1600000US0672016,Simi Valley city,Simi Valley city,"Simi Valley city, California",CA,2023,Simi Valley,123443.0,125769.0,False,177.0,921.0,99.0,4.0,1197.0,1197.0,951.7448655869093,6.7,0.6049953073619019,8.9,27.1,4.5,117703.0,18.180950790735395,41.542,3027.514322853979,34.266887,-118.748458,0
0672016,1600000US0672016,Simi Valley city,Simi Valley city,"Simi Valley city, California",CA,2024,Simi Valley,124707.0,125634.0,False,155.0,891.0,106.0,8.0,1152.0,1152.0,916.9492334877502,6.4,0.6181028610793786,8.3,27.1,5.0,122081.0,18.45280736106468,41.546,3023.9734270447216,34.266887,-118.748458,0
0673080,1600000US0673080,South Gate city,South Gate city,"South Gate city, California",CA,2022,South Gate,89698.0,92381.0,False,332.0,1710.0,901.0,,2943.0,2943.0,3185.720007360821,13.7,0.09194680436398839,5.4,55.2,7.9,67188.0,41.60704040874206,7.237,12765.096034268343,33.944159,-118.192761,0
0673080,1600000US0673080,South Gate city,South Gate city,"South Gate city, California",CA,2023,South Gate,90184.0,91836.0,False,250.0,1874.0,1031.0,10.0,3155.0,3155.0,3435.4719282198703,13.2,0.09762682648213616,4.8,55.6,6.9,71315.0,41.77446752907357,7.237,12689.788586430841,33.944159,-118.192761,0
0673080,1600000US0673080,South Gate city,South Gate city,"South Gate city, California",CA,2024,South Gate,89223.0,91483.0,False,257.0,2084.0,870.0,19.0,3211.0,3211.0,3509.9417378092107,12.7,0.09389006549727186,4.4,54.7,7.4,74571.0,41.88428451187652,7.237,12641.01146884068,33.944159,-118.192761,0
0673262,1600000US0673262,South San Francisco city,South San Francisco city,"South San Francisco city, California",CA,2022,South San Francisco,62427.0,65596.0,False,223.0,1304.0,237.0,,1764.0,1764.0,2689.1883651442163,6.8,0.6822497536238441,9.7,38.4,2.4,127062.0,38.90176230257942,9.204,7126.901347240329,37.655104,-122.376234,0
0673262,1600000US0673262,South San Francisco city,South San Francisco city,"South San Francisco city, California",CA,2023,South San Francisco,62205.0,64487.0,False,140.0,1024.0,223.0,21.0,1387.0,1387.0,2150.8210957247197,7.1,0.6818524486084376,8.8,39.2,2.5,135909.0,40.200350458231895,9.204,7006.410256410256,37.655104,-122.376234,0
0673262,1600000US0673262,South San Francisco city,South San Francisco city,"South San Francisco city, California",CA,2024,South San Francisco,62229.0,64305.0,False,64.0,689.0,217.0,10.0,970.0,970.0,1508.4363579814944,6.7,0.6809052891351663,7.9,41.0,2.8,136578.0,40.15395381385584,9.204,6986.636245110821,37.655104,-122.376234,0
0675000,1600000US0675000,Stockton city,Stockton city,"Stockton city, California",CA,2022,Stockton,323501.0,320030.0,False,1760.0,5636.0,1482.0,201.0,8878.0,8878.0,2774.1149267256196,15.6,0.7090001005465764,10.4,48.3,7.7,71612.0,25.134831109583477,62.391,5129.425718452982,37.976342,-121.313304,0
0675000,1600000US0675000,Stockton city,Stockton city,"Stockton city, California",CA,2023,Stockton,322220.0,320470.0,False,2014.0,5584.0,2321.0,185.0,9919.0,9919.0,3095.141510905857,15.4,0.7089601249913184,10.3,46.8,8.0,76851.0,25.87418479108809,63.095,5079.166336476742,37.977243,-121.308865,0
0675000,1600000US0675000,Stockton city,Stockton city,"Stockton city, California",CA,2024,Stockton,319069.0,322326.0,False,1794.0,4697.0,1931.0,162.0,8422.0,8422.0,2612.8826095319646,15.5,0.7064467869047428,10.4,46.1,8.6,79907.0,26.47164671791912,63.296,5092.3597067745195,37.976553,-121.308598,0
0677000,1600000US0677000,Sunnyvale city,Sunnyvale city,"Sunnyvale city, California",CA,2022,Sunnyvale,148739.0,154573.0,False,621.0,2633.0,400.0,30.0,3654.0,3654.0,2363.931605131556,5.3,0.6503752711077513,18.6,55.6,4.1,174506.0,49.361790222095706,22.06,7006.935630099729,37.385797,-122.026316,0
0677000,1600000US0677000,Sunnyvale city,Sunnyvale city,"Sunnyvale city, California",CA,2023,Sunnyvale,152031.0,153455.0,False,493.0,2019.0,408.0,23.0,2920.0,2920.0,1902.8379655273532,5.6,0.6528235095891677,19.5,56.2,4.1,181862.0,49.432732722948096,22.06,6956.255666364461,37.385797,-122.026316,0
0677000,1600000US0677000,Sunnyvale city,Sunnyvale city,"Sunnyvale city, California",CA,2024,Sunnyvale,150893.0,154236.0,False,463.0,1988.0,430.0,33.0,2881.0,2881.0,1867.91669908452,5.8,0.6550961627545042,19.8,56.2,4.5,186170.0,50.204232474908586,22.06,6991.659111514053,37.385797,-122.026316,0
0678120,1600000US0678120,Temecula city,Temecula city,"Temecula city, California",CA,2022,Temecula,111611.0,110114.0,False,438.0,1903.0,310.0,,2651.0,2651.0,2407.5049494160594,7.8,0.6505381120459985,14.8,31.7,5.8,111881.0,16.867973191419804,37.177,2961.885036447266,33.493073,-117.131734,0
0678120,1600000US0678120,Temecula city,Temecula city,"Temecula city, California",CA,2023,Temecula,112632.0,110404.0,False,319.0,1776.0,272.0,1.0,2367.0,2367.0,2143.944059997826,7.4,0.6589429785150742,14.0,32.3,5.7,117840.0,16.63254954530633,37.177,2969.685558275278,33.493073,-117.131734,0
0678120,1600000US0678120,Temecula city,Temecula city,"Temecula city, California",CA,2024,Temecula,110880.0,111167.0,False,255.0,1415.0,192.0,6.0,1862.0,1862.0,1674.9574963793211,7.3,0.6643634646925833,13.3,32.0,5.7,121063.0,15.88960752741371,37.177,2990.2090001882884,33.493073,-117.131734,0
0678582,1600000US0678582,Thousand Oaks city,Thousand Oaks city,"Thousand Oaks city, California",CA,2022,Thousand Oaks,124862.0,126532.0,False,158.0,1118.0,105.0,,1381.0,1381.0,1091.4235134195303,7.9,0.54032939267538,8.8,30.8,4.8,125399.0,18.284702683906048,55.257,2289.8818249271585,34.19329,-118.874235,0
0678582,1600000US0678582,Thousand Oaks city,Thousand Oaks city,"Thousand Oaks city, California",CA,2023,Thousand Oaks,123032.0,125676.0,False,167.0,1144.0,63.0,4.0,1374.0,1374.0,1093.2875011935453,8.0,0.5542118188235963,9.4,29.9,4.9,134367.0,18.672618479264138,55.257,2274.3905749497803,34.19329,-118.874235,0
0678582,1600000US0678582,Thousand Oaks city,Thousand Oaks city,"Thousand Oaks city, California",CA,2024,Thousand Oaks,122363.0,125205.0,False,153.0,1027.0,69.0,4.0,1249.0,1249.0,997.5639950481211,8.9,0.5585314664996489,9.2,29.2,5.4,135603.0,18.822730721616548,55.257,2265.8667680112926,34.19329,-118.874235,0
0680000,1600000US0680000,Torrance city,Torrance city,"Torrance city, California",CA,2022,Torrance,140499.0,145454.0,False,466.0,2519.0,724.0,18.0,3709.0,3709.0,2549.9470623014836,6.7,0.7071210103601338,11.4,45.2,5.3,109554.0,30.417176564412117,20.516,7089.783583544551,33.830453,-118.356618,0
0680000,1600000US0680000,Torrance city,Torrance city,"Torrance city, California",CA,2023,Torrance,138472.0,143499.0,False,558.0,2446.0,636.0,13.0,3640.0,3640.0,2536.603042529913,6.9,0.7080691226616875,11.0,45.4,5.5,113105.0,31.0127596707991,20.516,6994.492103723924,33.830453,-118.356618,0
0680000,1600000US0680000,Torrance city,Torrance city,"Torrance city, California",CA,2024,Torrance,136899.0,142130.0,False,656.0,2491.0,653.0,12.0,3800.0,3800.0,2673.608668120735,7.8,0.7135983765188634,10.0,45.0,6.0,116217.0,29.879687609934567,20.516,6927.763696627024,33.830453,-118.356618,0
0680238,1600000US0680238,Tracy city,Tracy city,"Tracy city, California",CA,2022,Tracy,97219.0,94027.0,False,152.0,1112.0,210.0,16.0,1474.0,1474.0,1567.6348282940007,8.7,0.7120592146146953,12.8,36.0,5.4,111717.0,27.803715953928126,26.187,3590.598388513384,37.727396,-121.452195,0
0680238,1600000US0680238,Tracy city,Tracy city,"Tracy city, California",CA,2023,Tracy,99347.0,95358.0,False,164.0,1134.0,336.0,12.0,1634.0,1634.0,1713.542649803897,7.7,0.7122404209403137,11.7,36.0,5.9,118253.0,28.668805973279643,26.337,3620.685727303793,37.727396,-121.452195,0
0680238,1600000US0680238,Tracy city,Tracy city,"Tracy city, California",CA,2024,Tracy,99519.0,96966.0,False,153.0,1166.0,265.0,8.0,1584.0,1584.0,1633.562279561908,7.8,0.7207694282005475,11.4,35.0,5.5,121119.0,28.823505146133698,26.337,3681.740517143183,37.727396,-121.452195,0
0680644,1600000US0680644,Tulare city,Tulare city,"Tulare city, California",CA,2022,Tulare,72303.0,69261.0,False,250.0,809.0,476.0,20.0,1535.0,1535.0,2216.2544577756603,17.5,0.521056451135579,9.8,41.2,8.6,65933.0,18.257027764542816,20.621,3358.7604868823046,36.199366,-119.341921,0
0680644,1600000US0680644,Tulare city,Tulare city,"Tulare city, California",CA,2023,Tulare,71428.0,69984.0,False,213.0,771.0,426.0,15.0,1410.0,1410.0,2014.7462277091906,18.0,0.5140393033562156,9.1,41.5,7.9,69517.0,18.45564700502972,20.678,3384.4665828416673,36.199366,-119.341921,0
0680644,1600000US0680644,Tulare city,Tulare city,"Tulare city, California",CA,2024,Tulare,71689.0,70945.0,False,238.0,854.0,229.0,19.0,1321.0,1321.0,1862.005779124674,17.9,0.5168696684347807,7.5,41.5,8.6,72410.0,20.911974064416096,20.741,3420.5197435032064,36.200246,-119.339775,0
0680812,1600000US0680812,Turlock city,Turlock city,"Turlock city, California",CA,2022,Turlock,72753.0,72504.0,False,278.0,1560.0,249.0,49.0,2087.0,2087.0,2878.461877965354,13.1,0.6208538465322901,11.2,45.0,7.6,74559.0,21.77810879399757,16.797,4316.485086622611,37.505524,-120.859269,0
0680812,1600000US0680812,Turlock city,Turlock city,"Turlock city, California",CA,2023,Turlock,72118.0,72400.0,False,193.0,1128.0,260.0,23.0,1581.0,1581.0,2183.7016574585637,10.8,0.6152448288361161,11.0,43.2,7.8,79807.0,21.392265193370168,16.797,4310.293504792522,37.505524,-120.859269,0
0680812,1600000US0680812,Turlock city,Turlock city,"Turlock city, California",CA,2024,Turlock,71886.0,72502.0,False,141.0,984.0,224.0,11.0,1349.0,1349.0,1860.6383272185594,11.3,0.6097461230316931,11.4,43.9,8.4,82995.0,22.062839645802875,16.797,4316.366017741263,37.505524,-120.859269,0
0680854,1600000US0680854,Tustin city,Tustin city,"Tustin city, California",CA,2022,Tustin,78841.0,79514.0,False,229.0,1493.0,238.0,4.0,1960.0,1960.0,2464.974721432704,10.1,0.6914372376389094,14.1,49.8,5.9,102065.0,31.47244510400684,11.124,7147.96835670622,33.73092,-117.810598,0
0680854,1600000US0680854,Tustin city,Tustin city,"Tustin city, California",CA,2023,Tustin,77690.0,79035.0,False,186.0,1352.0,208.0,9.0,1746.0,1746.0,2209.147845891061,10.4,0.6978213790966843,12.9,49.1,5.4,108435.0,33.08407667489087,11.123,7105.547064640835,33.73092,-117.810599,0
0680854,1600000US0680854,Tustin city,Tustin city,"Tustin city, California",CA,2024,Tustin,76985.0,78981.0,False,165.0,1317.0,138.0,9.0,1620.0,1620.0,2051.126220230182,9.9,0.6944280513253569,11.6,51.2,5.4,112503.0,34.01704207341006,11.123,7100.692259282568,33.73092,-117.810599,0
0681204,1600000US0681204,Union City city,Union City city,"Union City city, California",CA,2023,Union City,65613.0,68141.0,False,228.0,1297.0,550.0,6.0,2075.0,2075.0,3045.156366945011,7.0,0.6297926240773213,11.0,33.0,5.0,137194.0,46.935031772354385,19.398,3512.784823177647,37.602759,-122.01884,0
0681204,1600000US0681204,Union City city,Union City city,"Union City city, California",CA,2024,Union City,63976.0,67464.0,False,187.0,812.0,431.0,16.0,1430.0,1430.0,2119.64899798411,7.2,0.6133104254194188,10.0,35.3,5.3,133715.0,48.686706984465786,19.398,3477.8843179709247,37.602759,-122.01884,0
0681344,1600000US0681344,Upland city,Upland city,"Upland city, California",CA,2022,Upland,79430.0,78847.0,False,340.0,1050.0,236.0,13.0,1626.0,1626.0,2062.221771278552,10.5,0.6715444421021524,12.0,44.6,4.9,93994.0,18.715994267378594,15.584,5059.4840862423,34.116073,-117.659922,0
0681344,1600000US0681344,Upland city,Upland city,"Upland city, California",CA,2023,Upland,78702.0,78940.0,False,332.0,1001.0,280.0,17.0,1613.0,1613.0,2043.3240435774005,9.0,0.6711732145249358,11.2,43.1,5.3,101407.0,17.931340258424118,15.584,5065.451745379877,34.116073,-117.659922,0
0681344,1600000US0681344,Upland city,Upland city,"Upland city, California",CA,2024,Upland,78584.0,79257.0,False,273.0,931.0,205.0,18.0,1409.0,1409.0,1777.7609548683397,9.3,0.6774253346571038,11.5,42.9,5.4,105830.0,19.49859318419824,15.584,5085.793121149897,34.116073,-117.659922,0
0681554,1600000US0681554,Vacaville city,Vacaville city,"Vacaville city, California",CA,2022,Vacaville,103486.0,101631.0,False,221.0,1493.0,206.0,,1920.0,1920.0,1889.1873542521475,6.9,0.685170295433144,13.4,33.8,5.4,106764.0,11.78085426690675,29.87,3402.4439236692333,38.358621,-121.968601,0
0681554,1600000US0681554,Vacaville city,Vacaville city,"Vacaville city, California",CA,2023,Vacaville,101975.0,102085.0,False,181.0,1707.0,230.0,24.0,2118.0,2118.0,2074.7416368712347,7.5,0.6953239612453274,12.1,32.6,6.0,108580.0,12.558162315717295,29.87,3417.643120187479,38.358621,-121.968601,0
0681554,1600000US0681554,Vacaville city,Vacaville city,"Vacaville city, California",CA,2024,Vacaville,102672.0,102596.0,False,157.0,1417.0,212.0,22.0,1786.0,1786.0,1740.8086085227494,8.2,0.701762003220749,12.5,32.5,5.8,111126.0,13.145736675893795,29.87,3434.7505858721124,38.358621,-121.968601,0
0681666,1600000US0681666,Vallejo city,Vallejo city,"Vallejo city, California",CA,2022,Vallejo,123940.0,125132.0,False,904.0,3213.0,1128.0,49.0,5245.0,5245.0,4191.573698174728,11.5,0.7784712955624056,11.4,41.3,7.0,86112.0,26.50401176357766,30.419,4113.613202274894,38.106909,-122.262339,0
0681666,1600000US0681666,Vallejo city,Vallejo city,"Vallejo city, California",CA,2023,Vallejo,122419.0,124637.0,False,810.0,3193.0,1107.0,35.0,5110.0,5110.0,4099.906127393952,12.0,0.779949189492589,11.6,41.1,6.7,89496.0,27.118752858300503,30.435,4095.1864629538363,38.106909,-122.262339,0
0681666,1600000US0681666,Vallejo city,Vallejo city,"Vallejo city, California",CA,2024,Vallejo,121795.0,124268.0,False,678.0,3223.0,959.0,31.0,4860.0,4860.0,3910.9022435381594,12.2,0.783292647649292,11.5,42.6,7.4,90171.0,28.690411047091768,30.435,4083.0622638409727,38.106909,-122.262339,0
0682590,1600000US0682590,Victorville city,Victorville city,"Victorville city, California",CA,2022,Victorville,137169.0,134417.0,False,578.0,1366.0,542.0,51.0,2486.0,2486.0,1849.4684452115432,19.1,0.6231958687671881,12.6,40.3,10.3,65746.0,19.41049123250779,73.71,1823.5924569257904,34.527735,-117.353579,0
0682590,1600000US0682590,Victorville city,Victorville city,"Victorville city, California",CA,2024,Victorville,140309.0,137627.0,False,497.0,1620.0,870.0,67.0,2987.0,2987.0,2170.3590138562927,18.4,0.5976053691084635,12.5,39.4,11.1,74410.0,19.42133447651987,73.71,1867.141500474834,34.527735,-117.353579,0
0682954,1600000US0682954,Visalia city,Visalia city,"Visalia city, California",CA,2022,Visalia,144137.0,141466.0,False,390.0,2421.0,610.0,134.0,3421.0,3421.0,2418.2489078647873,12.6,0.5860949110968476,9.3,40.0,5.6,75658.0,14.28682510285157,38.116,3711.4597544338335,36.32803,-119.328519,0
0682954,1600000US0682954,Visalia city,Visalia city,"Visalia city, California",CA,2023,Visalia,145031.0,142649.0,False,457.0,2381.0,658.0,67.0,3496.0,3496.0,2450.7707730162847,11.3,0.5957927817458966,8.5,39.2,5.9,79952.0,14.637326584834105,38.171,3737.104084252443,36.32803,-119.328519,0
0682954,1600000US0682954,Visalia city,Visalia city,"Visalia city, California",CA,2024,Visalia,146090.0,143939.0,False,384.0,2219.0,509.0,30.0,3112.0,3112.0,2162.0269697580225,11.5,0.590968389837929,8.2,38.9,6.9,81989.0,13.969111915464188,38.501,3738.578218747565,36.32803,-119.328519,0
0682996,1600000US0682996,Vista city,Vista city,"Vista city, California",CA,2022,Vista,98802.0,98392.0,False,289.0,852.0,313.0,9.0,1454.0,1454.0,1477.7624197089194,11.0,0.6130512059396848,11.6,50.6,6.3,88715.0,23.225465484998782,18.746,5248.693054518298,33.189682,-117.23858,0
0682996,1600000US0682996,Vista city,Vista city,"Vista city, California",CA,2023,Vista,97457.0,98646.0,False,216.0,686.0,269.0,2.0,1171.0,1171.0,1187.0729679865378,10.2,0.6125209356954584,11.3,50.8,6.4,91854.0,23.083551284390648,18.746,5262.242611757175,33.189683,-117.238579,0
0682996,1600000US0682996,Vista city,Vista city,"Vista city, California",CA,2024,Vista,98290.0,99114.0,False,122.0,543.0,184.0,7.0,849.0,849.0,856.5893819238453,10.5,0.619077744476819,10.8,48.3,6.6,94975.0,22.543737514377383,18.971,5224.500553476359,33.189528,-117.238582,0
0683346,1600000US0683346,Walnut Creek city,Walnut Creek city,"Walnut Creek city, California",CA,2023,Walnut Creek,68441.0,69790.0,False,275.0,1444.0,173.0,2.0,1892.0,1892.0,2710.990113196733,5.9,0.5671545502575317,16.1,35.5,5.2,135665.0,23.5621149161771,19.76,3531.8825910931173,37.902666,-122.040479,0
0683346,1600000US0683346,Walnut Creek city,Walnut Creek city,"Walnut Creek city, California",CA,2024,Walnut Creek,68808.0,70088.0,False,268.0,1553.0,173.0,2.0,1994.0,1994.0,2844.994863600046,6.4,0.5751333419173426,15.4,35.6,6.0,130432.0,24.356523227942013,19.76,3546.963562753036,37.902666,-122.040479,0
0683668,1600000US0683668,Watsonville city,Watsonville city,"Watsonville city, California",CA,2022,Watsonville,51517.0,52457.0,False,137.0,611.0,211.0,,959.0,959.0,1828.1640200545207,13.8,0.299988111254166,8.0,55.9,9.4,72295.0,35.44808128562442,6.786,7730.17978190392,36.923587,-121.772395,0
0683668,1600000US0683668,Watsonville city,Watsonville city,"Watsonville city, California",CA,2024,Watsonville,50340.0,51712.0,False,70.0,375.0,150.0,4.0,595.0,595.0,1150.6033415841584,14.7,0.30575286443415106,6.3,55.2,7.7,78393.0,35.455987004950494,6.786,7620.394930739759,36.923587,-121.772395,0
0684200,1600000US0684200,West Covina city,West Covina city,"West Covina city, California",CA,2022,West Covina,104739.0,108173.0,False,343.0,1666.0,408.0,14.0,2417.0,2417.0,2234.383811117377,9.3,0.6190355345533519,8.3,37.6,6.7,96219.0,35.7658565446091,16.036,6745.634821651284,34.055941,-117.909937,0
0684200,1600000US0684200,West Covina city,West Covina city,"West Covina city, California",CA,2023,West Covina,103014.0,107436.0,False,345.0,1596.0,482.0,19.0,2423.0,2423.0,2255.296176328233,9.7,0.6146338934198403,8.2,39.2,6.2,98570.0,36.73163557839085,16.036,6699.675729608381,34.055941,-117.909937,0
0684200,1600000US0684200,West Covina city,West Covina city,"West Covina city, California",CA,2024,West Covina,104467.0,107037.0,False,309.0,1511.0,372.0,14.0,2192.0,2192.0,2047.889981968852,10.0,0.6115302332455473,8.5,39.7,6.5,101065.0,37.11707166680681,16.036,6674.794213020703,34.055941,-117.909937,0
0684550,1600000US0684550,Westminster city,Westminster city,"Westminster city, California",CA,2022,Westminster,89490.0,90638.0,False,477.0,1725.0,458.0,,2660.0,2660.0,2934.751428760564,15.7,0.642185117957361,8.5,47.6,7.5,80271.0,44.63249409739844,10.039,9028.58850483116,33.752292,-117.993868,0
0684550,1600000US0684550,Westminster city,Westminster city,"Westminster city, California",CA,2023,Westminster,88710.0,90147.0,False,434.0,1739.0,281.0,10.0,2454.0,2454.0,2722.220373390129,15.8,0.6402526842905454,7.7,47.8,7.4,82686.0,45.565576225498354,10.039,8979.679250921406,33.752292,-117.993868,0
0684550,1600000US0684550,Westminster city,Westminster city,"Westminster city, California",CA,2024,Westminster,88026.0,89860.0,False,321.0,1682.0,196.0,14.0,2199.0,2199.0,2447.1399955486313,14.4,0.6291584151304136,7.9,46.6,7.2,85541.0,46.44669485866904,10.039,8951.090746090249,33.752292,-117.993868,0
0684816,1600000US0684816,West Sacramento city,West Sacramento city,"West Sacramento city, California",CA,2022,West Sacramento,53643.0,54163.0,False,58.0,404.0,75.0,,537.0,537.0,991.4517290401195,14.3,0.690653632877385,8.4,42.1,5.4,87044.0,23.770839872237506,21.47,2522.729389846297,38.554368,-121.548663,0
0684816,1600000US0684816,West Sacramento city,West Sacramento city,"West Sacramento city, California",CA,2023,West Sacramento,55651.0,54496.0,False,151.0,431.0,86.0,6.0,668.0,668.0,1225.778038755138,13.4,0.6937183530350743,8.6,40.5,5.2,90791.0,23.552187316500294,21.47,2538.239403819283,38.554368,-121.548663,0
0684816,1600000US0684816,West Sacramento city,West Sacramento city,"West Sacramento city, California",CA,2024,West Sacramento,56536.0,54927.0,False,127.0,490.0,157.0,7.0,774.0,774.0,1409.1430444043913,12.8,0.7049305937496448,8.4,39.8,6.0,93188.0,22.367870082108983,21.47,2558.3139264089427,38.554368,-121.548663,0
0685292,1600000US0685292,Whittier city,Whittier city,"Whittier city, California",CA,2023,Whittier,83269.0,85925.0,False,296.0,1127.0,483.0,12.0,1906.0,1906.0,2218.213558335758,8.8,0.49846422615686214,7.1,41.5,5.4,92374.0,17.346523130637184,14.649,5865.588094750496,33.966827,-118.020122,0
0685292,1600000US0685292,Whittier city,Whittier city,"Whittier city, California",CA,2024,Whittier,83186.0,86165.0,False,284.0,1336.0,356.0,10.0,1976.0,1976.0,2293.274531422271,9.1,0.496332905015188,5.7,42.1,5.4,97201.0,17.55469158010793,14.649,5881.9714656290535,33.966827,-118.020122,0
0686328,1600000US0686328,Woodland city,Woodland city,"Woodland city, California",CA,2022,Woodland,61883.0,61227.0,False,216.0,949.0,196.0,35.0,1361.0,1361.0,2222.875528769987,9.3,0.6150018341242283,11.4,43.9,5.0,84494.0,22.641971679161156,15.315,3997.845249755142,38.67116,-121.750043,0
0686328,1600000US0686328,Woodland city,Woodland city,"Woodland city, California",CA,2023,Woodland,61669.0,61256.0,False,119.0,891.0,269.0,11.0,1279.0,1279.0,2087.9587305733316,8.1,0.6227061046152604,11.2,41.9,5.3,87880.0,21.7007313569283,15.315,3999.7388181521387,38.67116,-121.750043,0
0686328,1600000US0686328,Woodland city,Woodland city,"Woodland city, California",CA,2024,Woodland,61177.0,61854.0,False,72.0,643.0,153.0,6.0,868.0,868.0,1403.3045558896756,8.2,0.6262224653890036,11.4,41.3,5.8,90180.0,21.777087981375498,15.315,4038.785504407444,38.67116,-121.750043,0
0686832,1600000US0686832,Yorba Linda city,Yorba Linda city,"Yorba Linda city, California",CA,2022,Yorba Linda,67550.0,68035.0,False,158.0,441.0,74.0,0.0,673.0,673.0,989.1967369736165,6.0,0.6346643871222803,11.0,17.3,4.6,148325.0,21.650621003895054,19.953,3409.7629429158524,33.889038,-117.77207,0
0686832,1600000US0686832,Yorba Linda city,Yorba Linda city,"Yorba Linda city, California",CA,2023,Yorba Linda,66477.0,67407.0,False,139.0,547.0,63.0,3.0,749.0,749.0,1111.1605619594404,5.6,0.6431126648506472,10.6,17.5,4.5,152060.0,22.36711320782708,19.953,3378.288979100887,33.889038,-117.77207,0
0686832,1600000US0686832,Yorba Linda city,Yorba Linda city,"Yorba Linda city, California",CA,2024,Yorba Linda,65469.0,67170.0,False,70.0,376.0,55.0,2.0,501.0,501.0,745.8686913800805,5.8,0.653425592560004,9.7,17.0,4.7,157582.0,23.05195771921989,19.953,3366.411066005112,33.889038,-117.77207,0
0686972,1600000US0686972,Yuba City city,Yuba City city,"Yuba City city, California",CA,2022,Yuba City,69122.0,69535.0,False,187.0,1135.0,243.0,9.0,1565.0,1565.0,2250.665132667002,13.7,0.7009508202669937,15.2,43.7,7.7,70412.0,23.460127993097004,15.33,4535.877364644488,39.133851,-121.639028,0
0686972,1600000US0686972,Yuba City city,Yuba City city,"Yuba City city, California",CA,2023,Yuba City,68551.0,69545.0,False,173.0,943.0,245.0,30.0,1361.0,1361.0,1957.0062549428428,15.6,0.7030060811293869,14.6,44.9,6.7,72322.0,24.08512473937738,16.57,4197.042848521424,39.129842,-121.641549,0
0686972,1600000US0686972,Yuba City city,Yuba City city,"Yuba City city, California",CA,2024,Yuba City,68200.0,69471.0,False,115.0,843.0,173.0,15.0,1131.0,1131.0,1628.0174461286003,14.3,0.7063671739606525,12.7,42.7,7.0,75477.0,24.431777288364927,16.57,4192.576946288473,39.129842,-121.641549,0
0687042,1600000US0687042,Yucaipa city,Yucaipa city,"Yucaipa city, California",CA,2022,Yucaipa,54873.0,54428.0,False,154.0,447.0,113.0,,714.0,714.0,1311.824796060851,8.5,0.5603182989040443,8.0,26.6,6.8,85075.0,10.05364885720585,28.258,1926.1094203411424,34.033582,-117.042898,0
0687042,1600000US0687042,Yucaipa city,Yucaipa city,"Yucaipa city, California",CA,2024,Yucaipa,53735.0,54421.0,False,86.0,275.0,82.0,5.0,443.0,443.0,814.0239980889729,9.1,0.5753899239547713,9.5,26.6,7.0,90794.0,10.707263740100329,28.258,1925.8617028806002,34.033582,-117.042898,0
0803455,1600000US0803455,Arvada city,Arvada city,"Arvada city, Colorado",CO,2022,Arvada,122403.0,123066.0,False,436.0,2464.0,812.0,24.0,3712.0,3712.0,3016.267693757821,5.8,0.36827222948563954,13.3,25.8,3.8,106014.0,5.176084377488502,38.978,3157.3195135717583,39.833728,-105.150306,0
0803455,1600000US0803455,Arvada city,Arvada city,"Arvada city, Colorado",CO,2023,Arvada,120200.0,122835.0,False,394.0,2179.0,553.0,44.0,3126.0,3126.0,2544.877274392478,6.0,0.37757978490711464,12.7,25.1,3.9,113396.0,5.1768632718687675,38.974,3151.71652896803,39.833728,-105.150306,0
0803455,1600000US0803455,Arvada city,Arvada city,"Arvada city, Colorado",CO,2024,Arvada,120456.0,122634.0,False,414.0,2120.0,452.0,48.0,2986.0,2986.0,2434.8875515762347,5.8,0.3951160671594207,13.0,24.7,3.8,117348.0,5.607743366439976,38.989,3145.3486880915134,39.833728,-105.150306,0
0804000,1600000US0804000,Aurora city,Aurora city,"Aurora city, Colorado",CO,2022,Aurora,392134.0,387349.0,False,1821.0,7959.0,6805.0,113.0,16585.0,16585.0,4281.6684695197355,10.5,0.6969391898357882,17.8,37.5,5.5,78685.0,21.045104027633993,162.504,2383.6274799389553,39.703633,-104.720088,0
0804000,1600000US0804000,Aurora city,Aurora city,"Aurora city, Colorado",CO,2023,Aurora,396976.0,390201.0,False,1750.0,7840.0,5270.0,122.0,14860.0,14860.0,3808.293674285817,11.2,0.6979580311484164,17.0,36.7,5.7,84320.0,21.776469050566245,163.009,2393.7389960063556,39.703633,-104.720088,0
0804000,1600000US0804000,Aurora city,Aurora city,"Aurora city, Colorado",CO,2024,Aurora,397852.0,394432.0,False,1477.0,7305.0,3567.0,90.0,12349.0,12349.0,3130.8311698847965,11.9,0.7042402805696583,16.7,37.6,5.9,88368.0,22.367860619828008,164.059,2404.208242156785,39.709537,-104.720509,0
0807850,1600000US0807850,Boulder city,Boulder city,"Boulder city, Colorado",CO,2022,Boulder,103099.0,106598.0,False,471.0,2298.0,324.0,25.0,3093.0,3093.0,2901.555376273476,22.1,0.3729010052744953,35.9,52.8,5.4,80243.0,10.290061727236909,26.816,3975.164081145585,40.024431,-105.251251,0
0807850,1600000US0807850,Boulder city,Boulder city,"Boulder city, Colorado",CO,2023,Boulder,104232.0,106274.0,False,477.0,2373.0,337.0,25.0,3187.0,3187.0,2998.8520240133994,21.8,0.37942411909264684,34.8,52.1,6.1,85364.0,10.225454956056986,26.894,3951.5877147319106,40.024431,-105.251251,0
0807850,1600000US0807850,Boulder city,Boulder city,"Boulder city, Colorado",CO,2024,Boulder,105195.0,106433.0,False,403.0,2253.0,219.0,32.0,2875.0,2875.0,2701.22988170962,21.5,0.3747918861395507,34.1,52.8,6.0,87493.0,10.844380972066935,26.878,3959.8556440211323,40.024431,-105.251251,0
0809280,1600000US0809280,Broomfield city,Broomfield city,"Broomfield city, Colorado",CO,2022,Broomfield,76137.0,73946.0,False,208.0,1395.0,390.0,3.0,1993.0,1993.0,2695.210018121332,5.0,0.41989680841376,17.1,36.1,3.2,117541.0,10.659129635139156,32.968,2242.962873089056,39.953593,-105.050787,0
0809280,1600000US0809280,Broomfield city,Broomfield city,"Broomfield city, Colorado",CO,2023,Broomfield,77072.0,75110.0,False,183.0,1310.0,263.0,11.0,1756.0,1756.0,2337.904406869924,5.0,0.43818822829432547,16.8,37.4,3.3,121025.0,10.457994940753562,32.968,2278.2698374181023,39.953593,-105.050787,0
0809280,1600000US0809280,Broomfield city,Broomfield city,"Broomfield city, Colorado",CO,2024,Broomfield,78294.0,76304.0,False,160.0,1105.0,188.0,5.0,1453.0,1453.0,1904.2252044453762,6.2,0.4489395691120587,15.3,37.3,3.8,123874.0,10.473893898091843,32.968,2314.486775054598,39.953593,-105.050787,0
0812415,1600000US0812415,Castle Rock town,Castle Rock town,"Castle Rock town, Colorado",CO,2022,Castle Rock,79102.0,74065.0,False,63.0,795.0,62.0,6.0,920.0,920.0,1242.152163640046,3.5,0.32457849589578835,17.9,21.5,4.2,135985.0,5.2777965300749345,34.742,2131.857693857579,39.376194,-104.852922,0
0812415,1600000US0812415,Castle Rock town,Castle Rock town,"Castle Rock town, Colorado",CO,2023,Castle Rock,83546.0,76614.0,False,82.0,865.0,61.0,0.0,1008.0,1008.0,1315.6864280679772,3.8,0.35366843298167006,17.2,21.2,4.5,143031.0,5.401101626334612,34.742,2205.227102642335,39.376194,-104.852922,0
0812415,1600000US0812415,Castle Rock town,Castle Rock town,"Castle Rock town, Colorado",CO,2024,Castle Rock,84098.0,79123.0,False,52.0,701.0,36.0,2.0,789.0,789.0,997.1816033264663,3.8,0.3762980775751943,15.6,21.2,4.4,145197.0,5.586239146645097,34.742,2277.4451672327446,39.376194,-104.852922,0
0812815,1600000US0812815,Centennial city,Centennial city,"Centennial city, Colorado",CO,2022,Centennial,105849.0,107702.0,False,324.0,1437.0,472.0,14.0,2233.0,2233.0,2073.3134017938387,3.1,0.3931864632834313,12.6,17.7,3.4,124617.0,9.09732409797404,29.744,3620.96557288865,39.590568,-104.869118,0
0812815,1600000US0812815,Centennial city,Centennial city,"Centennial city, Colorado",CO,2023,Centennial,104724.0,107386.0,False,265.0,1393.0,383.0,19.0,2041.0,2041.0,1900.6201925763132,3.1,0.4111390665100575,11.3,18.7,3.7,128167.0,9.380179911720337,30.156,3561.016049873989,39.590864,-104.863808,0
0812815,1600000US0812815,Centennial city,Centennial city,"Centennial city, Colorado",CO,2024,Centennial,106454.0,108201.0,False,300.0,1220.0,299.0,23.0,1819.0,1819.0,1681.1304886276469,3.3,0.43305439288818925,10.8,19.4,4.6,131928.0,9.89454810953688,30.156,3588.042180660565,39.590864,-104.863808,0
0816000,1600000US0816000,Colorado Springs city,Colorado Springs city,"Colorado Springs city, Colorado",CO,2022,Colorado Springs,487728.0,479612.0,False,2686.0,11164.0,2733.0,207.0,16583.0,16583.0,3457.586549127211,10.4,0.5194906347197148,20.6,38.9,5.6,79026.0,7.534423659124459,201.835,2376.257834369658,38.867255,-104.760749,0
0816000,1600000US0816000,Colorado Springs city,Colorado Springs city,"Colorado Springs city, Colorado",CO,2023,Colorado Springs,489254.0,483099.0,False,2552.0,11520.0,4004.0,173.0,18076.0,18076.0,3741.676136775278,9.3,0.5199321211273287,20.0,38.7,5.5,83198.0,7.380267812601558,201.868,2393.1430439693268,38.867255,-104.760749,0
0816000,1600000US0816000,Colorado Springs city,Colorado Springs city,"Colorado Springs city, Colorado",CO,2024,Colorado Springs,491474.0,487887.0,False,2604.0,10947.0,3399.0,145.0,16950.0,16950.0,3474.165124301324,9.0,0.5304430837543392,19.6,39.1,5.6,84818.0,7.608114173978811,202.09,2414.206541639863,38.867255,-104.760749,0
0816495,1600000US0816495,Commerce City city,Commerce City city,"Commerce City city, Colorado",CO,2022,Commerce City,65817.0,63050.0,False,267.0,1389.0,846.0,15.0,2502.0,2502.0,3968.279143536876,11.6,0.5837945494713925,14.4,23.0,4.6,96484.0,16.597938144329895,36.415,1731.4293560346011,39.882792,-104.794908,0
0816495,1600000US0816495,Commerce City city,Commerce City city,"Commerce City city, Colorado",CO,2023,Commerce City,67851.0,64640.0,False,220.0,1157.0,569.0,17.0,1946.0,1946.0,3010.519801980198,9.6,0.5928934658481705,13.4,22.0,4.1,106756.0,16.03341584158416,36.531,1769.4560783991678,39.882792,-104.794908,0
0816495,1600000US0816495,Commerce City city,Commerce City city,"Commerce City city, Colorado",CO,2024,Commerce City,70170.0,66445.0,False,222.0,1204.0,589.0,28.0,2015.0,2015.0,3032.583339604184,8.7,0.595639863370449,11.7,22.8,4.3,111972.0,15.196026789073668,36.552,1817.8211862551982,39.882792,-104.794908,0
0820000,1600000US0820000,Denver city,Denver city,"Denver city, Colorado",CO,2022,Denver,705264.0,710800.0,False,5171.0,24964.0,15201.0,195.0,45336.0,45336.0,6378.16544738323,11.7,0.6145927258046843,20.1,50.6,4.7,85853.0,13.93261114237479,153.074,4643.505755386283,39.76185,-104.881105,0
0820000,1600000US0820000,Denver city,Denver city,"Denver city, Colorado",CO,2023,Denver,712222.0,713734.0,False,5106.0,23394.0,12457.0,133.0,40957.0,40957.0,5738.412349698908,11.2,0.6136140096655732,20.4,50.9,4.6,91681.0,13.849277181695141,153.074,4662.672955563975,39.76185,-104.881105,0
0820000,1600000US0820000,Denver city,Denver city,"Denver city, Colorado",CO,2024,Denver,722031.0,718877.0,False,5112.0,20373.0,8895.0,133.0,34380.0,34380.0,4782.459308059654,11.2,0.6189373696708642,19.8,51.2,4.9,94718.0,14.47173855889116,153.074,4696.271084573474,39.76185,-104.881105,0
0827425,1600000US0827425,Fort Collins city,Fort Collins city,"Fort Collins city, Colorado",CO,2022,Fort Collins,168045.0,168758.0,False,411.0,3493.0,475.0,25.0,4379.0,4379.0,2594.839948328375,16.2,0.372670918502509,26.3,48.3,5.3,78977.0,7.151660958295311,57.048,2958.1755714486044,40.548216,-105.064833,0
0827425,1600000US0827425,Fort Collins city,Fort Collins city,"Fort Collins city, Colorado",CO,2023,Fort Collins,168886.0,169705.0,False,462.0,3307.0,352.0,26.0,4121.0,4121.0,2428.331516455025,16.0,0.3756237431412047,25.3,47.9,5.2,83598.0,6.6138298812645475,57.234,2965.1081524967676,40.548216,-105.064833,0
0827425,1600000US0827425,Fort Collins city,Fort Collins city,"Fort Collins city, Colorado",CO,2024,Fort Collins,170509.0,170229.0,False,390.0,2971.0,314.0,24.0,3675.0,3675.0,2158.8565990518655,15.8,0.38235439666535365,24.2,48.4,5.4,85070.0,6.762655011778252,57.24,2973.95178197065,40.548216,-105.064833,0
0831660,1600000US0831660,Grand Junction city,Grand Junction city,"Grand Junction city, Colorado",CO,2022,Grand Junction,68126.0,65918.0,False,274.0,1677.0,189.0,13.0,2140.0,2140.0,3246.4577201978213,12.6,0.36550812724809134,24.6,37.1,4.7,62993.0,4.149094329318244,40.481,1628.3688644055235,39.089062,-108.567452,0
0831660,1600000US0831660,Grand Junction city,Grand Junction city,"Grand Junction city, Colorado",CO,2023,Grand Junction,69240.0,67027.0,False,294.0,1729.0,187.0,27.0,2210.0,2210.0,3297.1787488623986,13.0,0.37787766832772807,22.6,37.2,4.5,66676.0,4.09685649066794,40.619,1650.1390974667029,39.089062,-108.567452,0
0831660,1600000US0831660,Grand Junction city,Grand Junction city,"Grand Junction city, Colorado",CO,2024,Grand Junction,70686.0,68142.0,False,227.0,1855.0,159.0,40.0,2241.0,2241.0,3288.7206128378975,11.8,0.3919474122721839,20.4,36.5,4.8,70080.0,4.2910393002847,40.756,1671.9501423103347,39.089062,-108.567452,0
0832155,1600000US0832155,Greeley city,Greeley city,"Greeley city, Colorado",CO,2022,Greeley,109258.0,107949.0,False,375.0,2079.0,1001.0,30.0,3455.0,3455.0,3200.5854616531883,15.7,0.5549091043702985,18.3,39.4,5.6,65525.0,12.276167449443719,49.428,2183.9645545035205,40.414034,-104.771043,0
0832155,1600000US0832155,Greeley city,Greeley city,"Greeley city, Colorado",CO,2023,Greeley,109183.0,109421.0,False,389.0,2024.0,723.0,22.0,3136.0,3136.0,2865.9946445380688,14.7,0.5565505035199186,17.2,39.4,5.8,68650.0,12.73521536085395,49.434,2213.47655459805,40.414034,-104.771043,0
0832155,1600000US0832155,Greeley city,Greeley city,"Greeley city, Colorado",CO,2024,Greeley,113757.0,110806.0,False,389.0,2470.0,576.0,29.0,3435.0,3435.0,3100.0126346948723,15.1,0.5619870088103547,16.6,39.1,5.6,69881.0,12.30077793621284,50.141,2209.88811551425,40.416576,-104.77328,0
0843000,1600000US0843000,Lakewood city,Lakewood city,"Lakewood city, Colorado",CO,2022,Lakewood,157068.0,156149.0,False,1089.0,5159.0,2114.0,66.0,8362.0,8362.0,5355.1415635066505,8.8,0.4822502631217087,17.9,42.0,4.4,82786.0,8.51686530173104,43.458,3593.1013852455244,39.698939,-105.117573,0
0843000,1600000US0843000,Lakewood city,Lakewood city,"Lakewood city, Colorado",CO,2023,Lakewood,156065.0,156309.0,False,961.0,4772.0,1470.0,50.0,7203.0,7203.0,4608.179951250408,9.1,0.48374655054039717,18.0,41.9,4.5,85789.0,8.483836503336342,43.458,3596.7831009250312,39.698939,-105.117573,0
0843000,1600000US0843000,Lakewood city,Lakewood city,"Lakewood city, Colorado",CO,2024,Lakewood,155868.0,156583.0,False,917.0,5817.0,1205.0,30.0,7939.0,7939.0,5070.154486757822,9.2,0.4810780050163338,16.6,41.9,4.5,89792.0,8.013641327602613,43.479,3601.3477770877894,39.698939,-105.117573,0
0845970,1600000US0845970,Longmont city,Longmont city,"Longmont city, Colorado",CO,2022,Longmont,101159.0,98282.0,False,319.0,2138.0,398.0,35.0,2855.0,2855.0,2904.9062900632875,7.7,0.46295850408684214,18.0,36.7,4.1,89720.0,9.750513827557437,28.819,3410.31958083209,40.168199,-105.100522,0
0845970,1600000US0845970,Longmont city,Longmont city,"Longmont city, Colorado",CO,2023,Longmont,98444.0,98958.0,False,237.0,2068.0,369.0,20.0,2674.0,2674.0,2702.1564704217953,8.6,0.482846063271269,17.2,37.4,4.3,89724.0,10.517593322419613,29.038,3407.8793305324057,40.169853,-105.101841,0
0845970,1600000US0845970,Longmont city,Longmont city,"Longmont city, Colorado",CO,2024,Longmont,98446.0,99406.0,False,219.0,2052.0,307.0,24.0,2578.0,2578.0,2593.404824658471,8.6,0.49452413007367946,16.5,37.5,4.8,90671.0,10.067802748325052,29.263,3396.9859549601883,40.168199,-105.100522,0
0846465,1600000US0846465,Loveland city,Loveland city,"Loveland city, Colorado",CO,2022,Loveland,77770.0,76500.0,False,228.0,1608.0,235.0,14.0,2071.0,2071.0,2707.1895424836603,7.8,0.3002497429193901,15.9,37.1,4.4,81898.0,3.6875816993464055,35.292,2167.630057803468,40.416905,-105.063111,0
0846465,1600000US0846465,Loveland city,Loveland city,"Loveland city, Colorado",CO,2023,Loveland,78656.0,77350.0,False,167.0,1501.0,192.0,18.0,1860.0,1860.0,2404.654169360052,7.7,0.33452667075880116,16.1,38.2,4.9,82592.0,3.51519069166128,35.423,2183.6095192389125,40.416905,-105.063111,0
0846465,1600000US0846465,Loveland city,Loveland city,"Loveland city, Colorado",CO,2024,Loveland,80374.0,78410.0,False,135.0,1337.0,150.0,12.0,1622.0,1622.0,2068.6136972324957,8.5,0.3576923668848083,13.4,37.8,5.4,84604.0,3.9918377757939036,35.839,2187.840062501744,40.416905,-105.063111,0
0857630,1600000US0857630,Parker town,Parker town,"Parker town, Colorado",CO,2022,Parker,61865.0,58733.0,False,156.0,752.0,152.0,9.0,1060.0,1060.0,1804.7775526535338,3.4,0.4028687546316505,18.3,26.1,3.2,126615.0,8.135119949602439,22.447,2616.5189112130797,39.505946,-104.775828,0
0857630,1600000US0857630,Parker town,Parker town,"Parker town, Colorado",CO,2023,Parker,62431.0,60115.0,False,139.0,849.0,157.0,6.0,1145.0,1145.0,1904.6826915079432,3.2,0.4211442975169255,17.2,27.8,3.0,129342.0,8.576894285951925,22.447,2678.0861585067046,39.505946,-104.775828,0
0857630,1600000US0857630,Parker town,Parker town,"Parker town, Colorado",CO,2024,Parker,64088.0,61783.0,False,119.0,849.0,88.0,7.0,1056.0,1056.0,1709.208034572617,4.4,0.46094779754566073,17.6,28.2,3.0,133369.0,10.68740592072253,22.449,2752.1493162278944,39.505946,-104.775828,0
0862000,1600000US0862000,Pueblo city,Pueblo city,"Pueblo city, Colorado",CO,2022,Pueblo,112618.0,111430.0,False,1336.0,4154.0,1706.0,85.0,7196.0,7196.0,6457.865924795836,20.6,0.5600974530567432,17.0,41.0,6.6,52794.0,3.8876424661222293,56.207,1982.4932837546924,38.269228,-104.610816,0
0862000,1600000US0862000,Pueblo city,Pueblo city,"Pueblo city, Colorado",CO,2023,Pueblo,111240.0,111514.0,False,986.0,3265.0,1907.0,66.0,6158.0,6158.0,5522.176587693025,19.2,0.5660364006044103,15.5,39.2,5.9,55305.0,4.03985149846656,56.489,1974.083449875197,38.269228,-104.610816,0
0862000,1600000US0862000,Pueblo city,Pueblo city,"Pueblo city, Colorado",CO,2024,Pueblo,110805.0,111561.0,False,938.0,3228.0,1310.0,56.0,5476.0,5476.0,4908.52538073341,17.5,0.5723195271870107,13.7,38.6,5.0,56664.0,4.297200634630382,56.616,1970.4853751589658,38.269228,-104.610816,0
0877290,1600000US0877290,Thornton city,Thornton city,"Thornton city, Colorado",CO,2022,Thornton,143055.0,141799.0,False,375.0,3407.0,1200.0,33.0,4982.0,4982.0,3513.423931057342,8.0,0.594866157038324,15.0,27.3,4.6,95064.0,13.979647247159713,36.495,3885.4363611453628,39.920433,-104.941413,0
0877290,1600000US0877290,Thornton city,Thornton city,"Thornton city, Colorado",CO,2023,Thornton,143838.0,142878.0,False,331.0,3146.0,816.0,28.0,4293.0,4293.0,3004.6613194473607,7.3,0.6002403886577878,15.0,26.9,4.6,100985.0,14.497683338232617,36.504,3914.036817882972,39.920433,-104.941413,0
0877290,1600000US0877290,Thornton city,Thornton city,"Thornton city, Colorado",CO,2024,Thornton,145847.0,144187.0,False,404.0,3016.0,716.0,29.0,4136.0,4136.0,2868.497159938136,7.0,0.6013816171832181,14.3,28.6,4.5,103088.0,14.044955509165181,36.524,3947.732997481108,39.920433,-104.941413,0
0883835,1600000US0883835,Westminster city,Westminster city,"Westminster city, Colorado",CO,2022,Westminster,112844.0,115502.0,False,448.0,3128.0,1466.0,31.0,5042.0,5042.0,4365.292375889595,6.5,0.5130197867960811,17.5,36.2,4.1,90651.0,8.79032397707399,31.585,3656.862434700016,39.880122,-105.061513,0
0883835,1600000US0883835,Westminster city,Westminster city,"Westminster city, Colorado",CO,2023,Westminster,113660.0,115546.0,False,284.0,2819.0,989.0,25.0,4092.0,4092.0,3541.4466965537536,7.0,0.5083227213247372,17.3,36.3,3.8,96145.0,8.227026465650045,31.618,3654.4373458156747,39.880122,-105.061513,0
0883835,1600000US0883835,Westminster city,Westminster city,"Westminster city, Colorado",CO,2024,Westminster,114310.0,115484.0,False,399.0,2820.0,828.0,33.0,4047.0,4047.0,3504.3815593502127,7.3,0.5234398223108763,16.7,38.1,3.7,100272.0,8.634962419036404,31.619,3652.3609222303044,39.880122,-105.061513,0
0908000,1600000US0908000,Bridgeport city,Bridgeport city,"Bridgeport city, Connecticut",CT,2022,Bridgeport,148395.0,148470.0,False,303.0,965.0,575.0,9.0,1843.0,1843.0,1241.3282144540985,22.9,0.7194359914834869,14.1,54.8,9.5,54440.0,31.429244965312858,16.064,9242.405378486055,41.187393,-73.195757,0
0908000,1600000US0908000,Bridgeport city,Bridgeport city,"Bridgeport city, Connecticut",CT,2023,Bridgeport,148483.0,148012.0,False,314.0,1174.0,603.0,6.0,2091.0,2091.0,1412.723292705997,22.5,0.6933598848541441,13.2,56.7,8.9,56584.0,32.845309839742725,16.064,9213.894422310757,41.187393,-73.195757,0
0908000,1600000US0908000,Bridgeport city,Bridgeport city,"Bridgeport city, Connecticut",CT,2024,Bridgeport,148132.0,149153.0,False,332.0,1143.0,701.0,0.0,2176.0,2176.0,1458.9046147244776,21.0,0.6961337591815103,13.0,57.2,9.0,58685.0,32.91519446474426,16.064,9284.92280876494,41.187393,-73.195757,0
0908420,1600000US0908420,Bristol city,Bristol city,"Bristol city, Connecticut",CT,2022,Bristol,60657.0,61052.0,False,118.0,557.0,121.0,0.0,796.0,796.0,1303.8065911026665,9.4,0.5382663222197535,11.3,35.0,6.6,82094.0,9.352682958789229,26.399,2312.6633584605474,41.681578,-72.940749,0
0908420,1600000US0908420,Bristol city,Bristol city,"Bristol city, Connecticut",CT,2023,Bristol,61609.0,61129.0,False,68.0,407.0,251.0,0.0,726.0,726.0,1187.652341769046,8.4,0.5352330554581896,10.2,35.3,7.0,83458.0,10.448396014984704,26.399,2315.5801356111974,41.681578,-72.940749,0
0908420,1600000US0908420,Bristol city,Bristol city,"Bristol city, Connecticut",CT,2024,Bristol,61895.0,61462.0,False,53.0,349.0,191.0,1.0,593.0,593.0,964.8237935635027,10.7,0.5637192887686037,9.9,35.1,7.3,79076.0,11.436334645797404,26.399,2328.1942497821888,41.681578,-72.940749,0
0918430,1600000US0918430,Danbury city,Danbury city,"Danbury city, Connecticut",CT,2022,Danbury,87164.0,86456.0,False,106.0,931.0,101.0,6.0,1138.0,1138.0,1316.2764874618304,10.6,0.6802007911461757,13.2,44.1,6.0,79983.0,32.675580642176364,42.029,2057.0558423945367,41.398741,-73.478103,0
0918430,1600000US0918430,Danbury city,Danbury city,"Danbury city, Connecticut",CT,2023,Danbury,87327.0,86086.0,False,89.0,760.0,124.0,2.0,973.0,973.0,1130.2650837534559,11.1,0.6916390043922327,10.7,45.1,6.3,83422.0,34.70599168273587,42.029,2048.2523971543455,41.398741,-73.478103,0
0918430,1600000US0918430,Danbury city,Danbury city,"Danbury city, Connecticut",CT,2024,Danbury,86257.0,87263.0,False,175.0,798.0,111.0,3.0,1084.0,1084.0,1242.2217893035995,11.7,0.7125447700126153,8.9,46.2,6.5,83393.0,35.04119730011574,42.029,2076.2568702562517,41.398741,-73.478103,0
0922700,1600000US0922700,East Hartford CDP,East Hartford CDP,"East Hartford CDP, Connecticut",CT,2022,East Hartford,50579.0,50942.0,True,89.0,1065.0,198.0,4.0,1352.0,1352.0,2653.9986651486,13.7,0.6982404550754846,10.3,40.5,6.7,64244.0,19.46920026697028,18.007,2829.010940189926,41.760695,-72.607646,0
0922700,1600000US0922700,East Hartford CDP,East Hartford CDP,"East Hartford CDP, Connecticut",CT,2023,East Hartford,50625.0,50798.0,True,60.0,813.0,271.0,9.0,1144.0,1144.0,2252.057167605024,14.7,0.6971533754329448,9.3,41.0,5.9,66943.0,19.60313398165282,18.007,2821.014050091631,41.760695,-72.607646,0
0922700,1600000US0922700,East Hartford CDP,East Hartford CDP,"East Hartford CDP, Connecticut",CT,2024,East Hartford,50584.0,50918.0,True,64.0,604.0,177.0,1.0,845.0,845.0,1659.5310106445656,13.2,0.7003634643490508,9.0,39.6,5.4,70778.0,20.63710279272556,18.007,2827.6781251735433,41.760695,-72.607646,0
0937000,1600000US0937000,Hartford city,Hartford city,"Hartford city, Connecticut",CT,2022,Hartford,120196.0,121057.0,False,347.0,2011.0,620.0,36.0,2978.0,2978.0,2459.9981826742774,26.9,0.6489134004667934,16.2,74.4,10.6,41841.0,21.243711639971252,17.379,6965.705736808792,41.765933,-72.681579,0
0937000,1600000US0937000,Hartford city,Hartford city,"Hartford city, Connecticut",CT,2023,Hartford,120710.0,119970.0,False,342.0,1687.0,1210.0,43.0,3239.0,3239.0,2699.8416270734347,25.5,0.6592555854781539,17.2,74.3,10.6,45300.0,23.004084354421938,17.379,6903.158984981874,41.765933,-72.681579,0
0937000,1600000US0937000,Hartford city,Hartford city,"Hartford city, Connecticut",CT,2024,Hartford,119626.0,121127.0,False,267.0,2082.0,1055.0,28.0,3404.0,3404.0,2810.273514575611,26.3,0.6629520422907416,17.0,74.3,10.7,46411.0,23.944289877566522,17.379,6969.733586512457,41.765933,-72.681579,0
0946450,1600000US0946450,Meriden city,Meriden city,"Meriden city, Connecticut",CT,2022,Meriden,60332.0,60556.0,False,118.0,1042.0,255.0,7.0,1415.0,1415.0,2336.6800977607504,15.7,0.6012873959341238,11.4,40.5,8.4,63671.0,10.179007860492767,23.732,2551.6602056295296,41.536777,-72.794543,0
0946450,1600000US0946450,Meriden city,Meriden city,"Meriden city, Connecticut",CT,2023,Meriden,60054.0,60418.0,False,168.0,924.0,365.0,7.0,1457.0,1457.0,2411.532986858221,14.2,0.6091560221533263,10.5,40.1,8.2,68617.0,10.621006984673443,23.732,2545.845272206304,41.536777,-72.794543,0
0946450,1600000US0946450,Meriden city,Meriden city,"Meriden city, Connecticut",CT,2024,Meriden,59943.0,60545.0,False,183.0,728.0,101.0,4.0,1012.0,1012.0,1671.4840201503014,13.2,0.6183957497142034,10.3,39.9,8.0,71253.0,10.737467999009,23.732,2551.1966964436206,41.536777,-72.794543,0
0950370,1600000US0950370,New Britain city,New Britain city,"New Britain city, Connecticut",CT,2022,New Britain,73621.0,74212.0,False,178.0,1103.0,237.0,15.0,1518.0,1518.0,2045.491295208322,19.7,0.6455781212571864,11.6,58.7,8.9,53766.0,19.40386999407104,13.396,5539.8626455658405,41.676555,-72.786161,0
0950370,1600000US0950370,New Britain city,New Britain city,"New Britain city, Connecticut",CT,2023,New Britain,74609.0,73301.0,False,108.0,1221.0,383.0,11.0,1712.0,1712.0,2335.575230897259,18.6,0.6453566319192099,10.7,56.4,8.1,57036.0,18.396747656921463,13.396,5471.857270827112,41.676555,-72.786161,0
0950370,1600000US0950370,New Britain city,New Britain city,"New Britain city, Connecticut",CT,2024,New Britain,74528.0,74223.0,False,97.0,975.0,363.0,16.0,1435.0,1435.0,1933.362973741293,18.1,0.649188731482782,10.8,54.9,7.9,58613.0,18.58453579079261,13.396,5540.683786204837,41.676555,-72.786161,0
0952000,1600000US0952000,New Haven city,New Haven city,"New Haven city, Connecticut",CT,2022,New Haven,136205.0,135736.0,False,395.0,3049.0,780.0,21.0,4224.0,4224.0,3111.9231449283902,25.3,0.7202433874938378,18.0,71.4,7.8,54305.0,17.500147344845875,18.69,7262.493311931514,41.310809,-72.924953,0
0952000,1600000US0952000,New Haven city,New Haven city,"New Haven city, Connecticut",CT,2023,New Haven,141481.0,132893.0,False,452.0,3443.0,1324.0,21.0,5219.0,5219.0,3927.21964287058,25.0,0.7278465924925029,16.5,71.6,7.7,53771.0,17.70296403873793,18.69,7110.379882289994,41.310809,-72.924953,0
0952000,1600000US0952000,New Haven city,New Haven city,"New Haven city, Connecticut",CT,2024,New Haven,137243.0,134349.0,False,518.0,3297.0,1108.0,14.0,4923.0,4923.0,3664.3369135609496,23.9,0.7323393488725894,16.8,71.6,8.4,56851.0,17.9502638650083,18.69,7188.282504012841,41.310809,-72.924953,0
0955990,1600000US0955990,Norwalk city,Norwalk city,"Norwalk city, Connecticut",CT,2022,Norwalk,91414.0,91050.0,False,76.0,1349.0,157.0,1.0,1582.0,1582.0,1737.5068643602415,10.9,0.6734535632098637,10.7,45.2,5.9,97879.0,29.939593629873695,22.886,3978.4147513763874,41.092739,-73.419796,0
0955990,1600000US0955990,Norwalk city,Norwalk city,"Norwalk city, Connecticut",CT,2023,Norwalk,91639.0,91375.0,False,95.0,1178.0,153.0,1.0,1426.0,1426.0,1560.6019151846785,10.1,0.6848571332713278,10.9,44.9,5.8,105301.0,29.911901504787963,22.886,3992.6155728392905,41.092739,-73.419796,0
0955990,1600000US0955990,Norwalk city,Norwalk city,"Norwalk city, Connecticut",CT,2024,Norwalk,92987.0,92187.0,False,227.0,1021.0,151.0,0.0,1399.0,1399.0,1517.5675529087616,9.1,0.6834261872658571,10.3,44.4,5.2,107616.0,29.97168798203651,22.887,4027.9197797876523,41.092739,-73.419796,0
0973000,1600000US0973000,Stamford city,Stamford city,"Stamford city, Connecticut",CT,2022,Stamford,136936.0,135413.0,False,144.0,1285.0,172.0,7.0,1601.0,1601.0,1182.3089363650463,10.1,0.6945477940828059,18.0,54.0,5.5,100718.0,32.57220503201317,37.617,3599.7820134513654,41.079611,-73.54608,0
0973000,1600000US0973000,Stamford city,Stamford city,"Stamford city, Connecticut",CT,2023,Stamford,136512.0,135806.0,False,110.0,1286.0,190.0,7.0,1586.0,1586.0,1167.8423633712796,9.5,0.6976078028424049,17.0,52.4,4.9,107474.0,31.790200727508356,37.628,3609.1740193472947,41.079611,-73.54608,0
0973000,1600000US0973000,Stamford city,Stamford city,"Stamford city, Connecticut",CT,2024,Stamford,136483.0,137144.0,False,207.0,1215.0,250.0,4.0,1672.0,1672.0,1219.156507029108,10.1,0.696066222574081,15.2,51.2,4.9,111586.0,31.311614069882747,37.629,3644.635786228707,41.079611,-73.54608,0
0980000,1600000US0980000,Waterbury city,Waterbury city,"Waterbury city, Connecticut",CT,2022,Waterbury,113464.0,114480.0,False,356.0,2302.0,603.0,13.0,3261.0,3261.0,2848.5324947589097,21.9,0.7108925124501835,11.8,56.2,9.8,51451.0,18.04856743535989,28.557,4008.8244563504572,41.5585,-73.036685,0
0980000,1600000US0980000,Waterbury city,Waterbury city,"Waterbury city, Connecticut",CT,2023,Waterbury,115380.0,114356.0,False,292.0,2333.0,906.0,3.0,3531.0,3531.0,3087.726048480185,23.9,0.7070240583128509,10.8,55.0,9.3,51642.0,18.14858861799993,28.557,4004.4822635430896,41.5585,-73.036685,0
0980000,1600000US0980000,Waterbury city,Waterbury city,"Waterbury city, Connecticut",CT,2024,Waterbury,115363.0,114869.0,False,265.0,2370.0,732.0,4.0,3367.0,3367.0,2931.1650662929073,24.7,0.7088447217377458,10.6,52.8,9.3,51886.0,20.052407525093802,28.557,4022.446335399377,41.5585,-73.036685,0
0982660,1600000US0982660,West Hartford CDP,West Hartford CDP,"West Hartford CDP, Connecticut",CT,2022,West Hartford,63934.0,64088.0,True,105.0,1519.0,77.0,0.0,1701.0,1701.0,2654.1630258394707,5.9,0.4988541284109397,12.1,31.4,3.9,124150.0,17.407314941954812,21.838,2934.700979943218,41.766568,-72.754944,0
0982660,1600000US0982660,West Hartford CDP,West Hartford CDP,"West Hartford CDP, Connecticut",CT,2023,West Hartford,64423.0,63809.0,True,90.0,1705.0,184.0,0.0,1979.0,1979.0,3101.4433700575155,6.0,0.5025809635598093,12.0,32.5,3.6,125616.0,17.256186431381153,21.838,2921.9250847147173,41.766568,-72.754944,0
0982660,1600000US0982660,West Hartford CDP,West Hartford CDP,"West Hartford CDP, Connecticut",CT,2024,West Hartford,64093.0,63620.0,True,156.0,1441.0,154.0,0.0,1751.0,1751.0,2752.2791574976422,6.3,0.5224128858266344,11.3,32.6,4.1,129890.0,17.66425652310594,21.838,2913.270446011539,41.766568,-72.754944,0
0982800,1600000US0982800,West Haven city,West Haven city,"West Haven city, Connecticut",CT,2022,West Haven,55133.0,55336.0,False,62.0,902.0,178.0,2.0,1142.0,1142.0,2063.755963568021,11.3,0.6536058336868542,14.9,47.9,7.9,72827.0,19.10329622668787,10.75,5147.53488372093,41.272121,-72.967497,0
0982800,1600000US0982800,West Haven city,West Haven city,"West Haven city, Connecticut",CT,2023,West Haven,54791.0,55147.0,False,57.0,571.0,306.0,1.0,934.0,934.0,1693.655139898816,12.5,0.6760951825314601,15.6,48.9,6.6,73566.0,20.746368796126717,10.75,5129.953488372093,41.272121,-72.967497,0
0982800,1600000US0982800,West Haven city,West Haven city,"West Haven city, Connecticut",CT,2024,West Haven,54598.0,55351.0,False,67.0,458.0,151.0,0.0,676.0,676.0,1221.29681487236,14.1,0.6932972483722482,15.2,49.4,7.3,74382.0,21.10892305468736,10.75,5148.930232558139,41.272121,-72.967497,0
1077580,1600000US1077580,Wilmington city,Wilmington city,"Wilmington city, Delaware",DE,2022,Wilmington,70625.0,71034.0,False,418.0,1566.0,398.0,2.0,2382.0,2382.0,3353.3237604527408,24.3,0.6152227354564044,15.6,54.9,8.6,54731.0,7.9666075400512435,10.895,6519.8715006883895,39.735651,-75.532104,0
1077580,1600000US1077580,Wilmington city,Wilmington city,"Wilmington city, Delaware",DE,2023,Wilmington,71934.0,71124.0,False,350.0,1568.0,680.0,0.0,2598.0,2598.0,3652.7754344525056,23.2,0.6297318877530131,14.8,54.0,7.6,55269.0,8.320679376862945,10.895,6528.132170720514,39.735651,-75.532104,0
1077580,1600000US1077580,Wilmington city,Wilmington city,"Wilmington city, Delaware",DE,2024,Wilmington,71958.0,71727.0,False,350.0,1440.0,483.0,2.0,2273.0,2273.0,3168.9600847658485,21.4,0.6306067426265847,14.7,52.0,7.3,58671.0,9.552888033794806,10.895,6583.47865993575,39.735651,-75.532104,0
1150000,1600000US1150000,Washington city,Washington city,"Washington city, District of Columbia",DC,2022,Washington,671803.0,670587.0,False,1350.0,18265.0,3793.0,0.0,23408.0,23408.0,3490.67309685395,15.1,0.6620599456952141,19.2,58.6,7.1,101722.0,13.435393170461104,61.126,10970.568988646402,38.904247,-77.016517,0
1150000,1600000US1150000,Washington city,Washington city,"Washington city, District of Columbia",DC,2023,Washington,678972.0,672079.0,False,1664.0,19724.0,6841.0,1.0,28229.0,28229.0,4200.2502681976375,14.5,0.668210910922481,19.4,58.9,6.5,106287.0,13.328492632562542,61.126,10994.977587278736,38.904247,-77.016517,0
1150000,1600000US1150000,Washington city,Washington city,"Washington city, District of Columbia",DC,2024,Washington,702250.0,681294.0,False,1671.0,18220.0,5306.0,0.0,25197.0,25197.0,3698.403332482012,15.4,0.6754451509857534,19.8,58.5,6.3,109870.0,14.29456299336263,61.126,11145.731767169455,38.904247,-77.016517,0
1201700,1600000US1201700,Apopka city,Apopka city,"Apopka city, Florida",FL,2022,Apopka,56125.0,55056.0,False,281.0,1178.0,120.0,0.0,1579.0,1579.0,2867.988956698634,9.9,0.7055174400220734,9.4,22.1,3.4,87394.0,19.402063353676258,34.696,1586.811159787872,28.701701,-81.531825,0
1201700,1600000US1201700,Apopka city,Apopka city,"Apopka city, Florida",FL,2023,Apopka,58105.0,56202.0,False,299.0,1114.0,189.0,5.0,1602.0,1602.0,2850.4323689548414,8.4,0.7118765249014374,8.9,19.6,3.7,95703.0,20.374719760862604,35.001,1605.7255506985516,28.701701,-81.531825,0
1201700,1600000US1201700,Apopka city,Apopka city,"Apopka city, Florida",FL,2024,Apopka,60583.0,58232.0,False,288.0,968.0,148.0,4.0,1404.0,1404.0,2411.0454732792964,10.2,0.7188181693688458,9.2,22.3,3.8,96884.0,21.881439758208547,35.172,1655.6351643352668,28.701701,-81.531825,0
1207300,1600000US1207300,Boca Raton city,Boca Raton city,"Boca Raton city, Florida",FL,2023,Boca Raton,99395.0,98833.0,False,134.0,1777.0,3.0,0.0,1914.0,1914.0,1936.6001234405512,9.4,0.4544762879346652,16.9,34.2,5.9,102722.0,19.94779071767527,29.178,3387.243813832339,26.37269,-80.103711,0
1207300,1600000US1207300,Boca Raton city,Boca Raton city,"Boca Raton city, Florida",FL,2024,Boca Raton,100557.0,100234.0,False,156.0,1429.0,101.0,1.0,1686.0,1686.0,1682.0639703094757,10.0,0.468911363049867,15.5,34.3,5.5,106273.0,20.39826805275655,29.178,3435.2594420453765,26.37269,-80.103711,0
1207875,1600000US1207875,Boynton Beach city,Boynton Beach city,"Boynton Beach city, Florida",FL,2023,Boynton Beach,80964.0,80601.0,False,140.0,1669.0,168.0,3.0,1977.0,1977.0,2452.8231659656826,11.8,0.6638078156869852,12.9,36.2,5.0,71378.0,29.452488182528754,16.136,4995.104115022311,26.528334,-80.080722,0
1207875,1600000US1207875,Boynton Beach city,Boynton Beach city,"Boynton Beach city, Florida",FL,2024,Boynton Beach,81473.0,81435.0,False,166.0,1615.0,79.0,4.0,1860.0,1860.0,2284.0302081414625,13.7,0.6711591131252677,12.1,35.3,5.4,70074.0,29.627310124639283,16.136,5046.789786812097,26.528334,-80.080722,0
1207950,1600000US1207950,Bradenton city,Bradenton city,"Bradenton city, Florida",FL,2022,Bradenton,56316.0,55795.0,False,93.0,927.0,0.0,1.0,1020.0,1020.0,1828.1207993547807,14.6,0.5920143642858238,16.1,41.4,6.7,55795.0,13.716282821041311,14.338,3891.4074487376206,27.489798,-82.576804,0
1207950,1600000US1207950,Bradenton city,Bradenton city,"Bradenton city, Florida",FL,2023,Bradenton,57544.0,56289.0,False,73.0,1004.0,7.0,3.0,1084.0,1084.0,1925.7759064826164,14.2,0.583842885314577,16.9,42.4,6.9,60964.0,14.350938904581712,14.338,3925.8613474682666,27.489798,-82.576804,0
1207950,1600000US1207950,Bradenton city,Bradenton city,"Bradenton city, Florida",FL,2024,Bradenton,57503.0,57014.0,False,114.0,920.0,39.0,2.0,1073.0,1073.0,1881.9938962360125,14.8,0.5768395977043713,15.6,44.0,6.3,60822.0,15.689128985863121,14.345,3974.4858835831296,27.489798,-82.576804,0
1212875,1600000US1212875,Clearwater city,Clearwater city,"Clearwater city, Florida",FL,2022,Clearwater,116303.0,116984.0,False,244.0,1841.0,124.0,8.0,2209.0,2209.0,1888.2924160568966,16.2,0.5284316456134617,17.6,41.2,4.7,59358.0,16.931375230800793,26.148,4473.917699250421,27.979419,-82.771256,0
1212875,1600000US1212875,Clearwater city,Clearwater city,"Clearwater city, Florida",FL,2023,Clearwater,116899.0,117075.0,False,253.0,1742.0,148.0,2.0,2143.0,2143.0,1830.450565876575,15.4,0.5321236294183866,16.3,40.9,4.7,64440.0,16.95750587230408,26.175,4472.779369627507,27.979419,-82.771256,0
1214400,1600000US1214400,Coral Springs city,Coral Springs city,"Coral Springs city, Florida",FL,2023,Coral Springs,132977.0,133962.0,False,117.0,1538.0,3.0,1.0,1658.0,1658.0,1237.6644122960242,8.3,0.7244288084712782,12.9,40.0,5.5,90643.0,31.832907839536585,22.864,5859.079776067179,26.270722,-80.259301,0
1214400,1600000US1214400,Coral Springs city,Coral Springs city,"Coral Springs city, Florida",FL,2024,Coral Springs,135157.0,136103.0,False,110.0,1334.0,34.0,1.0,1478.0,1478.0,1085.9422643145265,7.6,0.73093564686533,12.3,39.7,5.1,93602.0,32.101423186851136,22.864,5952.720433869838,26.270722,-80.259301,0
1216475,1600000US1216475,Davie town,Davie town,"Davie town, Florida",FL,2023,Davie,106759.0,106412.0,False,233.0,1877.0,6.0,0.0,2116.0,2116.0,1988.4975378716686,10.9,0.6671399852367239,13.0,33.4,4.4,87171.0,32.85625681314138,34.894,3049.578724135955,26.079169,-80.283013,0
1216525,1600000US1216525,Daytona Beach city,Daytona Beach city,"Daytona Beach city, Florida",FL,2022,Daytona Beach,77130.0,73329.0,False,259.0,1560.0,244.0,1.0,2063.0,2063.0,2813.34806147636,20.3,0.6270843114934812,19.3,54.2,5.0,47608.0,9.281457540672857,67.381,1088.2741425624433,29.19071,-81.097083,0
1217100,1600000US1217100,Delray Beach city,Delray Beach city,"Delray Beach city, Florida",FL,2024,Delray Beach,67780.0,67979.0,False,117.0,1541.0,125.0,3.0,1783.0,1783.0,2622.868827137793,13.0,0.6260069497793047,13.1,36.8,5.8,82041.0,23.545506700598715,15.924,4268.965084149711,26.455903,-80.09042,0
1217935,1600000US1217935,Doral city,Doral city,"Doral city, Florida",FL,2022,Doral,75838.0,74891.0,False,68.0,1234.0,0.0,0.0,1302.0,1302.0,1738.5266587440412,10.8,0.27889656056804457,23.4,55.8,3.1,83823.0,70.42501769237958,13.849,5407.682865188822,25.815956,-80.357556,0
1217935,1600000US1217935,Doral city,Doral city,"Doral city, Florida",FL,2023,Doral,77375.0,76490.0,False,49.0,1236.0,3.0,0.0,1288.0,1288.0,1683.8802457837626,11.1,0.2612515710672948,21.7,55.2,3.2,88474.0,70.7151261602824,13.849,5523.142465159939,25.815956,-80.357556,0
1225175,1600000US1225175,Gainesville city,Gainesville city,"Gainesville city, Florida",FL,2023,Gainesville,146744.0,143611.0,False,420.0,3775.0,16.0,10.0,4211.0,4211.0,2932.2266400206113,28.0,0.6371650754861341,30.5,61.5,4.8,45611.0,12.059661168016378,63.986,2244.4128403088175,29.679537,-82.346793,0
1225175,1600000US1225175,Gainesville city,Gainesville city,"Gainesville city, Florida",FL,2024,Gainesville,147022.0,145702.0,False,452.0,3371.0,152.0,13.0,3975.0,3975.0,2728.17119874813,30.8,0.6396451326617252,30.8,62.3,5.5,46195.0,12.36084611055442,64.011,2276.2025276905533,29.679537,-82.346793,0
1232275,1600000US1232275,Homestead city,Homestead city,"Homestead city, Florida",FL,2022,Homestead,80633.0,79996.0,False,180.0,1520.0,136.0,4.0,1836.0,1836.0,2295.1147557377867,20.4,0.5136581023385886,11.8,55.1,4.8,57739.0,37.838141907095356,15.084,5303.367806947759,25.466326,-80.443046,0
1236950,1600000US1236950,Kissimmee city,Kissimmee city,"Kissimmee city, Florida",FL,2022,Kissimmee,79715.0,78478.0,False,180.0,1171.0,0.0,5.0,1351.0,1351.0,1721.5015673182295,26.0,0.4690126620524322,18.3,53.0,6.6,45319.0,32.625704018960725,21.501,3649.9697688479605,28.30278,-81.417831,0
1236950,1600000US1236950,Kissimmee city,Kissimmee city,"Kissimmee city, Florida",FL,2024,Kissimmee,81967.0,81479.0,False,215.0,1288.0,50.0,4.0,1553.0,1553.0,1906.0125922016716,20.4,0.4941754508844146,21.1,53.7,7.5,53758.0,37.39982081272475,21.534,3783.737345593016,28.30278,-81.417831,0
1239425,1600000US1239425,Largo city,Largo city,"Largo city, Florida",FL,2022,Largo,82167.0,82541.0,False,98.0,1781.0,0.0,7.0,1879.0,1879.0,2276.4444336753854,12.5,0.46212423797234503,17.1,39.6,5.0,56266.0,12.504088877042923,18.611,4435.065283971844,27.905913,-82.767236,0
1239425,1600000US1239425,Largo city,Largo city,"Largo city, Florida",FL,2023,Largo,82489.0,82506.0,False,99.0,1675.0,8.0,4.0,1782.0,1782.0,2159.842920514872,12.0,0.4927115348162229,17.9,38.9,4.3,60465.0,12.8802753739122,18.63,4428.66344605475,27.905913,-82.767236,0
1245000,1600000US1245000,Miami city,Miami city,"Miami city, Florida",FL,2023,Miami,452929.0,446663.0,False,1151.0,10069.0,2118.0,28.0,13338.0,13338.0,2986.1439161067738,19.2,0.46154542599983917,16.1,69.3,5.0,59390.0,57.72629476809138,35.996,12408.68429825536,25.775163,-80.208615,0
1245000,1600000US1245000,Miami city,Miami city,"Miami city, Florida",FL,2024,Miami,460392.0,459745.0,False,1355.0,10545.0,1889.0,46.0,13789.0,13789.0,2999.2713351966854,19.4,0.45939126366984884,16.2,69.2,5.2,62462.0,57.69459156706434,35.996,12772.113568174242,25.775163,-80.208615,0
1245025,1600000US1245025,Miami Beach city,Miami Beach city,"Miami Beach city, Florida",FL,2022,Miami Beach,79031.0,82400.0,False,497.0,5848.0,418.0,14.0,6763.0,6763.0,8207.52427184466,13.6,0.5673562220166839,22.1,63.0,4.0,65116.0,55.150485436893206,7.693,10711.036006759392,25.810596,-80.148852,0
1245060,1600000US1245060,Miami Gardens city,Miami Gardens city,"Miami Gardens city, Florida",FL,2024,Miami Gardens,110466.0,113177.0,False,162.0,2126.0,396.0,9.0,2684.0,2684.0,2371.506578191682,13.6,0.5220895137230538,9.5,35.6,9.0,63627.0,38.68983980844165,18.479,6124.627956058229,25.948892,-80.243585,0
1245975,1600000US1245975,Miramar city,Miramar city,"Miramar city, Florida",FL,2023,Miramar,138613.0,135986.0,False,129.0,1356.0,16.0,1.0,1501.0,1501.0,1103.7900960392983,8.0,0.6512609275500091,8.1,30.2,4.6,86109.0,41.483682143750094,28.853,4713.062766436766,25.972529,-80.338582,0
1249450,1600000US1249450,North Miami city,North Miami city,"North Miami city, Florida",FL,2022,North Miami,58502.0,59854.0,False,158.0,1297.0,203.0,5.0,1658.0,1658.0,2770.073846359475,18.9,0.5824209511609291,13.2,56.5,6.1,49069.0,54.84178166872724,8.459,7075.777278638137,25.900829,-80.1686,0
1249675,1600000US1249675,North Port city,North Port city,"North Port city, Florida",FL,2022,North Port,84459.0,76975.0,False,91.0,682.0,24.0,19.0,797.0,797.0,1035.401104254628,6.3,0.35541862262784263,13.4,20.5,3.3,78815.0,10.341019811627152,99.38,774.5522237874824,27.058166,-82.198044,0
1249675,1600000US1249675,North Port city,North Port city,"North Port city, Florida",FL,2023,North Port,90356.0,80512.0,False,84.0,770.0,25.0,2.0,879.0,879.0,1091.7627186009538,6.6,0.376798562234292,14.3,18.8,4.9,81940.0,11.647953100158983,99.38,810.1428858925337,27.058166,-82.198044,0
1249675,1600000US1249675,North Port city,North Port city,"North Port city, Florida",FL,2024,North Port,93930.0,84605.0,False,48.0,670.0,16.0,0.0,734.0,734.0,867.5610188523136,6.7,0.38319592138091296,14.2,19.1,4.9,84049.0,13.294722534129189,99.387,851.2682745228249,27.058166,-82.198044,0
1250750,1600000US1250750,Ocala city,Ocala city,"Ocala city, Florida",FL,2023,Ocala,66338.0,64903.0,False,256.0,1708.0,3.0,16.0,1967.0,1967.0,3030.6765480794415,18.2,0.6024495764997864,18.6,49.6,7.1,53520.0,10.706746991664485,47.257,1373.4049982013248,29.17751,-82.151025,0
1250750,1600000US1250750,Ocala city,Ocala city,"Ocala city, Florida",FL,2024,Ocala,70046.0,66584.0,False,192.0,1921.0,23.0,3.0,2136.0,2136.0,3207.9778925868072,21.1,0.6150245752347954,15.8,47.9,5.9,56376.0,11.319536224918899,48.002,1387.1088704637307,29.17751,-82.151025,0
1253000,1600000US1253000,Orlando city,Orlando city,"Orlando city, Florida",FL,2022,Orlando,310713.0,307738.0,False,1398.0,9861.0,1258.0,22.0,12517.0,12517.0,4067.4209879832842,15.2,0.7092228638107383,20.0,60.8,5.2,66292.0,22.53215397513469,111.029,2771.690279116267,28.40865,-81.254805,0
1254000,1600000US1254000,Palm Bay city,Palm Bay city,"Palm Bay city, Florida",FL,2023,Palm Bay,134040.0,125273.0,False,167.0,1201.0,5.0,5.0,1373.0,1373.0,1096.006322192332,11.5,0.6425543191543592,10.3,20.6,5.9,67521.0,15.07587429054944,86.679,1445.252021827663,27.96489,-80.658275,0
1254000,1600000US1254000,Palm Bay city,Palm Bay city,"Palm Bay city, Florida",FL,2024,Palm Bay,141137.0,130132.0,False,324.0,1023.0,89.0,3.0,1436.0,1436.0,1103.4949128577136,11.7,0.6602588880834386,11.2,20.3,6.1,72614.0,16.009897642393877,86.672,1501.43068118885,27.954802,-80.664962,0
1255925,1600000US1255925,Pensacola city,Pensacola city,"Pensacola city, Florida",FL,2023,Pensacola,53583.0,54011.0,False,6.0,577.0,15.0,0.0,598.0,598.0,1107.1818703597414,12.4,0.5168377627573644,14.5,36.5,5.5,72699.0,4.889744681638925,22.769,2372.128771575388,30.440989,-87.191242,0
1256975,1600000US1256975,Pinellas Park city,Pinellas Park city,"Pinellas Park city, Florida",FL,2022,Pinellas Park,53045.0,53352.0,False,170.0,1350.0,130.0,7.0,1650.0,1650.0,3092.6675663517767,13.1,0.5371172917863812,12.7,29.4,5.1,62306.0,16.261808367071527,16.146,3304.3478260869565,27.858883,-82.708213,0
1256975,1600000US1256975,Pinellas Park city,Pinellas Park city,"Pinellas Park city, Florida",FL,2023,Pinellas Park,53794.0,53423.0,False,94.0,1088.0,138.0,6.0,1320.0,1320.0,2470.845890346854,13.5,0.5543543284287226,12.3,30.6,5.0,62043.0,17.522415439043108,16.154,3307.1065989847716,27.858883,-82.708213,0
1256975,1600000US1256975,Pinellas Park city,Pinellas Park city,"Pinellas Park city, Florida",FL,2024,Pinellas Park,53481.0,53560.0,False,103.0,986.0,91.0,2.0,1180.0,1180.0,2203.1366691560866,12.9,0.5536548298837484,12.4,31.0,4.6,63432.0,17.608289768483942,16.208,3304.5409674234947,27.858883,-82.708213,0
1257425,1600000US1257425,Plantation city,Plantation city,"Plantation city, Florida",FL,2022,Plantation,94014.0,93130.0,False,193.0,1881.0,281.0,1.0,2355.0,2355.0,2528.723290024697,10.4,0.7074829955722555,15.9,36.1,4.4,83074.0,30.36185976591861,21.751,4281.642223346053,26.125573,-80.261818,0
1257425,1600000US1257425,Plantation city,Plantation city,"Plantation city, Florida",FL,2023,Plantation,98106.0,94002.0,False,149.0,1999.0,282.0,2.0,2430.0,2430.0,2585.0513818854915,10.1,0.715563609916299,16.1,36.7,4.1,87077.0,30.60147656432842,21.751,4321.732334145557,26.125573,-80.261818,0
1257425,1600000US1257425,Plantation city,Plantation city,"Plantation city, Florida",FL,2024,Plantation,98100.0,96293.0,False,93.0,1852.0,285.0,2.0,2230.0,2230.0,2315.8485040449464,10.0,0.7161042815430823,15.1,35.7,4.0,92541.0,30.795592618362704,21.751,4427.060824789664,26.125573,-80.261818,0
1258575,1600000US1258575,Port Orange city,Port Orange city,"Port Orange city, Florida",FL,2022,Port Orange,64037.0,62849.0,False,79.0,703.0,56.0,2.0,838.0,838.0,1333.3545482028353,11.7,0.28100874758151495,13.0,26.5,3.9,65026.0,8.12423427580391,26.831,2342.4024449331,29.113444,-81.013223,0
1258715,1600000US1258715,Port St. Lucie city,Port St. Lucie city,"Port St. Lucie city, Florida",FL,2022,Port St. Lucie,228855.0,210520.0,False,170.0,1487.0,86.0,2.0,1743.0,1743.0,827.9498384951547,8.5,0.6346392381392381,9.8,17.2,5.7,75040.0,19.517860535816077,119.216,1765.8703529727554,27.280554,-80.388261,0
1258715,1600000US1258715,Port St. Lucie city,Port St. Lucie city,"Port St. Lucie city, Florida",FL,2023,Port St. Lucie,245394.0,220453.0,False,163.0,1553.0,122.0,2.0,1838.0,1838.0,833.7378035227463,8.5,0.643471436058572,10.1,16.8,5.5,78137.0,19.480342748794527,119.216,1849.189706079721,27.280554,-80.388261,0
1262625,1600000US1262625,St. Cloud city,St. Cloud city,"St. Cloud city, Florida",FL,2022,St. Cloud,64799.0,59851.0,False,106.0,509.0,36.0,2.0,651.0,651.0,1087.7011244590733,11.4,0.6117077957955694,13.9,29.0,6.4,69366.0,12.688175636163137,25.854,2314.960934478224,28.230501,-81.274614,0
1262625,1600000US1262625,St. Cloud city,St. Cloud city,"St. Cloud city, Florida",FL,2023,St. Cloud,67184.0,61963.0,False,78.0,557.0,0.0,3.0,635.0,635.0,1024.8051256394945,10.0,0.6085580580786898,14.2,28.1,6.3,76196.0,15.315591562706777,28.845,2148.136592130352,28.235225,-81.283958,0
1262625,1600000US1262625,St. Cloud city,St. Cloud city,"St. Cloud city, Florida",FL,2024,St. Cloud,68966.0,65130.0,False,91.0,417.0,15.0,1.0,523.0,523.0,803.0093658836173,10.1,0.5938329173775186,12.9,27.5,5.9,83174.0,15.691693536004914,29.17,2232.7733973260197,28.235225,-81.283958,0
1263000,1600000US1263000,St. Petersburg city,St. Petersburg city,"St. Petersburg city, Florida",FL,2022,St. Petersburg,257745.0,259343.0,False,771.0,5253.0,840.0,18.0,6864.0,6864.0,2646.68797692631,11.9,0.5460014234220336,14.8,37.4,4.6,70333.0,9.781640530108774,61.804,4196.217073328587,27.762727,-82.644131,0
1263000,1600000US1263000,St. Petersburg city,St. Petersburg city,"St. Petersburg city, Florida",FL,2023,St. Petersburg,262395.0,260646.0,False,717.0,5394.0,917.0,24.0,7028.0,7028.0,2696.3774621517305,11.7,0.5470517601961913,14.7,37.0,4.9,73118.0,10.081873498921908,61.804,4217.299851142321,27.762727,-82.644131,0
1263000,1600000US1263000,St. Petersburg city,St. Petersburg city,"St. Petersburg city, Florida",FL,2024,St. Petersburg,264999.0,262732.0,False,555.0,5379.0,582.0,12.0,6516.0,6516.0,2480.093783779669,12.5,0.5582013047068977,14.8,37.2,4.7,75192.0,10.696070520530427,61.804,4251.05171186331,27.762727,-82.644131,0
1263650,1600000US1263650,Sanford city,Sanford city,"Sanford city, Florida",FL,2022,Sanford,60602.0,61272.0,False,310.0,1397.0,90.0,1.0,1797.0,1797.0,2932.8241284763026,12.8,0.7086676342805108,18.9,48.4,5.2,59181.0,17.47780389084737,23.778,2576.835730507192,28.789425,-81.275624,0
1263650,1600000US1263650,Sanford city,Sanford city,"Sanford city, Florida",FL,2023,Sanford,64218.0,62292.0,False,181.0,1329.0,275.0,1.0,1785.0,1785.0,2865.536505490272,13.5,0.7088586513599144,16.7,48.9,4.5,62877.0,18.270403904193156,23.967,2599.073726373764,28.789425,-81.275624,0
1263650,1600000US1263650,Sanford city,Sanford city,"Sanford city, Florida",FL,2024,Sanford,66900.0,63730.0,False,175.0,1198.0,134.0,2.0,1507.0,1507.0,2364.6634238192373,11.9,0.7090871802967805,13.4,48.0,4.0,66891.0,17.093990271457713,24.053,2649.565542759739,28.789425,-81.275624,0
1264175,1600000US1264175,Sarasota city,Sarasota city,"Sarasota city, Florida",FL,2022,Sarasota,55380.0,55508.0,False,231.0,1327.0,183.0,4.0,1741.0,1741.0,3136.4848310153493,13.9,0.5286644097620676,18.5,43.3,2.9,68870.0,13.758377170858255,14.697,3776.8252024222634,27.338257,-82.543721,0
1264175,1600000US1264175,Sarasota city,Sarasota city,"Sarasota city, Florida",FL,2024,Sarasota,58432.0,56970.0,False,144.0,794.0,6.0,0.0,944.0,944.0,1657.0124626996665,15.0,0.5471671545762423,20.6,42.5,3.6,72105.0,16.227839213621202,14.703,3874.7194450112224,27.338257,-82.543721,0
1271000,1600000US1271000,Tampa city,Tampa city,"Tampa city, Florida",FL,2022,Tampa,390145.0,388768.0,False,756.0,5064.0,710.0,36.0,6530.0,6530.0,1679.6649930035392,16.8,0.6891536861157483,21.4,49.5,5.2,66802.0,18.390916947896947,113.638,3421.109136028441,27.966262,-82.477618,0
1271000,1600000US1271000,Tampa city,Tampa city,"Tampa city, Florida",FL,2023,Tampa,403407.0,393389.0,False,783.0,5132.0,762.0,44.0,6677.0,6677.0,1697.3021614737575,15.9,0.6918325346774744,20.5,49.8,4.7,71302.0,18.979432571830937,113.638,3461.773350463753,27.966262,-82.477618,0
1271000,1600000US1271000,Tampa city,Tampa city,"Tampa city, Florida",FL,2024,Tampa,408646.0,401618.0,False,684.0,4718.0,586.0,27.0,5988.0,5988.0,1490.9690302725476,15.5,0.6926559774381065,20.2,49.7,4.9,75475.0,19.402765812289292,114.487,3507.9790718596873,27.970086,-82.479673,0
1275812,1600000US1275812,Wellington village,Wellington village,"Wellington village, Florida",FL,2022,Wellington,61119.0,61373.0,False,34.0,527.0,43.0,1.0,604.0,604.0,984.1461228879149,6.3,0.6145000282026833,13.8,24.2,4.6,105848.0,24.96863441578544,44.967,1364.8453310205261,26.648995,-80.267208,0
1275812,1600000US1275812,Wellington village,Wellington village,"Wellington village, Florida",FL,2023,Wellington,61370.0,61497.0,False,34.0,564.0,69.0,0.0,667.0,667.0,1084.6057531261688,6.7,0.636466781020291,13.5,25.5,4.1,110294.0,24.29712018472446,45.056,1364.9014559659092,26.648995,-80.267208,0
1275812,1600000US1275812,Wellington village,Wellington village,"Wellington village, Florida",FL,2024,Wellington,61652.0,62146.0,False,35.0,393.0,62.0,2.0,490.0,490.0,788.4658706915973,7.8,0.6432587440153377,11.9,24.2,4.7,115632.0,24.92356708396357,45.092,1378.2045595671073,26.648995,-80.267208,0
1276600,1600000US1276600,West Palm Beach city,West Palm Beach city,"West Palm Beach city, Florida",FL,2023,West Palm Beach,122697.0,119508.0,False,398.0,2432.0,20.0,18.0,2850.0,2850.0,2384.777588111256,14.8,0.7000557643301084,15.8,49.8,5.4,69261.0,27.19315861699635,53.872,2218.3694683694684,26.745114,-80.127038,0
1276600,1600000US1276600,West Palm Beach city,West Palm Beach city,"West Palm Beach city, Florida",FL,2024,West Palm Beach,126427.0,122290.0,False,389.0,2278.0,36.0,16.0,2703.0,2703.0,2210.319731785101,14.1,0.7023652752087198,15.3,49.5,5.1,73446.0,28.20835718374356,53.872,2270.010395010395,26.745114,-80.127038,0
1278275,1600000US1278275,Winter Haven city,Winter Haven city,"Winter Haven city, Florida",FL,2022,Winter Haven,54905.0,50778.0,False,125.0,707.0,71.0,5.0,903.0,903.0,1778.3291976840364,15.9,0.6642905266401091,14.8,37.0,4.2,56425.0,9.047225176257434,32.88,1544.3430656934306,28.045836,-81.732743,0
1278275,1600000US1278275,Winter Haven city,Winter Haven city,"Winter Haven city, Florida",FL,2023,Winter Haven,57382.0,52846.0,False,108.0,792.0,69.0,1.0,969.0,969.0,1833.6297922264694,16.5,0.6786235251652812,17.6,37.7,4.4,59604.0,11.811679218862354,32.939,1604.3595737575517,28.045836,-81.732743,0
1278275,1600000US1278275,Winter Haven city,Winter Haven city,"Winter Haven city, Florida",FL,2024,Winter Haven,59450.0,55200.0,False,96.0,760.0,65.0,1.0,921.0,921.0,1668.4782608695652,16.4,0.6888187401543793,17.5,36.3,5.1,59648.0,13.311594202898549,33.226,1661.349545536628,28.045836,-81.732743,0
1301052,1600000US1301052,Albany city,Albany city,"Albany city, Georgia",GA,2022,Albany,68613.0,68926.0,False,47.0,400.0,72.0,4.0,519.0,519.0,752.9814583756493,29.6,0.3983053019583629,20.0,59.8,10.3,43724.0,1.7511534109044484,55.064,1251.7434258317594,31.578117,-84.176224,0
1301052,1600000US1301052,Albany city,Albany city,"Albany city, Georgia",GA,2023,Albany,66281.0,67939.0,False,245.0,1124.0,173.0,13.0,1542.0,1542.0,2269.6830980732716,29.2,0.39067633459454054,19.3,60.7,11.5,45201.0,1.6838634657560458,55.064,1233.818828998983,31.578117,-84.176224,0
1301052,1600000US1301052,Albany city,Albany city,"Albany city, Georgia",GA,2024,Albany,66169.0,67224.0,False,136.0,818.0,110.0,7.0,1064.0,1064.0,1582.7680590265381,27.5,0.38502088401371537,16.3,62.3,11.2,47240.0,1.9620968701654171,55.064,1220.833938689525,31.578117,-84.176224,0
1301696,1600000US1301696,Alpharetta city,Alpharetta city,"Alpharetta city, Georgia",GA,2022,Alpharetta,66629.0,65884.0,False,56.0,771.0,41.0,0.0,868.0,868.0,1317.467063323417,5.0,0.6340414621686895,17.1,32.8,4.8,141402.0,27.85957136785866,26.9,2449.2193308550186,34.070866,-84.27265,0
1301696,1600000US1301696,Alpharetta city,Alpharetta city,"Alpharetta city, Georgia",GA,2023,Alpharetta,68139.0,66355.0,False,54.0,792.0,58.0,2.0,904.0,904.0,1362.369075427624,5.3,0.6409602923961131,15.2,32.0,5.5,146581.0,27.50357923291387,26.9,2466.728624535316,34.070866,-84.27265,0
1301696,1600000US1301696,Alpharetta city,Alpharetta city,"Alpharetta city, Georgia",GA,2024,Alpharetta,67788.0,66855.0,False,51.0,691.0,39.0,1.0,781.0,781.0,1168.199835464812,5.6,0.6615881796478236,15.1,34.9,4.9,147612.0,27.81392566001047,26.9,2485.3159851301116,34.070866,-84.27265,0
1303440,1600000US1303440,Athens-Clarke County unified government (balance),Athens-Clarke County unified government (balance),"Athens-Clarke County unified government (balance), Georgia",GA,2022,Athens-Clarke County,128177.0,126672.0,False,424.0,2605.0,345.0,27.0,3374.0,3374.0,2663.572060123784,27.1,0.6159012538994588,27.5,59.4,5.4,47798.0,9.66669824428445,116.437,1087.90161203054,33.949597,-83.370088,0
1303440,1600000US1303440,Athens-Clarke County unified government (balance),Athens-Clarke County unified government (balance),"Athens-Clarke County unified government (balance), Georgia",GA,2023,Athens-Clarke County,129595.0,126987.0,False,309.0,2674.0,282.0,13.0,3265.0,3265.0,2571.129328198949,26.3,0.6204214823537417,27.4,59.5,5.2,51655.0,9.81832786033216,116.437,1090.6069376572739,33.949597,-83.370088,0
1303440,1600000US1303440,Athens-Clarke County unified government (balance),Athens-Clarke County unified government (balance),"Athens-Clarke County unified government (balance), Georgia",GA,2024,Athens-Clarke County,129765.0,127345.0,False,290.0,2445.0,219.0,17.0,2954.0,2954.0,2319.6827515803525,26.5,0.6273782247178856,26.8,59.3,5.3,52974.0,10.09855117986572,116.437,1093.6815617028951,33.949597,-83.370088,0
1304000,1600000US1304000,Atlanta city,Atlanta city,"Atlanta city, Georgia",GA,2022,Atlanta,495707.0,494838.0,False,1839.0,13437.0,3303.0,18.0,18579.0,18579.0,3754.562099111224,17.7,0.620315504879553,20.2,54.3,5.8,77655.0,8.221882717172084,135.283,3657.7988365130877,33.762909,-84.422675,0
1304000,1600000US1304000,Atlanta city,Atlanta city,"Atlanta city, Georgia",GA,2023,Atlanta,500212.0,499287.0,False,1735.0,12506.0,5230.0,46.0,19471.0,19471.0,3899.76105927052,17.9,0.6309789324347883,20.0,53.7,5.9,81938.0,8.608475686328704,135.253,3691.5040701500157,33.762909,-84.422675,0
1310944,1600000US1310944,Brookhaven city,Brookhaven city,"Brookhaven city, Georgia",GA,2022,Brookhaven,55614.0,56848.0,False,154.0,974.0,125.0,7.0,1253.0,1253.0,2204.1232761047004,10.6,0.5991223230197399,16.0,45.4,3.0,114570.0,18.97340275823248,12.262,4636.111564182025,33.8612,-84.338503,0
1310944,1600000US1310944,Brookhaven city,Brookhaven city,"Brookhaven city, Georgia",GA,2023,Brookhaven,58507.0,57224.0,False,186.0,1155.0,125.0,3.0,1466.0,1466.0,2561.862155738851,10.2,0.6423087214547625,15.2,46.6,3.6,117448.0,20.87585628407661,12.267,4664.873237140296,33.8612,-84.338503,0
1310944,1600000US1310944,Brookhaven city,Brookhaven city,"Brookhaven city, Georgia",GA,2024,Brookhaven,58329.0,57855.0,False,167.0,1015.0,125.0,7.0,1307.0,1307.0,2259.0960159018236,10.3,0.6573746642539942,16.8,47.4,3.2,117663.0,21.145968369198858,12.241,4726.329548239523,33.863131,-84.337476,0
1319000,1600000US1319000,Columbus city,Columbus city,"Columbus city, Georgia",GA,2022,Columbus,204986.0,204572.0,False,631.0,3602.0,586.0,6.0,4819.0,4819.0,2355.649844553507,18.7,0.6338631094555005,19.3,50.5,7.3,54561.0,5.241186477132746,216.5,944.905311778291,32.510197,-84.874946,0
1319000,1600000US1319000,Columbus city,Columbus city,"Columbus city, Georgia",GA,2024,Columbus,201061.0,203711.0,False,711.0,3289.0,495.0,6.0,4495.0,4495.0,2206.5573287647694,19.0,0.6415487982290371,16.7,49.2,6.3,58073.0,5.104780792397072,216.5,940.9284064665127,32.510191,-84.874946,0
1324768,1600000US1324768,Dunwoody city,Dunwoody city,"Dunwoody city, Georgia",GA,2022,Dunwoody,50271.0,51458.0,False,133.0,1256.0,92.0,0.0,1481.0,1481.0,2878.075323564849,6.3,0.608465291551882,11.6,44.3,1.8,106710.0,20.422480469509114,13.026,3950.406878550591,33.941387,-84.312701,0
1324768,1600000US1324768,Dunwoody city,Dunwoody city,"Dunwoody city, Georgia",GA,2023,Dunwoody,52505.0,51563.0,False,140.0,1637.0,97.0,3.0,1874.0,1874.0,3634.3889998642435,6.9,0.6392609386529984,12.0,45.6,1.9,109116.0,22.143785272385237,13.026,3958.467680024566,33.941387,-84.312701,0
1324768,1600000US1324768,Dunwoody city,Dunwoody city,"Dunwoody city, Georgia",GA,2024,Dunwoody,51752.0,51758.0,False,108.0,1486.0,100.0,1.0,1694.0,1694.0,3272.9239924262915,6.1,0.6528881259667612,10.9,43.8,1.9,121903.0,22.529850457900228,12.995,3982.9165063485957,33.941387,-84.312701,0
1342425,1600000US1342425,Johns Creek city,Johns Creek city,"Johns Creek city, Georgia",GA,2022,Johns Creek,81964.0,82230.0,False,53.0,315.0,21.0,1.0,389.0,389.0,473.0633588714581,3.8,0.6597657827283729,13.5,21.2,3.7,153882.0,31.803478049373705,30.813,2668.67880440074,34.032739,-84.203848,0
1342425,1600000US1342425,Johns Creek city,Johns Creek city,"Johns Creek city, Georgia",GA,2023,Johns Creek,82646.0,82115.0,False,76.0,354.0,21.0,0.0,451.0,451.0,549.2297387809779,3.9,0.6728191491394976,12.7,20.3,4.2,160185.0,33.24971077147902,30.813,2664.9466134423783,34.032739,-84.203848,0
1342425,1600000US1342425,Johns Creek city,Johns Creek city,"Johns Creek city, Georgia",GA,2024,Johns Creek,81056.0,81988.0,False,39.0,371.0,25.0,0.0,435.0,435.0,530.5654486022345,4.2,0.6776120108359899,13.1,19.6,4.1,160093.0,34.82704786066254,30.813,2660.8249764709703,34.032739,-84.203848,0
1349756,1600000US1349756,Marietta city,Marietta city,"Marietta city, Georgia",GA,2022,Marietta,62059.0,61387.0,False,168.0,1192.0,174.0,4.0,1534.0,1534.0,2498.9004186554157,12.8,0.6880669433588327,20.9,53.8,3.4,67589.0,17.155097984915376,23.478,2614.6605332651843,33.953561,-84.542463,0
1349756,1600000US1349756,Marietta city,Marietta city,"Marietta city, Georgia",GA,2024,Marietta,63354.0,62263.0,False,115.0,897.0,135.0,3.0,1147.0,1147.0,1842.1855676726145,12.8,0.6960945371466012,19.0,52.8,3.8,72725.0,18.084576714902912,23.789,2617.3021144226323,33.953561,-84.542463,0
1367284,1600000US1367284,Roswell city,Roswell city,"Roswell city, Georgia",GA,2022,Roswell,92550.0,92770.0,False,110.0,915.0,93.0,3.0,1118.0,1118.0,1205.1309690632747,6.5,0.5720552170731188,12.7,29.2,4.3,122924.0,19.31443354532715,40.727,2277.8500748888946,34.039453,-84.350946,0
1367284,1600000US1367284,Roswell city,Roswell city,"Roswell city, Georgia",GA,2023,Roswell,93241.0,92577.0,False,130.0,914.0,97.0,7.0,1141.0,1141.0,1232.4875509035721,7.4,0.5856392387773347,12.4,28.8,4.3,124422.0,18.681746006027414,40.714,2273.837009382522,34.039453,-84.350946,0
1367284,1600000US1367284,Roswell city,Roswell city,"Roswell city, Georgia",GA,2024,Roswell,91789.0,92621.0,False,95.0,784.0,58.0,9.0,937.0,937.0,1011.6496258947755,7.5,0.5890641305419877,11.0,28.1,3.8,128654.0,18.208613597348332,40.731,2273.96823058604,34.039453,-84.350946,0
1368516,1600000US1368516,Sandy Springs city,Sandy Springs city,"Sandy Springs city, Georgia",GA,2022,Sandy Springs,106747.0,107221.0,False,186.0,1258.0,153.0,6.0,1597.0,1597.0,1489.4470299661446,7.1,0.6116615623989461,19.5,49.5,3.7,93303.0,16.95097042556962,37.658,2847.2303361835466,33.931502,-84.368889,0
1368516,1600000US1368516,Sandy Springs city,Sandy Springs city,"Sandy Springs city, Georgia",GA,2023,Sandy Springs,107895.0,107198.0,False,195.0,1449.0,181.0,1.0,1825.0,1825.0,1702.4571353943172,7.4,0.6232433720157038,20.1,49.3,3.7,101593.0,16.754043918729828,37.663,2846.241669543053,33.931502,-84.368889,0
1368516,1600000US1368516,Sandy Springs city,Sandy Springs city,"Sandy Springs city, Georgia",GA,2024,Sandy Springs,105580.0,107087.0,False,209.0,1182.0,151.0,1.0,1542.0,1542.0,1439.9506942952928,8.5,0.6429168285656641,19.9,49.8,4.0,104340.0,17.170151372248732,37.707,2839.97666215822,33.931501,-84.368886,0
1371492,1600000US1371492,Smyrna city,Smyrna city,"Smyrna city, Georgia",GA,2022,Smyrna,55735.0,55863.0,False,109.0,719.0,106.0,0.0,934.0,934.0,1671.9474428512613,8.0,0.6816289134422133,17.5,42.8,4.2,92258.0,14.4209942179976,15.734,3550.4639633913816,33.862559,-84.51612,0
1371492,1600000US1371492,Smyrna city,Smyrna city,"Smyrna city, Georgia",GA,2023,Smyrna,56307.0,56285.0,False,96.0,689.0,123.0,1.0,908.0,908.0,1613.218441858399,9.6,0.6965605128514432,17.3,43.3,3.9,96780.0,14.82988362796482,15.993,3519.35221659476,33.862559,-84.51612,0
1371492,1600000US1371492,Smyrna city,Smyrna city,"Smyrna city, Georgia",GA,2024,Smyrna,56700.0,56633.0,False,143.0,501.0,100.0,1.0,744.0,744.0,1313.721681705013,10.6,0.6984749167993171,17.1,40.6,3.7,100061.0,15.03716914166652,16.169,3502.566639866411,33.862559,-84.51612,0
1372122,1600000US1372122,South Fulton city,South Fulton city,"South Fulton city, Georgia",GA,2022,South Fulton,110102.0,107865.0,False,284.0,1997.0,624.0,6.0,2905.0,2905.0,2693.181291429101,9.4,0.16993980672248377,10.7,30.8,7.8,77488.0,6.265238956102535,92.979,1160.10066789275,33.63572,-84.583417,0
1372122,1600000US1372122,South Fulton city,South Fulton city,"South Fulton city, Georgia",GA,2023,South Fulton,113003.0,109157.0,False,313.0,2163.0,675.0,23.0,3151.0,3151.0,2886.667827074764,9.9,0.17085571810198197,10.1,30.0,7.4,81798.0,7.143838691059666,92.954,1174.312025302838,33.63572,-84.583417,0
1372122,1600000US1372122,South Fulton city,South Fulton city,"South Fulton city, Georgia",GA,2024,South Fulton,112441.0,110471.0,False,245.0,1426.0,474.0,16.0,2145.0,2145.0,1941.6860533533686,9.1,0.18734772900110364,11.3,28.5,7.2,82324.0,7.777606792732934,92.842,1189.8817345597897,33.63572,-84.583417,0
1378800,1600000US1378800,Valdosta city,Valdosta city,"Valdosta city, Georgia",GA,2022,Valdosta,55666.0,55266.0,False,90.0,1058.0,126.0,2.0,1274.0,1274.0,2305.2147794303914,28.3,0.563410326998652,16.8,59.7,5.7,41365.0,3.0036550501212322,35.986,1535.763908186517,30.850126,-83.278833,0
1378800,1600000US1378800,Valdosta city,Valdosta city,"Valdosta city, Georgia",GA,2024,Valdosta,54896.0,55252.0,False,250.0,1855.0,134.0,3.0,2239.0,2239.0,4052.341996669804,26.1,0.5675180692407201,16.0,58.3,5.7,45925.0,3.798957503800767,35.992,1535.1189153145144,30.850126,-83.278833,0
1380508,1600000US1380508,Warner Robins city,Warner Robins city,"Warner Robins city, Georgia",GA,2022,Warner Robins,82409.0,80374.0,False,468.0,2291.0,256.0,25.0,3015.0,3015.0,3751.213078856347,11.3,0.6356673538962585,14.8,47.2,6.5,63678.0,7.900564859282852,37.874,2122.141838728415,32.597096,-83.653936,0
1380508,1600000US1380508,Warner Robins city,Warner Robins city,"Warner Robins city, Georgia",GA,2023,Warner Robins,82991.0,81438.0,False,364.0,2284.0,296.0,18.0,2944.0,2944.0,3615.020015226307,13.6,0.6576125310514113,15.4,46.9,6.5,65715.0,8.826346423045752,38.178,2133.1133113311334,32.597096,-83.653936,0
1380508,1600000US1380508,Warner Robins city,Warner Robins city,"Warner Robins city, Georgia",GA,2024,Warner Robins,85900.0,82990.0,False,309.0,2043.0,208.0,12.0,2560.0,2560.0,3084.709001084468,14.2,0.6533159531355217,16.2,46.5,6.4,66970.0,8.329919267381612,38.744,2142.0090852777203,32.597096,-83.653936,0
1608830,1600000US1608830,Boise City city,Boise City city,"Boise City city, Idaho",ID,2022,Boise,239074.0,234192.0,False,285.0,2327.0,266.0,26.0,2878.0,2878.0,1228.9061966249915,11.1,0.3290992806837426,18.1,37.1,3.8,76402.0,6.7026200724192115,84.321,2777.386416195254,43.600233,-116.2298,0
1608830,1600000US1608830,Boise City city,Boise City city,"Boise City city, Idaho",ID,2023,Boise,236949.0,235701.0,False,312.0,2303.0,329.0,33.0,2944.0,2944.0,1249.0400974115512,10.6,0.34069531146608467,18.4,37.0,3.8,81308.0,7.2248314601974535,84.553,2787.6125034002343,43.600229,-116.231656,0
1608830,1600000US1608830,Boise City city,Boise City city,"Boise City city, Idaho",ID,2024,Boise,235223.0,237242.0,False,252.0,2053.0,306.0,28.0,2611.0,2611.0,1100.5639810826076,10.6,0.35441439171128464,18.1,36.8,3.6,83904.0,7.890677030205444,85.157,2785.936564228425,43.599335,-116.229817,0
1612250,1600000US1612250,Caldwell city,Caldwell city,"Caldwell city, Idaho",ID,2022,Caldwell,66940.0,61212.0,False,107.0,629.0,139.0,8.0,875.0,875.0,1429.4582761550023,12.6,0.5378277193597049,14.9,29.5,5.1,65259.0,12.23289551068418,23.515,2603.1044014458857,43.64588,-116.659336,0
1612250,1600000US1612250,Caldwell city,Caldwell city,"Caldwell city, Idaho",ID,2023,Caldwell,68731.0,63465.0,False,71.0,378.0,68.0,3.0,517.0,517.0,814.6222327266998,13.3,0.5479217397058369,15.0,29.3,5.1,66663.0,12.6731269203498,23.515,2698.9155857963,43.64588,-116.659336,0
1612250,1600000US1612250,Caldwell city,Caldwell city,"Caldwell city, Idaho",ID,2024,Caldwell,71115.0,66516.0,False,105.0,524.0,66.0,4.0,695.0,695.0,1044.8613867340189,11.9,0.5495949187216149,14.1,27.0,5.0,73058.0,12.628540501533466,25.134,2646.455001193602,43.64588,-116.659336,0
1616750,1600000US1616750,Coeur d'Alene city,Coeur d'Alene city,"Coeur d'Alene city, Idaho",ID,2022,Coeur d'Alene,57061.0,54599.0,False,72.0,472.0,36.0,9.0,580.0,580.0,1062.2905181413578,9.7,0.2573082034505053,18.1,42.7,2.0,65786.0,3.0348541182072934,16.103,3390.6104452586474,47.703498,-116.793861,0
1616750,1600000US1616750,Coeur d'Alene city,Coeur d'Alene city,"Coeur d'Alene city, Idaho",ID,2023,Coeur d'Alene,57653.0,55558.0,False,56.0,508.0,36.0,9.0,600.0,600.0,1079.952482090788,8.3,0.2530283017955792,16.3,40.3,2.8,70845.0,2.975269088160121,16.115,3447.5954080049646,47.703498,-116.793861,0
1616750,1600000US1616750,Coeur d'Alene city,Coeur d'Alene city,"Coeur d'Alene city, Idaho",ID,2024,Coeur d'Alene,57561.0,56447.0,False,57.0,465.0,28.0,5.0,550.0,550.0,974.3653338529948,9.2,0.2651537369924035,17.3,40.5,2.9,72338.0,2.4607153613123813,16.869,3346.197166399905,47.702887,-116.795799,0
1639700,1600000US1639700,Idaho Falls city,Idaho Falls city,"Idaho Falls city, Idaho",ID,2022,Idaho Falls,68162.0,65685.0,False,305.0,529.0,101.0,4.0,935.0,935.0,1423.4604552028622,11.4,0.36296051549057584,18.6,37.0,4.8,66463.0,4.864124229276091,26.105,2516.184638958054,43.488615,-112.035703,0
1639700,1600000US1639700,Idaho Falls city,Idaho Falls city,"Idaho Falls city, Idaho",ID,2023,Idaho Falls,68662.0,66672.0,False,336.0,522.0,107.0,5.0,965.0,965.0,1447.384209263259,12.0,0.36853876923827356,15.9,35.9,4.0,69630.0,4.183165346772258,26.567,2509.579553581511,43.488851,-112.036297,0
1639700,1600000US1639700,Idaho Falls city,Idaho Falls city,"Idaho Falls city, Idaho",ID,2024,Idaho Falls,68716.0,67725.0,False,212.0,532.0,87.0,4.0,831.0,831.0,1227.0210409745293,11.5,0.37062664312565174,14.2,35.8,4.2,73110.0,4.178663713547434,27.15,2494.475138121547,43.489616,-112.03534,0
1652120,1600000US1652120,Meridian city,Meridian city,"Meridian city, Idaho",ID,2022,Meridian,132522.0,119872.0,False,85.0,698.0,53.0,10.0,836.0,836.0,697.4105712760278,6.4,0.314586931969292,14.7,23.7,2.7,93296.0,4.847670848905499,36.389,3294.1823078402813,43.611493,-116.397763,0
1652120,1600000US1652120,Meridian city,Meridian city,"Meridian city, Idaho",ID,2023,Meridian,135239.0,124865.0,False,77.0,543.0,50.0,6.0,670.0,670.0,536.5795058663357,6.2,0.32591609807931454,15.6,23.9,2.4,98686.0,4.778761061946903,36.859,3387.639382511734,43.61149,-116.400662,0
1652120,1600000US1652120,Meridian city,Meridian city,"Meridian city, Idaho",ID,2024,Meridian,140353.0,130138.0,False,73.0,677.0,52.0,6.0,802.0,802.0,616.2688838002736,6.0,0.33660037516695074,16.3,25.4,2.7,100795.0,4.996234766171296,37.128,3505.11743158802,43.61149,-116.400662,0
1656260,1600000US1656260,Nampa city,Nampa city,"Nampa city, Idaho",ID,2022,Nampa,111501.0,102598.0,False,140.0,1126.0,147.0,10.0,1413.0,1413.0,1377.2198288465663,10.9,0.4727451856728204,18.8,29.1,3.0,67346.0,7.7915748845006725,34.773,2950.5075777183442,43.585541,-116.565631,0
1656260,1600000US1656260,Nampa city,Nampa city,"Nampa city, Idaho",ID,2023,Nampa,116116.0,106289.0,False,139.0,753.0,99.0,3.0,991.0,991.0,932.3636500484529,10.5,0.47385065199123333,17.6,28.6,2.8,72122.0,7.30461289503147,34.773,3056.653150432807,43.585541,-116.565631,0
1656260,1600000US1656260,Nampa city,Nampa city,"Nampa city, Idaho",ID,2024,Nampa,118950.0,110319.0,False,180.0,605.0,98.0,7.0,883.0,883.0,800.4060950516231,11.5,0.4801592598066392,17.3,29.8,3.1,74279.0,8.362113507192777,35.917,3071.4981763510314,43.584972,-116.562935,0
1664090,1600000US1664090,Pocatello city,Pocatello city,"Pocatello city, Idaho",ID,2022,Pocatello,57914.0,56582.0,False,173.0,524.0,84.0,3.0,781.0,781.0,1380.297621151603,14.4,0.3192674511842698,20.7,36.4,5.4,56115.0,3.905835778162667,33.365,1695.8489435036713,42.872223,-112.464524,0
1664090,1600000US1664090,Pocatello city,Pocatello city,"Pocatello city, Idaho",ID,2023,Pocatello,58390.0,57152.0,False,115.0,626.0,73.0,5.0,814.0,814.0,1424.272116461366,13.9,0.3191161730052644,20.3,36.9,5.0,57931.0,3.777645576707727,33.571,1702.4217330434008,42.872748,-112.463836,0
1664090,1600000US1664090,Pocatello city,Pocatello city,"Pocatello city, Idaho",ID,2024,Pocatello,58618.0,57635.0,False,149.0,697.0,84.0,5.0,930.0,930.0,1613.6028454931898,14.8,0.3315405214603625,19.8,35.5,4.4,60418.0,4.092999045718748,33.974,1696.4443397892508,42.872748,-112.463836,0
1682810,1600000US1682810,Twin Falls city,Twin Falls city,"Twin Falls city, Idaho",ID,2022,Twin Falls,54648.0,52315.0,False,72.0,637.0,84.0,2.0,793.0,793.0,1515.8176431233871,12.1,0.3882403019833802,20.7,37.0,3.1,58024.0,7.712893051706011,19.594,2669.9499846891904,42.564674,-114.460608,0
1682810,1600000US1682810,Twin Falls city,Twin Falls city,"Twin Falls city, Idaho",ID,2023,Twin Falls,55447.0,53219.0,False,60.0,723.0,71.0,3.0,854.0,854.0,1604.6900543039142,10.8,0.40221385651692554,20.1,36.7,3.1,60760.0,7.767902440857588,19.594,2716.086557109319,42.564674,-114.460608,0
1682810,1600000US1682810,Twin Falls city,Twin Falls city,"Twin Falls city, Idaho",ID,2024,Twin Falls,55932.0,54164.0,False,54.0,530.0,46.0,3.0,630.0,630.0,1163.1341850675726,11.4,0.4193491573764102,18.4,35.9,3.0,61205.0,8.494572040469684,19.864,2726.7418445428916,42.563807,-114.460597,0
1702154,1600000US1702154,Arlington Heights village,Arlington Heights village,"Arlington Heights village, Illinois",IL,2022,Arlington Heights,74648.0,76794.0,False,80.0,693.0,30.0,7.0,803.0,803.0,1045.6546084329507,5.7,0.41899713451390097,11.1,27.3,3.5,113502.0,20.621402713753678,16.613,4622.5245289833265,42.097362,-87.981671,0
1702154,1600000US1702154,Arlington Heights village,Arlington Heights village,"Arlington Heights village, Illinois",IL,2023,Arlington Heights,74094.0,76220.0,False,96.0,544.0,53.0,11.0,693.0,693.0,909.2101810548413,6.3,0.4228643234746797,10.9,26.7,3.6,118532.0,21.001049593282602,16.613,4587.973273942093,42.097362,-87.981671,0
1702154,1600000US1702154,Arlington Heights village,Arlington Heights village,"Arlington Heights village, Illinois",IL,2024,Arlington Heights,73545.0,76005.0,False,118.0,473.0,56.0,11.0,647.0,647.0,851.2597855404249,6.0,0.41727626516734184,10.4,26.0,3.5,116723.0,21.5459509242813,16.613,4575.03160175766,42.097362,-87.981671,0
1703012,1600000US1703012,Aurora city,Aurora city,"Aurora city, Illinois",IL,2023,Aurora,176712.0,179867.0,False,362.0,1201.0,370.0,21.0,1933.0,1933.0,1074.6829601872494,9.8,0.6877772695547579,11.9,33.2,5.9,90109.0,25.745689870849013,45.051,3992.519588910346,41.763455,-88.290099,0
1703012,1600000US1703012,Aurora city,Aurora city,"Aurora city, Illinois",IL,2024,Aurora,176688.0,179898.0,False,448.0,1306.0,458.0,7.0,2212.0,2212.0,1229.5856540928748,9.5,0.6962460749422134,11.9,33.6,5.8,93633.0,26.435535692447942,45.062,3992.2329235275843,41.763455,-88.290099,0
1705573,1600000US1705573,Berwyn city,Berwyn city,"Berwyn city, Illinois",IL,2022,Berwyn,54654.0,56556.0,False,38.0,287.0,91.0,6.0,416.0,416.0,735.5541410283613,11.0,0.5509255345023707,8.1,39.6,5.0,71300.0,25.136148242449963,3.904,14486.680327868853,41.843333,-87.790926,0
1705573,1600000US1705573,Berwyn city,Berwyn city,"Berwyn city, Illinois",IL,2023,Berwyn,54052.0,55888.0,False,34.0,235.0,120.0,2.0,389.0,389.0,696.0349269968509,10.8,0.5594940872245904,7.3,38.9,6.3,75235.0,23.84948468365302,3.904,14315.573770491803,41.843333,-87.790926,0
1705573,1600000US1705573,Berwyn city,Berwyn city,"Berwyn city, Illinois",IL,2024,Berwyn,53581.0,55595.0,False,70.0,430.0,107.0,4.0,607.0,607.0,1091.8248043888839,10.9,0.5367190066345278,7.3,38.9,6.9,78408.0,25.016638186887306,3.904,14240.522540983608,41.843333,-87.790926,0
1707133,1600000US1707133,Bolingbrook village,Bolingbrook village,"Bolingbrook village, Illinois",IL,2022,Bolingbrook,73364.0,73755.0,False,60.0,436.0,65.0,3.0,561.0,561.0,760.6263982102907,7.9,0.7282325702772503,9.0,21.2,5.2,102057.0,21.35312860145075,24.917,2960.0272906048076,41.688062,-88.100965,0
1707133,1600000US1707133,Bolingbrook village,Bolingbrook village,"Bolingbrook village, Illinois",IL,2023,Bolingbrook,74138.0,73813.0,False,105.0,438.0,112.0,6.0,655.0,655.0,887.3775622180375,8.2,0.7352131371650816,9.3,21.0,4.9,107552.0,22.494682508501214,24.897,2964.7347069928105,41.688062,-88.100965,0
1707133,1600000US1707133,Bolingbrook village,Bolingbrook village,"Bolingbrook village, Illinois",IL,2024,Bolingbrook,74177.0,74096.0,False,179.0,324.0,75.0,6.0,578.0,578.0,780.0690995465342,9.2,0.7422112065301572,8.8,20.9,5.7,108400.0,22.81229755992226,24.977,2966.569243704208,41.687466,-88.106215,0
1712385,1600000US1712385,Champaign city,Champaign city,"Champaign city, Illinois",IL,2022,Champaign,89815.0,88628.0,False,174.0,1339.0,34.0,13.0,1547.0,1547.0,1745.4980367378255,23.6,0.6190386010566594,25.7,54.6,4.8,58273.0,17.013810533917045,22.99,3855.06742061766,40.114099,-88.274619,0
1712385,1600000US1712385,Champaign city,Champaign city,"Champaign city, Illinois",IL,2023,Champaign,89687.0,88822.0,False,363.0,1055.0,197.0,16.0,1615.0,1615.0,1818.2432280290918,23.9,0.6278655902117041,24.6,55.1,4.3,57544.0,16.947377901871157,23.026,3857.465473812212,40.114099,-88.274619,0
1712385,1600000US1712385,Champaign city,Champaign city,"Champaign city, Illinois",IL,2024,Champaign,89466.0,89996.0,False,514.0,1317.0,208.0,7.0,2039.0,2039.0,2265.6562513889507,25.9,0.6405533923695865,23.9,56.2,4.8,56118.0,16.89963998399929,23.026,3908.451315903761,40.114099,-88.274619,0
1714000,1600000US1714000,Chicago city,Chicago city,"Chicago city, Illinois",IL,2022,Chicago,2652124.0,2721914.0,False,7626.0,54273.0,21191.0,152.0,83090.0,83090.0,3052.6313469125034,16.9,0.7230788484533313,14.7,54.4,8.2,71673.0,20.238993590539597,227.748,11951.428772151678,41.837045,-87.684939,0
1714000,1600000US1714000,Chicago city,Chicago city,"Chicago city, Illinois",IL,2023,Chicago,2628298.0,2707648.0,False,7361.0,56378.0,26462.0,168.0,90201.0,90201.0,3331.3414446781853,16.8,0.7246403776204628,14.3,54.5,7.9,75134.0,20.706642813246035,227.748,11888.789363682667,41.837045,-87.684939,0
1714000,1600000US1714000,Chicago city,Chicago city,"Chicago city, Illinois",IL,2024,Chicago,2638698.0,2711226.0,False,7778.0,61185.0,22663.0,462.0,91626.0,91626.0,3379.5043275625126,16.8,0.7273597220618913,14.0,54.0,8.0,77902.0,20.908732802060765,227.748,11904.499710206017,41.837045,-87.684939,0
1714351,1600000US1714351,Cicero town,Cicero town,"Cicero town, Illinois",IL,2022,Cicero,81492.0,84189.0,False,231.0,633.0,258.0,8.0,1122.0,1122.0,1332.7156754445355,13.1,0.22056508907118266,5.1,45.4,3.9,64325.0,38.69626673318367,5.865,14354.475703324808,41.844537,-87.75929,0
1714351,1600000US1714351,Cicero town,Cicero town,"Cicero town, Illinois",IL,2023,Cicero,80455.0,83223.0,False,240.0,469.0,273.0,10.0,982.0,982.0,1179.9622700455402,13.1,0.20418745316026365,4.5,45.4,4.3,68548.0,39.951696045564326,5.865,14189.769820971867,41.844537,-87.75929,0
1714351,1600000US1714351,Cicero town,Cicero town,"Cicero town, Illinois",IL,2024,Cicero,79748.0,82797.0,False,335.0,344.0,305.0,9.0,984.0,984.0,1188.4488568426393,14.6,0.2277318667211895,5.0,45.4,5.0,70842.0,40.645192458663956,5.865,14117.135549872122,41.844537,-87.75929,0
1718823,1600000US1718823,Decatur city,Decatur city,"Decatur city, Illinois",IL,2022,Decatur,68789.0,70975.0,False,418.0,1014.0,270.0,38.0,1702.0,1702.0,2398.027474462839,19.5,0.49471115759075046,16.0,38.8,8.9,49039.0,2.715040507220852,43.222,1642.1035583730506,39.855983,-88.933746,0
1718823,1600000US1718823,Decatur city,Decatur city,"Decatur city, Illinois",IL,2023,Decatur,68301.0,70368.0,False,457.0,1082.0,212.0,44.0,1751.0,1751.0,2488.3469758981355,19.1,0.5074732074087069,15.6,37.7,8.9,50809.0,3.106525693497044,43.476,1618.5481645045543,39.855983,-88.933746,0
1718823,1600000US1718823,Decatur city,Decatur city,"Decatur city, Illinois",IL,2024,Decatur,67934.0,69815.0,False,630.0,1041.0,277.0,33.0,1948.0,1948.0,2790.2313256463513,19.4,0.5190952216749838,14.9,37.1,8.3,51592.0,3.1053498531834136,43.7,1597.5972540045766,39.855983,-88.933746,0
1719642,1600000US1719642,Des Plaines city,Des Plaines city,"Des Plaines city, Illinois",IL,2022,Des Plaines,58425.0,60087.0,False,120.0,545.0,43.0,6.0,708.0,708.0,1178.2914773578311,7.4,0.5857247628126406,8.4,21.4,4.6,86552.0,30.7803684657247,14.238,4220.185419300464,42.034398,-87.901136,0
1719642,1600000US1719642,Des Plaines city,Des Plaines city,"Des Plaines city, Illinois",IL,2023,Des Plaines,57672.0,59408.0,False,115.0,327.0,55.0,5.0,497.0,497.0,836.587664960948,5.8,0.612895812387221,7.8,20.6,4.6,94303.0,32.58483705898196,14.238,4172.496137097907,42.034398,-87.901136,0
1719642,1600000US1719642,Des Plaines city,Des Plaines city,"Des Plaines city, Illinois",IL,2024,Des Plaines,57218.0,59156.0,False,239.0,344.0,69.0,2.0,652.0,652.0,1102.1705321522752,6.0,0.6220947430829249,7.7,21.7,4.1,97875.0,34.2332138751775,14.238,4154.797022053659,42.034398,-87.901136,0
1720591,1600000US1720591,Downers Grove village,Downers Grove village,"Downers Grove village, Illinois",IL,2024,Downers Grove,49567.0,50054.0,False,67.0,321.0,44.0,8.0,432.0,432.0,863.0678866823831,5.5,0.3361877742781393,9.8,24.8,4.0,115114.0,9.97123107044392,14.652,3416.188916188916,41.79503,-88.021055,0
1723074,1600000US1723074,Elgin city,Elgin city,"Elgin city, Illinois",IL,2022,Elgin,113205.0,114190.0,False,108.0,660.0,83.0,6.0,851.0,851.0,745.249146159909,10.0,0.6273514530368566,11.1,28.8,6.0,85998.0,25.595060863473158,38.027,3002.866384411076,42.038963,-88.325671,0
1723074,1600000US1723074,Elgin city,Elgin city,"Elgin city, Illinois",IL,2023,Elgin,112470.0,114106.0,False,209.0,700.0,84.0,8.0,993.0,993.0,870.2434578374495,10.4,0.6268282545169718,10.8,28.6,6.3,88316.0,26.499921125970587,38.143,2991.531866921847,42.038963,-88.325671,0
1723074,1600000US1723074,Elgin city,Elgin city,"Elgin city, Illinois",IL,2024,Elgin,112879.0,114934.0,False,239.0,908.0,97.0,4.0,1244.0,1244.0,1082.3603111350862,9.8,0.6326765071788363,11.2,28.1,6.1,90282.0,26.358605808550994,38.173,3010.871558431352,42.038963,-88.325671,0
1724582,1600000US1724582,Evanston city,Evanston city,"Evanston city, Illinois",IL,2022,Evanston,76259.0,77181.0,False,270.0,1452.0,147.0,10.0,1869.0,1869.0,2421.580440782058,11.6,0.61036036350343,19.3,44.1,6.1,93188.0,16.270843860535624,7.779,9921.712302352487,42.046391,-87.694352,0
1724582,1600000US1724582,Evanston city,Evanston city,"Evanston city, Illinois",IL,2023,Evanston,74413.0,76552.0,False,261.0,1784.0,288.0,4.0,2333.0,2333.0,3047.601630264395,11.9,0.6111859544448062,19.6,44.2,6.3,95766.0,16.539084543839483,7.779,9840.85358015169,42.046391,-87.694352,0
1724582,1600000US1724582,Evanston city,Evanston city,"Evanston city, Illinois",IL,2024,Evanston,74178.0,76340.0,False,335.0,1524.0,175.0,6.0,2034.0,2034.0,2664.396122609379,11.8,0.6158285427855431,20.0,43.8,6.2,96434.0,16.16583704479958,7.779,9813.600719886876,42.046391,-87.694352,0
1735411,1600000US1735411,Hoffman Estates village,Hoffman Estates village,"Hoffman Estates village, Illinois",IL,2022,Hoffman Estates,50385.0,51744.0,False,58.0,376.0,46.0,0.0,480.0,480.0,927.643784786642,4.8,0.660189411508405,8.6,26.0,3.7,107428.0,32.983534322820034,21.065,2456.396866840731,42.065217,-88.152996,0
1735411,1600000US1735411,Hoffman Estates village,Hoffman Estates village,"Hoffman Estates village, Illinois",IL,2023,Hoffman Estates,49843.0,51186.0,False,70.0,332.0,60.0,2.0,462.0,462.0,902.5905521040909,5.3,0.6666342583513098,9.0,25.8,3.6,109683.0,33.96631891532841,20.613,2483.1902197642266,42.065217,-88.152996,0
1735411,1600000US1735411,Hoffman Estates village,Hoffman Estates village,"Hoffman Estates village, Illinois",IL,2024,Hoffman Estates,49467.0,51175.0,False,123.0,309.0,59.0,2.0,491.0,491.0,959.4528578407426,7.1,0.6736821751850565,9.5,25.8,4.2,106806.0,35.413776257938444,20.536,2491.9653291780287,42.064336,-88.14463,0
1738570,1600000US1738570,Joliet city,Joliet city,"Joliet city, Illinois",IL,2022,Joliet,150545.0,150221.0,False,184.0,1200.0,150.0,7.0,1534.0,1534.0,1021.1621544258127,10.8,0.6617156966425006,10.2,27.6,6.2,84971.0,14.65840328582555,65.751,2284.6952898054783,41.517701,-88.148846,0
1738570,1600000US1738570,Joliet city,Joliet city,"Joliet city, Illinois",IL,2023,Joliet,149940.0,149785.0,False,266.0,967.0,270.0,6.0,1503.0,1503.0,1003.4382615081618,11.0,0.6616093374833801,9.2,26.9,5.8,88026.0,15.197783489668526,66.123,2265.2480982411566,41.517701,-88.148846,0
1738570,1600000US1738570,Joliet city,Joliet city,"Joliet city, Illinois",IL,2024,Joliet,150569.0,150445.0,False,587.0,1060.0,227.0,10.0,1874.0,1874.0,1245.6379407756988,11.1,0.6620531607980574,8.9,26.3,5.5,92201.0,15.507992954235766,66.286,2269.6346136439065,41.516866,-88.147963,0
1751089,1600000US1751089,Mount Prospect village,Mount Prospect village,"Mount Prospect village, Illinois",IL,2022,Mount Prospect,54477.0,56191.0,False,50.0,435.0,32.0,2.0,517.0,517.0,920.0761687814773,5.0,0.5444320238270505,10.4,30.1,3.5,100526.0,30.019042195369366,10.719,5242.186771154026,42.064202,-87.937364,0
1751089,1600000US1751089,Mount Prospect village,Mount Prospect village,"Mount Prospect village, Illinois",IL,2023,Mount Prospect,53932.0,55648.0,False,68.0,438.0,39.0,2.0,545.0,545.0,979.3703277745831,6.0,0.5502673015873869,9.3,30.0,3.6,103911.0,29.992093156986776,10.719,5191.5290605466935,42.064202,-87.937364,0
1751089,1600000US1751089,Mount Prospect village,Mount Prospect village,"Mount Prospect village, Illinois",IL,2024,Mount Prospect,53523.0,55472.0,False,109.0,319.0,47.0,1.0,475.0,475.0,856.287856936833,6.6,0.569775733227724,9.4,31.3,3.8,101720.0,29.623954427458898,10.721,5174.144202966141,42.064202,-87.937364,0
1751622,1600000US1751622,Naperville city,Naperville city,"Naperville city, Illinois",IL,2022,Naperville,148929.0,149089.0,False,95.0,1063.0,54.0,4.0,1212.0,1212.0,812.9372388304972,4.3,0.5429739347059678,12.5,25.6,4.5,143754.0,21.927171018653286,39.113,3811.750568864572,41.749173,-88.162019,0
1751622,1600000US1751622,Naperville city,Naperville city,"Naperville city, Illinois",IL,2023,Naperville,150197.0,149424.0,False,111.0,1093.0,85.0,2.0,1289.0,1289.0,862.6458935646215,4.4,0.5593495676680388,11.7,25.7,4.2,150937.0,22.622202591283862,39.157,3816.022677937534,41.749173,-88.162019,0
1751622,1600000US1751622,Naperville city,Naperville city,"Naperville city, Illinois",IL,2024,Naperville,150521.0,150692.0,False,99.0,1137.0,94.0,1.0,1330.0,1330.0,882.5949619090596,4.4,0.5685649667382624,11.2,25.2,4.5,155105.0,22.493563029225175,39.354,3829.1406210296286,41.749173,-88.162019,0
1753234,1600000US1753234,Normal town,Normal town,"Normal town, Illinois",IL,2022,Normal,53613.0,52920.0,False,46.0,644.0,33.0,3.0,723.0,723.0,1366.2131519274376,23.4,0.41207973115340046,23.3,44.2,3.9,63965.0,6.266061980347695,18.432,2871.09375,40.51973,-88.990745,0
1753234,1600000US1753234,Normal town,Normal town,"Normal town, Illinois",IL,2023,Normal,52883.0,52908.0,False,76.0,752.0,37.0,5.0,865.0,865.0,1634.9134346412638,21.5,0.4120874235123315,24.7,44.8,4.2,66350.0,7.312693732516822,18.451,2867.486857080917,40.51973,-88.990745,0
1753234,1600000US1753234,Normal town,Normal town,"Normal town, Illinois",IL,2024,Normal,52573.0,53569.0,False,122.0,648.0,45.0,3.0,815.0,815.0,1521.4023035710952,21.4,0.4117935720180259,24.5,45.2,3.9,64785.0,8.064365584573167,18.683,2867.259005513033,40.52014,-88.992234,0
1754820,1600000US1754820,Oak Lawn village,Oak Lawn village,"Oak Lawn village, Illinois",IL,2022,Oak Lawn,55957.0,57665.0,False,74.0,659.0,122.0,2.0,855.0,855.0,1482.7018121911037,10.8,0.5185937653195617,6.7,18.1,5.8,77221.0,16.41203502991416,8.571,6727.919729319799,41.713885,-87.752777,0
1754820,1600000US1754820,Oak Lawn village,Oak Lawn village,"Oak Lawn village, Illinois",IL,2023,Oak Lawn,55368.0,57098.0,False,86.0,647.0,133.0,7.0,866.0,866.0,1516.6906021226664,9.2,0.5218680106385878,6.6,17.5,5.1,82493.0,16.489194017303582,8.571,6661.766421654416,41.713885,-87.752777,0
1754820,1600000US1754820,Oak Lawn village,Oak Lawn village,"Oak Lawn village, Illinois",IL,2024,Oak Lawn,54953.0,56861.0,False,189.0,635.0,125.0,3.0,949.0,949.0,1668.9822549726525,9.6,0.5363750203974913,6.2,17.5,5.4,83911.0,15.472819683086826,8.571,6634.115039085288,41.713885,-87.752777,0
1754885,1600000US1754885,Oak Park village,Oak Park village,"Oak Park village, Illinois",IL,2022,Oak Park,52152.0,53834.0,False,168.0,1145.0,258.0,0.0,1571.0,1571.0,2918.23011479734,6.9,0.5891892838756572,13.7,40.5,4.9,103264.0,8.214139762975071,4.7,11454.04255319149,41.887164,-87.78994,0
1754885,1600000US1754885,Oak Park village,Oak Park village,"Oak Park village, Illinois",IL,2023,Oak Park,51655.0,53315.0,False,336.0,1029.0,356.0,8.0,1721.0,1721.0,3227.9846197130264,6.7,0.5762890566454126,14.3,39.3,5.5,108026.0,8.697364719122199,4.7,11343.617021276596,41.887164,-87.78994,0
1754885,1600000US1754885,Oak Park village,Oak Park village,"Oak Park village, Illinois",IL,2024,Oak Park,51306.0,53292.0,False,545.0,1108.0,198.0,5.0,1851.0,1851.0,3473.3168205359157,7.4,0.5754448565573469,13.1,40.0,5.6,110820.0,9.16272611273737,4.7,11338.72340425532,41.887164,-87.78994,0
1756640,1600000US1756640,Orland Park village,Orland Park village,"Orland Park village, Illinois",IL,2023,Orland Park,56990.0,57961.0,False,116.0,381.0,36.0,1.0,533.0,533.0,919.5838581114889,6.6,0.35582348401729336,10.1,13.8,4.7,98979.0,14.973861734614655,22.028,2631.242055565644,41.608145,-87.85929,0
1756640,1600000US1756640,Orland Park village,Orland Park village,"Orland Park village, Illinois",IL,2024,Orland Park,56593.0,57916.0,False,129.0,443.0,49.0,4.0,621.0,621.0,1072.24255818772,7.3,0.3861180331945916,9.7,14.2,4.8,98910.0,15.562193521652048,22.028,2629.199201016888,41.608145,-87.85929,0
1757225,1600000US1757225,Palatine village,Palatine village,"Palatine village, Illinois",IL,2022,Palatine,65078.0,67223.0,False,55.0,423.0,36.0,5.0,514.0,514.0,764.6192523392292,10.5,0.5780640382850095,13.0,32.5,4.7,93383.0,24.420213319845885,14.114,4762.859572056114,42.116467,-88.044361,0
1757225,1600000US1757225,Palatine village,Palatine village,"Palatine village, Illinois",IL,2023,Palatine,64407.0,66548.0,False,53.0,505.0,44.0,7.0,602.0,602.0,904.6102061669772,10.1,0.5868051394630847,13.0,32.8,4.4,95950.0,23.933100919636953,14.116,4714.366676112213,42.116467,-88.044361,0
1757225,1600000US1757225,Palatine village,Palatine village,"Palatine village, Illinois",IL,2024,Palatine,63960.0,66293.0,False,135.0,426.0,41.0,2.0,602.0,602.0,908.0898435732279,8.2,0.5765167440362022,12.5,32.6,4.1,97819.0,24.182040336083748,14.118,4695.636775747273,42.116467,-88.044361,0
1759000,1600000US1759000,Peoria city,Peoria city,"Peoria city, Illinois",IL,2022,Peoria,110551.0,113054.0,False,679.0,2188.0,602.0,62.0,3469.0,3469.0,3068.4451677959205,19.5,0.617100724981331,15.5,43.7,8.0,58068.0,9.086808074017725,48.038,2353.4285357425374,40.751641,-89.617198,0
1759000,1600000US1759000,Peoria city,Peoria city,"Peoria city, Illinois",IL,2023,Peoria,110118.0,112126.0,False,826.0,2311.0,1102.0,69.0,4239.0,4239.0,3780.568289246027,20.0,0.620275996076612,14.8,41.8,7.8,58716.0,9.807716319140965,48.125,2329.890909090909,40.751641,-89.617198,0
1759000,1600000US1759000,Peoria city,Peoria city,"Peoria city, Illinois",IL,2024,Peoria,109677.0,112169.0,False,1581.0,2266.0,852.0,54.0,4699.0,4699.0,4189.214488851643,21.0,0.6373668511359027,15.3,42.5,7.5,59410.0,10.082108247376727,48.13,2330.542281321421,40.751641,-89.617198,0
1765000,1600000US1765000,Rockford city,Rockford city,"Rockford city, Illinois",IL,2022,Rockford,146710.0,148173.0,False,626.0,2470.0,770.0,53.0,3866.0,3866.0,2609.1123214080835,22.2,0.648312155032442,15.2,45.9,9.0,50744.0,11.946171029809749,64.913,2282.639841017978,42.2593,-89.063478,0
1765000,1600000US1765000,Rockford city,Rockford city,"Rockford city, Illinois",IL,2023,Rockford,145873.0,147649.0,False,769.0,2398.0,763.0,52.0,3930.0,3930.0,2661.7179933490916,21.9,0.6586516358573249,15.3,46.2,8.6,53328.0,12.269639482827516,65.084,2268.5913588593203,42.258836,-89.064553,0
1765000,1600000US1765000,Rockford city,Rockford city,"Rockford city, Illinois",IL,2024,Rockford,145280.0,147521.0,False,919.0,2099.0,639.0,44.0,3657.0,3657.0,2478.969095925326,21.3,0.6665402314885004,14.8,45.1,8.5,54752.0,12.581259617274828,65.313,2258.6774455315176,42.2593,-89.063478,0
1768003,1600000US1768003,Schaumburg village,Schaumburg village,"Schaumburg village, Illinois",IL,2022,Schaumburg,75745.0,77571.0,False,77.0,1441.0,95.0,3.0,1613.0,1613.0,2079.385337303889,6.2,0.6207314506187218,12.9,38.8,3.9,92818.0,31.386729576774826,19.346,4009.6660808435854,42.0289,-88.083773,0
1768003,1600000US1768003,Schaumburg village,Schaumburg village,"Schaumburg village, Illinois",IL,2023,Schaumburg,75140.0,76780.0,False,109.0,1325.0,99.0,3.0,1533.0,1533.0,1996.6137014847618,6.0,0.6132762755343852,12.8,38.2,3.6,94690.0,32.08257358687158,19.346,3968.7790757779385,42.0289,-88.083773,0
1768003,1600000US1768003,Schaumburg village,Schaumburg village,"Schaumburg village, Illinois",IL,2024,Schaumburg,74882.0,76868.0,False,130.0,1578.0,88.0,1.0,1796.0,1796.0,2336.4729146068585,5.7,0.6344356690628455,12.2,37.1,3.5,97514.0,32.74574595410314,19.383,3965.743177010783,42.0289,-88.083773,0
1770122,1600000US1770122,Skokie village,Skokie village,"Skokie village, Illinois",IL,2022,Skokie,65185.0,67076.0,False,220.0,1221.0,99.0,3.0,1540.0,1540.0,2295.903154630568,8.7,0.6691802008575687,9.4,25.4,5.4,91892.0,38.3162382968573,10.064,6664.944356120826,42.03597,-87.739994,0
1770122,1600000US1770122,Skokie village,Skokie village,"Skokie village, Illinois",IL,2023,Skokie,64417.0,66427.0,False,266.0,1162.0,252.0,8.0,1680.0,1680.0,2529.0920860493475,9.6,0.6670696592248744,10.6,25.9,5.3,93550.0,38.783928221957936,10.064,6600.45707472178,42.03597,-87.739994,0
1770122,1600000US1770122,Skokie village,Skokie village,"Skokie village, Illinois",IL,2024,Skokie,64047.0,66219.0,False,458.0,1073.0,189.0,4.0,1720.0,1720.0,2597.4418218336127,9.7,0.6752807882988907,10.2,25.3,5.2,95337.0,37.47262870173213,10.064,6579.789348171701,42.03597,-87.739994,0
1772000,1600000US1772000,Springfield city,Springfield city,"Springfield city, Illinois",IL,2022,Springfield,112549.0,114214.0,False,909.0,3361.0,507.0,25.0,4777.0,4777.0,4182.499518447827,16.7,0.4708445552219419,15.0,37.6,6.6,62419.0,4.231530285253997,61.161,1867.431860172332,39.791063,-89.644572,0
1772000,1600000US1772000,Springfield city,Springfield city,"Springfield city, Illinois",IL,2023,Springfield,112781.0,113714.0,False,1212.0,3607.0,525.0,39.0,5344.0,5344.0,4699.509295249485,16.5,0.47744911731408246,14.2,36.6,6.7,65537.0,4.455036319186732,61.261,1856.2217397691843,39.791063,-89.644572,0
1772000,1600000US1772000,Springfield city,Springfield city,"Springfield city, Illinois",IL,2024,Springfield,111965.0,113330.0,False,1707.0,3150.0,642.0,36.0,5499.0,5499.0,4852.201535339274,16.8,0.4795785953675661,12.7,35.7,6.8,66064.0,4.864554839848231,61.261,1849.9534777427727,39.791063,-89.644572,0
1775484,1600000US1775484,Tinley Park village,Tinley Park village,"Tinley Park village, Illinois",IL,2022,Tinley Park,53973.0,55571.0,False,44.0,516.0,103.0,1.0,663.0,663.0,1193.0683270050924,5.1,0.39400815049779736,7.9,12.5,5.7,99628.0,9.580536610822191,16.166,3437.523196832859,41.568579,-87.804217,0
1775484,1600000US1775484,Tinley Park village,Tinley Park village,"Tinley Park village, Illinois",IL,2023,Tinley Park,53528.0,55007.0,False,48.0,465.0,98.0,3.0,611.0,611.0,1110.76772047194,5.2,0.3921641422791411,7.2,12.5,6.1,103819.0,9.349719126656607,16.166,3402.635160212792,41.568579,-87.804217,0
1775484,1600000US1775484,Tinley Park village,Tinley Park village,"Tinley Park village, Illinois",IL,2024,Tinley Park,53256.0,54842.0,False,106.0,476.0,81.0,1.0,663.0,663.0,1208.927464352139,5.0,0.40138758212819425,8.0,13.1,6.0,105189.0,9.33226359359615,16.183,3388.8648581845146,41.568579,-87.804217,0
1779293,1600000US1779293,Waukegan city,Waukegan city,"Waukegan city, Illinois",IL,2023,Waukegan,87412.0,88919.0,False,277.0,290.0,396.0,18.0,963.0,963.0,1083.0081309956252,15.3,0.613466621233486,14.1,49.1,5.3,70578.0,31.17893813470687,24.217,3671.7595077837886,42.369447,-87.870898,0
1779293,1600000US1779293,Waukegan city,Waukegan city,"Waukegan city, Illinois",IL,2024,Waukegan,87155.0,89076.0,False,236.0,714.0,457.0,11.0,1407.0,1407.0,1579.5500471507476,15.3,0.6057365868852531,12.6,49.8,6.4,71919.0,30.95334321253761,24.259,3671.874355909147,42.369447,-87.870898,0
1781048,1600000US1781048,Wheaton city,Wheaton city,"Wheaton city, Illinois",IL,2023,Wheaton,52581.0,53453.0,False,33.0,204.0,5.0,0.0,242.0,242.0,452.73417768881075,5.9,0.37824601193066965,14.5,27.4,3.5,119566.0,10.124782519222494,11.318,4722.83088884962,41.856833,-88.108126,0
1781048,1600000US1781048,Wheaton city,Wheaton city,"Wheaton city, Illinois",IL,2024,Wheaton,52649.0,53557.0,False,49.0,224.0,12.0,2.0,285.0,285.0,532.1433239352465,5.6,0.4034709197252432,13.6,28.3,3.7,120008.0,10.79597438243367,11.32,4731.183745583039,41.856833,-88.108126,0
1801468,1600000US1801468,Anderson city,Anderson city,"Anderson city, Indiana",IN,2022,Anderson,54965.0,55011.0,False,242.0,1101.0,251.0,3.0,1594.0,1594.0,2897.6022977222738,21.8,0.44574261603297294,17.0,43.8,7.0,44974.0,2.4086091872534583,41.598,1322.4433867012838,40.089766,-85.689449,0
1801468,1600000US1801468,Anderson city,Anderson city,"Anderson city, Indiana",IN,2023,Anderson,55275.0,54930.0,False,244.0,1114.0,268.0,3.0,1626.0,1626.0,2960.131075914801,20.4,0.45044560130466105,18.4,44.5,7.5,47221.0,2.395776442745312,41.673,1318.1196458138363,40.089766,-85.689449,0
1801468,1600000US1801468,Anderson city,Anderson city,"Anderson city, Indiana",IN,2024,Anderson,55355.0,55367.0,False,150.0,918.0,181.0,2.0,1249.0,1249.0,2255.8563765419835,21.0,0.4502277836835502,18.0,44.5,7.3,46909.0,2.830205718207597,41.673,1328.6060518801141,40.089766,-85.689449,0
1805860,1600000US1805860,Bloomington city,Bloomington city,"Bloomington city, Indiana",IN,2022,Bloomington,80135.0,79006.0,False,249.0,1508.0,117.0,27.0,1874.0,1874.0,2371.97174898109,31.1,0.39319331654878276,37.2,64.4,6.5,46543.0,11.991494316887325,23.25,3398.1075268817203,39.1637,-86.524264,0
1805860,1600000US1805860,Bloomington city,Bloomington city,"Bloomington city, Indiana",IN,2023,Bloomington,79130.0,78791.0,False,191.0,1636.0,143.0,10.0,1970.0,1970.0,2500.285565610285,30.5,0.41188012532651463,37.2,64.9,6.2,48918.0,12.293282227665596,23.25,3388.8602150537636,39.1637,-86.524264,0
1805860,1600000US1805860,Bloomington city,Bloomington city,"Bloomington city, Indiana",IN,2024,Bloomington,78762.0,80049.0,False,178.0,1832.0,131.0,15.0,2141.0,2141.0,2674.6118002723333,29.8,0.4290070423035047,37.0,65.3,6.6,50465.0,12.56730252720209,23.25,3442.967741935484,39.1637,-86.524264,0
1810342,1600000US1810342,Carmel city,Carmel city,"Carmel city, Indiana",IN,2022,Carmel,101670.0,99453.0,False,47.0,704.0,70.0,2.0,821.0,821.0,825.5155701688235,3.6,0.39323812302736416,12.4,25.4,2.6,132859.0,13.168029119282476,49.086,2026.0970541498596,39.965479,-86.148369,0
1810342,1600000US1810342,Carmel city,Carmel city,"Carmel city, Indiana",IN,2023,Carmel,103013.0,100501.0,False,56.0,733.0,71.0,3.0,860.0,860.0,855.712878478821,3.7,0.40803025425220796,10.7,25.4,2.7,134602.0,12.929224584830001,49.086,2047.4473373263254,39.965479,-86.148369,0
1810342,1600000US1810342,Carmel city,Carmel city,"Carmel city, Indiana",IN,2024,Carmel,103107.0,101651.0,False,47.0,702.0,89.0,3.0,838.0,838.0,824.3893321265899,3.9,0.41315598062136905,11.0,25.7,2.7,141505.0,14.08348171685473,49.09,2070.7068649419434,39.965479,-86.148369,0
1814734,1600000US1814734,Columbus city,Columbus city,"Columbus city, Indiana",IN,2023,Columbus,51658.0,51104.0,False,58.0,0.0,0.0,4.0,58.0,58.0,113.49405134627426,12.8,0.4616369297899866,17.6,38.8,4.3,76856.0,15.133844708829056,28.666,1782.7391334682202,39.208684,-85.919059,0
1814734,1600000US1814734,Columbus city,Columbus city,"Columbus city, Indiana",IN,2024,Columbus,51867.0,51824.0,False,43.0,0.0,0.0,1.0,43.0,43.0,82.97313985798085,11.3,0.45715033023520557,16.8,39.2,4.7,77456.0,15.869095399814759,28.666,1807.855996651085,39.208684,-85.919059,0
1820728,1600000US1820728,Elkhart city,Elkhart city,"Elkhart city, Indiana",IN,2022,Elkhart,53947.0,53785.0,False,300.0,1029.0,209.0,5.0,1538.0,1538.0,2859.5333271358186,19.6,0.5901690849058865,15.1,47.5,3.9,46534.0,13.096588268104489,27.59,1949.438202247191,41.691543,-85.962248,0
1820728,1600000US1820728,Elkhart city,Elkhart city,"Elkhart city, Indiana",IN,2023,Elkhart,53773.0,53726.0,False,334.0,1135.0,199.0,17.0,1668.0,1668.0,3104.6420727394557,18.8,0.5996371170131884,13.5,47.3,3.5,47885.0,14.492052265197483,27.752,1935.9325454021332,41.691543,-85.962248,0
1820728,1600000US1820728,Elkhart city,Elkhart city,"Elkhart city, Indiana",IN,2024,Elkhart,53357.0,53733.0,False,316.0,918.0,153.0,11.0,1387.0,1387.0,2581.2815215975284,18.2,0.6079871635982903,13.4,46.8,3.9,51028.0,15.093145739117489,28.117,1911.0502542945549,41.691543,-85.962248,0
1822000,1600000US1822000,Evansville city,Evansville city,"Evansville city, Indiana",IN,2022,Evansville,115719.0,116906.0,False,654.0,3250.0,455.0,40.0,4359.0,4359.0,3728.636682462833,18.6,0.3894206040387156,19.7,45.8,5.7,49853.0,3.817597043778762,47.355,2468.715024812586,37.987737,-87.534705,0
1822000,1600000US1822000,Evansville city,Evansville city,"Evansville city, Indiana",IN,2023,Evansville,114950.0,116441.0,False,552.0,3208.0,430.0,47.0,4190.0,4190.0,3598.3888836406422,18.6,0.4072651917626795,18.4,46.1,5.3,52251.0,3.917005178588298,47.355,2458.895575968747,37.987737,-87.534705,0
1822000,1600000US1822000,Evansville city,Evansville city,"Evansville city, Indiana",IN,2024,Evansville,114660.0,116116.0,False,590.0,3235.0,393.0,30.0,4218.0,4218.0,3632.5743222294946,18.4,0.4089563112986183,16.9,45.4,5.1,53387.0,4.057149746804919,47.355,2452.032520325203,37.987737,-87.534705,0
1823278,1600000US1823278,Fishers city,Fishers city,"Fishers city, Indiana",IN,2022,Fishers,102921.0,99041.0,False,39.0,671.0,62.0,1.0,772.0,772.0,779.4751668500924,3.2,0.33373254955191545,13.6,22.9,2.5,126548.0,9.77171070566735,35.973,2753.2037917326884,39.96183,-85.968364,0
1823278,1600000US1823278,Fishers city,Fishers city,"Fishers city, Indiana",IN,2023,Fishers,103247.0,100918.0,False,46.0,514.0,69.0,1.0,629.0,629.0,623.2783051586437,3.6,0.3579615386720105,11.1,23.9,2.8,128141.0,10.058661487544343,36.052,2799.2344391434594,39.96183,-85.968364,0
1823278,1600000US1823278,Fishers city,Fishers city,"Fishers city, Indiana",IN,2024,Fishers,105680.0,102337.0,False,32.0,589.0,75.0,1.0,696.0,696.0,680.1059245434202,4.0,0.3905572408316055,11.7,23.8,2.8,130203.0,11.465061512453952,36.182,2828.3953346968106,39.96183,-85.968364,0
1825000,1600000US1825000,Fort Wayne city,Fort Wayne city,"Fort Wayne city, Indiana",IN,2022,Fort Wayne,267791.0,264514.0,False,592.0,5196.0,605.0,54.0,6393.0,6393.0,2416.8853066378338,15.2,0.5435166404527076,16.2,37.4,5.8,58233.0,8.723545823661508,110.654,2390.4603538959277,41.089132,-85.1439,0
1825000,1600000US1825000,Fort Wayne city,Fort Wayne city,"Fort Wayne city, Indiana",IN,2023,Fort Wayne,269728.0,266235.0,False,677.0,4856.0,812.0,45.0,6345.0,6345.0,2383.232858189194,15.6,0.5557219782990389,16.0,37.8,5.5,60293.0,9.04238736454636,110.628,2406.578804642586,41.089132,-85.1439,0
1825000,1600000US1825000,Fort Wayne city,Fort Wayne city,"Fort Wayne city, Indiana",IN,2024,Fort Wayne,271892.0,268589.0,False,591.0,4735.0,720.0,55.0,6046.0,6046.0,2251.0229383928604,16.0,0.5625106976211918,15.4,38.1,5.6,61422.0,8.989571426975788,111.76,2403.2659269863993,41.088193,-85.142791,0
1827000,1600000US1827000,Gary city,Gary city,"Gary city, Indiana",IN,2023,Gary,67463.0,68604.0,False,374.0,986.0,548.0,29.0,1908.0,1908.0,2781.1789400034986,32.9,0.4012631629584522,16.2,52.6,13.0,37380.0,2.384700600548073,49.932,1373.948570055275,41.59074,-87.347113,0
1829898,1600000US1829898,Greenwood city,Greenwood city,"Greenwood city, Indiana",IN,2022,Greenwood,65813.0,63579.0,False,51.0,1046.0,85.0,4.0,1182.0,1182.0,1859.1044212711745,6.9,0.36255013004399694,19.9,39.1,3.2,75398.0,7.960175529656019,28.121,2260.9082180576793,39.60299,-86.108505,0
1829898,1600000US1829898,Greenwood city,Greenwood city,"Greenwood city, Indiana",IN,2023,Greenwood,66131.0,64237.0,False,41.0,1092.0,114.0,2.0,1247.0,1247.0,1941.2488129893986,7.1,0.41469372563652707,20.6,39.1,2.5,78765.0,9.413577844544422,28.121,2284.3071014544294,39.60299,-86.108505,0
1829898,1600000US1829898,Greenwood city,Greenwood city,"Greenwood city, Indiana",IN,2024,Greenwood,67086.0,66029.0,False,44.0,886.0,96.0,1.0,1026.0,1026.0,1553.8626966938768,7.4,0.43270511499421493,19.9,40.7,2.6,83608.0,9.847188356631177,28.691,2301.383709177094,39.603372,-86.105227,0
1831000,1600000US1831000,Hammond city,Hammond city,"Hammond city, Indiana",IN,2022,Hammond,76366.0,77390.0,False,265.0,2049.0,242.0,20.0,2556.0,2556.0,3302.7522935779816,19.9,0.6699784397350029,11.4,37.4,6.3,52368.0,11.11125468406771,22.727,3405.2008624103487,41.618736,-87.494949,0
1831000,1600000US1831000,Hammond city,Hammond city,"Hammond city, Indiana",IN,2023,Hammond,75990.0,77098.0,False,190.0,2043.0,334.0,9.0,2567.0,2567.0,3329.528651845703,19.2,0.6756594791881354,10.8,37.5,6.8,53950.0,11.290824664712444,22.741,3390.264280374654,41.618736,-87.494949,0
1831000,1600000US1831000,Hammond city,Hammond city,"Hammond city, Indiana",IN,2024,Hammond,75677.0,76768.0,False,175.0,1863.0,287.0,7.0,2325.0,2325.0,3028.605669028762,19.1,0.6806526653700931,9.9,37.6,6.5,55504.0,11.476135889954147,22.74,3375.901495162709,41.618736,-87.494949,0
1836003,1600000US1836003,Indianapolis city (balance),Indianapolis city (balance),"Indianapolis city (balance), Indiana",IN,2022,Indianapolis,886455.0,882006.0,False,4804.0,20451.0,4677.0,248.0,29932.0,29932.0,3393.6277077480195,15.9,0.6341083474149443,15.0,45.1,5.6,59110.0,10.296868728784156,361.586,2439.270325731638,39.776664,-86.145935,0
1836003,1600000US1836003,Indianapolis city (balance),Indianapolis city (balance),"Indianapolis city (balance), Indiana",IN,2023,Indianapolis,887131.0,882043.0,False,5463.0,19782.0,6891.0,309.0,32136.0,32136.0,3643.359790849199,15.7,0.6526369064826948,14.7,44.7,5.2,62995.0,11.634353427213865,361.017,2443.217355415396,39.776664,-86.145935,0
1836003,1600000US1836003,Indianapolis city (balance),Indianapolis city (balance),"Indianapolis city (balance), Indiana",IN,2024,Indianapolis,890685.0,885860.0,False,4613.0,18456.0,6645.0,206.0,29714.0,29714.0,3354.2546226266,15.8,0.6617995211796539,14.6,44.0,5.1,66219.0,12.676720926557245,361.015,2453.8038585654335,39.776664,-86.145935,0
1838358,1600000US1838358,Jeffersonville city,Jeffersonville city,"Jeffersonville city, Indiana",IN,2023,Jeffersonville,51780.0,50176.0,False,115.0,627.0,199.0,2.0,941.0,941.0,1875.3985969387754,11.0,0.43273579185578004,11.2,27.7,3.7,70157.0,3.3920599489795924,34.077,1472.4300848079351,38.332415,-85.696087,0
1838358,1600000US1838358,Jeffersonville city,Jeffersonville city,"Jeffersonville city, Indiana",IN,2024,Jeffersonville,51804.0,51043.0,False,101.0,583.0,179.0,1.0,863.0,863.0,1690.7313441608055,11.2,0.44004478889392395,11.2,28.0,4.0,70930.0,4.294418431518523,34.077,1497.8724652991755,38.332415,-85.696087,0
1840392,1600000US1840392,Kokomo city,Kokomo city,"Kokomo city, Indiana",IN,2022,Kokomo,59776.0,59534.0,False,196.0,630.0,95.0,2.0,921.0,921.0,1547.0151510061478,14.8,0.3525397084397287,16.3,35.1,6.1,53967.0,2.6035542715087177,36.678,1623.1528436665033,40.464011,-86.127349,0
1840392,1600000US1840392,Kokomo city,Kokomo city,"Kokomo city, Indiana",IN,2023,Kokomo,59720.0,59375.0,False,215.0,701.0,83.0,6.0,999.0,999.0,1682.5263157894735,15.4,0.3554254615401663,15.6,35.0,5.8,54195.0,2.465684210526316,36.678,1618.8178199465622,40.464011,-86.127349,0
1840392,1600000US1840392,Kokomo city,Kokomo city,"Kokomo city, Indiana",IN,2024,Kokomo,59995.0,59122.0,False,138.0,616.0,96.0,2.0,850.0,850.0,1437.7050844017456,17.1,0.36519955803856796,15.3,37.0,6.2,55360.0,2.4762355806637126,36.678,1611.919952014832,40.464011,-86.127349,0
1840788,1600000US1840788,Lafayette city,Lafayette city,"Lafayette city, Indiana",IN,2022,Lafayette,70861.0,70828.0,False,227.0,1116.0,208.0,18.0,1551.0,1551.0,2189.811938781273,16.5,0.452997904249831,17.5,54.0,4.4,50674.0,8.592646975772293,29.377,2411.0018041324847,40.39941,-86.862806,0
1840788,1600000US1840788,Lafayette city,Lafayette city,"Lafayette city, Indiana",IN,2023,Lafayette,71737.0,70650.0,False,193.0,1158.0,174.0,12.0,1525.0,1525.0,2158.5279547062987,17.1,0.46243347823190695,16.2,52.4,3.3,52946.0,9.932059447983015,29.377,2404.9426422030842,40.39941,-86.862806,0
1840788,1600000US1840788,Lafayette city,Lafayette city,"Lafayette city, Indiana",IN,2024,Lafayette,71374.0,71159.0,False,109.0,1172.0,177.0,6.0,1458.0,1458.0,2048.932671903765,17.8,0.4946337386655153,16.6,53.3,3.6,53716.0,10.910777273429925,30.374,2342.760255481662,40.39941,-86.862806,0
1849932,1600000US1849932,Mishawaka city,Mishawaka city,"Mishawaka city, Indiana",IN,2022,Mishawaka,51022.0,50899.0,False,254.0,1078.0,131.0,3.0,1463.0,1463.0,2874.319731232441,15.3,0.39258372348048165,17.1,51.6,6.9,51543.0,5.74078076190102,17.953,2835.1250487383727,41.676606,-86.165356,0
1849932,1600000US1849932,Mishawaka city,Mishawaka city,"Mishawaka city, Indiana",IN,2023,Mishawaka,50848.0,50907.0,False,145.0,844.0,68.0,1.0,1057.0,1057.0,2076.335278056063,16.3,0.4117261365289343,15.3,50.6,6.7,53120.0,6.337045985817275,18.029,2823.6175051306227,41.676606,-86.165356,0
1849932,1600000US1849932,Mishawaka city,Mishawaka city,"Mishawaka city, Indiana",IN,2024,Mishawaka,50776.0,51021.0,False,176.0,1015.0,114.0,1.0,1305.0,1305.0,2557.7703298641736,16.4,0.43691321000593675,15.8,50.7,6.8,54291.0,6.965759197193313,18.099,2818.9955246146196,41.676606,-86.165356,0
1851876,1600000US1851876,Muncie city,Muncie city,"Muncie city, Indiana",IN,2022,Muncie,65343.0,65167.0,False,315.0,1214.0,247.0,5.0,1776.0,1776.0,2725.3057529117496,30.4,0.35548658133819655,29.3,50.3,8.2,40309.0,2.321727254592048,27.404,2378.010509414684,40.198826,-85.395059,0
1851876,1600000US1851876,Muncie city,Muncie city,"Muncie city, Indiana",IN,2023,Muncie,65065.0,64739.0,False,354.0,1254.0,234.0,5.0,1842.0,1842.0,2845.271011291494,29.6,0.36707888253344445,29.5,48.5,8.6,43395.0,3.0028267350437914,27.404,2362.3923514815356,40.198826,-85.395059,0
1851876,1600000US1851876,Muncie city,Muncie city,"Muncie city, Indiana",IN,2024,Muncie,65072.0,64751.0,False,282.0,938.0,249.0,2.0,1469.0,1469.0,2268.6908310296367,29.2,0.3718864924082461,28.2,48.0,7.8,44471.0,3.3281339284335374,27.404,2362.830243760035,40.198826,-85.395059,0
1854180,1600000US1854180,Noblesville city,Noblesville city,"Noblesville city, Indiana",IN,2023,Noblesville,74211.0,71940.0,False,19.0,389.0,38.0,0.0,446.0,446.0,619.961078676675,5.6,0.31098745834978636,12.6,27.5,3.2,102319.0,7.331109257714763,34.819,2066.113328929607,40.035299,-86.000163,0
1854180,1600000US1854180,Noblesville city,Noblesville city,"Noblesville city, Indiana",IN,2024,Noblesville,75216.0,73362.0,False,22.0,332.0,51.0,0.0,405.0,405.0,552.056923202748,5.3,0.31626169612287625,12.1,28.8,2.9,104047.0,7.895095553556337,35.273,2079.834434269838,40.036813,-86.005058,0
1871000,1600000US1871000,South Bend city,South Bend city,"South Bend city, Indiana",IN,2023,South Bend,102999.0,102866.0,False,396.0,1755.0,456.0,14.0,2607.0,2607.0,2534.3650963389264,22.6,0.6520368367299134,13.9,41.2,6.0,52512.0,8.867847490910505,41.895,2455.3287981859407,41.676643,-86.268809,0
1871000,1600000US1871000,South Bend city,South Bend city,"South Bend city, Indiana",IN,2024,South Bend,103415.0,103085.0,False,238.0,1427.0,449.0,24.0,2114.0,2114.0,2050.734830479701,20.8,0.6544632613626615,13.0,39.8,6.5,55786.0,8.50172188000194,41.895,2460.5561522854755,41.676643,-86.268809,0
1875428,1600000US1875428,Terre Haute city,Terre Haute city,"Terre Haute city, Indiana",IN,2022,Terre Haute,58507.0,58599.0,False,694.0,1667.0,415.0,63.0,2776.0,2776.0,4737.282206180993,26.4,0.3606581418460222,24.1,47.0,7.5,41230.0,3.8618406457448082,34.773,1685.1867828487618,39.464152,-87.376036,0
1875428,1600000US1875428,Terre Haute city,Terre Haute city,"Terre Haute city, Indiana",IN,2023,Terre Haute,58309.0,58491.0,False,582.0,1609.0,291.0,38.0,2482.0,2482.0,4243.3878716383715,26.7,0.3664241609938401,22.4,46.5,7.7,41960.0,3.600553931374058,34.773,1682.0809248554913,39.464152,-87.376036,0
1875428,1600000US1875428,Terre Haute city,Terre Haute city,"Terre Haute city, Indiana",IN,2024,Terre Haute,58536.0,58427.0,False,396.0,1373.0,237.0,33.0,2006.0,2006.0,3433.3441730706695,24.7,0.36703777037108964,23.4,47.8,6.9,43126.0,4.066613038492478,34.773,1680.2404164150346,39.464152,-87.376036,0
1882700,1600000US1882700,Westfield city,Westfield city,"Westfield city, Indiana",IN,2023,Westfield,58858.0,51109.0,False,43.0,433.0,26.0,0.0,502.0,502.0,982.2144827721145,3.9,0.381891435512429,12.4,20.3,2.2,119598.0,8.69905496096578,32.608,1567.3761040235527,40.03601,-86.15221,0
1882700,1600000US1882700,Westfield city,Westfield city,"Westfield city, Indiana",IN,2024,Westfield,61845.0,54677.0,False,34.0,344.0,20.0,0.0,398.0,398.0,727.9111875194322,3.6,0.40496259693431425,11.7,20.5,2.8,122789.0,8.659948424383195,32.642,1675.0505483732613,40.03601,-86.15221,0
1901855,1600000US1901855,Ames city,Ames city,"Ames city, Iowa",IA,2022,Ames,66852.0,66265.0,False,79.0,726.0,52.0,6.0,857.0,857.0,1293.2920848109861,26.8,0.3720807520483326,38.1,58.0,7.1,57428.0,11.932392665811514,27.849,2379.4391181011883,42.025563,-93.621076,0
1901855,1600000US1901855,Ames city,Ames city,"Ames city, Iowa",IA,2023,Ames,67186.0,66112.0,False,112.0,781.0,37.0,2.0,930.0,930.0,1406.703775411423,25.9,0.38319870008572965,37.1,57.1,6.4,60102.0,10.917836398838334,28.204,2344.064671677776,42.026327,-93.621264,0
1901855,1600000US1901855,Ames city,Ames city,"Ames city, Iowa",IA,2024,Ames,65426.0,67669.0,False,113.0,814.0,58.0,2.0,985.0,985.0,1455.6148310156793,25.5,0.3952889360934375,37.0,57.9,5.8,60991.0,11.646396429679765,28.204,2399.269607147922,42.026327,-93.621264,0
1902305,1600000US1902305,Ankeny city,Ankeny city,"Ankeny city, Iowa",IA,2022,Ankeny,72315.0,68392.0,False,50.0,671.0,57.0,3.0,778.0,778.0,1137.559948531992,4.7,0.21063380145851573,16.8,28.7,2.6,101151.0,4.946484969002222,30.481,2243.7584068764145,41.728724,-93.602521,0
1902305,1600000US1902305,Ankeny city,Ankeny city,"Ankeny city, Iowa",IA,2023,Ankeny,74233.0,70542.0,False,64.0,744.0,76.0,7.0,884.0,884.0,1253.1541493011255,4.1,0.22263399039937548,16.3,29.0,2.2,106603.0,4.985682288565677,31.692,2225.8614161302535,41.730171,-93.60251,0
1902305,1600000US1902305,Ankeny city,Ankeny city,"Ankeny city, Iowa",IA,2024,Ankeny,76547.0,72615.0,False,49.0,668.0,65.0,0.0,782.0,782.0,1076.9124836466294,4.2,0.26059906059301496,15.5,28.7,1.9,108198.0,4.746953108861805,31.905,2275.9755524212505,41.730164,-93.601083,0
1912000,1600000US1912000,Cedar Rapids city,Cedar Rapids city,"Cedar Rapids city, Iowa",IA,2022,Cedar Rapids,135362.0,136929.0,False,598.0,3108.0,418.0,12.0,4124.0,4124.0,3011.779827501844,11.4,0.3714773402717445,14.6,30.4,3.9,66895.0,6.767740946037727,73.028,1875.0205400668235,41.965968,-91.678942,0
1912000,1600000US1912000,Cedar Rapids city,Cedar Rapids city,"Cedar Rapids city, Iowa",IA,2023,Cedar Rapids,135777.0,136859.0,False,469.0,3098.0,350.0,12.0,3917.0,3917.0,2862.0697213920894,11.8,0.386308180086127,15.2,31.8,3.9,67859.0,7.073703592748741,74.162,1845.4060030743506,41.96585,-91.678901,0
1912000,1600000US1912000,Cedar Rapids city,Cedar Rapids city,"Cedar Rapids city, Iowa",IA,2024,Cedar Rapids,135363.0,137264.0,False,371.0,2982.0,287.0,9.0,3640.0,3640.0,2651.8242219372887,10.8,0.38561432385814276,14.5,31.5,3.6,70424.0,7.270660916190698,74.633,1839.1864188763684,41.96419,-91.67917,0
1916860,1600000US1916860,Council Bluffs city,Council Bluffs city,"Council Bluffs city, Iowa",IA,2022,Council Bluffs,62206.0,62670.0,False,349.0,1200.0,318.0,11.0,1867.0,1867.0,2979.0968565501835,13.6,0.29261498750524784,13.3,36.6,4.2,61181.0,4.991223871070688,42.963,1458.6970183646392,41.235987,-95.853163,0
1916860,1600000US1916860,Council Bluffs city,Council Bluffs city,"Council Bluffs city, Iowa",IA,2023,Council Bluffs,62214.0,62564.0,False,376.0,1219.0,312.0,11.0,1907.0,1907.0,3048.0787673422415,13.2,0.3043005248987801,12.4,35.9,4.2,64092.0,4.652835496451633,42.963,1456.2297791122594,41.235987,-95.853163,0
1916860,1600000US1916860,Council Bluffs city,Council Bluffs city,"Council Bluffs city, Iowa",IA,2024,Council Bluffs,62269.0,62586.0,False,303.0,1018.0,206.0,8.0,1527.0,1527.0,2439.8427763397563,15.1,0.32508451255423665,12.2,36.9,4.2,64578.0,4.961173425366695,42.963,1456.7418476363382,41.235987,-95.853163,0
1919000,1600000US1919000,Davenport city,Davenport city,"Davenport city, Iowa",IA,2022,Davenport,100437.0,101448.0,False,659.0,2358.0,479.0,15.0,3496.0,3496.0,3446.1004652629917,15.8,0.4535440443154357,14.8,37.8,5.0,59890.0,4.664458638908604,63.795,1590.2186691747002,41.55682,-90.603948,0
1919000,1600000US1919000,Davenport city,Davenport city,"Davenport city, Iowa",IA,2023,Davenport,99911.0,101083.0,False,688.0,2599.0,520.0,30.0,3807.0,3807.0,3766.211924853833,15.6,0.4619245335821832,15.2,37.0,4.8,64497.0,4.571490755122029,63.923,1581.3244059258795,41.55682,-90.603948,0
1919000,1600000US1919000,Davenport city,Davenport city,"Davenport city, Iowa",IA,2024,Davenport,99926.0,100913.0,False,653.0,2554.0,331.0,19.0,3538.0,3538.0,3505.9903084835455,15.2,0.4691155710528305,15.7,37.1,4.6,66200.0,4.742699156699335,64.209,1571.633260134872,41.55682,-90.603948,0
1921000,1600000US1921000,Des Moines city,Des Moines city,"Des Moines city, Iowa",IA,2023,Des Moines,209658.0,212464.0,False,946.0,4762.0,1314.0,75.0,7022.0,7022.0,3305.030499284585,14.9,0.5744529747714424,16.0,39.6,5.7,63966.0,13.982133443783418,88.162,2409.9271795104464,41.57259,-93.610243,0
1921000,1600000US1921000,Des Moines city,Des Moines city,"Des Moines city, Iowa",IA,2024,Des Moines,209245.0,212421.0,False,968.0,4482.0,1092.0,34.0,6542.0,6542.0,3079.733171390776,15.0,0.5829352060333608,15.7,39.5,5.6,65932.0,14.189275071673704,88.16,2409.4941016333937,41.57259,-93.610243,0
1922395,1600000US1922395,Dubuque city,Dubuque city,"Dubuque city, Iowa",IA,2022,Dubuque,58676.0,59315.0,False,224.0,765.0,63.0,6.0,1052.0,1052.0,1773.5817246902132,13.0,0.24909577293647855,14.1,35.2,5.0,63520.0,3.9973025373008517,31.233,1899.1131175359394,42.498901,-90.707258,0
1922395,1600000US1922395,Dubuque city,Dubuque city,"Dubuque city, Iowa",IA,2023,Dubuque,58492.0,59271.0,False,169.0,737.0,43.0,8.0,949.0,949.0,1601.1202780449123,12.2,0.2657066125209637,13.0,35.2,4.4,64985.0,4.108248553255386,31.233,1897.704351167035,42.498901,-90.707258,0
1922395,1600000US1922395,Dubuque city,Dubuque city,"Dubuque city, Iowa",IA,2024,Dubuque,58620.0,59174.0,False,134.0,652.0,55.0,6.0,841.0,841.0,1421.2322979687026,12.7,0.26669590953749467,12.4,34.2,4.5,65845.0,3.9341602730929126,31.273,1892.1753589358232,42.498901,-90.707258,0
1938595,1600000US1938595,Iowa City city,Iowa City city,"Iowa City city, Iowa",IA,2022,Iowa City,74749.0,74878.0,False,173.0,1018.0,136.0,1.0,1327.0,1327.0,1772.2161382515558,26.7,0.4452802216007957,30.1,53.7,4.8,54879.0,13.73701220652261,25.653,2918.878883561377,41.655661,-91.530859,0
1938595,1600000US1938595,Iowa City city,Iowa City city,"Iowa City city, Iowa",IA,2023,Iowa City,75396.0,75264.0,False,182.0,1116.0,132.0,11.0,1430.0,1430.0,1899.9787414965986,26.3,0.45698969276672186,31.2,53.7,4.2,57533.0,12.224968112244898,25.763,2921.398905406979,41.655661,-91.530859,0
1938595,1600000US1938595,Iowa City city,Iowa City city,"Iowa City city, Iowa",IA,2024,Iowa City,75934.0,75752.0,False,119.0,1055.0,97.0,4.0,1271.0,1271.0,1677.8434892808111,26.3,0.4820774393111924,31.3,52.8,4.6,58546.0,12.152814447143308,25.764,2940.2266728768827,41.655661,-91.530859,0
1973335,1600000US1973335,Sioux City city,Sioux City city,"Sioux City city, Iowa",IA,2022,Sioux City,85580.0,85469.0,False,342.0,1893.0,279.0,18.0,2514.0,2514.0,2941.417356000421,14.8,0.5390658048341967,9.4,34.6,4.7,64250.0,11.237992722507576,58.46,1462.008210742388,42.495668,-96.390525,0
1973335,1600000US1973335,Sioux City city,Sioux City city,"Sioux City city, Iowa",IA,2023,Sioux City,85365.0,85651.0,False,434.0,2320.0,279.0,22.0,3033.0,3033.0,3541.1145228893997,14.6,0.545777806910569,8.6,34.5,4.5,65473.0,11.676454448868082,58.878,1454.7199293454262,42.49529,-96.389858,0
1973335,1600000US1973335,Sioux City city,Sioux City city,"Sioux City city, Iowa",IA,2024,Sioux City,85711.0,86101.0,False,407.0,2190.0,252.0,20.0,2849.0,2849.0,3308.9046584824796,15.3,0.5608271068823583,8.7,34.7,4.5,68906.0,12.096259044610399,59.153,1455.5643838858552,42.49538,-96.389495,0
1982425,1600000US1982425,Waterloo city,Waterloo city,"Waterloo city, Iowa",IA,2022,Waterloo,66504.0,67256.0,False,369.0,1078.0,211.0,17.0,1658.0,1658.0,2465.2075651243013,17.4,0.5024240062441806,17.4,39.2,7.1,54104.0,9.27054835256334,61.595,1091.906810617745,42.492327,-92.351947,0
1982425,1600000US1982425,Waterloo city,Waterloo city,"Waterloo city, Iowa",IA,2023,Waterloo,66211.0,66947.0,False,269.0,956.0,159.0,12.0,1384.0,1384.0,2067.3069741736003,16.4,0.511878785312047,15.6,38.9,6.4,56344.0,9.525445501665498,61.595,1086.890169656628,42.492327,-92.351947,0
1982425,1600000US1982425,Waterloo city,Waterloo city,"Waterloo city, Iowa",IA,2024,Waterloo,66385.0,67008.0,False,389.0,1101.0,133.0,17.0,1623.0,1623.0,2422.098853868195,16.6,0.5336019903131782,14.2,37.9,5.3,57480.0,10.115210124164278,61.595,1087.8805097816382,42.492327,-92.351947,0
1983910,1600000US1983910,West Des Moines city,West Des Moines city,"West Des Moines city, Iowa",IA,2022,West Des Moines,70701.0,68744.0,False,86.0,1040.0,89.0,4.0,1215.0,1215.0,1767.4269754451295,7.5,0.3632756827737629,20.0,41.9,2.8,82345.0,10.808215989759107,47.293,1453.5766392489375,41.549937,-93.781351,0
1983910,1600000US1983910,West Des Moines city,West Des Moines city,"West Des Moines city, Iowa",IA,2023,West Des Moines,71674.0,69893.0,False,109.0,1344.0,121.0,9.0,1574.0,1574.0,2252.0137925114104,7.3,0.37546336787155454,20.9,42.6,2.5,84925.0,11.288684131458087,47.293,1477.8719895121899,41.549937,-93.781351,0
1983910,1600000US1983910,West Des Moines city,West Des Moines city,"West Des Moines city, Iowa",IA,2024,West Des Moines,73335.0,71083.0,False,84.0,1079.0,94.0,2.0,1257.0,1257.0,1768.3553029556997,8.4,0.388850312522675,19.9,42.6,2.4,86594.0,10.876018175935174,47.491,1496.767808637426,41.549937,-93.781351,0
2036000,1600000US2036000,Kansas City city,Kansas City city,"Kansas City city, Kansas",KS,2024,Kansas City,153363.0,155135.0,False,679.0,3484.0,1368.0,3.0,5531.0,5531.0,3565.2818512908116,16.0,0.716716552928232,12.5,39.1,5.8,62401.0,18.794598253134367,124.737,1243.6967379366188,39.122539,-94.741781,0
2038900,1600000US2038900,Lawrence city,Lawrence city,"Lawrence city, Kansas",KS,2022,Lawrence,95580.0,95103.0,False,233.0,1697.0,168.0,7.0,2098.0,2098.0,2206.0292524946635,18.8,0.4324641717613553,28.8,56.3,5.2,59834.0,7.722153875272074,34.153,2784.616285538606,38.960029,-95.26293,0
2038900,1600000US2038900,Lawrence city,Lawrence city,"Lawrence city, Kansas",KS,2023,Lawrence,96232.0,95459.0,False,61.0,637.0,52.0,2.0,750.0,750.0,785.6776207586503,17.6,0.4408196588614015,28.0,57.1,5.0,62838.0,7.370703652877151,34.252,2786.961345322901,38.960029,-95.26293,0
2038900,1600000US2038900,Lawrence city,Lawrence city,"Lawrence city, Kansas",KS,2024,Lawrence,96636.0,96051.0,False,222.0,1703.0,159.0,11.0,2084.0,2084.0,2169.680690466523,17.4,0.4494097927944971,27.6,56.4,4.4,65009.0,7.270096094782979,34.62,2774.4367417677645,38.959551,-95.265468,0
2039350,1600000US2039350,Lenexa city,Lenexa city,"Lenexa city, Kansas",KS,2022,Lenexa,59289.0,57497.0,False,99.0,675.0,126.0,0.0,900.0,900.0,1565.2990590813436,5.8,0.3933077043835894,15.9,42.8,2.6,101074.0,7.435170530636381,34.072,1687.5146748062925,38.965268,-94.803937,0
2039350,1600000US2039350,Lenexa city,Lenexa city,"Lenexa city, Kansas",KS,2023,Lenexa,59161.0,57986.0,False,56.0,660.0,148.0,0.0,864.0,864.0,1490.0148311661435,5.8,0.4222167470995264,15.5,43.2,2.7,102344.0,8.302003931983583,34.072,1701.866635360413,38.965268,-94.803937,0
2039350,1600000US2039350,Lenexa city,Lenexa city,"Lenexa city, Kansas",KS,2024,Lenexa,58871.0,58384.0,False,64.0,598.0,131.0,2.0,793.0,793.0,1358.2488352973419,5.4,0.4302929645973802,15.2,43.2,2.8,103239.0,8.163195395998905,34.075,1713.3969185619956,38.965268,-94.803937,0
2052575,1600000US2052575,Olathe city,Olathe city,"Olathe city, Kansas",KS,2022,Olathe,144646.0,142114.0,False,236.0,1276.0,235.0,11.0,1747.0,1747.0,1229.294791505411,6.1,0.41737584494285096,11.9,26.5,3.2,108077.0,10.564757870442039,62.453,2275.5352024722592,38.882031,-94.820054,0
2052575,1600000US2052575,Olathe city,Olathe city,"Olathe city, Kansas",KS,2023,Olathe,147680.0,143720.0,False,122.0,1286.0,286.0,20.0,1694.0,1694.0,1178.6807681603118,5.6,0.43638188013477375,11.4,26.3,2.8,112232.0,10.741024213748956,62.453,2301.2505404063854,38.882031,-94.820054,0
2052575,1600000US2052575,Olathe city,Olathe city,"Olathe city, Kansas",KS,2024,Olathe,149473.0,145057.0,False,97.0,1155.0,155.0,6.0,1407.0,1407.0,969.9635315772421,5.6,0.4531370713896593,10.8,25.2,2.7,114009.0,11.183879440495804,64.409,2252.123150491391,38.882031,-94.820054,0
2053775,1600000US2053775,Overland Park city,Overland Park city,"Overland Park city, Kansas",KS,2022,Overland Park,196626.0,196676.0,False,573.0,3559.0,576.0,9.0,4708.0,4708.0,2393.784701742968,4.2,0.4122818972964215,17.2,37.6,3.2,100876.0,11.410136468099818,75.228,2614.398894028819,38.889042,-94.690584,0
2053775,1600000US2053775,Overland Park city,Overland Park city,"Overland Park city, Kansas",KS,2023,Overland Park,197728.0,197199.0,False,410.0,3326.0,706.0,18.0,4442.0,4442.0,2252.546919609126,4.9,0.43555401627008494,16.3,38.5,3.4,103838.0,11.461518567538374,75.218,2621.6995931824827,38.889042,-94.690584,0
2053775,1600000US2053775,Overland Park city,Overland Park city,"Overland Park city, Kansas",KS,2024,Overland Park,196875.0,200306.0,False,220.0,2728.0,520.0,10.0,3468.0,3468.0,1731.351032919633,5.6,0.4409535450240729,16.1,39.5,3.6,104834.0,11.738540033748365,75.28,2660.8129649309244,38.889042,-94.690584,0
2064500,1600000US2064500,Shawnee city,Shawnee city,"Shawnee city, Kansas",KS,2022,Shawnee,67617.0,67671.0,False,73.0,722.0,156.0,4.0,951.0,951.0,1405.3287227911514,5.9,0.3669171381818459,11.7,26.2,3.2,100649.0,7.435977006398605,41.976,1612.1355060034305,39.017488,-94.805801,0
2064500,1600000US2064500,Shawnee city,Shawnee city,"Shawnee city, Kansas",KS,2023,Shawnee,70098.0,68175.0,False,102.0,719.0,167.0,7.0,988.0,988.0,1449.2115878254492,5.4,0.3771935992181299,11.2,26.1,3.1,106312.0,8.032269893656032,41.975,1624.181060154854,39.017488,-94.805801,0
2064500,1600000US2064500,Shawnee city,Shawnee city,"Shawnee city, Kansas",KS,2024,Shawnee,70089.0,68542.0,False,154.0,948.0,140.0,1.0,1242.0,1242.0,1812.0276618715532,5.3,0.38319246046799893,9.2,26.3,3.3,109940.0,8.51156954859794,41.975,1632.924359737939,39.017488,-94.805801,0
2071000,1600000US2071000,Topeka city,Topeka city,"Topeka city, Kansas",KS,2022,Topeka,125658.0,126431.0,False,711.0,3243.0,705.0,16.0,4659.0,4659.0,3685.013960183816,16.0,0.5241106356966438,15.6,41.0,5.0,54052.0,5.415602186172695,61.621,2051.751837847487,39.03468,-95.694825,0
2071000,1600000US2071000,Topeka city,Topeka city,"Topeka city, Kansas",KS,2023,Topeka,124967.0,126103.0,False,1045.0,3297.0,766.0,9.0,5108.0,5108.0,4050.657002608978,15.6,0.529150744237989,15.2,40.8,4.9,55902.0,5.25126285655377,61.661,2045.101441754107,39.03468,-95.694825,0
2071000,1600000US2071000,Topeka city,Topeka city,"Topeka city, Kansas",KS,2024,Topeka,125156.0,125786.0,False,798.0,3135.0,626.0,22.0,4559.0,4559.0,3624.4097117326255,15.7,0.5355144279195074,15.3,41.0,4.9,56956.0,5.113446647480642,61.897,2032.182496728436,39.034673,-95.696191,0
2079000,1600000US2079000,Wichita city,Wichita city,"Wichita city, Kansas",KS,2022,Wichita,394286.0,395951.0,False,1689.0,10632.0,1572.0,91.0,13893.0,13893.0,3508.7674990087157,15.5,0.5753626608043487,17.7,41.5,5.7,60712.0,9.933804940510315,162.887,2430.8324175655516,37.690638,-97.345836,0
2079000,1600000US2079000,Wichita city,Wichita city,"Wichita city, Kansas",KS,2023,Wichita,395290.0,396488.0,False,2167.0,14477.0,2063.0,102.0,18707.0,18707.0,4718.175581606505,15.9,0.5883063260164667,16.0,41.6,5.7,63072.0,10.027541817154617,162.941,2433.3224909629866,37.690638,-97.345836,0
2079000,1600000US2079000,Wichita city,Wichita city,"Wichita city, Kansas",KS,2024,Wichita,395486.0,397945.0,False,1039.0,7083.0,986.0,78.0,9108.0,9108.0,2288.7584967771927,15.9,0.595239233485539,15.1,41.1,5.6,64620.0,10.333588812524344,165.074,2410.7067133527994,37.690638,-97.345836,0
2108902,1600000US2108902,Bowling Green city,Bowling Green city,"Bowling Green city, Kentucky",KY,2022,Bowling Green,74427.0,72385.0,False,356.0,2196.0,289.0,10.0,2841.0,2841.0,3924.8463079367275,26.6,0.5364394813678319,27.9,62.1,5.6,47118.0,13.867513987704635,40.999,1765.5308666065025,36.970917,-86.438461,0
2108902,1600000US2108902,Bowling Green city,Bowling Green city,"Bowling Green city, Kentucky",KY,2023,Bowling Green,76194.0,73638.0,False,242.0,1819.0,171.0,3.0,2232.0,2232.0,3031.0437545832315,25.4,0.5645511769193209,26.6,62.7,5.1,48419.0,14.531899291126866,41.502,1774.3241289576406,36.975653,-86.435962,0
2108902,1600000US2108902,Bowling Green city,Bowling Green city,"Bowling Green city, Kentucky",KY,2024,Bowling Green,77503.0,75388.0,False,264.0,1800.0,206.0,7.0,2270.0,2270.0,3011.089298031517,25.6,0.5753819861511607,27.3,63.4,4.9,48873.0,15.00106117684512,41.989,1795.4226106837507,36.976832,-86.433661,0
2146027,1600000US2146027,Lexington-Fayette urban county,Lexington-Fayette urban county,"Lexington-Fayette urban county, Kentucky",KY,2022,Lexington,320983.0,321276.0,False,1099.0,6393.0,1225.0,20.0,8717.0,8717.0,2713.2434417759187,14.9,0.48489656009978954,21.5,45.7,5.0,66087.0,10.219250737683486,283.855,1131.8313927885715,38.040678,-84.458272,0
2146027,1600000US2146027,Lexington-Fayette urban county,Lexington-Fayette urban county,"Lexington-Fayette urban county, Kentucky",KY,2023,Lexington,319994.0,321122.0,False,1081.0,6473.0,1249.0,24.0,8803.0,8803.0,2741.32572667086,15.7,0.5080211784225115,20.5,46.4,5.0,67631.0,11.00329469796526,283.855,1131.2888622712298,38.040678,-84.458272,0
2146027,1600000US2146027,Lexington-Fayette urban county,Lexington-Fayette urban county,"Lexington-Fayette urban county, Kentucky",KY,2024,Lexington,323254.0,323725.0,False,856.0,5587.0,909.0,14.0,7352.0,7352.0,2271.0634025793497,14.9,0.520620326038217,20.2,46.2,4.9,69479.0,11.914433546992045,283.854,1140.4630549507847,38.040678,-84.458272,0
2148006,1600000US2148006,Louisville/Jefferson County metro government (balance),Louisville/Jefferson County metro government (balance),"Louisville/Jefferson County metro government (balance), Kentucky",KY,2023,Louisville Metro,669468.0,627210.0,False,3339.0,14088.0,6807.0,58.0,24234.0,24234.0,3863.7776821160373,16.1,0.5638151297347396,14.5,39.4,5.0,64731.0,9.806603848790676,263.065,2384.239636591717,38.165376,-85.647377,0
2148006,1600000US2148006,Louisville/Jefferson County metro government (balance),Louisville/Jefferson County metro government (balance),"Louisville/Jefferson County metro government (balance), Kentucky",KY,2024,Louisville Metro,676843.0,631818.0,False,3084.0,14123.0,5306.0,148.0,22513.0,22513.0,3563.2096584775995,15.8,0.585240729169379,13.7,39.3,5.5,66849.0,10.381312339945998,263.038,2402.002752454018,38.165376,-85.647377,0
2158620,1600000US2158620,Owensboro city,Owensboro city,"Owensboro city, Kentucky",KY,2022,Owensboro,59839.0,60019.0,False,261.0,1545.0,264.0,14.0,2070.0,2070.0,3448.9078458488143,18.5,0.3245106013001968,16.6,42.9,4.2,51982.0,4.2403238974324795,20.728,2895.5519104592818,37.757495,-87.116338,0
2158620,1600000US2158620,Owensboro city,Owensboro city,"Owensboro city, Kentucky",KY,2023,Owensboro,59937.0,60112.0,False,226.0,1513.0,204.0,13.0,1943.0,1943.0,3232.299707213202,19.9,0.34789405553073194,15.8,44.2,4.8,53295.0,4.95242214532872,20.858,2881.9637549141817,37.757146,-87.116725,0
2158620,1600000US2158620,Owensboro city,Owensboro city,"Owensboro city, Kentucky",KY,2024,Owensboro,60096.0,60302.0,False,203.0,1357.0,193.0,11.0,1753.0,1753.0,2907.0345925508277,18.9,0.3646757365064264,14.7,42.6,5.3,56357.0,4.988225929488242,21.298,2831.3456662597428,37.757172,-87.117398,0
2205000,1600000US2205000,Baton Rouge city,Baton Rouge city,"Baton Rouge city, Louisiana",LA,2022,Baton Rouge,219913.0,225500.0,False,3109.0,8168.0,1593.0,18.0,12870.0,12870.0,5707.317073170732,24.0,0.5926359124684736,20.5,52.1,8.6,50155.0,6.292239467849224,86.943,2593.6533130901857,30.440443,-91.133166,0
2205000,1600000US2205000,Baton Rouge city,Baton Rouge city,"Baton Rouge city, Louisiana",LA,2023,Baton Rouge,219086.0,223699.0,False,2846.0,7277.0,1985.0,18.0,12108.0,12108.0,5412.630364909991,25.0,0.6121627520773802,21.4,53.1,9.1,49944.0,7.3893937836110135,86.943,2572.9385919510482,30.440443,-91.133166,0
2208920,1600000US2208920,Bossier City city,Bossier City city,"Bossier City city, Louisiana",LA,2022,Bossier City,63078.0,62971.0,False,358.0,2305.0,282.0,4.0,2945.0,2945.0,4676.755967032444,20.4,0.5912187316781553,13.6,46.1,5.8,54100.0,5.426307347826778,43.85,1436.054732041049,32.523674,-93.655426,0
2208920,1600000US2208920,Bossier City city,Bossier City city,"Bossier City city, Louisiana",LA,2023,Bossier City,62602.0,62832.0,False,350.0,2191.0,320.0,8.0,2861.0,2861.0,4553.41227400051,20.4,0.6105188561002103,12.7,44.7,5.9,55130.0,5.645212630506748,44.258,1419.6755388856252,32.523674,-93.655426,0
2208920,1600000US2208920,Bossier City city,Bossier City city,"Bossier City city, Louisiana",LA,2024,Bossier City,62750.0,62901.0,False,302.0,1762.0,245.0,8.0,2309.0,2309.0,3670.847840256912,20.8,0.6264473131706663,13.1,46.8,6.5,55819.0,6.0364700084259395,44.39,1417.008335210633,32.523674,-93.655426,0
2239475,1600000US2239475,Kenner city,Kenner city,"Kenner city, Louisiana",LA,2023,Kenner,62892.0,65113.0,False,154.0,1636.0,226.0,10.0,2016.0,2016.0,3096.1559135656476,14.5,0.702594424255499,11.4,39.0,5.5,64099.0,20.326202140893525,14.889,4373.228557995836,30.010227,-90.25482,0
2239475,1600000US2239475,Kenner city,Kenner city,"Kenner city, Louisiana",LA,2024,Kenner,62377.0,64904.0,False,193.0,1400.0,174.0,3.0,1767.0,1767.0,2722.4824355971896,15.4,0.6991554491333882,9.8,36.9,6.6,64020.0,21.108098114137803,14.889,4359.191349318289,30.010227,-90.25482,0
2240735,1600000US2240735,Lafayette city,Lafayette city,"Lafayette city, Louisiana",LA,2022,Lafayette,121546.0,121706.0,False,797.0,4098.0,438.0,,5333.0,5333.0,4381.871066340197,19.2,0.5570544416736212,17.2,43.7,6.1,58850.0,5.751565247399471,55.993,2173.5931277123927,30.2056,-92.028058,0
2240735,1600000US2240735,Lafayette city,Lafayette city,"Lafayette city, Louisiana",LA,2023,Lafayette,121361.0,121537.0,False,1235.0,3995.0,356.0,,5586.0,5586.0,4596.131219299473,19.1,0.5771703138452511,15.8,45.0,5.1,61454.0,6.550268642471018,56.015,2169.7223957868428,30.2056,-92.028058,0
2240735,1600000US2240735,Lafayette city,Lafayette city,"Lafayette city, Louisiana",LA,2024,Lafayette,121471.0,121715.0,False,803.0,3921.0,557.0,2.0,5281.0,5281.0,4338.82430267428,18.3,0.5923465889845672,15.6,46.9,5.2,61915.0,7.0106396089224825,56.188,2166.2098668754893,30.2056,-92.028058,0
2241155,1600000US2241155,Lake Charles city,Lake Charles city,"Lake Charles city, Louisiana",LA,2022,Lake Charles,77054.0,82430.0,False,538.0,1638.0,222.0,3.0,2398.0,2398.0,2909.135023656436,22.6,0.5915859821962246,14.5,42.4,5.7,54761.0,4.261797889118039,47.469,1736.5017169099833,30.19902,-93.210835,0
2241155,1600000US2241155,Lake Charles city,Lake Charles city,"Lake Charles city, Louisiana",LA,2023,Lake Charles,76393.0,81679.0,False,553.0,1475.0,217.0,2.0,2245.0,2245.0,2748.5645025037034,23.2,0.5971029808500327,16.2,38.9,5.5,56864.0,4.713573868436195,47.469,1720.680865406897,30.19902,-93.210835,0
2241155,1600000US2241155,Lake Charles city,Lake Charles city,"Lake Charles city, Louisiana",LA,2024,Lake Charles,77982.0,81143.0,False,478.0,1288.0,160.0,0.0,1926.0,1926.0,2373.5873704447704,23.3,0.6101363467023533,16.3,39.1,6.6,59235.0,5.645588652132655,47.469,1709.3892856390487,30.19902,-93.210835,0
2255000,1600000US2255000,New Orleans city,New Orleans city,"New Orleans city, Louisiana",LA,2022,New Orleans,370128.0,380408.0,False,1837.0,11138.0,4202.0,,17177.0,17177.0,4515.415028075119,22.9,0.578852352551543,13.2,50.7,8.4,51116.0,5.575329646064226,169.5,2244.2949852507377,30.05342,-89.934502,0
2255000,1600000US2255000,New Orleans city,New Orleans city,"New Orleans city, Louisiana",LA,2023,New Orleans,364197.0,376035.0,False,1742.0,10091.0,6703.0,,18536.0,18536.0,4929.328386985254,22.6,0.6018632877927141,13.0,49.5,7.8,55339.0,6.553911205073996,169.5,2218.495575221239,30.05342,-89.934502,0
2270000,1600000US2270000,Shreveport city,Shreveport city,"Shreveport city, Louisiana",LA,2022,Shreveport,180763.0,186183.0,False,1270.0,4894.0,687.0,,6851.0,6851.0,3679.712970571964,23.4,0.5474884936542901,13.4,46.2,9.2,45967.0,2.412679997636734,108.145,1721.605252207684,32.466879,-93.792193,0
2270000,1600000US2270000,Shreveport city,Shreveport city,"Shreveport city, Louisiana",LA,2023,Shreveport,176906.0,183483.0,False,1445.0,5351.0,1120.0,,7916.0,7916.0,4314.296147327,23.6,0.558720638525596,14.1,46.2,8.9,48465.0,2.5740804325196343,108.145,1696.6387720190485,32.466879,-93.792193,0
2270000,1600000US2270000,Shreveport city,Shreveport city,"Shreveport city, Louisiana",LA,2024,Shreveport,175092.0,180982.0,False,1368.0,4603.0,1016.0,25.0,6987.0,6987.0,3860.6049220364457,23.5,0.5625906529231426,14.6,46.7,9.0,48699.0,2.789227657999138,108.165,1673.2029769333888,32.466879,-93.792193,0
2360545,1600000US2360545,Portland city,Portland city,"Portland city, Maine",ME,2022,Portland,68199.0,68280.0,False,35.0,1018.0,96.0,15.0,1149.0,1149.0,1682.7768014059752,11.8,0.32131298584792833,18.4,54.4,4.0,71498.0,10.858230814294084,21.54,3169.91643454039,43.633157,-70.185305,0
2360545,1600000US2360545,Portland city,Portland city,"Portland city, Maine",ME,2023,Portland,68390.0,68505.0,False,62.0,983.0,125.0,15.0,1170.0,1170.0,1707.9045325158747,11.2,0.3557842226890836,17.6,53.3,4.4,76174.0,11.12035617838114,21.54,3180.3621169916437,43.633157,-70.185305,0
2360545,1600000US2360545,Portland city,Portland city,"Portland city, Maine",ME,2024,Portland,69310.0,68854.0,False,101.0,1509.0,108.0,11.0,1718.0,1718.0,2495.1346327010774,11.2,0.38485615885206237,16.1,53.1,4.2,79540.0,11.79306939320882,21.54,3196.564531104921,43.633157,-70.185305,0
2404000,1600000US2404000,Baltimore city,Baltimore city,"Baltimore city, Maryland",MD,2022,Baltimore,570546.0,584548.0,False,3333.0,11940.0,3426.0,76.0,18699.0,18699.0,3198.881871120934,19.6,0.5539402435011049,14.4,52.2,6.9,58349.0,8.143899217857216,80.946,7221.4562794949725,39.300032,-76.610476,0
2404000,1600000US2404000,Baltimore city,Baltimore city,"Baltimore city, Maryland",MD,2023,Baltimore,565192.0,577193.0,False,2518.0,11234.0,10426.0,141.0,24178.0,24178.0,4188.893489699286,20.1,0.57203989189672,13.7,52.5,6.6,59623.0,8.844528606549282,80.946,7130.59323499617,39.300032,-76.610476,0
2404000,1600000US2404000,Baltimore city,Baltimore city,"Baltimore city, Maryland",MD,2024,Baltimore,566632.0,573243.0,False,2968.0,14630.0,5957.0,116.0,23555.0,23555.0,4109.077651188065,19.7,0.5810280487313644,13.5,52.5,6.5,62177.0,9.314897870536578,80.946,7081.795270921355,39.300032,-76.610476,0
2408775,1600000US2408775,Bowie city,Bowie city,"Bowie city, Maryland",MD,2022,Bowie,57068.0,57922.0,False,40.0,556.0,91.0,1.0,687.0,687.0,1186.077828804254,3.4,0.6041198498621838,9.8,13.9,5.1,138797.0,15.912779254859984,20.434,2834.589409807184,38.954703,-76.738834,0
2408775,1600000US2408775,Bowie city,Bowie city,"Bowie city, Maryland",MD,2023,Bowie,56678.0,57771.0,False,40.0,594.0,176.0,0.0,810.0,810.0,1402.0875525782833,4.1,0.6054665655694477,9.3,14.9,4.5,141831.0,15.102733205241384,20.434,2827.1997650973867,38.954703,-76.738834,0
2408775,1600000US2408775,Bowie city,Bowie city,"Bowie city, Maryland",MD,2024,Bowie,56929.0,57926.0,False,79.0,1003.0,216.0,0.0,1298.0,1298.0,2240.7899734143566,3.8,0.6305621249471909,9.5,16.1,4.7,141995.0,16.09985153471671,20.441,2833.814392642239,38.954703,-76.738834,0
2430325,1600000US2430325,Frederick city,Frederick city,"Frederick city, Maryland",MD,2022,Frederick,80985.0,78390.0,False,174.0,1024.0,61.0,8.0,1259.0,1259.0,1606.0722030871284,9.8,0.640250639866567,16.1,41.5,4.3,89981.0,19.045796657736958,23.947,3273.47893264292,39.434089,-77.414539,0
2430325,1600000US2430325,Frederick city,Frederick city,"Frederick city, Maryland",MD,2023,Frederick,84157.0,80617.0,False,228.0,1197.0,118.0,8.0,1543.0,1543.0,1913.988364736966,9.4,0.6595323305661129,15.6,40.8,3.7,95150.0,19.863056179217782,23.961,3364.508993781562,39.434089,-77.414539,0
2430325,1600000US2430325,Frederick city,Frederick city,"Frederick city, Maryland",MD,2024,Frederick,88428.0,83395.0,False,216.0,1165.0,99.0,4.0,1480.0,1480.0,1774.6867318184545,9.2,0.6710438385673144,14.3,41.2,3.9,97069.0,19.908867438095808,23.961,3480.4473936813993,39.434089,-77.414539,0
2431175,1600000US2431175,Gaithersburg city,Gaithersburg city,"Gaithersburg city, Maryland",MD,2023,Gaithersburg,68682.0,69225.0,False,123.0,798.0,97.0,3.0,1018.0,1018.0,1470.5669916937522,8.8,0.7534682809378612,16.9,48.7,5.1,107496.0,42.74611773203322,10.321,6707.198914833834,39.148601,-77.195131,0
2431175,1600000US2431175,Gaithersburg city,Gaithersburg city,"Gaithersburg city, Maryland",MD,2024,Gaithersburg,69590.0,69825.0,False,105.0,712.0,96.0,0.0,913.0,913.0,1307.5546007876835,8.8,0.7544800406212195,16.3,49.2,4.6,112467.0,44.32366630862871,10.338,6754.207777132909,39.148601,-77.195131,0
2467675,1600000US2467675,Rockville city,Rockville city,"Rockville city, Maryland",MD,2023,Rockville,66710.0,67218.0,False,107.0,663.0,92.0,1.0,862.0,862.0,1282.3945966854117,7.9,0.7117415028769827,18.1,46.9,3.7,122384.0,35.49941979826832,13.567,4954.522001916414,39.083666,-77.155585,0
2467675,1600000US2467675,Rockville city,Rockville city,"Rockville city, Maryland",MD,2024,Rockville,67285.0,67671.0,False,129.0,770.0,126.0,1.0,1025.0,1025.0,1514.6813258264249,7.6,0.7171595931584687,18.1,47.4,3.9,128649.0,35.62973799707408,13.567,4987.911844917815,39.083666,-77.155585,0
2507000,1600000US2507000,Boston city,Boston city,"Boston city, Massachusetts",MA,2022,Boston,638925.0,665945.0,False,1213.0,9116.0,1185.0,32.0,11514.0,11514.0,1728.9716117697408,17.5,0.7110399826002339,19.6,65.2,6.6,89212.0,28.056070696528995,48.34,13776.272238311956,42.338551,-71.018253,0
2507000,1600000US2507000,Boston city,Boston city,"Boston city, Massachusetts",MA,2023,Boston,642823.0,663972.0,False,1163.0,10216.0,1120.0,27.0,12499.0,12499.0,1882.4588988692294,16.9,0.7125922495453231,19.7,64.6,6.0,94755.0,27.506129776556843,48.34,13735.45717832023,42.338551,-71.018253,0
2507000,1600000US2507000,Boston city,Boston city,"Boston city, Massachusetts",MA,2024,Boston,659049.0,666442.0,False,1171.0,11121.0,1032.0,20.0,13324.0,13324.0,1999.2737552555209,16.6,0.7173300602191302,19.7,64.3,6.1,97344.0,27.834080084988642,48.341,13786.26838501479,42.338551,-71.018253,0
2509000,1600000US2509000,Brockton city,Brockton city,"Brockton city, Massachusetts",MA,2022,Brockton,110084.0,104713.0,False,289.0,1121.0,494.0,9.0,1904.0,1904.0,1818.3033625242329,12.9,0.7307916730663392,11.3,43.6,8.2,74016.0,32.26533477218683,21.333,4908.498570290161,42.082543,-71.024638,0
2509000,1600000US2509000,Brockton city,Brockton city,"Brockton city, Massachusetts",MA,2023,Brockton,108938.0,105080.0,False,389.0,1197.0,580.0,8.0,2166.0,2166.0,2061.2866387514273,13.9,0.749740276735879,11.0,43.0,8.3,77089.0,32.88161400837457,21.333,4925.701964093189,42.082543,-71.024638,0
2509000,1600000US2509000,Brockton city,Brockton city,"Brockton city, Massachusetts",MA,2024,Brockton,106650.0,105386.0,False,249.0,801.0,385.0,16.0,1435.0,1435.0,1361.6609416810581,13.5,0.7643361029003997,9.8,42.6,8.6,80115.0,33.71795115100677,21.333,4940.045938217785,42.082543,-71.024638,0
2509210,1600000US2509210,Brookline CDP,Brookline CDP,"Brookline CDP, Massachusetts",MA,2022,Brookline,62825.0,62698.0,True,44.0,485.0,34.0,0.0,563.0,563.0,897.9552776803088,10.1,0.51751332012409,22.5,53.6,3.5,130600.0,29.260901464161538,6.76,9274.852071005918,42.323853,-71.142003,0
2509210,1600000US2509210,Brookline CDP,Brookline CDP,"Brookline CDP, Massachusetts",MA,2023,Brookline,62639.0,62822.0,True,30.0,438.0,26.0,1.0,494.0,494.0,786.3487313361561,9.8,0.5237340649074406,22.4,53.9,3.5,140631.0,27.538123587278342,6.76,9293.195266272189,42.323853,-71.142003,0
2509210,1600000US2509210,Brookline CDP,Brookline CDP,"Brookline CDP, Massachusetts",MA,2024,Brookline,64122.0,63266.0,True,55.0,503.0,16.0,1.0,574.0,574.0,907.2803717636646,8.7,0.5423661142999094,21.2,53.1,3.6,142101.0,27.76530838048873,6.758,9361.645457235869,42.323853,-71.142003,0
2511000,1600000US2511000,Cambridge city,Cambridge city,"Cambridge city, Massachusetts",MA,2022,Cambridge,117044.0,117962.0,False,278.0,2205.0,139.0,14.0,2622.0,2622.0,2222.7496990556283,12.1,0.6288254835472892,27.1,66.4,3.3,121539.0,29.458639222800564,6.397,18440.206346725026,42.376043,-71.11868,0
2511000,1600000US2511000,Cambridge city,Cambridge city,"Cambridge city, Massachusetts",MA,2023,Cambridge,118960.0,117794.0,False,264.0,2438.0,141.0,16.0,2843.0,2843.0,2413.5354941677842,12.4,0.637356043563114,26.1,66.3,3.4,126469.0,28.796033753841456,6.397,18413.944036267,42.376043,-71.11868,0
2511000,1600000US2511000,Cambridge city,Cambridge city,"Cambridge city, Massachusetts",MA,2024,Cambridge,120447.0,118796.0,False,285.0,2798.0,102.0,15.0,3185.0,3185.0,2681.0667025825787,12.8,0.648077980913499,25.5,66.5,3.4,130748.0,29.66850735715007,6.397,18570.579959355946,42.376043,-71.11868,0
2513660,1600000US2513660,Chicopee city,Chicopee city,"Chicopee city, Massachusetts",MA,2022,Chicopee,55265.0,55441.0,False,133.0,804.0,95.0,6.0,1032.0,1032.0,1861.4382857452067,15.5,0.48144930625163784,8.3,41.0,6.1,63866.0,8.948251294168577,22.906,2420.370208678949,42.177586,-72.570189,0
2513660,1600000US2513660,Chicopee city,Chicopee city,"Chicopee city, Massachusetts",MA,2023,Chicopee,55043.0,55213.0,False,138.0,770.0,111.0,2.0,1019.0,1019.0,1845.5798453262819,15.2,0.4979893836235879,7.6,42.8,6.5,66927.0,9.682502309238766,22.906,2410.4164847638176,42.177586,-72.570189,0
2513660,1600000US2513660,Chicopee city,Chicopee city,"Chicopee city, Massachusetts",MA,2024,Chicopee,55770.0,55295.0,False,113.0,750.0,119.0,2.0,982.0,982.0,1775.9291075142417,17.3,0.5187322642478875,7.1,44.3,6.3,62615.0,9.46921059770323,22.906,2413.996332838558,42.177586,-72.570189,0
2521990,1600000US2521990,Everett city,Everett city,"Everett city, Massachusetts",MA,2024,Everett,51744.0,50045.0,False,58.0,545.0,77.0,3.0,680.0,680.0,1358.7771006094515,14.7,0.7466573407941246,10.6,62.8,5.5,85218.0,45.90268758117694,3.417,14645.888206028681,42.405938,-71.054649,0
2523000,1600000US2523000,Fall River city,Fall River city,"Fall River city, Massachusetts",MA,2022,Fall River,94339.0,93638.0,False,383.0,589.0,190.0,8.0,1162.0,1162.0,1240.949187295756,19.7,0.4774976054595913,12.6,64.1,8.4,52734.0,22.104273905892907,33.123,2826.978232648009,41.725351,-71.094162,0
2523000,1600000US2523000,Fall River city,Fall River city,"Fall River city, Massachusetts",MA,2023,Fall River,93879.0,93764.0,False,198.0,963.0,179.0,16.0,1340.0,1340.0,1429.1199180922317,20.9,0.4904710773520634,11.6,63.7,8.1,53933.0,21.818608421142443,33.123,2830.7822359085835,41.725351,-71.094162,0
2523000,1600000US2523000,Fall River city,Fall River city,"Fall River city, Massachusetts",MA,2024,Fall River,95573.0,94082.0,False,221.0,952.0,157.0,15.0,1330.0,1330.0,1413.6604238855466,19.6,0.5126703346452897,11.5,64.7,6.5,56673.0,23.787759613953785,33.123,2840.382815566223,41.725351,-71.094162,0
2524960,1600000US2524960,Framingham city,Framingham city,"Framingham city, Massachusetts",MA,2022,Framingham,70716.0,71805.0,False,356.0,549.0,85.0,5.0,990.0,990.0,1378.734071443493,10.4,0.6416446840643161,12.2,44.9,5.0,94909.0,30.779193649467306,25.044,2867.15380929564,42.307905,-71.436196,0
2524960,1600000US2524960,Framingham city,Framingham city,"Framingham city, Massachusetts",MA,2023,Framingham,70624.0,72013.0,False,274.0,404.0,99.0,0.0,777.0,777.0,1078.971852304445,11.0,0.6753466818823162,12.9,45.2,4.4,98179.0,31.512365822837545,25.044,2875.4591918223923,42.307905,-71.436196,0
2524960,1600000US2524960,Framingham city,Framingham city,"Framingham city, Massachusetts",MA,2024,Framingham,73123.0,72399.0,False,274.0,416.0,81.0,2.0,771.0,771.0,1064.9318360750838,10.4,0.6870075535710809,13.3,45.2,4.8,107419.0,33.066755065677704,25.044,2890.872065165309,42.307905,-71.436196,0
2529405,1600000US2529405,Haverhill city,Haverhill city,"Haverhill city, Massachusetts",MA,2022,Haverhill,67359.0,67273.0,False,62.0,434.0,41.0,4.0,537.0,537.0,798.2400071351062,10.6,0.5036656404200576,10.9,40.0,6.0,81989.0,12.03008636451474,33.036,2036.3542801791984,42.782945,-71.087436,0
2529405,1600000US2529405,Haverhill city,Haverhill city,"Haverhill city, Massachusetts",MA,2023,Haverhill,67133.0,67387.0,False,66.0,459.0,32.0,3.0,557.0,557.0,826.5689227892619,10.6,0.5096636261667669,9.8,38.7,5.9,87675.0,13.389822962886017,33.036,2039.805061145417,42.782945,-71.087436,0
2529405,1600000US2529405,Haverhill city,Haverhill city,"Haverhill city, Massachusetts",MA,2024,Haverhill,68602.0,67698.0,False,80.0,523.0,31.0,6.0,634.0,634.0,936.5121569322579,11.3,0.5186795800299684,9.0,37.2,5.7,88326.0,13.699075305031169,33.036,2049.2190337813295,42.782945,-71.087436,0
2534550,1600000US2534550,Lawrence city,Lawrence city,"Lawrence city, Massachusetts",MA,2022,Lawrence,88422.0,88067.0,False,75.0,628.0,96.0,5.0,799.0,799.0,907.2637877979265,19.4,0.3104456631133762,11.5,70.1,10.4,53977.0,43.025196725220574,6.93,12708.08080808081,42.700273,-71.161357,0
2534550,1600000US2534550,Lawrence city,Lawrence city,"Lawrence city, Massachusetts",MA,2023,Lawrence,87806.0,88297.0,False,98.0,739.0,99.0,2.0,936.0,936.0,1060.058665639829,18.2,0.30682079276411744,10.6,69.7,8.7,57903.0,43.71722708585796,6.93,12741.269841269841,42.700273,-71.161357,0
2534550,1600000US2534550,Lawrence city,Lawrence city,"Lawrence city, Massachusetts",MA,2024,Lawrence,89600.0,88736.0,False,65.0,763.0,67.0,1.0,895.0,895.0,1008.6098088712586,17.6,0.2931535985697237,9.1,71.9,8.5,60433.0,44.592949873782906,6.93,12804.617604617606,42.700273,-71.161357,0
2537000,1600000US2537000,Lowell city,Lowell city,"Lowell city, Massachusetts",MA,2022,Lowell,113277.0,114737.0,False,246.0,1536.0,197.0,8.0,1979.0,1979.0,1724.8141401640275,16.6,0.6927972509350481,14.0,56.7,5.7,73008.0,28.73789623225289,13.61,8430.345334313006,42.638995,-71.32102,0
2537000,1600000US2537000,Lowell city,Lowell city,"Lowell city, Massachusetts",MA,2024,Lowell,116062.0,118368.0,False,174.0,1520.0,236.0,13.0,1930.0,1930.0,1630.5082454717492,16.9,0.7204957987965428,12.5,56.8,5.7,78658.0,30.460090565017573,13.61,8697.134459955914,42.638995,-71.32102,0
2537490,1600000US2537490,Lynn city,Lynn city,"Lynn city, Massachusetts",MA,2022,Lynn,101056.0,100653.0,False,157.0,875.0,171.0,6.0,1203.0,1203.0,1195.195374206432,14.1,0.6725257012406234,10.0,51.4,5.7,70046.0,36.0913236565229,10.739,9372.66039668498,42.474766,-70.962035,0
2537490,1600000US2537490,Lynn city,Lynn city,"Lynn city, Massachusetts",MA,2023,Lynn,101144.0,100905.0,False,150.0,676.0,173.0,2.0,999.0,999.0,990.0401367623011,13.7,0.6742722797511127,9.3,49.6,4.6,74715.0,35.73261979089242,10.739,9396.126268740105,42.474766,-70.962035,0
2537490,1600000US2537490,Lynn city,Lynn city,"Lynn city, Massachusetts",MA,2024,Lynn,103200.0,101709.0,False,209.0,809.0,190.0,6.0,1208.0,1208.0,1187.7021699161332,13.8,0.6669680031740627,9.5,51.9,5.0,75043.0,37.47849256211348,10.739,9470.993574820746,42.474766,-70.962035,0
2537875,1600000US2537875,Malden city,Malden city,"Malden city, Massachusetts",MA,2022,Malden,64356.0,65463.0,False,68.0,607.0,128.0,2.0,803.0,803.0,1226.6471136367109,13.5,0.7015993743203279,15.4,57.4,6.6,90295.0,41.18051418358462,5.045,12975.81764122894,42.42938,-71.058706,0
2537875,1600000US2537875,Malden city,Malden city,"Malden city, Massachusetts",MA,2023,Malden,64291.0,65509.0,False,93.0,710.0,104.0,0.0,907.0,907.0,1384.5425819353065,13.3,0.7112900747945508,14.1,57.9,5.6,95298.0,40.765391014975044,5.045,12984.935579781963,42.42938,-71.058706,0
2537875,1600000US2537875,Malden city,Malden city,"Malden city, Massachusetts",MA,2024,Malden,66046.0,65906.0,False,80.0,587.0,112.0,2.0,779.0,779.0,1181.9864655721785,11.4,0.7375824917996676,14.1,58.7,5.4,100606.0,41.23145085424696,5.045,13063.627353815658,42.42938,-71.058706,0
2539835,1600000US2539835,Medford city,Medford city,"Medford city, Massachusetts",MA,2022,Medford,64122.0,61748.0,False,57.0,475.0,73.0,0.0,605.0,605.0,979.788819071063,7.4,0.5162714697144182,15.5,46.7,4.2,114863.0,23.620198225043726,8.098,7625.092615460607,42.423844,-71.109231,0
2539835,1600000US2539835,Medford city,Medford city,"Medford city, Massachusetts",MA,2023,Medford,68280.0,59062.0,False,39.0,551.0,99.0,0.0,689.0,689.0,1166.5707222918288,8.2,0.5236328306137973,16.8,46.9,4.4,118089.0,24.155971690765636,8.098,7293.4057792047415,42.423844,-71.109231,0
2539835,1600000US2539835,Medford city,Medford city,"Medford city, Massachusetts",MA,2024,Medford,59601.0,59354.0,False,46.0,600.0,69.0,4.0,715.0,715.0,1204.6365872561241,7.6,0.5333990767955725,16.3,45.9,4.3,129540.0,23.26043737574553,8.101,7326.749783977286,42.423844,-71.109231,0
2540675,1600000US2540675,Methuen city,Methuen city,"Methuen city, Massachusetts",MA,2024,Methuen,54623.0,53475.0,False,26.0,373.0,36.0,0.0,435.0,435.0,813.4642356241234,7.9,0.5903086371426178,7.8,27.7,5.8,113310.0,23.949509116409537,22.212,2407.4824419232846,42.742641,-71.178651,0
2540710,1600000US2540710,Methuen Town city,Methuen Town city,"Methuen Town city, Massachusetts",MA,2022,Methuen,52853.0,52812.0,False,80.0,315.0,33.0,0.0,428.0,428.0,810.4218738165569,8.9,0.569529929142806,9.7,26.0,6.4,93681.0,23.140574111944254,22.212,2377.6337115072934,42.742641,-71.178651,0
2540710,1600000US2540710,Methuen Town city,Methuen Town city,"Methuen Town city, Massachusetts",MA,2023,Methuen,53558.0,53043.0,False,20.0,407.0,22.0,0.0,449.0,449.0,846.4830420602153,8.2,0.579396525216763,9.2,27.3,6.3,103270.0,24.012593556171407,22.212,2388.0334954078876,42.742641,-71.178651,0
2545000,1600000US2545000,New Bedford city,New Bedford city,"New Bedford city, Massachusetts",MA,2022,New Bedford,101402.0,100620.0,False,198.0,1197.0,187.0,13.0,1582.0,1582.0,1572.2520373683165,18.8,0.5954533484524749,12.2,60.1,7.2,54604.0,20.164977141721327,20.001,5030.748462576871,41.661303,-70.937913,0
2545000,1600000US2545000,New Bedford city,New Bedford city,"New Bedford city, Massachusetts",MA,2023,New Bedford,100876.0,100731.0,False,257.0,972.0,337.0,6.0,1566.0,1566.0,1554.6356136641155,19.9,0.6184479075474241,12.6,60.0,7.6,56025.0,20.743365994579623,20.001,5036.298185090745,41.661303,-70.937913,0
2545000,1600000US2545000,New Bedford city,New Bedford city,"New Bedford city, Massachusetts",MA,2024,New Bedford,102491.0,100998.0,False,189.0,954.0,250.0,7.0,1393.0,1393.0,1379.2352323808393,20.6,0.6266013432444139,11.6,59.7,8.3,56981.0,20.414265629022356,20.002,5049.395060493951,41.661303,-70.937913,0
2545560,1600000US2545560,Newton city,Newton city,"Newton city, Massachusetts",MA,2022,Newton,86710.0,88453.0,False,60.0,497.0,11.0,2.0,568.0,568.0,642.1489378540016,4.6,0.4365770993636303,12.2,29.6,3.5,176373.0,22.0082981922603,17.828,4961.465111061252,42.331768,-71.2084,0
2545560,1600000US2545560,Newton city,Newton city,"Newton city, Massachusetts",MA,2023,Newton,86996.0,88504.0,False,44.0,414.0,26.0,0.0,484.0,484.0,546.867938172286,4.7,0.4807582236886586,11.9,29.0,3.3,184989.0,23.536789297658864,17.828,4964.325779672426,42.331768,-71.2084,0
2545560,1600000US2545560,Newton city,Newton city,"Newton city, Massachusetts",MA,2024,Newton,89935.0,89044.0,False,57.0,451.0,31.0,0.0,539.0,539.0,605.3187188356318,4.5,0.49556631778597504,11.6,30.0,3.8,190304.0,24.308207178473566,17.828,4994.615212026027,42.331768,-71.2084,0
2552490,1600000US2552490,Peabody city,Peabody city,"Peabody city, Massachusetts",MA,2023,Peabody,53841.0,54180.0,False,38.0,366.0,48.0,3.0,452.0,452.0,834.2561830933925,6.5,0.39277514447078443,10.3,34.4,4.8,95278.0,17.176079734219268,16.237,3336.8233047976846,42.53431,-70.969443,0
2552490,1600000US2552490,Peabody city,Peabody city,"Peabody city, Massachusetts",MA,2024,Peabody,54964.0,54695.0,False,47.0,381.0,32.0,2.0,460.0,460.0,841.0275162263462,7.7,0.4475930564294658,10.6,34.4,4.9,96657.0,17.301398665325898,16.237,3368.5409866354626,42.53431,-70.969443,0
2555745,1600000US2555745,Quincy city,Quincy city,"Quincy city, Massachusetts",MA,2022,Quincy,101434.0,100981.0,False,198.0,816.0,92.0,7.0,1106.0,1106.0,1095.2555431219735,11.2,0.5945158291473437,15.7,56.1,6.7,90668.0,33.03492736257316,16.573,6093.10324020998,42.261006,-71.008988,0
2555745,1600000US2555745,Quincy city,Quincy city,"Quincy city, Massachusetts",MA,2023,Quincy,102465.0,101361.0,False,172.0,884.0,85.0,6.0,1141.0,1141.0,1125.6795019780782,11.4,0.6110025621700355,15.4,55.0,7.1,95711.0,32.73448367715394,16.573,6116.032100404272,42.261006,-71.008988,0
2555745,1600000US2555745,Quincy city,Quincy city,"Quincy city, Massachusetts",MA,2024,Quincy,103550.0,102114.0,False,154.0,1073.0,153.0,2.0,1380.0,1380.0,1351.4307538633293,10.6,0.6179510455203374,15.5,54.8,6.9,98882.0,33.00918581193568,16.573,6161.467447052434,42.261006,-71.008988,0
2556585,1600000US2556585,Revere city,Revere city,"Revere city, Massachusetts",MA,2022,Revere,56961.0,60577.0,False,66.0,527.0,103.0,0.0,696.0,696.0,1148.950921967083,12.3,0.617915408106609,13.0,49.0,7.3,78968.0,43.91105535104082,5.704,10620.091164095373,42.421005,-70.99036,0
2556585,1600000US2556585,Revere city,Revere city,"Revere city, Massachusetts",MA,2023,Revere,57132.0,59933.0,False,95.0,611.0,124.0,5.0,830.0,830.0,1384.8797824237065,12.4,0.6159477458018934,13.5,49.9,7.2,81121.0,43.53528106385463,5.704,10507.18793828892,42.421005,-70.99036,0
2556585,1600000US2556585,Revere city,Revere city,"Revere city, Massachusetts",MA,2024,Revere,57779.0,60012.0,False,85.0,709.0,93.0,3.0,887.0,887.0,1478.0377257881757,11.5,0.6230803496036112,11.5,54.4,7.0,86969.0,44.19116176764647,5.704,10521.037868162693,42.421005,-70.99036,0
2562535,1600000US2562535,Somerville city,Somerville city,"Somerville city, Massachusetts",MA,2022,Somerville,79178.0,80464.0,False,132.0,859.0,104.0,1.0,1095.0,1095.0,1360.8570292304632,10.2,0.5011518463961915,24.3,66.4,2.8,120778.0,23.654056472459732,4.123,19515.886490419598,42.390445,-71.101033,0
2562535,1600000US2562535,Somerville city,Somerville city,"Somerville city, Massachusetts",MA,2023,Somerville,79513.0,80549.0,False,171.0,796.0,164.0,1.0,1131.0,1131.0,1404.1142658506003,10.1,0.5317206479914695,24.5,65.7,2.9,127056.0,24.79484537362351,4.123,19536.502546689302,42.390445,-71.101033,0
2562535,1600000US2562535,Somerville city,Somerville city,"Somerville city, Massachusetts",MA,2024,Somerville,81766.0,81036.0,False,237.0,1046.0,106.0,2.0,1389.0,1389.0,1714.0530134754924,9.8,0.5383487520771078,24.4,65.8,3.0,132572.0,23.989338071968014,4.12,19668.93203883495,42.390445,-71.101033,0
2567000,1600000US2567000,Springfield city,Springfield city,"Springfield city, Massachusetts",MA,2022,Springfield,155046.0,155305.0,False,579.0,2590.0,505.0,37.0,3674.0,3674.0,2365.667557387077,25.3,0.6542204825189364,9.8,52.2,8.7,47677.0,10.257235761887898,31.87,4873.078129902729,42.115454,-72.539978,0
2567000,1600000US2567000,Springfield city,Springfield city,"Springfield city, Massachusetts",MA,2023,Springfield,154218.0,154751.0,False,520.0,2747.0,1338.0,21.0,4605.0,4605.0,2975.7481373302917,25.3,0.6568166484831379,8.8,50.5,8.2,51339.0,10.188625598542174,31.87,4855.695010982115,42.115454,-72.539978,0
2567000,1600000US2567000,Springfield city,Springfield city,"Springfield city, Massachusetts",MA,2024,Springfield,155491.0,154749.0,False,488.0,2887.0,1034.0,45.0,4409.0,4409.0,2849.12988129164,25.8,0.6540653802482455,8.9,50.4,8.7,52656.0,10.464041770867663,31.87,4855.632256040163,42.115454,-72.539978,0
2569170,1600000US2569170,Taunton city,Taunton city,"Taunton city, Massachusetts",MA,2022,Taunton,60062.0,59436.0,False,66.0,406.0,77.0,3.0,549.0,549.0,923.6826165960024,12.7,0.43917277055826665,12.4,38.2,5.5,72782.0,14.78733427552325,46.708,1272.5014986726044,41.903324,-71.094987,0
2569170,1600000US2569170,Taunton city,Taunton city,"Taunton city, Massachusetts",MA,2023,Taunton,60356.0,59719.0,False,53.0,424.0,53.0,5.0,530.0,530.0,887.4897436326797,13.7,0.46011678632032127,12.2,37.1,5.6,79715.0,14.090992816356604,46.708,1278.5604179155605,41.903324,-71.094987,0
2569170,1600000US2569170,Taunton city,Taunton city,"Taunton city, Massachusetts",MA,2024,Taunton,61874.0,60433.0,False,72.0,391.0,53.0,0.0,516.0,516.0,853.838134793904,13.0,0.4821529046413602,11.3,37.9,5.8,79283.0,13.692849932983634,46.708,1293.8468784790614,41.903324,-71.094987,0
2572600,1600000US2572600,Waltham city,Waltham city,"Waltham city, Massachusetts",MA,2022,Waltham,63525.0,64711.0,False,55.0,269.0,25.0,3.0,349.0,349.0,539.3209809769592,8.9,0.5726290047721138,17.9,52.1,3.1,113443.0,25.5690686282085,12.745,5077.363672028247,42.388921,-71.242268,0
2572600,1600000US2572600,Waltham city,Waltham city,"Waltham city, Massachusetts",MA,2023,Waltham,63797.0,64723.0,False,90.0,409.0,35.0,4.0,534.0,534.0,825.054462864824,8.6,0.606983007073507,17.7,51.2,3.5,116560.0,26.619594270970133,12.745,5078.305217732444,42.388921,-71.242268,0
2572600,1600000US2572600,Waltham city,Waltham city,"Waltham city, Massachusetts",MA,2024,Waltham,65488.0,64902.0,False,82.0,340.0,36.0,7.0,458.0,458.0,705.6793319158115,9.4,0.6181891138988928,17.0,50.3,3.7,120216.0,26.27808079874272,12.745,5092.349941153394,42.388921,-71.242268,0
2578972,1600000US2578972,Weymouth Town city,Weymouth Town city,"Weymouth Town city, Massachusetts",MA,2022,Weymouth,58231.0,57300.0,False,56.0,339.0,28.0,2.0,423.0,423.0,738.2198952879581,6.3,0.3499866036810636,11.1,31.7,4.7,95879.0,14.380453752181502,16.765,3417.834774828512,42.2073,-70.943687,0
2578972,1600000US2578972,Weymouth Town city,Weymouth Town city,"Weymouth Town city, Massachusetts",MA,2023,Weymouth,57725.0,57786.0,False,49.0,497.0,66.0,1.0,612.0,612.0,1059.0800539923164,7.7,0.36194436962761145,10.4,32.2,4.9,100077.0,13.681514553698126,16.765,3446.823739934387,42.2073,-70.943687,0
2578972,1600000US2578972,Weymouth Town city,Weymouth Town city,"Weymouth Town city, Massachusetts",MA,2024,Weymouth,60802.0,58505.0,False,57.0,388.0,53.0,0.0,498.0,498.0,851.2092983505684,7.7,0.36632728625300903,10.6,32.6,4.9,102714.0,14.354328689855567,16.765,3489.7107068297046,42.2073,-70.943687,0
2582000,1600000US2582000,Worcester city,Worcester city,"Worcester city, Massachusetts",MA,2022,Worcester,206575.0,204191.0,False,696.0,2408.0,340.0,7.0,3444.0,3444.0,1686.6561209847641,19.5,0.6512785698365118,16.6,57.9,6.6,63011.0,23.344809516580064,37.36,5465.497858672377,42.269478,-71.807783,0
2582000,1600000US2582000,Worcester city,Worcester city,"Worcester city, Massachusetts",MA,2024,Worcester,212425.0,207055.0,False,0.0,0.0,0.0,0.0,0.0,0.0,0.0,19.6,0.6767927719499769,17.0,57.2,6.5,70102.0,25.073531187365678,37.36,5542.1573875803,42.269478,-71.807783,0
2603000,1600000US2603000,Ann Arbor city,Ann Arbor city,"Ann Arbor city, Michigan",MI,2022,Ann Arbor,120549.0,122216.0,False,259.0,1662.0,148.0,10.0,2069.0,2069.0,1692.9043660404532,23.3,0.5092421005866191,34.4,55.0,3.7,78546.0,18.135923283367152,28.224,4330.2154195011335,42.276147,-83.73086,0
2603000,1600000US2603000,Ann Arbor city,Ann Arbor city,"Ann Arbor city, Michigan",MI,2023,Ann Arbor,118072.0,121179.0,False,202.0,1698.0,162.0,10.0,2062.0,2062.0,1701.6149662895386,23.0,0.5223390768119867,34.1,54.4,3.6,81089.0,18.674852903555898,28.33,4277.40910695376,42.276147,-83.73086,0
2603000,1600000US2603000,Ann Arbor city,Ann Arbor city,"Ann Arbor city, Michigan",MI,2024,Ann Arbor,118025.0,122036.0,False,185.0,1737.0,103.0,7.0,2025.0,2025.0,1659.3464223671706,23.8,0.524078902695006,34.9,54.5,3.9,82212.0,18.605165688813138,28.387,4299.010110261739,42.276147,-83.73086,0
2605920,1600000US2605920,Battle Creek city,Battle Creek city,"Battle Creek city, Michigan",MI,2022,Battle Creek,61347.0,52469.0,False,346.0,1153.0,145.0,15.0,1644.0,1644.0,3133.2786978978065,19.2,0.5571778519583523,13.0,36.2,7.6,49684.0,7.3243248394289955,42.587,1232.042642120835,42.299176,-85.229267,0
2605920,1600000US2605920,Battle Creek city,Battle Creek city,"Battle Creek city, Michigan",MI,2023,Battle Creek,60969.0,52392.0,False,329.0,1198.0,265.0,18.0,1792.0,1792.0,3420.369522064437,18.0,0.5663713345227182,12.6,34.9,7.4,51699.0,7.892426324629715,42.611,1229.541667644505,42.299176,-85.229267,0
2605920,1600000US2605920,Battle Creek city,Battle Creek city,"Battle Creek city, Michigan",MI,2024,Battle Creek,61163.0,52374.0,False,312.0,1050.0,181.0,21.0,1543.0,1543.0,2946.1183029747585,17.6,0.5748735245488272,12.3,34.0,7.0,55693.0,7.408256004887921,42.614,1229.032712254189,42.299176,-85.229267,0
2621000,1600000US2621000,Dearborn city,Dearborn city,"Dearborn city, Michigan",MI,2022,Dearborn,107197.0,108414.0,False,149.0,1470.0,440.0,11.0,2059.0,2059.0,1899.2012101758078,23.7,0.24435555208727222,11.3,30.9,6.8,64600.0,28.881878724150017,24.247,4471.233554666556,42.313057,-83.211488,0
2621000,1600000US2621000,Dearborn city,Dearborn city,"Dearborn city, Michigan",MI,2023,Dearborn,106747.0,107846.0,False,182.0,1492.0,601.0,10.0,2275.0,2275.0,2109.4894571889545,24.3,0.2394199742747054,10.7,31.8,6.8,65192.0,29.424364371418505,24.247,4447.807976244484,42.313057,-83.211488,0
2621000,1600000US2621000,Dearborn city,Dearborn city,"Dearborn city, Michigan",MI,2024,Dearborn,104571.0,107423.0,False,118.0,1488.0,485.0,16.0,2091.0,2091.0,1946.5105238170597,24.3,0.23431149946052476,9.2,31.6,6.6,65324.0,30.28960278525083,24.247,4430.362519074525,42.313057,-83.211488,0
2621020,1600000US2621020,Dearborn Heights city,Dearborn Heights city,"Dearborn Heights city, Michigan",MI,2022,Dearborn Heights,61789.0,62474.0,False,152.0,564.0,221.0,3.0,937.0,937.0,1499.8239267535293,21.7,0.31705341472505555,11.3,28.2,8.2,58335.0,22.679834811281495,11.737,5322.825253471927,42.335671,-83.288832,0
2621020,1600000US2621020,Dearborn Heights city,Dearborn Heights city,"Dearborn Heights city, Michigan",MI,2023,Dearborn Heights,61420.0,62099.0,False,141.0,569.0,274.0,9.0,984.0,984.0,1584.5665791719675,20.4,0.3208733371575123,10.5,28.4,7.5,61035.0,23.618737821865086,11.737,5290.875010650081,42.335671,-83.288832,0
2621020,1600000US2621020,Dearborn Heights city,Dearborn Heights city,"Dearborn Heights city, Michigan",MI,2024,Dearborn Heights,60148.0,61771.0,False,101.0,456.0,188.0,6.0,745.0,745.0,1206.067572161694,21.9,0.3465746050379275,9.1,29.5,7.9,60391.0,24.524453222385908,11.737,5262.929198261907,42.335671,-83.288832,0
2622000,1600000US2622000,Detroit city,Detroit city,"Detroit city, Michigan",MI,2022,Detroit,626757.0,636787.0,False,4829.0,13794.0,9445.0,440.0,28068.0,28068.0,4407.753298983805,31.5,0.38390909813000706,11.7,51.2,14.7,37761.0,5.640347557346491,138.731,4590.084407954963,42.383037,-83.102237,0
2622000,1600000US2622000,Detroit city,Detroit city,"Detroit city, Michigan",MI,2023,Detroit,615501.0,636644.0,False,4659.0,15300.0,9176.0,477.0,29135.0,29135.0,4576.340937792549,31.5,0.39782589356063836,11.3,50.3,14.1,39575.0,5.9515207871274995,138.735,4588.921324827909,42.383037,-83.102237,0
2622000,1600000US2622000,Detroit city,Detroit city,"Detroit city, Michigan",MI,2024,Detroit,651171.0,638530.0,False,4578.0,15263.0,8194.0,399.0,28035.0,28035.0,4390.553302115797,32.7,0.41804082179167834,11.6,49.7,14.0,39938.0,6.627723051383646,138.735,4602.5155872706955,42.383037,-83.102237,0
2627440,1600000US2627440,Farmington Hills city,Farmington Hills city,"Farmington Hills city, Michigan",MI,2022,Farmington Hills,82806.0,83562.0,False,78.0,718.0,166.0,4.0,962.0,962.0,1151.2409947105143,5.7,0.5881792622120509,12.2,35.7,4.8,101728.0,20.468634068117087,33.268,2511.783094865937,42.485648,-83.375961,0
2627440,1600000US2627440,Farmington Hills city,Farmington Hills city,"Farmington Hills city, Michigan",MI,2023,Farmington Hills,82223.0,83316.0,False,91.0,669.0,167.0,4.0,927.0,927.0,1112.631427336886,6.3,0.5934366599440931,11.7,36.0,5.0,101863.0,20.106582169091173,33.268,2504.388601659252,42.485648,-83.375961,0
2627440,1600000US2627440,Farmington Hills city,Farmington Hills city,"Farmington Hills city, Michigan",MI,2024,Farmington Hills,82116.0,83515.0,False,71.0,396.0,92.0,4.0,559.0,559.0,669.3408369753936,7.6,0.5930740679146916,11.2,35.3,5.2,104836.0,19.57492665988146,33.268,2510.3703258386436,42.485648,-83.375961,0
2629000,1600000US2629000,Flint city,Flint city,"Flint city, Michigan",MI,2022,Flint,80059.0,81863.0,False,189.0,689.0,169.0,12.0,1047.0,1047.0,1278.9660774708966,33.3,0.5723996612462282,14.7,45.7,17.6,35451.0,2.5188424562989384,33.44,2448.056220095694,43.02442,-83.691971,0
2629000,1600000US2629000,Flint city,Flint city,"Flint city, Michigan",MI,2023,Flint,79234.0,80835.0,False,319.0,720.0,307.0,30.0,1346.0,1346.0,1665.120306797798,34.4,0.574550390765244,14.0,45.0,17.4,36194.0,2.9529288055916374,33.44,2417.3145933014357,43.02442,-83.691971,0
2629000,1600000US2629000,Flint city,Flint city,"Flint city, Michigan",MI,2024,Flint,79183.0,80175.0,False,220.0,580.0,239.0,16.0,1039.0,1039.0,1295.9151855316495,34.1,0.5775309152326884,13.2,46.2,14.8,37646.0,3.2042407234175245,33.44,2397.5777511961724,43.02442,-83.691971,0
2634000,1600000US2634000,Grand Rapids city,Grand Rapids city,"Grand Rapids city, Michigan",MI,2022,Grand Rapids,196662.0,198096.0,False,546.0,3894.0,1472.0,58.0,5912.0,5912.0,2984.4115984169293,19.0,0.6028319761222387,19.5,45.5,5.6,61634.0,10.527219126080285,44.776,4424.155797748794,42.961156,-85.65557,0
2634000,1600000US2634000,Grand Rapids city,Grand Rapids city,"Grand Rapids city, Michigan",MI,2023,Grand Rapids,196019.0,197768.0,False,639.0,4035.0,1292.0,69.0,5966.0,5966.0,3016.6659924760324,18.6,0.6098486686662832,18.2,45.4,5.0,65526.0,11.322357509809473,44.776,4416.830444881186,42.961156,-85.65557,0
2634000,1600000US2634000,Grand Rapids city,Grand Rapids city,"Grand Rapids city, Michigan",MI,2024,Grand Rapids,195913.0,198535.0,False,524.0,3583.0,753.0,50.0,4860.0,4860.0,2447.931095272874,16.9,0.6090378144775112,17.7,46.0,5.2,69108.0,11.054977711738484,44.776,4433.960157227086,42.961156,-85.65557,0
2642160,1600000US2642160,Kalamazoo city,Kalamazoo city,"Kalamazoo city, Michigan",MI,2022,Kalamazoo,72810.0,73342.0,False,633.0,2251.0,394.0,43.0,3278.0,3278.0,4469.471789697582,26.8,0.5678919471535042,27.0,56.4,8.1,48649.0,7.473207711815877,24.693,2970.153484793261,42.275163,-85.588501,0
2642160,1600000US2642160,Kalamazoo city,Kalamazoo city,"Kalamazoo city, Michigan",MI,2023,Kalamazoo,72565.0,73132.0,False,542.0,2060.0,418.0,38.0,3020.0,3020.0,4129.519225510036,27.0,0.579794670064961,24.4,57.1,6.9,48965.0,8.112727670513593,24.693,2961.6490503381524,42.275163,-85.588501,0
2642160,1600000US2642160,Kalamazoo city,Kalamazoo city,"Kalamazoo city, Michigan",MI,2024,Kalamazoo,73002.0,73076.0,False,453.0,1689.0,375.0,39.0,2517.0,2517.0,3444.3592971700696,24.9,0.5788004352072857,24.1,57.7,6.9,52272.0,7.167880015326509,24.637,2966.1078865121563,42.275163,-85.588501,0
2642820,1600000US2642820,Kentwood city,Kentwood city,"Kentwood city, Michigan",MI,2022,Kentwood,53977.0,54042.0,False,114.0,798.0,291.0,3.0,1203.0,1203.0,2226.046408349062,9.9,0.6159030464089559,15.4,40.6,4.5,66945.0,18.30428185485363,20.915,2583.8871623236914,42.88482,-85.59254,0
2642820,1600000US2642820,Kentwood city,Kentwood city,"Kentwood city, Michigan",MI,2023,Kentwood,53979.0,54114.0,False,127.0,1036.0,332.0,5.0,1495.0,1495.0,2762.686181025243,9.4,0.640903171800812,14.6,39.6,4.8,73647.0,18.318734523413536,20.915,2587.329667702606,42.88482,-85.59254,0
2642820,1600000US2642820,Kentwood city,Kentwood city,"Kentwood city, Michigan",MI,2024,Kentwood,53891.0,54296.0,False,116.0,871.0,189.0,7.0,1176.0,1176.0,2165.905407396493,10.4,0.6568875503873804,13.8,38.7,4.5,74373.0,19.176366583173714,20.915,2596.031556299307,42.88482,-85.59254,0
2646000,1600000US2646000,Lansing city,Lansing city,"Lansing city, Michigan",MI,2022,Lansing,112567.0,112986.0,False,579.0,1797.0,653.0,24.0,3029.0,3029.0,2680.8631157842565,20.0,0.648143786036717,17.7,46.7,8.3,50747.0,9.839272122209831,39.144,2886.4193746168,42.714341,-84.560889,0
2646000,1600000US2646000,Lansing city,Lansing city,"Lansing city, Michigan",MI,2023,Lansing,112529.0,112546.0,False,568.0,1755.0,844.0,26.0,3167.0,3167.0,2813.960513923196,19.9,0.6613178866192467,15.6,46.1,8.1,52170.0,10.136299824071935,39.185,2872.1704733954316,42.714341,-84.560889,0
2646000,1600000US2646000,Lansing city,Lansing city,"Lansing city, Michigan",MI,2024,Lansing,111965.0,113023.0,False,472.0,1600.0,726.0,35.0,2798.0,2798.0,2475.6023110340375,20.1,0.6699494294355506,15.2,46.2,8.2,54382.0,9.849322704228342,39.367,2871.0087128813475,42.714341,-84.560889,0
2649000,1600000US2649000,Livonia city,Livonia city,"Livonia city, Michigan",MI,2022,Livonia,93517.0,94928.0,False,111.0,1257.0,246.0,4.0,1614.0,1614.0,1700.2359683128263,4.5,0.29638971909949885,9.4,12.8,5.0,92458.0,8.096662733861452,35.695,2659.4200868468974,42.397183,-83.372319,0
2649000,1600000US2649000,Livonia city,Livonia city,"Livonia city, Michigan",MI,2023,Livonia,93042.0,94058.0,False,134.0,1033.0,212.0,9.0,1379.0,1379.0,1466.1166514278423,4.7,0.31076520809831765,8.7,12.5,4.6,96317.0,8.186438155180847,35.695,2635.046925339683,42.397183,-83.372319,0
2649000,1600000US2649000,Livonia city,Livonia city,"Livonia city, Michigan",MI,2024,Livonia,91189.0,93851.0,False,75.0,922.0,154.0,6.0,1151.0,1151.0,1226.412078720525,4.7,0.31624391780152084,8.0,12.8,4.6,98460.0,8.373911838978806,35.695,2629.2477938086568,42.397183,-83.372319,0
2659440,1600000US2659440,Novi city,Novi city,"Novi city, Michigan",MI,2022,Novi,66936.0,65870.0,False,18.0,483.0,60.0,0.0,561.0,561.0,851.6775466828602,3.9,0.5878933684123115,13.5,32.1,4.3,110588.0,27.089722180051616,30.244,2177.9526517656395,42.478494,-83.486825,0
2659440,1600000US2659440,Novi city,Novi city,"Novi city, Michigan",MI,2023,Novi,66482.0,66224.0,False,34.0,454.0,81.0,0.0,569.0,569.0,859.2051220101473,4.7,0.6003497988968569,13.6,32.0,3.8,110938.0,27.393392123701375,30.244,2189.6574527178946,42.478494,-83.486825,0
2659440,1600000US2659440,Novi city,Novi city,"Novi city, Michigan",MI,2024,Novi,66366.0,66717.0,False,28.0,355.0,52.0,0.0,435.0,435.0,652.0077341607087,5.4,0.6071952359272854,13.9,33.7,4.3,110723.0,29.166479308122366,30.244,2205.9582065864306,42.478494,-83.486825,0
2665440,1600000US2665440,Pontiac city,Pontiac city,"Pontiac city, Michigan",MI,2022,Pontiac,60581.0,61965.0,False,192.0,718.0,162.0,17.0,1072.0,1072.0,1730.0088759783748,26.7,0.6725665335227589,16.3,57.7,9.5,40307.0,8.585491809892682,19.885,3116.167965803369,42.649228,-83.287363,0
2665440,1600000US2665440,Pontiac city,Pontiac city,"Pontiac city, Michigan",MI,2023,Pontiac,61871.0,61914.0,False,232.0,768.0,187.0,14.0,1187.0,1187.0,1917.17543689634,25.6,0.6868488335136882,15.6,55.8,10.6,42791.0,10.348224957198696,19.885,3113.603218506412,42.649228,-83.287363,0
2665440,1600000US2665440,Pontiac city,Pontiac city,"Pontiac city, Michigan",MI,2024,Pontiac,61644.0,62104.0,False,198.0,614.0,200.0,6.0,1012.0,1012.0,1629.5246682983382,24.4,0.7100909461018204,13.0,53.4,10.1,44329.0,12.137704495684657,19.885,3123.1581594166455,42.649228,-83.287363,0
2669035,1600000US2669035,Rochester Hills city,Rochester Hills city,"Rochester Hills city, Michigan",MI,2022,Rochester Hills,75921.0,76041.0,False,29.0,421.0,60.0,1.0,510.0,510.0,670.690811535882,4.3,0.4221798842238801,11.8,22.7,3.9,115968.0,19.628884417616813,32.804,2318.040482867943,42.663484,-83.159196,0
2669035,1600000US2669035,Rochester Hills city,Rochester Hills city,"Rochester Hills city, Michigan",MI,2023,Rochester Hills,75845.0,76086.0,False,59.0,452.0,72.0,0.0,583.0,583.0,766.2382041374234,4.9,0.43947173876348755,11.7,22.6,3.9,119054.0,19.755276923481325,32.804,2319.412266796732,42.663484,-83.159196,0
2669035,1600000US2669035,Rochester Hills city,Rochester Hills city,"Rochester Hills city, Michigan",MI,2024,Rochester Hills,75960.0,77089.0,False,39.0,320.0,45.0,1.0,404.0,404.0,524.0695819118163,5.2,0.463529131070215,11.3,23.3,4.1,120694.0,20.174084499734075,32.804,2349.987806365077,42.663484,-83.159196,0
2670040,1600000US2670040,Royal Oak city,Royal Oak city,"Royal Oak city, Michigan",MI,2022,Royal Oak,57808.0,58053.0,False,31.0,378.0,52.0,3.0,461.0,461.0,794.1019413294748,6.5,0.30446263272843377,17.7,34.6,3.0,92799.0,6.662877026165745,11.792,4923.083446404342,42.507816,-83.15389,0
2670040,1600000US2670040,Royal Oak city,Royal Oak city,"Royal Oak city, Michigan",MI,2023,Royal Oak,57233.0,57880.0,False,32.0,414.0,89.0,1.0,535.0,535.0,924.3261921216309,6.0,0.33796273979622793,17.4,33.6,3.1,95182.0,6.9730476848652385,11.792,4908.412483039348,42.507816,-83.15389,0
2670040,1600000US2670040,Royal Oak city,Royal Oak city,"Royal Oak city, Michigan",MI,2024,Royal Oak,57257.0,57950.0,False,37.0,353.0,69.0,1.0,459.0,459.0,792.0621225194134,6.2,0.3456695568537037,17.2,32.0,3.5,101109.0,6.502157031924072,11.792,4914.348710990502,42.507816,-83.15389,0
2670760,1600000US2670760,St. Clair Shores city,St. Clair Shores city,"St. Clair Shores city, Michigan",MI,2022,St. Clair Shores,57654.0,58656.0,False,49.0,357.0,99.0,4.0,505.0,505.0,860.9519912711403,7.2,0.22790149512751756,9.1,16.8,4.7,71481.0,4.2382705946535735,11.681,5021.4878863111035,42.493043,-82.890901,0
2670760,1600000US2670760,St. Clair Shores city,St. Clair Shores city,"St. Clair Shores city, Michigan",MI,2023,St. Clair Shores,57257.0,58287.0,False,81.0,412.0,99.0,3.0,592.0,592.0,1015.6638701597269,7.7,0.21785600867350263,8.9,16.6,4.5,72693.0,4.23250467514197,11.681,4989.898125160517,42.493043,-82.890901,0
2670760,1600000US2670760,St. Clair Shores city,St. Clair Shores city,"St. Clair Shores city, Michigan",MI,2024,St. Clair Shores,57157.0,58140.0,False,200.0,320.0,89.0,0.0,609.0,609.0,1047.471620227038,8.4,0.23123320824234928,8.7,16.9,4.4,73500.0,4.318885448916409,11.681,4977.313586165568,42.493043,-82.890901,0
2674900,1600000US2674900,Southfield city,Southfield city,"Southfield city, Michigan",MI,2022,Southfield,75432.0,76107.0,False,240.0,1247.0,501.0,2.0,1988.0,1988.0,2612.1118950950636,11.3,0.5114217364285432,11.5,48.9,6.5,63980.0,7.689174451758708,26.253,2898.9829733744714,42.47464,-83.259509,0
2674900,1600000US2674900,Southfield city,Southfield city,"Southfield city, Michigan",MI,2023,Southfield,74960.0,76025.0,False,242.0,1187.0,643.0,4.0,2072.0,2072.0,2725.419269976981,11.2,0.5256530432656576,10.7,48.1,6.9,65848.0,7.717198290036173,26.253,2895.8595208166685,42.47464,-83.259509,0
2674900,1600000US2674900,Southfield city,Southfield city,"Southfield city, Michigan",MI,2024,Southfield,75454.0,76236.0,False,306.0,1107.0,413.0,9.0,1826.0,1826.0,2395.193871661682,10.3,0.5160590373593664,11.2,46.6,6.9,68166.0,7.089826328768561,26.265,2902.569960022844,42.47464,-83.259509,0
2676460,1600000US2676460,Sterling Heights city,Sterling Heights city,"Sterling Heights city, Michigan",MI,2022,Sterling Heights,132393.0,133744.0,False,82.0,1209.0,256.0,1.0,1547.0,1547.0,1156.6874027993779,10.3,0.34888454155321713,8.9,24.0,5.9,75381.0,27.793396339275034,36.447,3669.547562213625,42.581206,-83.030316,0
2676460,1600000US2676460,Sterling Heights city,Sterling Heights city,"Sterling Heights city, Michigan",MI,2023,Sterling Heights,131801.0,133473.0,False,121.0,1080.0,263.0,11.0,1464.0,1464.0,1096.8510485266684,10.6,0.3750669834875019,8.3,23.6,6.2,78429.0,27.407041124422165,36.447,3662.112107992427,42.581206,-83.030316,0
2676460,1600000US2676460,Sterling Heights city,Sterling Heights city,"Sterling Heights city, Michigan",MI,2024,Sterling Heights,133058.0,133573.0,False,102.0,1050.0,235.0,7.0,1387.0,1387.0,1038.3835056485966,11.1,0.4037386312511112,8.5,24.2,6.1,79909.0,27.962237877415347,36.449,3664.654723037669,42.581206,-83.030316,0
2679000,1600000US2679000,Taylor city,Taylor city,"Taylor city, Michigan",MI,2022,Taylor,61901.0,62937.0,False,170.0,774.0,185.0,3.0,1129.0,1129.0,1793.857349412905,15.9,0.504289936000306,10.0,35.0,7.4,59352.0,5.662805662805663,23.616,2665.015243902439,42.225283,-83.267691,0
2679000,1600000US2679000,Taylor city,Taylor city,"Taylor city, Michigan",MI,2023,Taylor,61781.0,62405.0,False,178.0,842.0,228.0,6.0,1248.0,1248.0,1999.8397564297732,16.7,0.5328733413752127,10.4,34.2,7.0,59537.0,6.662927650028043,23.616,2642.4881436314363,42.225283,-83.267691,0
2679000,1600000US2679000,Taylor city,Taylor city,"Taylor city, Michigan",MI,2024,Taylor,60602.0,62081.0,False,180.0,831.0,211.0,6.0,1222.0,1222.0,1968.3961276396965,18.4,0.5230591602505963,9.1,33.3,7.0,61081.0,6.655820621446175,23.616,2628.7686314363145,42.225283,-83.267691,0
2680700,1600000US2680700,Troy city,Troy city,"Troy city, Michigan",MI,2022,Troy,86548.0,87170.0,False,67.0,1104.0,133.0,2.0,1304.0,1304.0,1495.9274979924285,5.9,0.5271917742733148,9.8,25.0,3.9,115639.0,29.2554778019961,33.447,2606.212814303226,42.583882,-83.145533,0
2680700,1600000US2680700,Troy city,Troy city,"Troy city, Michigan",MI,2023,Troy,87265.0,87307.0,False,61.0,1035.0,133.0,2.0,1229.0,1229.0,1407.6763604292898,5.3,0.5362374949986124,9.9,25.8,4.0,119299.0,29.830368698958846,33.447,2610.3088468323017,42.583882,-83.145533,0
2680700,1600000US2680700,Troy city,Troy city,"Troy city, Michigan",MI,2024,Troy,87422.0,87898.0,False,72.0,948.0,96.0,2.0,1116.0,1116.0,1269.6534619672802,5.4,0.5472685458617458,10.3,26.7,4.4,120045.0,30.859632756149175,33.447,2627.978592997877,42.583882,-83.145533,0
2684000,1600000US2684000,Warren city,Warren city,"Warren city, Michigan",MI,2022,Warren,137138.0,138588.0,False,295.0,1519.0,460.0,22.0,2274.0,2274.0,1640.8347043034028,13.5,0.5550733407060693,10.5,28.9,7.4,61633.0,12.801252633705658,34.377,4031.4163539575875,42.492904,-83.025001,0
2684000,1600000US2684000,Warren city,Warren city,"Warren city, Michigan",MI,2023,Warren,136121.0,138128.0,False,472.0,1514.0,524.0,24.0,2510.0,2510.0,1817.1551025136107,12.8,0.5827586164503713,10.2,29.0,7.4,63741.0,13.734362330591916,34.377,4018.0353143089856,42.492904,-83.025001,0
2684000,1600000US2684000,Warren city,Warren city,"Warren city, Michigan",MI,2024,Warren,135843.0,137928.0,False,278.0,1355.0,478.0,21.0,2111.0,2111.0,1530.508671190766,14.8,0.5975527890837541,10.1,28.9,8.0,64016.0,14.263963807203758,34.377,4012.2174709835062,42.492904,-83.025001,0
2686000,1600000US2686000,Westland city,Westland city,"Westland city, Michigan",MI,2022,Westland,83763.0,84806.0,False,163.0,750.0,166.0,15.0,1079.0,1079.0,1272.315638044478,14.4,0.5428108702103287,10.8,39.7,5.2,59930.0,9.291795391835484,20.432,4150.646045418951,42.319173,-83.380778,0
2686000,1600000US2686000,Westland city,Westland city,"Westland city, Michigan",MI,2023,Westland,83463.0,84155.0,False,178.0,914.0,255.0,10.0,1347.0,1347.0,1600.6179074327133,13.3,0.5568388102789004,11.1,38.9,5.3,62216.0,9.16998395817242,20.432,4118.784259984339,42.319173,-83.380778,0
2686000,1600000US2686000,Westland city,Westland city,"Westland city, Michigan",MI,2024,Westland,81727.0,83633.0,False,161.0,758.0,189.0,11.0,1108.0,1108.0,1324.83589013906,14.3,0.5746424287947387,12.2,38.7,6.0,62076.0,9.13515000059785,20.432,4093.2361002349257,42.319173,-83.380778,0
2688940,1600000US2688940,Wyoming city,Wyoming city,"Wyoming city, Michigan",MI,2022,Wyoming,76726.0,76732.0,False,122.0,868.0,336.0,6.0,1326.0,1326.0,1728.0925819736226,10.9,0.5746342832867342,14.4,33.1,4.6,67234.0,12.616639733097013,24.741,3101.4106139606324,42.890317,-85.706733,0
2688940,1600000US2688940,Wyoming city,Wyoming city,"Wyoming city, Michigan",MI,2023,Wyoming,76712.0,76865.0,False,139.0,1552.0,275.0,11.0,1966.0,1966.0,2557.731086970663,10.9,0.582215627934718,14.0,32.8,4.1,72163.0,12.752227932088728,24.741,3106.7863061315225,42.890317,-85.706733,0
2688940,1600000US2688940,Wyoming city,Wyoming city,"Wyoming city, Michigan",MI,2024,Wyoming,77684.0,77353.0,False,213.0,1277.0,176.0,6.0,1666.0,1666.0,2153.762620712836,10.5,0.5874154144029105,11.7,32.9,4.1,73677.0,13.205693379700852,24.741,3126.5106503374964,42.890317,-85.706733,0
2701900,1600000US2701900,Apple Valley city,Apple Valley city,"Apple Valley city, Minnesota",MN,2022,Apple Valley,55145.0,55594.0,False,57.0,785.0,60.0,2.0,902.0,902.0,1622.4772457459437,5.9,0.4841054920023763,12.8,24.4,4.2,97588.0,12.226139511458072,16.871,3295.240353268923,44.745301,-93.199413,0
2701900,1600000US2701900,Apple Valley city,Apple Valley city,"Apple Valley city, Minnesota",MN,2023,Apple Valley,54995.0,55696.0,False,49.0,925.0,42.0,1.0,1016.0,1016.0,1824.1884515943693,5.9,0.5055945646395283,13.4,27.1,3.9,99277.0,12.047543809250215,16.871,3301.2862308102663,44.745301,-93.199413,0
2701900,1600000US2701900,Apple Valley city,Apple Valley city,"Apple Valley city, Minnesota",MN,2024,Apple Valley,55028.0,55679.0,False,57.0,815.0,46.0,0.0,918.0,918.0,1648.7365074803786,6.0,0.5156383907941342,11.6,26.6,3.1,97673.0,11.695612349359722,16.871,3300.278584553376,44.745301,-93.199413,0
2706382,1600000US2706382,Blaine city,Blaine city,"Blaine city, Minnesota",MN,2022,Blaine,71368.0,70047.0,False,82.0,1198.0,87.0,5.0,1367.0,1367.0,1951.546818564678,6.1,0.43214608574389834,11.7,14.7,4.4,100659.0,13.238254314959955,32.905,2128.7646254368638,45.170515,-93.206089,0
2706382,1600000US2706382,Blaine city,Blaine city,"Blaine city, Minnesota",MN,2023,Blaine,72384.0,71261.0,False,55.0,1121.0,68.0,3.0,1244.0,1244.0,1745.6954014117118,6.4,0.46880848802101804,10.4,15.0,4.5,103382.0,14.055373907186258,32.905,2165.658714481082,45.170515,-93.206089,0
2706382,1600000US2706382,Blaine city,Blaine city,"Blaine city, Minnesota",MN,2024,Blaine,74913.0,72488.0,False,97.0,908.0,52.0,4.0,1057.0,1057.0,1458.1723871537358,7.2,0.4834877536397806,9.6,14.7,4.2,106801.0,13.934720229555236,32.905,2202.9478802613585,45.170515,-93.206089,0
2706616,1600000US2706616,Bloomington city,Bloomington city,"Bloomington city, Minnesota",MN,2022,Bloomington,88745.0,89244.0,False,156.0,2878.0,287.0,9.0,3321.0,3321.0,3721.258572004841,7.9,0.503276465030071,13.7,33.0,4.4,87381.0,13.897853076957556,34.699,2571.9473183665236,44.829666,-93.315217,0
2706616,1600000US2706616,Bloomington city,Bloomington city,"Bloomington city, Minnesota",MN,2023,Bloomington,86793.0,88838.0,False,166.0,2982.0,258.0,7.0,3406.0,3406.0,3833.944933474414,9.1,0.522153263238037,13.3,33.8,4.6,90677.0,13.934352416758594,34.699,2560.2466929882708,44.829666,-93.315217,0
2706616,1600000US2706616,Bloomington city,Bloomington city,"Bloomington city, Minnesota",MN,2024,Bloomington,86598.0,88665.0,False,190.0,2617.0,193.0,13.0,3000.0,3000.0,3383.522246658772,9.2,0.5458121554170403,12.5,34.3,4.8,93211.0,15.418710878024022,34.699,2555.2609585290643,44.829666,-93.315217,0
2707966,1600000US2707966,Brooklyn Park city,Brooklyn Park city,"Brooklyn Park city, Minnesota",MN,2022,Brooklyn Park,82682.0,84951.0,False,245.0,2102.0,380.0,9.0,2727.0,2727.0,3210.0858141752306,8.9,0.7243605794376421,8.4,30.8,3.7,82271.0,24.622429400477923,26.076,3257.8232857800276,45.110906,-93.349088,0
2707966,1600000US2707966,Brooklyn Park city,Brooklyn Park city,"Brooklyn Park city, Minnesota",MN,2023,Brooklyn Park,81920.0,84349.0,False,216.0,1649.0,389.0,4.0,2254.0,2254.0,2672.230850395381,10.3,0.7295163969370919,8.3,30.2,3.7,85964.0,25.926804111489172,26.076,3234.7369228409266,45.110906,-93.349088,0
2707966,1600000US2707966,Brooklyn Park city,Brooklyn Park city,"Brooklyn Park city, Minnesota",MN,2024,Brooklyn Park,80665.0,83876.0,False,211.0,1479.0,309.0,9.0,1999.0,1999.0,2383.28008011827,9.5,0.7317022850549788,8.7,29.7,4.0,89891.0,25.791644809003767,26.076,3216.5976376744898,45.110906,-93.349088,0
2708794,1600000US2708794,Burnsville city,Burnsville city,"Burnsville city, Minnesota",MN,2022,Burnsville,63361.0,64075.0,False,121.0,1263.0,183.0,8.0,1567.0,1567.0,2445.571595786188,8.0,0.5478397029427297,14.6,31.8,4.5,85801.0,14.280140460397972,24.937,2569.47507719453,44.764409,-93.279372,0
2708794,1600000US2708794,Burnsville city,Burnsville city,"Burnsville city, Minnesota",MN,2023,Burnsville,63650.0,64295.0,False,96.0,1065.0,115.0,7.0,1276.0,1276.0,1984.6022241231822,8.7,0.5640675970586986,14.7,33.5,4.7,83953.0,13.291857842756047,24.937,2578.2973092192324,44.764409,-93.279372,0
2708794,1600000US2708794,Burnsville city,Burnsville city,"Burnsville city, Minnesota",MN,2024,Burnsville,64860.0,64463.0,False,66.0,1078.0,81.0,2.0,1225.0,1225.0,1900.3149093278316,10.8,0.5811610205977709,13.1,35.3,5.0,87024.0,14.181778694755131,24.937,2585.034286401732,44.764409,-93.279372,0
2713114,1600000US2713114,Coon Rapids city,Coon Rapids city,"Coon Rapids city, Minnesota",MN,2022,Coon Rapids,63181.0,63296.0,False,151.0,952.0,78.0,7.0,1181.0,1181.0,1865.8367037411526,7.7,0.41558685377770865,12.9,25.2,4.2,85445.0,9.468212841253791,22.6,2800.7079646017696,45.176411,-93.311454,0
2713114,1600000US2713114,Coon Rapids city,Coon Rapids city,"Coon Rapids city, Minnesota",MN,2023,Coon Rapids,62391.0,63348.0,False,117.0,767.0,72.0,8.0,956.0,956.0,1509.1242028161898,8.0,0.4558631059921562,12.8,25.8,4.0,86618.0,9.771421355054619,22.6,2803.008849557522,45.176411,-93.311454,0
2713114,1600000US2713114,Coon Rapids city,Coon Rapids city,"Coon Rapids city, Minnesota",MN,2024,Coon Rapids,63308.0,63468.0,False,120.0,828.0,90.0,7.0,1038.0,1038.0,1635.4698430705237,8.2,0.47589072567351565,11.7,25.2,4.5,88251.0,9.648956954685826,22.6,2808.318584070796,45.176411,-93.311454,0
2717000,1600000US2717000,Duluth city,Duluth city,"Duluth city, Minnesota",MN,2022,Duluth,86144.0,86772.0,False,360.0,1984.0,165.0,10.0,2509.0,2509.0,2891.4857327248424,17.5,0.23806832751290186,20.9,39.4,4.9,63545.0,2.9249066519153644,71.658,1210.9185296826593,46.774458,-92.134135,0
2717000,1600000US2717000,Duluth city,Duluth city,"Duluth city, Minnesota",MN,2023,Duluth,86570.0,86863.0,False,279.0,2086.0,157.0,11.0,2522.0,2522.0,2903.4226310396834,17.2,0.2383843177608037,19.6,39.8,4.8,66263.0,3.1014355939813267,71.658,1212.1884506963634,46.774458,-92.134135,0
2717000,1600000US2717000,Duluth city,Duluth city,"Duluth city, Minnesota",MN,2024,Duluth,88003.0,87093.0,False,242.0,2249.0,109.0,22.0,2600.0,2600.0,2985.3145488156338,16.8,0.24536833207288855,19.0,40.6,4.7,68807.0,3.1093199223818218,71.658,1215.3981411705602,46.774458,-92.134135,0
2717288,1600000US2717288,Eagan city,Eagan city,"Eagan city, Minnesota",MN,2022,Eagan,68518.0,68262.0,False,108.0,1299.0,135.0,1.0,1542.0,1542.0,2258.9434824646214,5.9,0.4578257924673669,12.5,29.7,4.1,104101.0,14.056136649966305,31.18,2189.2880051314946,44.815217,-93.162816,0
2717288,1600000US2717288,Eagan city,Eagan city,"Eagan city, Minnesota",MN,2023,Eagan,66943.0,68158.0,False,77.0,1169.0,80.0,5.0,1326.0,1326.0,1945.4796208808941,6.0,0.4901524756567228,12.5,30.6,3.9,107486.0,14.909475043281786,31.18,2185.952533675433,44.815217,-93.162816,0
2717288,1600000US2717288,Eagan city,Eagan city,"Eagan city, Minnesota",MN,2024,Eagan,66956.0,68000.0,False,104.0,1030.0,51.0,0.0,1185.0,1185.0,1742.6470588235293,5.9,0.5050471496539793,13.3,32.3,3.7,108690.0,14.95,31.18,2180.8851828094935,44.815217,-93.162816,0
2718116,1600000US2718116,Eden Prairie city,Eden Prairie city,"Eden Prairie city, Minnesota",MN,2022,Eden Prairie,62008.0,63623.0,False,77.0,676.0,55.0,1.0,808.0,808.0,1269.980981720447,5.1,0.4835722783742368,13.0,23.7,3.8,129345.0,17.611555569526743,32.496,1957.8717380600688,44.849595,-93.458721,0
2718116,1600000US2718116,Eden Prairie city,Eden Prairie city,"Eden Prairie city, Minnesota",MN,2023,Eden Prairie,61645.0,63249.0,False,56.0,754.0,46.0,0.0,856.0,856.0,1353.3810811238122,6.0,0.4987276620601535,11.4,24.4,3.3,127732.0,16.574175085772108,32.496,1946.3626292466763,44.849595,-93.458721,0
2718116,1600000US2718116,Eden Prairie city,Eden Prairie city,"Eden Prairie city, Minnesota",MN,2024,Eden Prairie,61511.0,63051.0,False,43.0,717.0,27.0,2.0,787.0,787.0,1248.1959049023806,4.6,0.48550329932085734,11.5,23.9,3.6,130489.0,16.283643399787472,32.496,1940.2695716395863,44.849595,-93.458721,0
2718188,1600000US2718188,Edina city,Edina city,"Edina city, Minnesota",MN,2022,Edina,53206.0,53037.0,False,131.0,847.0,74.0,0.0,1052.0,1052.0,1983.5209382129456,4.9,0.3098498933903946,13.8,29.1,3.7,125506.0,9.938344929011823,15.456,3431.4829192546586,44.891123,-93.359752,0
2718188,1600000US2718188,Edina city,Edina city,"Edina city, Minnesota",MN,2023,Edina,51980.0,53125.0,False,119.0,708.0,108.0,2.0,935.0,935.0,1760.0,4.4,0.32907344502698954,14.5,27.6,3.8,129225.0,9.987764705882354,15.456,3437.176501035197,44.891123,-93.359752,0
2718188,1600000US2718188,Edina city,Edina city,"Edina city, Minnesota",MN,2024,Edina,53347.0,53262.0,False,126.0,580.0,89.0,2.0,795.0,795.0,1492.6213810972176,4.7,0.34802517726476845,14.1,27.6,3.9,128767.0,9.410085990011641,15.458,3445.5945141674215,44.891123,-93.359752,0
2735180,1600000US2735180,Lakeville city,Lakeville city,"Lakeville city, Minnesota",MN,2022,Lakeville,75548.0,70696.0,False,56.0,399.0,54.0,9.0,509.0,509.0,719.9841575195202,3.8,0.35353858500608426,11.2,12.6,2.5,129069.0,8.529478329749915,36.915,1915.1022619531357,44.676134,-93.251743,0
2735180,1600000US2735180,Lakeville city,Lakeville city,"Lakeville city, Minnesota",MN,2023,Lakeville,76929.0,72480.0,False,30.0,471.0,33.0,5.0,534.0,534.0,736.7549668874173,3.3,0.3647902599453485,10.6,12.2,2.3,138119.0,8.641004415011038,36.915,1963.4295002031695,44.676134,-93.251743,0
2735180,1600000US2735180,Lakeville city,Lakeville city,"Lakeville city, Minnesota",MN,2024,Lakeville,78436.0,74354.0,False,42.0,378.0,28.0,1.0,448.0,448.0,602.5230653360949,2.9,0.4057638668342012,10.0,12.2,2.0,139041.0,9.922801732253813,36.915,2014.194771772992,44.676134,-93.251743,0
2740166,1600000US2740166,Maple Grove city,Maple Grove city,"Maple Grove city, Minnesota",MN,2022,Maple Grove,70935.0,70110.0,False,103.0,1204.0,64.0,4.0,1371.0,1371.0,1955.4985023534446,4.5,0.36713936518160895,11.7,16.4,4.0,127001.0,11.474825274568536,32.573,2152.3961563257913,45.112764,-93.462975,0
2740166,1600000US2740166,Maple Grove city,Maple Grove city,"Maple Grove city, Minnesota",MN,2023,Maple Grove,70729.0,70539.0,False,68.0,1141.0,73.0,3.0,1282.0,1282.0,1817.4343271098257,3.9,0.3627555582584242,11.2,17.1,3.8,129481.0,11.739605041182893,32.573,2165.5665735425046,45.112764,-93.462975,0
2740166,1600000US2740166,Maple Grove city,Maple Grove city,"Maple Grove city, Minnesota",MN,2024,Maple Grove,71622.0,71173.0,False,103.0,1134.0,26.0,4.0,1263.0,1263.0,1774.5493375296812,4.0,0.39718425042188144,10.6,17.7,3.5,132731.0,11.507172663791044,32.573,2185.0305467718663,45.112764,-93.462975,0
2743000,1600000US2743000,Minneapolis city,Minneapolis city,"Minneapolis city, Minnesota",MN,2022,Minneapolis,421690.0,426877.0,False,2552.0,13498.0,6141.0,102.0,22191.0,22191.0,5198.4529501472325,16.8,0.5906714539354456,22.6,51.9,5.8,76332.0,14.47278724316372,54.0,7905.12962962963,44.963324,-93.26832,0
2743000,1600000US2743000,Minneapolis city,Minneapolis city,"Minneapolis city, Minnesota",MN,2023,Minneapolis,422341.0,426845.0,False,2558.0,11852.0,7774.0,134.0,22184.0,22184.0,5197.202731670747,16.4,0.5960814295255825,22.5,52.0,5.7,80269.0,14.120113858660638,54.0,7904.537037037037,44.963324,-93.26832,0
2743000,1600000US2743000,Minneapolis city,Minneapolis city,"Minneapolis city, Minnesota",MN,2024,Minneapolis,423282.0,427246.0,False,2619.0,12603.0,6547.0,112.0,21769.0,21769.0,5095.191060887639,16.0,0.6035215763397184,21.5,52.3,5.9,80846.0,13.687196603361999,54.0,7911.962962962963,44.963324,-93.26832,0
2743252,1600000US2743252,Minnetonka city,Minnetonka city,"Minnetonka city, Minnesota",MN,2022,Minnetonka,52309.0,53529.0,False,102.0,735.0,71.0,2.0,908.0,908.0,1696.2767845466942,4.5,0.31188701416649933,14.2,27.8,2.5,114867.0,10.422387864522035,26.913,1988.9644409764796,44.93256,-93.456705,0
2743252,1600000US2743252,Minnetonka city,Minnetonka city,"Minnetonka city, Minnesota",MN,2023,Minnetonka,51791.0,53256.0,False,95.0,747.0,42.0,0.0,884.0,884.0,1659.9068649541834,4.8,0.3381934745556814,12.6,27.5,2.2,120496.0,10.663587201442091,26.912,1978.894173602854,44.93256,-93.456705,0
2743252,1600000US2743252,Minnetonka city,Minnetonka city,"Minnetonka city, Minnesota",MN,2024,Minnetonka,51935.0,53064.0,False,98.0,713.0,40.0,3.0,851.0,851.0,1603.7238052163425,5.9,0.3365896422910367,11.8,28.4,3.0,119517.0,11.269410523141866,26.929,1970.5150581157861,44.93256,-93.456705,0
2751730,1600000US2751730,Plymouth city,Plymouth city,"Plymouth city, Minnesota",MN,2022,Plymouth,78585.0,79918.0,False,175.0,727.0,84.0,0.0,986.0,986.0,1233.764608723942,3.6,0.43757328676242846,13.6,25.4,2.1,130131.0,13.760354363222302,32.711,2443.1536791904864,45.022312,-93.462883,0
2751730,1600000US2751730,Plymouth city,Plymouth city,"Plymouth city, Minnesota",MN,2023,Plymouth,77576.0,79526.0,False,132.0,639.0,73.0,3.0,844.0,844.0,1061.2881321831853,4.1,0.4459838634900899,12.8,25.3,2.0,133865.0,13.588008953046801,32.711,2431.1699428326865,45.022312,-93.462883,0
2751730,1600000US2751730,Plymouth city,Plymouth city,"Plymouth city, Minnesota",MN,2024,Plymouth,76577.0,79220.0,False,103.0,636.0,45.0,2.0,784.0,784.0,989.6490785155264,4.3,0.4467006188397976,11.1,24.9,2.3,136534.0,13.549608684675588,32.711,2421.815291492159,45.022312,-93.462883,0
2754880,1600000US2754880,Rochester city,Rochester city,"Rochester city, Minnesota",MN,2022,Rochester,121534.0,120848.0,False,277.0,1855.0,144.0,5.0,2276.0,2276.0,1883.3576062491725,9.1,0.4512170208302829,17.8,34.5,3.7,83973.0,13.97788958029922,55.762,2167.2106452422795,44.015442,-92.47721,0
2754880,1600000US2754880,Rochester city,Rochester city,"Rochester city, Minnesota",MN,2023,Rochester,122035.0,121638.0,False,223.0,1566.0,154.0,2.0,1943.0,1943.0,1597.3626662720533,9.1,0.4682126977088463,17.2,34.6,3.8,87767.0,14.081948075436953,56.486,2153.4185461884363,44.014299,-92.478592,0
2754880,1600000US2754880,Rochester city,Rochester city,"Rochester city, Minnesota",MN,2024,Rochester,122694.0,122330.0,False,213.0,1354.0,112.0,5.0,1679.0,1679.0,1372.5169623150496,8.5,0.4793392261133852,17.0,34.9,3.7,89389.0,13.32624867162593,56.666,2158.7901034129814,44.014299,-92.478592,0
2756896,1600000US2756896,St. Cloud city,St. Cloud city,"St. Cloud city, Minnesota",MN,2022,St. Cloud,68925.0,68910.0,False,241.0,2467.0,241.0,11.0,2949.0,2949.0,4279.494993469743,19.8,0.48818108523668335,24.7,51.8,7.1,58910.0,12.330576113771587,40.169,1715.502004032961,45.526658,-94.171007,0
2756896,1600000US2756896,St. Cloud city,St. Cloud city,"St. Cloud city, Minnesota",MN,2023,St. Cloud,69922.0,69926.0,False,159.0,2104.0,161.0,10.0,2424.0,2424.0,3466.521751565941,18.5,0.5135045434938195,22.2,51.4,6.5,61112.0,12.666247175585617,40.222,1738.501317686838,45.526658,-94.171007,0
2756896,1600000US2756896,St. Cloud city,St. Cloud city,"St. Cloud city, Minnesota",MN,2024,St. Cloud,71492.0,70629.0,False,178.0,1788.0,118.0,15.0,2084.0,2084.0,2950.6293448866613,20.2,0.5366609136496879,22.9,51.4,6.0,61374.0,13.491625253083011,40.216,1756.2412969962204,45.526658,-94.171007,0
2758000,1600000US2758000,St. Paul city,St. Paul city,"St. Paul city, Minnesota",MN,2022,St. Paul,277533.0,308806.0,False,1505.0,8206.0,3189.0,196.0,12900.0,12900.0,4177.3799731870495,16.7,0.6693042831472134,16.9,47.0,5.0,69919.0,18.829297358211953,51.973,5941.662016816424,44.948901,-93.104063,0
2758000,1600000US2758000,St. Paul city,St. Paul city,"St. Paul city, Minnesota",MN,2023,St. Paul,300368.0,307762.0,False,1305.0,5896.0,2081.0,178.0,9282.0,9282.0,3015.966883500887,15.7,0.6746929885980217,16.6,46.8,4.9,73055.0,18.70601308803556,51.973,5921.574663767726,44.948901,-93.104063,0
2758000,1600000US2758000,St. Paul city,St. Paul city,"St. Paul city, Minnesota",MN,2024,St. Paul,304051.0,307284.0,False,1424.0,5727.0,1466.0,166.0,8617.0,8617.0,2804.246234753518,15.6,0.680933726968302,16.3,47.1,5.4,73394.0,18.179599328308665,51.98,5911.581377452867,44.948901,-93.104063,0
2771428,1600000US2771428,Woodbury city,Woodbury city,"Woodbury city, Minnesota",MN,2022,Woodbury,78531.0,75549.0,False,116.0,943.0,100.0,7.0,1159.0,1159.0,1534.1036942911223,4.3,0.4240383926698751,14.5,20.0,3.2,125097.0,12.211941918489986,34.894,2165.100017194933,44.906283,-92.923703,0
2771428,1600000US2771428,Woodbury city,Woodbury city,"Woodbury city, Minnesota",MN,2023,Woodbury,80153.0,76945.0,False,100.0,896.0,45.0,3.0,1041.0,1041.0,1352.9144193904738,4.9,0.462808444177203,14.6,22.0,3.5,126222.0,12.78835531873416,34.894,2205.1068951682237,44.906283,-92.923703,0
2771428,1600000US2771428,Woodbury city,Woodbury city,"Woodbury city, Minnesota",MN,2024,Woodbury,80940.0,78305.0,False,106.0,832.0,17.0,2.0,955.0,955.0,1219.5900644914118,5.3,0.5011441698654503,13.9,22.4,3.9,125310.0,14.189387650852437,34.895,2244.0177675884797,44.906283,-92.923703,0
2869280,1600000US2869280,Southaven city,Southaven city,"Southaven city, Mississippi",MS,2022,Southaven,56092.0,54908.0,False,145.0,1444.0,243.0,3.0,1832.0,1832.0,3336.4901289429595,13.2,0.5656732381194982,12.4,29.1,4.1,72513.0,4.092299847016828,41.334,1328.39792906566,34.951005,-89.977669,0
2869280,1600000US2869280,Southaven city,Southaven city,"Southaven city, Mississippi",MS,2023,Southaven,57135.0,55531.0,False,145.0,1412.0,300.0,2.0,1857.0,1857.0,3344.0780825124707,12.3,0.5758173535025148,13.3,28.4,3.9,76159.0,3.7600619473807426,41.334,1343.470266608603,34.951005,-89.977669,0
2869280,1600000US2869280,Southaven city,Southaven city,"Southaven city, Mississippi",MS,2024,Southaven,57537.0,56226.0,False,98.0,928.0,139.0,2.0,1165.0,1165.0,2071.995162380393,12.6,0.5842110936327012,10.2,27.5,3.3,78483.0,3.4290186034930463,41.298,1361.470289118117,34.951005,-89.977669,0
2906652,1600000US2906652,Blue Springs city,Blue Springs city,"Blue Springs city, Missouri",MO,2022,Blue Springs,60093.0,58720.0,False,80.0,1052.0,173.0,5.0,1305.0,1305.0,2222.411444141689,6.4,0.3283290075887786,13.8,31.1,4.0,82965.0,1.994209809264305,22.459,2614.5420544102585,39.012001,-94.267612,0
2906652,1600000US2906652,Blue Springs city,Blue Springs city,"Blue Springs city, Missouri",MO,2023,Blue Springs,59896.0,59416.0,False,94.0,1104.0,205.0,2.0,1403.0,1403.0,2361.3168170189847,7.0,0.3710599021490608,11.7,31.3,3.4,84075.0,2.549818230779588,22.68,2619.7530864197533,39.012001,-94.267612,0
2906652,1600000US2906652,Blue Springs city,Blue Springs city,"Blue Springs city, Missouri",MO,2024,Blue Springs,61096.0,59965.0,False,105.0,1198.0,193.0,1.0,1496.0,1496.0,2494.7886266989076,7.0,0.3752440292357929,12.0,31.1,3.5,88920.0,2.8800133411156508,22.779,2632.468501690153,39.012001,-94.267612,0
2915670,1600000US2915670,Columbia city,Columbia city,"Columbia city, Missouri",MO,2022,Columbia,127862.0,126172.0,False,397.0,2487.0,459.0,23.0,3343.0,3343.0,2649.5577465681768,21.4,0.43786703485656453,25.3,51.2,4.0,60455.0,8.341787401325176,67.175,1878.2582806103462,38.94729,-92.326387,0
2915670,1600000US2915670,Columbia city,Columbia city,"Columbia city, Missouri",MO,2023,Columbia,129602.0,127200.0,False,398.0,2410.0,447.0,29.0,3255.0,3255.0,2558.9622641509436,20.0,0.45223908110339783,23.8,50.6,3.9,64488.0,8.058962264150942,67.31,1889.7637795275589,38.94729,-92.326387,0
2915670,1600000US2915670,Columbia city,Columbia city,"Columbia city, Missouri",MO,2024,Columbia,130354.0,128548.0,False,434.0,2093.0,494.0,30.0,3021.0,3021.0,2350.0949061829047,19.3,0.46331072467002143,22.5,51.3,4.0,66498.0,8.090363132837538,67.556,1902.8361655515425,38.94729,-92.326387,0
2924778,1600000US2924778,Florissant city,Florissant city,"Florissant city, Missouri",MO,2022,Florissant,51565.0,52167.0,False,86.0,684.0,427.0,4.0,1197.0,1197.0,2294.554028408764,9.2,0.5872635916221891,12.0,34.0,6.4,64178.0,3.9335211915578814,12.552,4156.070745697897,38.799725,-90.327076,0
2924778,1600000US2924778,Florissant city,Florissant city,"Florissant city, Missouri",MO,2023,Florissant,51045.0,51915.0,False,79.0,689.0,395.0,6.0,1163.0,1163.0,2240.2003274583453,9.5,0.588756799682439,10.7,33.5,5.1,66344.0,3.642492535875951,12.552,4135.994263862332,38.799725,-90.327076,0
2924778,1600000US2924778,Florissant city,Florissant city,"Florissant city, Missouri",MO,2024,Florissant,50695.0,51773.0,False,75.0,548.0,306.0,4.0,929.0,929.0,1794.3715836439844,10.1,0.5954406376154624,10.4,32.9,5.1,65318.0,4.060031290440964,12.552,4124.68132568515,38.799725,-90.327076,0
2935000,1600000US2935000,Independence city,Independence city,"Independence city, Missouri",MO,2022,Independence,121255.0,122218.0,False,446.0,2655.0,911.0,10.0,4012.0,4012.0,3282.658855487735,15.1,0.4456831046528783,10.2,39.5,6.2,57415.0,4.284966207923546,77.966,1567.580740322705,39.085469,-94.352082,0
2935000,1600000US2935000,Independence city,Independence city,"Independence city, Missouri",MO,2023,Independence,120326.0,121944.0,False,226.0,966.0,405.0,9.0,1597.0,1597.0,1309.617529357738,15.3,0.49218286422812074,11.0,39.0,6.0,59480.0,5.314734632290231,77.989,1563.60512379951,39.085469,-94.352082,0
2935000,1600000US2935000,Independence city,Independence city,"Independence city, Missouri",MO,2024,Independence,120271.0,121740.0,False,490.0,2768.0,980.0,18.0,4238.0,4238.0,3481.1894200755705,15.8,0.49882925065872386,10.8,39.1,5.6,60339.0,5.723673402332841,77.989,1560.9893702958109,39.085469,-94.352082,0
2937592,1600000US2937592,Joplin city,Joplin city,"Joplin city, Missouri",MO,2022,Joplin,51989.0,51848.0,False,495.0,2323.0,354.0,36.0,3172.0,3172.0,6117.883042740318,17.3,0.31284566653487567,17.2,42.4,4.9,50996.0,3.367535874093504,38.081,1361.5188676767941,37.075218,-94.501259,0
2937592,1600000US2937592,Joplin city,Joplin city,"Joplin city, Missouri",MO,2023,Joplin,52881.0,52218.0,False,332.0,2066.0,289.0,43.0,2687.0,2687.0,5145.735187100234,17.9,0.3185534773029334,16.6,44.1,5.7,51154.0,3.946914856945881,38.081,1371.2349990809064,37.075218,-94.501259,0
2937592,1600000US2937592,Joplin city,Joplin city,"Joplin city, Missouri",MO,2024,Joplin,53533.0,52593.0,False,223.0,1766.0,217.0,27.0,2206.0,2206.0,4194.474549845037,16.9,0.3311221443573419,16.9,46.6,5.3,52097.0,3.9263780350997277,38.081,1381.0824295580471,37.075218,-94.501259,0
2938000,1600000US2938000,Kansas City city,Kansas City city,"Kansas City city, Missouri",MO,2022,Kansas City,508856.0,505958.0,False,2886.0,15023.0,6086.0,134.0,23995.0,23995.0,4742.48850695117,14.9,0.6128122667108666,17.0,46.0,4.8,65256.0,8.182299716577266,314.728,1607.6040263338502,39.122361,-94.555117,0
2938000,1600000US2938000,Kansas City city,Kansas City city,"Kansas City city, Missouri",MO,2023,Kansas City,509855.0,508233.0,False,2802.0,13426.0,9053.0,112.0,25281.0,25281.0,4974.293286740531,14.6,0.620360626390654,16.4,45.4,4.7,67449.0,8.463440980809983,314.68,1615.0788102199058,39.122361,-94.555117,0
2938000,1600000US2938000,Kansas City city,Kansas City city,"Kansas City city, Missouri",MO,2024,Kansas City,511535.0,510612.0,False,2508.0,12555.0,8857.0,89.0,23920.0,23920.0,4684.574588924663,14.6,0.6259727143424626,15.7,44.6,4.4,69166.0,8.569324653552991,314.515,1623.490135605615,39.125155,-94.550313,0
2941348,1600000US2941348,Lee's Summit city,Lee's Summit city,"Lee's Summit city, Missouri",MO,2022,Lee's Summit,103976.0,101728.0,False,155.0,1719.0,307.0,3.0,2181.0,2181.0,2143.952500786411,5.3,0.3608663571790256,13.1,24.9,3.8,103447.0,4.287905001572822,63.895,1592.112058846545,38.921601,-94.384763,0
2941348,1600000US2941348,Lee's Summit city,Lee's Summit city,"Lee's Summit city, Missouri",MO,2023,Lee's Summit,104402.0,102583.0,False,135.0,1815.0,325.0,8.0,2275.0,2275.0,2217.7163857559244,5.5,0.3830286964469022,11.9,26.4,3.9,104989.0,4.1771053683358845,63.894,1605.518515040536,38.921601,-94.384763,0
2941348,1600000US2941348,Lee's Summit city,Lee's Summit city,"Lee's Summit city, Missouri",MO,2024,Lee's Summit,105053.0,103656.0,False,135.0,1966.0,309.0,3.0,2410.0,2410.0,2324.9980705410203,5.7,0.38963213973310806,11.5,26.6,3.8,102531.0,4.333564868410898,63.894,1622.311954174101,38.921601,-94.384763,0
2954074,1600000US2954074,O'Fallon city,O'Fallon city,"O'Fallon city, Missouri",MO,2022,O'Fallon,95689.0,91825.0,False,44.0,581.0,63.0,3.0,688.0,688.0,749.2512932208004,4.5,0.3078250908295491,9.7,19.1,3.1,104863.0,5.397222978491696,30.503,3010.3596367570403,38.784674,-90.720738,0
2954074,1600000US2954074,O'Fallon city,O'Fallon city,"O'Fallon city, Missouri",MO,2023,O'Fallon,94702.0,92697.0,False,47.0,569.0,44.0,3.0,660.0,660.0,711.997152011392,4.7,0.3291782825900408,9.5,19.8,2.7,107203.0,5.415493489541193,30.525,3036.756756756757,38.784674,-90.720738,0
2954074,1600000US2954074,O'Fallon city,O'Fallon city,"O'Fallon city, Missouri",MO,2024,O'Fallon,94911.0,93801.0,False,29.0,392.0,34.0,5.0,455.0,455.0,485.0694555495144,5.4,0.35808457851334863,9.4,19.0,2.7,110443.0,6.2824490144028315,30.551,3070.3086642008448,38.784674,-90.720738,0
2964082,1600000US2964082,St. Charles city,St. Charles city,"St. Charles city, Missouri",MO,2022,St. Charles,71079.0,70687.0,False,197.0,877.0,168.0,3.0,1242.0,1242.0,1757.0416059530044,5.9,0.35626698298065906,15.3,33.2,2.5,83589.0,5.493230721349046,25.169,2808.4945766617666,38.795702,-90.515364,0
2964082,1600000US2964082,St. Charles city,St. Charles city,"St. Charles city, Missouri",MO,2023,St. Charles,71408.0,71048.0,False,86.0,492.0,110.0,2.0,688.0,688.0,968.3594189843486,6.0,0.3864559796960553,15.4,32.1,2.3,85522.0,6.546278572232857,25.201,2819.253204237927,38.795702,-90.515364,0
2964082,1600000US2964082,St. Charles city,St. Charles city,"St. Charles city, Missouri",MO,2024,St. Charles,72143.0,71508.0,False,39.0,507.0,94.0,2.0,640.0,640.0,895.0047547127594,7.3,0.3834856393731677,14.2,32.0,2.9,85937.0,6.225876824970633,25.211,2836.3809448256716,38.795702,-90.515364,0
2964550,1600000US2964550,St. Joseph city,St. Joseph city,"St. Joseph city, Missouri",MO,2022,St. Joseph,70918.0,72198.0,False,362.0,2251.0,455.0,17.0,3068.0,3068.0,4249.4251918335685,18.1,0.36303772067463813,17.2,40.1,5.1,54515.0,4.3740823845535886,44.036,1639.522209101644,39.75946,-94.821143,0
2964550,1600000US2964550,St. Joseph city,St. Joseph city,"St. Joseph city, Missouri",MO,2023,St. Joseph,69925.0,71542.0,False,373.0,1832.0,427.0,16.0,2632.0,2632.0,3678.9578149897966,18.7,0.3686780074408147,15.9,38.6,4.7,55578.0,4.173772049984625,44.036,1624.6253065673538,39.75946,-94.821143,0
2964550,1600000US2964550,St. Joseph city,St. Joseph city,"St. Joseph city, Missouri",MO,2024,St. Joseph,70139.0,71236.0,False,376.0,1946.0,379.0,12.0,2701.0,2701.0,3791.6222134875625,17.7,0.3873053402261677,14.8,37.2,4.3,57956.0,4.480880453703183,44.036,1617.6764465437368,39.75946,-94.821143,0
2965000,1600000US2965000,St. Louis city,St. Louis city,"St. Louis city, Missouri",MO,2022,St. Louis,286053.0,298018.0,False,2306.0,11150.0,7294.0,139.0,20750.0,20750.0,6962.666684562678,20.2,0.6059016759437451,15.7,55.1,5.4,52941.0,6.334852257246207,61.72,4828.548282566429,38.635699,-90.244582,0
2965000,1600000US2965000,St. Louis city,St. Louis city,"St. Louis city, Missouri",MO,2023,St. Louis,280108.0,293109.0,False,2104.0,9619.0,6203.0,103.0,17926.0,17926.0,6115.813571060595,19.8,0.6141594392846373,14.5,54.6,5.0,55279.0,6.6084630632290375,61.72,4749.0116655865195,38.635699,-90.244582,0
2965000,1600000US2965000,St. Louis city,St. Louis city,"St. Louis city, Missouri",MO,2024,St. Louis,277294.0,288512.0,False,2273.0,9462.0,4090.0,93.0,15825.0,15825.0,5485.0404835847385,20.6,0.6195498229810021,14.5,54.7,5.0,56160.0,7.088093389529725,61.72,4674.5301360985095,38.635699,-90.244582,0
2965126,1600000US2965126,St. Peters city,St. Peters city,"St. Peters city, Missouri",MO,2022,St. Peters,58584.0,57692.0,False,67.0,779.0,62.0,3.0,908.0,908.0,1573.87506066699,4.0,0.24855121920237921,9.9,19.1,2.9,88708.0,3.095749843999168,22.463,2568.312335841161,38.781565,-90.604168,0
2965126,1600000US2965126,St. Peters city,St. Peters city,"St. Peters city, Missouri",MO,2023,St. Peters,58937.0,58200.0,False,43.0,769.0,60.0,4.0,872.0,872.0,1498.2817869415808,5.1,0.2737623085461909,8.7,19.1,2.3,89827.0,3.1890034364261166,22.479,2589.0831442679837,38.781565,-90.604168,0
2965126,1600000US2965126,St. Peters city,St. Peters city,"St. Peters city, Missouri",MO,2024,St. Peters,59993.0,59092.0,False,37.0,541.0,57.0,1.0,635.0,635.0,1074.595545928383,5.6,0.2714715733594405,9.5,21.0,2.3,91637.0,3.795776077980099,22.508,2625.377643504532,38.78352,-90.605075,0
2970000,1600000US2970000,Springfield city,Springfield city,"Springfield city, Missouri",MO,2022,Springfield,169822.0,168873.0,False,1368.0,5819.0,1149.0,21.0,8336.0,8336.0,4936.253871252361,20.3,0.2863178485328083,20.5,57.7,4.8,43450.0,3.5867190136966833,83.113,2031.848206658405,37.194157,-93.292642,0
2970000,1600000US2970000,Springfield city,Springfield city,"Springfield city, Missouri",MO,2023,Springfield,170521.0,169432.0,False,1278.0,4755.0,977.0,29.0,7010.0,7010.0,4137.353038387081,19.4,0.3063042288435551,21.2,57.1,4.3,45984.0,3.7979838519287976,83.206,2036.295459462058,37.194157,-93.292642,0
2970000,1600000US2970000,Springfield city,Springfield city,"Springfield city, Missouri",MO,2024,Springfield,170527.0,169954.0,False,1239.0,5118.0,779.0,29.0,7136.0,7136.0,4198.783200160043,18.4,0.3256743016938294,21.4,56.1,4.3,49311.0,4.1058168680937195,83.297,2040.3375871880141,37.194157,-93.292642,0
3006550,1600000US3006550,Billings city,Billings city,"Billings city, Montana",MT,2022,Billings,117866.0,117093.0,False,674.0,3613.0,801.0,28.0,5088.0,5088.0,4345.264020906459,11.1,0.29434691085685594,17.6,35.2,3.6,69692.0,2.0274482676163395,45.287,2585.576434738446,45.788538,-108.552475,0
3006550,1600000US3006550,Billings city,Billings city,"Billings city, Montana",MT,2023,Billings,121365.0,118321.0,False,420.0,3305.0,643.0,33.0,4368.0,4368.0,3691.6523694018815,10.6,0.2989113548746908,17.1,35.2,3.5,71855.0,1.9759805951606222,45.572,2596.3530237865352,45.788538,-108.552475,0
3006550,1600000US3006550,Billings city,Billings city,"Billings city, Montana",MT,2024,Billings,122105.0,119434.0,False,445.0,2808.0,512.0,37.0,3765.0,3765.0,3152.3686722373864,9.8,0.3099348013852036,15.5,35.2,3.5,73712.0,2.0823216169599945,46.059,2593.0654160967456,45.788538,-108.552475,0
3008950,1600000US3008950,Bozeman city,Bozeman city,"Bozeman city, Montana",MT,2022,Bozeman,55997.0,53500.0,False,76.0,848.0,72.0,6.0,996.0,996.0,1861.6822429906542,14.7,0.2418751471744257,28.8,56.3,2.8,74113.0,4.626168224299065,20.863,2564.3483679240762,45.683155,-111.053782,0
3008950,1600000US3008950,Bozeman city,Bozeman city,"Bozeman city, Montana",MT,2023,Bozeman,57424.0,55042.0,False,52.0,979.0,64.0,2.0,1095.0,1095.0,1989.389920424403,14.8,0.2596641789902323,28.4,55.4,3.1,79903.0,5.197848915373714,21.377,2574.823408336062,45.683155,-111.053782,0
3008950,1600000US3008950,Bozeman city,Bozeman city,"Bozeman city, Montana",MT,2024,Bozeman,58509.0,56114.0,False,84.0,886.0,57.0,13.0,1027.0,1027.0,1830.2028014399257,13.7,0.2753216146506495,27.2,55.3,3.0,85747.0,4.759952952917276,21.409,2621.0472231304593,45.683155,-111.053782,0
3032800,1600000US3032800,Great Falls city,Great Falls city,"Great Falls city, Montana",MT,2022,Great Falls,60386.0,60373.0,False,236.0,2290.0,182.0,12.0,2708.0,2708.0,4485.448793334769,15.0,0.30480312916226115,18.8,33.8,3.4,58272.0,1.523860003644013,23.113,2612.079781940899,47.502518,-111.29997,0
3032800,1600000US3032800,Great Falls city,Great Falls city,"Great Falls city, Montana",MT,2023,Great Falls,60358.0,60412.0,False,261.0,2438.0,123.0,15.0,2822.0,2822.0,4671.257366086208,14.0,0.30527094734762417,18.2,31.6,3.2,63934.0,1.7049592796133217,23.132,2611.6202662977694,47.502518,-111.29997,0
3032800,1600000US3032800,Great Falls city,Great Falls city,"Great Falls city, Montana",MT,2024,Great Falls,60414.0,60329.0,False,240.0,1698.0,132.0,15.0,2070.0,2070.0,3431.185665268776,14.5,0.3142227763890614,16.4,33.9,3.7,63373.0,2.163138788973794,23.132,2608.032163237074,47.502518,-111.29997,0
3050200,1600000US3050200,Missoula city,Missoula city,"Missoula city, Montana",MT,2022,Missoula,75705.0,74627.0,False,259.0,2260.0,164.0,10.0,2683.0,2683.0,3595.2135286156486,14.6,0.2558282656591746,24.0,53.1,4.6,59783.0,3.6662334007798787,34.768,2146.427749654855,46.874359,-114.026136,0
3050200,1600000US3050200,Missoula city,Missoula city,"Missoula city, Montana",MT,2023,Missoula,78269.0,75600.0,False,256.0,2484.0,159.0,22.0,2899.0,2899.0,3834.656084656084,12.8,0.2683056192435823,22.3,52.2,4.7,65329.0,2.7843915343915344,34.814,2171.5401849830528,46.874359,-114.026136,0
3050200,1600000US3050200,Missoula city,Missoula city,"Missoula city, Montana",MT,2024,Missoula,78911.0,76514.0,False,255.0,2453.0,156.0,21.0,2864.0,2864.0,3743.1058368403164,11.8,0.2750766293211969,20.9,53.0,3.8,70392.0,2.9066576051441566,35.027,2184.4291546521254,46.874359,-114.026136,0
3103950,1600000US3103950,Bellevue city,Bellevue city,"Bellevue city, Nebraska",NE,2022,Bellevue,63178.0,63336.0,False,73.0,682.0,128.0,4.0,883.0,883.0,1394.1518251863079,8.4,0.5015181591883352,13.7,36.6,2.9,79839.0,8.958570165466718,21.487,2947.642760739052,41.154416,-95.943363,0
3103950,1600000US3103950,Bellevue city,Bellevue city,"Bellevue city, Nebraska",NE,2023,Bellevue,62372.0,64355.0,False,62.0,770.0,163.0,5.0,995.0,995.0,1546.1114132546033,7.6,0.5008262738006212,13.9,34.5,2.6,87343.0,9.379224613472147,22.145,2906.073605780086,41.163304,-95.903265,0
3103950,1600000US3103950,Bellevue city,Bellevue city,"Bellevue city, Nebraska",NE,2024,Bellevue,63510.0,64510.0,False,62.0,578.0,79.0,5.0,719.0,719.0,1114.555882808867,7.8,0.5009482974824633,13.2,34.5,3.2,85462.0,9.767477910401489,22.883,2819.1233666914304,41.144932,-95.93856,0
3119595,1600000US3119595,Grand Island city,Grand Island city,"Grand Island city, Nebraska",NE,2022,Grand Island,51733.0,52822.0,False,191.0,992.0,150.0,9.0,1333.0,1333.0,2523.5697247359053,13.7,0.5328967158903068,21.4,41.4,3.1,59061.0,16.936125099390406,30.086,1755.700325732899,40.921868,-98.358735,0
3119595,1600000US3119595,Grand Island city,Grand Island city,"Grand Island city, Nebraska",NE,2023,Grand Island,52264.0,52761.0,False,143.0,842.0,102.0,6.0,1087.0,1087.0,2060.233884877087,12.5,0.5453149756699528,19.2,40.5,3.6,62439.0,18.55537233941737,30.117,1751.8677159079589,40.921352,-98.358559,0
3119595,1600000US3119595,Grand Island city,Grand Island city,"Grand Island city, Nebraska",NE,2024,Grand Island,52488.0,52884.0,False,127.0,745.0,52.0,6.0,924.0,924.0,1747.2203312911279,15.2,0.553913775121086,18.0,42.2,4.6,63795.0,19.3952802359882,30.117,1755.9517880266958,40.921352,-98.358559,0
3128000,1600000US3128000,Lincoln city,Lincoln city,"Lincoln city, Nebraska",NE,2022,Lincoln,293937.0,290531.0,False,879.0,6633.0,842.0,85.0,8354.0,8354.0,2875.4246534793187,12.8,0.3794201040272266,20.3,43.7,3.3,67846.0,9.132932458154206,99.086,2932.10948065317,40.808943,-96.677895,0
3128000,1600000US3128000,Lincoln city,Lincoln city,"Lincoln city, Nebraska",NE,2023,Lincoln,293155.0,291932.0,False,740.0,6175.0,960.0,73.0,7875.0,7875.0,2697.5460038639135,12.6,0.39091369122866815,18.9,44.2,3.3,69991.0,9.215502240247728,99.97,2920.1960588176453,40.808943,-96.677895,0
3128000,1600000US3128000,Lincoln city,Lincoln city,"Lincoln city, Nebraska",NE,2024,Lincoln,295808.0,294856.0,False,776.0,5513.0,946.0,70.0,7235.0,7235.0,2453.740130775701,12.7,0.40239593565770015,18.0,43.9,3.3,71867.0,9.399503486447621,101.1,2916.4787339268055,40.810284,-96.674856,0
3137000,1600000US3137000,Omaha city,Omaha city,"Omaha city, Nebraska",NE,2022,Omaha,483462.0,489201.0,False,1255.0,12156.0,3357.0,,16768.0,16768.0,3427.6299516967465,12.5,0.537433855415062,14.8,42.1,4.2,70202.0,10.730558604745289,142.667,3428.9709603482233,41.262705,-96.053475,0
3137000,1600000US3137000,Omaha city,Omaha city,"Omaha city, Nebraska",NE,2024,Omaha,480235.0,488837.0,False,1133.0,10874.0,3177.0,88.0,15184.0,15184.0,3106.1478570566464,13.5,0.5555592150252435,14.3,42.6,4.2,73201.0,11.325656609462868,142.92,3420.354044220543,41.262705,-96.053475,0
3231900,1600000US3231900,Henderson city,Henderson city,"Henderson city, Nevada",NV,2022,Henderson,325332.0,318063.0,False,950.0,4421.0,871.0,44.0,6242.0,6242.0,1962.5042837425292,8.1,0.5977225795194305,13.9,34.8,7.0,85311.0,14.072054907361121,106.434,2988.3589830317383,36.010155,-115.035751,0
3231900,1600000US3231900,Henderson city,Henderson city,"Henderson city, Nevada",NV,2023,Henderson,337794.0,324523.0,False,831.0,4402.0,1710.0,31.0,6943.0,6943.0,2139.447743303248,8.4,0.6040449184874868,13.4,34.4,6.7,88654.0,14.068648447105444,120.523,2692.6229848244734,36.008958,-115.0268,0
3231900,1600000US3231900,Henderson city,Henderson city,"Henderson city, Nevada",NV,2024,Henderson,343619.0,332141.0,False,778.0,3870.0,1245.0,33.0,5893.0,5893.0,1774.2464796577356,9.0,0.6188250933245111,13.1,33.9,6.8,90138.0,14.27104753703999,120.993,2745.1257510765085,36.008958,-115.0268,0
3251800,1600000US3251800,North Las Vegas city,North Las Vegas city,"North Las Vegas city, Nevada",NV,2022,North Las Vegas,284422.0,264022.0,False,827.0,2381.0,1838.0,29.0,5046.0,5046.0,1911.2043693328587,11.9,0.7148878346376712,15.4,38.8,8.4,71774.0,21.059987425290316,102.324,2580.254876666276,36.281961,-115.087506,0
3251800,1600000US3251800,North Las Vegas city,North Las Vegas city,"North Las Vegas city, Nevada",NV,2023,North Las Vegas,290751.0,270773.0,False,674.0,2320.0,3055.0,14.0,6049.0,6049.0,2233.974583876531,12.2,0.7215016565208743,15.3,37.3,8.1,76772.0,20.562242173333384,105.319,2570.9795953246803,36.289865,-115.089181,0
3251800,1600000US3251800,North Las Vegas city,North Las Vegas city,"North Las Vegas city, Nevada",NV,2024,North Las Vegas,293100.0,278595.0,False,959.0,2737.0,2053.0,37.0,5749.0,5749.0,2063.5689800606615,12.1,0.720614936532702,14.7,36.4,8.5,79542.0,20.413862416769863,105.351,2644.4457100549594,36.289865,-115.089181,0
3260600,1600000US3260600,Reno city,Reno city,"Reno city, Nevada",NV,2022,Reno,273671.0,265196.0,False,1113.0,4790.0,1091.0,36.0,6994.0,6994.0,2637.2946801610883,12.7,0.5822952649401654,19.3,51.7,5.0,73073.0,15.870148871023696,108.865,2436.0078996922794,39.549097,-119.849907,0
3260600,1600000US3260600,Reno city,Reno city,"Reno city, Nevada",NV,2023,Reno,277792.0,268959.0,False,1061.0,5108.0,1162.0,21.0,7331.0,7331.0,2725.6942507965896,12.5,0.5905781128957925,18.3,50.6,5.0,78448.0,16.093530984276413,108.993,2467.6722358316592,39.549097,-119.849907,0
3260600,1600000US3260600,Reno city,Reno city,"Reno city, Nevada",NV,2024,Reno,278313.0,273212.0,False,869.0,4967.0,969.0,13.0,6805.0,6805.0,2490.739791810023,12.6,0.6037751942685491,17.8,50.2,5.1,80760.0,15.847766569550387,108.989,2506.785088403417,39.549097,-119.849907,0
3268400,1600000US3268400,Sparks city,Sparks city,"Sparks city, Nevada",NV,2022,Sparks,110475.0,108025.0,False,281.0,1586.0,355.0,14.0,2222.0,2222.0,2056.931265910669,8.5,0.5858890947108948,15.9,40.6,6.1,82938.0,16.024994214302247,36.491,2960.318982762873,39.574341,-119.715154,0
3268400,1600000US3268400,Sparks city,Sparks city,"Sparks city, Nevada",NV,2023,Sparks,109403.0,109106.0,False,265.0,1872.0,340.0,17.0,2477.0,2477.0,2270.2692794163477,9.0,0.5931578385611527,14.9,40.1,5.7,86979.0,14.736128168936629,36.493,2989.778861699504,39.574341,-119.715154,0
3268400,1600000US3268400,Sparks city,Sparks city,"Sparks city, Nevada",NV,2024,Sparks,110807.0,110024.0,False,334.0,2177.0,352.0,10.0,2863.0,2863.0,2602.1595288300737,8.5,0.6097805508642844,15.4,40.2,5.2,89056.0,15.900167236239366,36.496,3014.686540990793,39.574341,-119.715154,0
3345140,1600000US3345140,Manchester city,Manchester city,"Manchester city, New Hampshire",NH,2022,Manchester,114650.0,115037.0,False,226.0,2381.0,247.0,17.0,2854.0,2854.0,2480.9409146622393,11.6,0.44743730933503834,17.4,51.8,4.2,74040.0,14.941279762163479,33.069,3478.6960597538477,42.984941,-71.444131,0
3345140,1600000US3345140,Manchester city,Manchester city,"Manchester city, New Hampshire",NH,2023,Manchester,114963.0,115415.0,False,170.0,1543.0,216.0,13.0,1929.0,1929.0,1671.3598752328553,10.7,0.44616436241588553,16.4,50.7,3.8,77415.0,14.746783347051942,33.069,3490.1267047688166,42.984941,-71.444131,0
3345140,1600000US3345140,Manchester city,Manchester city,"Manchester city, New Hampshire",NH,2024,Manchester,115464.0,115643.0,False,107.0,1622.0,174.0,12.0,1903.0,1903.0,1645.5816608009131,11.2,0.4521169859831542,15.5,51.3,3.3,81007.0,13.724133756474668,33.074,3496.4927133095484,42.984941,-71.444131,0
3350260,1600000US3350260,Nashua city,Nashua city,"Nashua city, New Hampshire",NH,2022,Nashua,91027.0,90943.0,False,63.0,845.0,65.0,9.0,973.0,973.0,1069.900926954246,7.6,0.442703480202876,14.0,44.5,5.1,88766.0,15.781313570038375,30.834,2949.4389310501397,42.749074,-71.490544,0
3350260,1600000US3350260,Nashua city,Nashua city,"Nashua city, New Hampshire",NH,2023,Nashua,91145.0,91131.0,False,28.0,844.0,48.0,8.0,920.0,920.0,1009.5357232994261,7.1,0.46233200269439223,13.0,43.6,4.8,92457.0,16.4499456825888,30.834,2955.536096516832,42.749074,-71.490544,0
3350260,1600000US3350260,Nashua city,Nashua city,"Nashua city, New Hampshire",NH,2024,Nashua,90938.0,91294.0,False,30.0,1038.0,79.0,6.0,1147.0,1147.0,1256.3804850263982,7.8,0.48561941592715085,12.8,44.2,4.2,96326.0,17.191710298595744,30.834,2960.8224687033794,42.749074,-71.490544,0
3403580,1600000US3403580,Bayonne city,Bayonne city,"Bayonne city, New Jersey",NJ,2022,Bayonne,66990.0,70497.0,False,98.0,692.0,86.0,0.0,876.0,876.0,1242.6060683433336,12.0,0.6869489911454582,7.6,60.8,6.0,80044.0,30.062272153424967,5.821,12110.805703487375,40.662495,-74.110201,0
3403580,1600000US3403580,Bayonne city,Bayonne city,"Bayonne city, New Jersey",NJ,2023,Bayonne,68762.0,70468.0,False,93.0,807.0,105.0,3.0,1005.0,1005.0,1426.1792586706024,14.4,0.6890210833600989,6.5,62.6,5.6,81285.0,30.462053698132486,5.821,12105.82374162515,40.662495,-74.110201,0
3413690,1600000US3413690,Clifton city,Clifton city,"Clifton city, New Jersey",NJ,2022,Clifton,88768.0,89451.0,False,104.0,1420.0,190.0,0.0,1714.0,1714.0,1916.1328548590848,7.2,0.6260418446231666,10.5,42.5,6.4,94179.0,36.33497669114934,11.275,7933.5698447893565,40.862137,-74.160393,0
3413690,1600000US3413690,Clifton city,Clifton city,"Clifton city, New Jersey",NJ,2024,Clifton,89870.0,89379.0,False,275.0,1553.0,208.0,2.0,2036.0,2036.0,2277.9400082793495,7.9,0.6254727378649934,8.6,40.4,7.1,98237.0,35.134651316304726,11.275,7927.184035476718,40.862137,-74.160393,0
3419390,1600000US3419390,East Orange city,East Orange city,"East Orange city, New Jersey",NJ,2023,East Orange,68230.0,69183.0,False,107.0,791.0,455.0,6.0,1353.0,1353.0,1955.6827544338928,17.6,0.36161706081755174,11.9,72.6,10.3,59872.0,29.190697136579796,3.928,17612.780040733196,40.765055,-74.211655,0
3419390,1600000US3419390,East Orange city,East Orange city,"East Orange city, New Jersey",NJ,2024,East Orange,71138.0,70090.0,False,76.0,880.0,433.0,5.0,1389.0,1389.0,1981.737765729776,16.4,0.3750704588057818,10.9,69.0,9.2,60830.0,32.19146811242688,3.928,17843.68635437882,40.765055,-74.211655,0
3421000,1600000US3421000,Elizabeth city,Elizabeth city,"Elizabeth city, New Jersey",NJ,2022,Elizabeth,134065.0,135665.0,False,300.0,2426.0,695.0,5.0,3421.0,3421.0,2521.652600154793,15.4,0.5259072365622799,9.0,74.9,5.9,59939.0,49.23967124903255,12.319,11012.663365532915,40.666367,-74.193503,0
3421000,1600000US3421000,Elizabeth city,Elizabeth city,"Elizabeth city, New Jersey",NJ,2023,Elizabeth,133578.0,135887.0,False,267.0,2881.0,836.0,2.0,3984.0,3984.0,2931.8477852921915,15.3,0.513527810420874,8.5,74.6,6.9,63874.0,50.62073634711194,12.319,11030.684308791297,40.666367,-74.193503,0
3421000,1600000US3421000,Elizabeth city,Elizabeth city,"Elizabeth city, New Jersey",NJ,2024,Elizabeth,138500.0,137302.0,False,205.0,2643.0,833.0,4.0,3681.0,3681.0,2680.9514792209875,15.7,0.5085398123895435,8.2,74.4,7.7,66555.0,51.59575242895224,12.319,11145.547528208457,40.666367,-74.193503,0
3432250,1600000US3432250,Hoboken city,Hoboken city,"Hoboken city, New Jersey",NJ,2022,Hoboken,56882.0,58754.0,False,81.0,741.0,58.0,0.0,880.0,880.0,1497.7703645709228,7.9,0.5516910397491749,19.6,65.6,3.5,168137.0,19.687170235218026,1.25,47003.2,40.745251,-74.027926,0
3432250,1600000US3432250,Hoboken city,Hoboken city,"Hoboken city, New Jersey",NJ,2023,Hoboken,56832.0,58340.0,False,54.0,719.0,47.0,2.0,820.0,820.0,1405.553651011313,7.1,0.5408308517128383,19.3,65.9,3.4,176943.0,19.052108330476518,1.25,46672.0,40.745251,-74.027926,0
3432250,1600000US3432250,Hoboken city,Hoboken city,"Hoboken city, New Jersey",NJ,2024,Hoboken,57293.0,58668.0,False,68.0,894.0,60.0,0.0,1022.0,1022.0,1742.0058635031023,7.8,0.5343325445256969,20.2,66.2,3.8,180579.0,17.721756323719916,1.25,46934.4,40.745251,-74.027926,0
3436000,1600000US3436000,Jersey City city,Jersey City city,"Jersey City city, New Jersey",NJ,2022,Jersey City,276300.0,287899.0,False,61.0,3125.0,639.0,3.0,3825.0,3825.0,1328.5909294579003,15.1,0.7679298433993691,13.0,70.8,5.8,91151.0,41.16964629957033,14.748,19521.223216707353,40.711417,-74.06476,0
3436000,1600000US3436000,Jersey City city,Jersey City city,"Jersey City city, New Jersey",NJ,2023,Jersey City,285117.0,289691.0,False,144.0,3324.0,625.0,8.0,4093.0,4093.0,1412.8847634203341,15.6,0.7707888113565378,12.2,71.2,5.8,94813.0,41.24601730809725,14.748,19642.731217792243,40.711417,-74.06476,0
3436000,1600000US3436000,Jersey City city,Jersey City city,"Jersey City city, New Jersey",NJ,2024,Jersey City,297922.0,294078.0,False,613.0,4547.0,885.0,6.0,6045.0,6045.0,2055.5770917919735,15.6,0.7703287904770373,12.9,72.1,5.5,97710.0,41.72294425288529,14.748,19940.19528071603,40.711417,-74.06476,0
3451000,1600000US3451000,Newark city,Newark city,"Newark city, New Jersey",NJ,2022,Newark,304311.0,307355.0,False,537.0,2869.0,2133.0,29.0,5539.0,5539.0,1802.1506076035855,24.4,0.644624680109616,11.1,76.1,10.7,46460.0,34.70709765580517,24.144,12730.077866136515,40.72422,-74.172574,0
3451000,1600000US3451000,Newark city,Newark city,"Newark city, New Jersey",NJ,2023,Newark,303827.0,307188.0,False,431.0,2579.0,3735.0,21.0,6745.0,6745.0,2195.723791293931,24.7,0.6441109793416819,10.4,75.9,10.9,48416.0,34.887430498587186,24.144,12723.161033797218,40.72422,-74.172574,0
3451000,1600000US3451000,Newark city,Newark city,"Newark city, New Jersey",NJ,2024,Newark,309708.0,310178.0,False,472.0,2884.0,2706.0,12.0,6062.0,6062.0,1954.361689094649,23.4,0.6476470212350498,10.3,75.6,11.6,52060.0,36.14311782266956,24.144,12847.001325381048,40.72422,-74.172574,0
3451210,1600000US3451210,New Brunswick city,New Brunswick city,"New Brunswick city, New Jersey",NJ,2022,New Brunswick,55971.0,55718.0,False,152.0,959.0,100.0,3.0,1211.0,1211.0,2173.444847266592,31.9,0.6777101264069982,20.0,79.8,6.5,57138.0,33.76826160307262,5.233,10647.429772596981,40.486677,-74.444414,0
3451210,1600000US3451210,New Brunswick city,New Brunswick city,"New Brunswick city, New Jersey",NJ,2023,New Brunswick,56562.0,55744.0,False,202.0,1349.0,119.0,5.0,1670.0,1670.0,2995.838117106774,31.6,0.653494848487707,20.5,78.2,6.5,60248.0,36.468498851894374,5.233,10652.398241926237,40.486677,-74.444414,0
3451210,1600000US3451210,New Brunswick city,New Brunswick city,"New Brunswick city, New Jersey",NJ,2024,New Brunswick,57259.0,56345.0,False,168.0,1237.0,99.0,6.0,1504.0,1504.0,2669.269677877363,32.0,0.6295167577325023,22.4,78.6,8.1,65810.0,39.89706273848611,5.233,10767.246321421748,40.486677,-74.444414,0
3456550,1600000US3456550,Passaic city,Passaic city,"Passaic city, New Jersey",NJ,2022,Passaic,69003.0,70048.0,False,148.0,1043.0,195.0,3.0,1386.0,1386.0,1978.643216080402,21.9,0.42453427623198947,6.5,78.0,11.8,57832.0,42.24246231155779,3.133,22358.123204596235,40.857552,-74.129089,0
3456550,1600000US3456550,Passaic city,Passaic city,"Passaic city, New Jersey",NJ,2023,Passaic,68784.0,69651.0,False,94.0,1179.0,246.0,3.0,1519.0,1519.0,2180.8732107220285,23.0,0.43902591477561026,5.8,76.5,11.3,56780.0,42.1214340066905,3.133,22231.407596552825,40.857552,-74.129089,0
3456550,1600000US3456550,Passaic city,Passaic city,"Passaic city, New Jersey",NJ,2024,Passaic,69938.0,70002.0,False,114.0,988.0,183.0,2.0,1285.0,1285.0,1835.6618382331935,22.9,0.435558562012327,5.9,76.2,12.5,55371.0,41.39453158481186,3.133,22343.440791573572,40.857552,-74.129089,0
3457000,1600000US3457000,Paterson city,Paterson city,"Paterson city, New Jersey",NJ,2023,Paterson,155991.0,157660.0,False,631.0,2451.0,733.0,11.0,3815.0,3815.0,2419.76404921984,23.6,0.5426481772164254,8.4,73.8,10.2,53766.0,44.12343016618039,8.413,18740.045168192082,40.914766,-74.162829,0
3457000,1600000US3457000,Paterson city,Paterson city,"Paterson city, New Jersey",NJ,2024,Paterson,158903.0,158735.0,False,572.0,2353.0,811.0,14.0,3736.0,3736.0,2353.608214949444,21.2,0.526878751883266,8.0,73.1,10.7,55997.0,44.63476863955649,8.413,18867.823606323545,40.914766,-74.162829,0
3458200,1600000US3458200,Perth Amboy city,Perth Amboy city,"Perth Amboy city, New Jersey",NJ,2022,Perth Amboy,55229.0,55226.0,False,94.0,626.0,88.0,9.0,808.0,808.0,1463.0789845362692,19.7,0.35689859240997746,7.7,64.7,11.3,56239.0,46.354977727881796,4.662,11845.988845988846,40.52016,-74.271331,0
3458200,1600000US3458200,Perth Amboy city,Perth Amboy city,"Perth Amboy city, New Jersey",NJ,2023,Perth Amboy,55544.0,55278.0,False,131.0,690.0,85.0,2.0,906.0,906.0,1638.988385976338,20.0,0.33070206573598193,7.7,66.6,12.8,58490.0,47.95035999855277,4.662,11857.142857142857,40.52016,-74.271331,0
3458200,1600000US3458200,Perth Amboy city,Perth Amboy city,"Perth Amboy city, New Jersey",NJ,2024,Perth Amboy,56409.0,55855.0,False,94.0,585.0,93.0,3.0,772.0,772.0,1382.1502103661267,20.2,0.29180166258623863,10.1,64.6,14.3,61977.0,50.733148330498615,4.662,11980.90948090948,40.52016,-74.271331,0
3459190,1600000US3459190,Plainfield city,Plainfield city,"Plainfield city, New Jersey",NJ,2022,Plainfield,55494.0,54358.0,False,110.0,564.0,57.0,2.0,731.0,731.0,1344.7882556385443,18.6,0.5961678934518794,14.5,55.9,10.3,70712.0,39.260090511056326,5.959,9122.000335626784,40.615444,-74.415775,0
3459190,1600000US3459190,Plainfield city,Plainfield city,"Plainfield city, New Jersey",NJ,2023,Plainfield,54791.0,54515.0,False,88.0,758.0,69.0,8.0,915.0,915.0,1678.4371273961294,17.1,0.5780272257990716,14.7,57.6,9.3,80334.0,41.52985416857746,5.959,9148.34703809364,40.615444,-74.415775,0
3459190,1600000US3459190,Plainfield city,Plainfield city,"Plainfield city, New Jersey",NJ,2024,Plainfield,55975.0,55236.0,False,76.0,753.0,72.0,1.0,901.0,901.0,1631.182562097183,15.5,0.5630209304567275,14.2,55.2,8.9,85908.0,41.940039104931564,5.959,9269.340493371372,40.615444,-74.415775,0
3473110,1600000US3473110,Toms River CDP,Toms River CDP,"Toms River CDP, New Jersey",NJ,2022,Toms River Township,99239.0,92827.0,True,104.0,871.0,63.0,4.0,1038.0,1038.0,1118.2091417367792,7.0,0.36533857305882,12.3,19.4,5.7,92012.0,9.259159511779979,38.996,2380.423633193148,39.994856,-74.187754,0
3473110,1600000US3473110,Toms River CDP,Toms River CDP,"Toms River CDP, New Jersey",NJ,2023,Toms River Township,100329.0,93915.0,True,125.0,1055.0,68.0,2.0,1248.0,1248.0,1328.8612042804664,6.3,0.4022508751383135,11.2,18.6,4.9,95759.0,10.091039770004793,38.996,2408.3239306595547,39.994856,-74.187754,0
3473110,1600000US3473110,Toms River CDP,Toms River CDP,"Toms River CDP, New Jersey",NJ,2024,Toms River Township,102734.0,94956.0,True,78.0,1020.0,53.0,5.0,1151.0,1151.0,1212.1403597455665,5.8,0.4115636872729421,9.0,18.1,4.3,100137.0,9.46543662327815,38.996,2435.0189763052617,39.994856,-74.187754,0
3474000,1600000US3474000,Trenton city,Trenton city,"Trenton city, New Jersey",NJ,2022,Trenton,90313.0,90055.0,False,245.0,1130.0,315.0,13.0,1690.0,1690.0,1876.6309477541502,26.2,0.6365905720555765,13.0,61.7,10.2,44444.0,26.206207317750263,7.606,11839.994740993952,40.223841,-74.763624,0
3474000,1600000US3474000,Trenton city,Trenton city,"Trenton city, New Jersey",NJ,2023,Trenton,89509.0,89966.0,False,279.0,1089.0,303.0,7.0,1671.0,1671.0,1857.3683391503455,24.7,0.6208687129381419,14.3,64.1,10.5,47102.0,29.32663450636907,7.606,11828.293452537471,40.223841,-74.763624,0
3474000,1600000US3474000,Trenton city,Trenton city,"Trenton city, New Jersey",NJ,2024,Trenton,91236.0,90338.0,False,317.0,1322.0,449.0,18.0,2088.0,2088.0,2311.319710420864,21.6,0.6129238462129037,12.0,62.1,10.1,52537.0,30.87405078704421,7.606,11877.20220878254,40.223841,-74.763624,0
3474630,1600000US3474630,Union City city,Union City city,"Union City city, New Jersey",NJ,2022,Union City,63312.0,67258.0,False,69.0,950.0,82.0,2.0,1101.0,1101.0,1636.9799875107792,20.3,0.32331723397165724,10.6,80.3,7.8,59967.0,54.60911713104761,1.287,52259.51825951826,40.767425,-74.032279,0
3474630,1600000US3474630,Union City city,Union City city,"Union City city, New Jersey",NJ,2023,Union City,64257.0,66375.0,False,67.0,954.0,62.0,2.0,1083.0,1083.0,1631.6384180790963,21.3,0.32236191166863504,10.0,79.6,8.5,65369.0,55.16986817325801,1.287,51573.42657342658,40.767425,-74.032279,0
3474630,1600000US3474630,Union City city,Union City city,"Union City city, New Jersey",NJ,2024,Union Township,62290.0,66463.0,False,58.0,867.0,93.0,2.0,1018.0,1018.0,1531.679280201014,23.1,0.31884488692179147,9.6,80.9,9.4,64310.0,54.33699953357507,1.287,51641.80264180264,40.767425,-74.032279,0
3476070,1600000US3476070,Vineland city,Vineland city,"Vineland city, New Jersey",NJ,2022,Vineland,61110.0,60796.0,False,226.0,1282.0,58.0,8.0,1566.0,1566.0,2575.8273570629644,13.5,0.6417388708445931,9.5,31.2,8.3,63468.0,11.645502993618,68.403,888.7914272765813,39.465007,-74.997115,0
3476070,1600000US3476070,Vineland city,Vineland city,"Vineland city, New Jersey",NJ,2023,Vineland,60421.0,60692.0,False,208.0,1317.0,66.0,14.0,1591.0,1591.0,2621.432808277862,13.9,0.6349347958707781,9.6,31.3,8.5,65854.0,12.542015422131417,68.403,887.2710261245851,39.465007,-74.997115,0
3476070,1600000US3476070,Vineland city,Vineland city,"Vineland city, New Jersey",NJ,2024,Vineland,60848.0,61006.0,False,212.0,1374.0,48.0,8.0,1634.0,1634.0,2678.425072943645,14.6,0.6489418557376225,8.5,30.1,7.8,67860.0,14.223191161525095,68.403,891.8614680642661,39.465007,-74.997115,0
3479610,1600000US3479610,West New York town,West New York town,"West New York town, New Jersey",NJ,2022,West New York,52021.0,52438.0,False,61.0,501.0,41.0,0.0,603.0,603.0,1149.9294404820932,20.7,0.37962627110803704,10.9,76.5,7.5,70141.0,59.08501468400779,0.994,52754.527162977865,40.786032,-74.009507,0
3479610,1600000US3479610,West New York town,West New York town,"West New York town, New Jersey",NJ,2023,West New York,51884.0,51683.0,False,50.0,570.0,50.0,1.0,670.0,670.0,1296.3643751330223,21.4,0.39251917316632956,10.5,78.2,7.8,67139.0,57.9900547568833,0.994,51994.96981891348,40.786032,-74.009507,0
3479610,1600000US3479610,West New York town,West New York town,"West New York town, New Jersey",NJ,2024,West New York,51260.0,52004.0,False,64.0,625.0,61.0,0.0,750.0,750.0,1442.1967540958387,19.4,0.40083957482375754,11.8,77.0,8.4,71729.0,60.218444735020384,0.993,52370.594159113796,40.786032,-74.009507,0
3502000,1600000US3502000,Albuquerque city,Albuquerque city,"Albuquerque city, New Mexico",NM,2022,Albuquerque,560557.0,562551.0,False,4555.0,16431.0,5897.0,74.0,26883.0,26883.0,4778.7667251502535,16.5,0.6112377735045238,15.0,39.3,5.5,61503.0,10.216318164930824,187.27,3003.9568537405885,35.10478,-106.646809,0
3502000,1600000US3502000,Albuquerque city,Albuquerque city,"Albuquerque city, New Mexico",NM,2023,Albuquerque,559094.0,562488.0,False,3756.0,16790.0,5758.0,61.0,26304.0,26304.0,4676.366429150488,16.0,0.6211748548996487,14.4,38.5,5.3,65604.0,10.38048811707983,187.266,3003.684598378777,35.10478,-106.646809,0
3502000,1600000US3502000,Albuquerque city,Albuquerque city,"Albuquerque city, New Mexico",NM,2024,Albuquerque,558745.0,562218.0,False,4316.0,15864.0,5683.0,52.0,25863.0,25863.0,4600.172886673853,15.5,0.6264188533187397,13.9,38.2,5.4,68317.0,10.62150269112693,187.264,3002.2748632946,35.10478,-106.646809,0
3539380,1600000US3539380,Las Cruces city,Las Cruces city,"Las Cruces city, New Mexico",NM,2022,Las Cruces,114102.0,111273.0,False,1270.0,3927.0,896.0,8.0,6093.0,6093.0,5475.721873230703,23.1,0.5192771642703073,16.2,46.2,7.5,51013.0,10.683633945341638,76.933,1446.362419247917,32.326444,-106.789695,0
3539380,1600000US3539380,Las Cruces city,Las Cruces city,"Las Cruces city, New Mexico",NM,2023,Las Cruces,114999.0,112612.0,False,1124.0,4259.0,829.0,8.0,6212.0,6212.0,5516.286008595886,22.0,0.53432901611226,16.3,44.4,7.4,55176.0,10.113487017369374,76.933,1463.7671740345495,32.326444,-106.789695,0
3539380,1600000US3539380,Las Cruces city,Las Cruces city,"Las Cruces city, New Mexico",NM,2024,Las Cruces,115977.0,114197.0,False,855.0,3993.0,804.0,10.0,5652.0,5652.0,4949.341926670578,22.6,0.5290106397147318,15.7,44.1,7.0,55422.0,10.176274332950953,76.933,1484.369516332393,32.326444,-106.789695,0
3563460,1600000US3563460,Rio Rancho city,Rio Rancho city,"Rio Rancho city, New Mexico",NM,2022,Rio Rancho,107435.0,104351.0,False,205.0,1383.0,208.0,10.0,1796.0,1796.0,1721.1143161062187,7.1,0.5984503951427778,12.1,18.9,5.5,78978.0,5.29367231746701,103.361,1009.5780807074235,35.28507,-106.698867,0
3563460,1600000US3563460,Rio Rancho city,Rio Rancho city,"Rio Rancho city, New Mexico",NM,2023,Rio Rancho,109992.0,106533.0,False,200.0,1262.0,177.0,13.0,1639.0,1639.0,1538.490420808576,7.8,0.6090870056771229,11.4,17.8,4.8,85755.0,5.750330883388246,103.361,1030.6885575797448,35.28507,-106.698867,0
3563460,1600000US3563460,Rio Rancho city,Rio Rancho city,"Rio Rancho city, New Mexico",NM,2024,Rio Rancho,112817.0,108515.0,False,213.0,1153.0,145.0,5.0,1511.0,1511.0,1392.4342256830853,7.4,0.6187230848092975,11.5,17.8,4.6,89596.0,5.343040132700548,103.361,1049.8640686525864,35.28507,-106.698867,0
3570500,1600000US3570500,Santa Fe city,Santa Fe city,"Santa Fe city, New Mexico",NM,2022,Santa Fe,88705.0,87617.0,False,955.0,2713.0,665.0,34.0,4333.0,4333.0,4945.387310681717,13.7,0.5573748870898945,14.0,35.7,5.3,67663.0,14.663820947989544,52.233,1677.4261482204738,35.661981,-105.981815,0
3570500,1600000US3570500,Santa Fe city,Santa Fe city,"Santa Fe city, New Mexico",NM,2023,Santa Fe,89657.0,88224.0,False,1048.0,2680.0,725.0,39.0,4453.0,4453.0,5047.379397896264,13.9,0.571603525289322,14.4,37.2,5.1,70110.0,14.874637286906056,52.233,1689.047154097984,35.661981,-105.981815,0
3570500,1600000US3570500,Santa Fe city,Santa Fe city,"Santa Fe city, New Mexico",NM,2024,Santa Fe,89652.0,89019.0,False,873.0,3031.0,719.0,27.0,4623.0,4623.0,5193.273346139588,12.9,0.5728036322855068,13.5,36.4,5.1,73482.0,15.328188364281784,52.233,1704.2674171500776,35.661981,-105.981815,0
3601000,1600000US3601000,Albany city,Albany city,"Albany city, New York",NY,2022,Albany,98104.0,99692.0,False,529.0,2626.0,555.0,24.0,3710.0,3710.0,3721.462103278097,23.3,0.6566420045794975,22.0,63.3,8.0,54736.0,14.76648076074309,21.404,4657.634087086526,42.665745,-73.798353,0
3601000,1600000US3601000,Albany city,Albany city,"Albany city, New York",NY,2023,Albany,101930.0,100081.0,False,439.0,2651.0,398.0,47.0,3488.0,3488.0,3485.177006624634,23.4,0.6624886381474057,19.9,62.1,8.3,59485.0,14.970873592390163,21.404,4675.808260138292,42.665745,-73.798353,0
3601000,1600000US3601000,Albany city,Albany city,"Albany city, New York",NY,2024,Albany,102095.0,100492.0,False,319.0,2298.0,291.0,28.0,2908.0,2908.0,2893.7626875771207,22.9,0.6678187852643551,18.6,61.8,7.8,61986.0,15.203200254746646,21.404,4695.010278452625,42.665745,-73.798353,0
3611000,1600000US3611000,Buffalo city,Buffalo city,"Buffalo city, New York",NY,2022,Buffalo,275710.0,276688.0,False,1324.0,6005.0,1523.0,77.0,8852.0,8852.0,3199.2713814838376,27.2,0.6836003162438313,14.9,57.4,7.0,46184.0,10.756158561267565,40.379,6852.274697243617,42.892492,-78.859686,0
3611000,1600000US3611000,Buffalo city,Buffalo city,"Buffalo city, New York",NY,2023,Buffalo,275922.0,276397.0,False,1349.0,6372.0,3824.0,104.0,11545.0,11545.0,4176.962846919468,27.4,0.6918332770843266,14.1,57.3,7.2,48050.0,10.505902741346686,40.379,6845.067980881151,42.892492,-78.859686,0
3611000,1600000US3611000,Buffalo city,Buffalo city,"Buffalo city, New York",NY,2024,Buffalo,273728.0,276854.0,False,1199.0,7044.0,2185.0,91.0,10428.0,10428.0,3766.606225664068,26.0,0.6974582539638658,13.9,57.0,7.3,50041.0,10.88732689431975,40.379,6856.385745065505,42.892492,-78.859686,0
3615000,1600000US3615000,Cheektowaga CDP,Cheektowaga CDP,"Cheektowaga CDP, New York",NY,2022,Cheektowaga Town,79606.0,76483.0,True,242.0,2151.0,217.0,7.0,2610.0,2610.0,3412.5230443366504,8.8,0.41230577575571314,8.8,30.2,3.9,64066.0,7.051240144868795,25.376,3013.9895964691045,42.909004,-78.750763,0
3615000,1600000US3615000,Cheektowaga CDP,Cheektowaga CDP,"Cheektowaga CDP, New York",NY,2023,Cheektowaga Town,79330.0,76251.0,True,203.0,2288.0,451.0,2.0,2942.0,2942.0,3858.3100549500987,9.6,0.4261246165774528,8.7,29.5,3.8,66293.0,6.9743347628227825,25.376,3004.8470996216897,42.909004,-78.750763,0
3615000,1600000US3615000,Cheektowaga CDP,Cheektowaga CDP,"Cheektowaga CDP, New York",NY,2024,Cheektowaga Town,78864.0,76056.0,True,200.0,2026.0,313.0,3.0,2539.0,2539.0,3338.329651835489,10.7,0.4640610306806533,9.2,28.9,3.7,68613.0,8.953928684127485,25.376,2997.1626733921817,42.909004,-78.750763,0
3633139,1600000US3633139,Hempstead village,Hempstead village,"Hempstead village, New York",NY,2022,Hempstead Village,58469.0,58557.0,False,82.0,422.0,125.0,5.0,629.0,629.0,1074.1670509076625,16.0,0.5868111697740628,8.3,55.8,8.4,80350.0,38.436053759584674,3.691,15864.806285559469,40.704374,-73.619445,0
3633139,1600000US3633139,Hempstead village,Hempstead village,"Hempstead village, New York",NY,2023,Hempstead Village,58071.0,58569.0,False,100.0,386.0,133.0,1.0,619.0,619.0,1056.8730898598235,14.8,0.603050593450274,8.5,54.2,9.5,82454.0,37.55399614130342,3.691,15868.057437008942,40.704374,-73.619445,0
3633139,1600000US3633139,Hempstead village,Hempstead village,"Hempstead village, New York",NY,2024,Hempstead Village,58013.0,58801.0,False,95.0,416.0,126.0,4.0,637.0,637.0,1083.3149096103807,14.4,0.6042510653750928,6.9,52.5,9.2,90420.0,38.64219996258567,3.691,15930.913031698727,40.704374,-73.619445,0
3637737,1600000US3637737,Irondequoit CDP,Irondequoit CDP,"Irondequoit CDP, New York",NY,2022,Irondequoit Town,50090.0,50780.0,True,147.0,528.0,135.0,1.0,810.0,810.0,1595.116187475384,9.4,0.3962845882298376,10.3,21.2,5.1,74031.0,5.71287908625443,15.016,3381.726158763985,43.209811,-77.572056,0
3637737,1600000US3637737,Irondequoit CDP,Irondequoit CDP,"Irondequoit CDP, New York",NY,2023,Irondequoit Town,49693.0,50438.0,True,159.0,523.0,375.0,3.0,1057.0,1057.0,2095.6421745509338,8.9,0.424593515324179,9.2,20.9,4.7,76871.0,5.989531702287958,15.016,3358.950452850293,43.209811,-77.572056,0
3637737,1600000US3637737,Irondequoit CDP,Irondequoit CDP,"Irondequoit CDP, New York",NY,2024,Irondequoit Town,49336.0,50657.0,True,100.0,522.0,235.0,0.0,857.0,857.0,1691.7701403557257,9.2,0.4306227790108206,8.2,21.2,4.4,79162.0,5.695165525001481,15.016,3373.534896110815,43.209811,-77.572056,0
3649121,1600000US3649121,Mount Vernon city,Mount Vernon city,"Mount Vernon city, New York",NY,2022,Mount Vernon,71690.0,72817.0,False,103.0,864.0,152.0,1.0,1119.0,1119.0,1536.7290605215815,13.9,0.5902615392261885,8.1,60.2,8.0,75511.0,32.48554595767472,4.392,16579.46265938069,40.913105,-73.829317,0
3649121,1600000US3649121,Mount Vernon city,Mount Vernon city,"Mount Vernon city, New York",NY,2023,Mount Vernon,70812.0,72528.0,False,145.0,803.0,204.0,5.0,1152.0,1152.0,1588.352084712111,13.6,0.6054685273895787,7.7,57.9,6.9,77171.0,31.943525259210237,4.392,16513.66120218579,40.913105,-73.829317,0
3649121,1600000US3649121,Mount Vernon city,Mount Vernon city,"Mount Vernon city, New York",NY,2024,Mount Vernon,70390.0,72427.0,False,97.0,737.0,193.0,5.0,1027.0,1027.0,1417.9794827895676,14.7,0.6101621248108747,8.1,57.1,9.3,78779.0,32.95732254545957,4.392,16490.66484517304,40.913105,-73.829317,0
3650617,1600000US3650617,New Rochelle city,New Rochelle city,"New Rochelle city, New York",NY,2022,New Rochelle,82628.0,80828.0,False,39.0,499.0,34.0,0.0,572.0,572.0,707.6755579749591,10.6,0.6874993456464642,9.4,47.9,7.0,100542.0,27.34943336467561,10.286,7858.059498347268,40.923243,-73.779344,0
3650617,1600000US3650617,New Rochelle city,New Rochelle city,"New Rochelle city, New York",NY,2023,New Rochelle,83357.0,81591.0,False,92.0,957.0,80.0,4.0,1129.0,1129.0,1383.7310487676336,10.6,0.6914441769992609,8.0,48.6,6.1,103813.0,29.032613891238,10.286,7932.2379933890725,40.923243,-73.779344,0
3650617,1600000US3650617,New Rochelle city,New Rochelle city,"New Rochelle city, New York",NY,2024,New Rochelle,84960.0,82769.0,False,22.0,869.0,48.0,3.0,939.0,939.0,1134.4827169592481,10.1,0.7014315408297587,9.1,46.3,5.9,109167.0,29.471178822989287,10.286,8046.762589928057,40.923243,-73.779344,0
3651000,1600000US3651000,New York city,New York city,"New York city, New York",NY,2022,New York,8236567.0,8622467.0,False,14553.0,147831.0,13977.0,,176361.0,176361.0,2045.3659028210836,17.2,0.7527873634479427,10.1,67.1,7.6,76607.0,36.337036720465264,300.457,28697.840289958298,40.662712,-73.938677,0
3651000,1600000US3651000,New York city,New York city,"New York city, New York",NY,2023,New York,8184044.0,8516202.0,False,13681.0,164238.0,18348.0,900.0,196267.0,196267.0,2304.6306322935975,17.4,0.7554252223650266,10.0,67.2,7.7,79713.0,36.49575244927257,300.457,28344.162392621907,40.662712,-73.938677,0
3651000,1600000US3651000,New York city,New York city,"New York city, New York",NY,2024,New York,8299271.0,8483844.0,False,12842.0,167230.0,16477.0,826.0,196549.0,196549.0,2316.744626610296,17.9,0.7580607547870879,9.9,67.2,8.0,80483.0,36.61334413975552,300.457,28236.466449442018,40.662712,-73.938677,0
3663000,1600000US3663000,Rochester city,Rochester city,"Rochester city, New York",NY,2022,Rochester,210270.0,210992.0,False,932.0,5233.0,1364.0,126.0,7529.0,7529.0,3568.3817395920228,27.9,0.6990264396694286,18.0,62.7,8.5,44156.0,9.20319253810571,35.761,5900.058723190067,43.169927,-77.616891,0
3663000,1600000US3663000,Rochester city,Rochester city,"Rochester city, New York",NY,2023,Rochester,208452.0,209720.0,False,998.0,4689.0,4836.0,141.0,10523.0,10523.0,5017.64257104711,26.6,0.6996187529077489,17.9,62.8,7.9,46628.0,8.315372878123211,35.761,5864.489248063533,43.169927,-77.616891,0
3663000,1600000US3663000,Rochester city,Rochester city,"Rochester city, New York",NY,2024,Rochester,206093.0,208772.0,False,834.0,3701.0,2244.0,108.0,6779.0,6779.0,3247.0829421569947,27.8,0.7050354132566583,17.7,61.9,7.9,47213.0,8.170156917594314,35.761,5837.979922261681,43.169927,-77.616891,0
3665508,1600000US3665508,Schenectady city,Schenectady city,"Schenectady city, New York",NY,2022,Schenectady,67101.0,68476.0,False,315.0,1773.0,208.0,26.0,2296.0,2296.0,3352.999591097611,21.2,0.6901288102752389,17.2,54.7,9.4,54650.0,15.580641392604708,10.808,6335.677276091784,42.802641,-73.9272,0
3665508,1600000US3665508,Schenectady city,Schenectady city,"Schenectady city, New York",NY,2023,Schenectady,69035.0,68521.0,False,251.0,1729.0,192.0,24.0,2172.0,2172.0,3169.8311466557693,23.1,0.6999495258216144,16.4,55.2,8.9,56398.0,15.443440697012594,10.808,6339.840858623242,42.802641,-73.9272,0
3665508,1600000US3665508,Schenectady city,Schenectady city,"Schenectady city, New York",NY,2024,Schenectady,68610.0,68847.0,False,275.0,1721.0,151.0,19.0,2147.0,2147.0,3118.5091579880022,23.8,0.7055192049979535,15.7,54.4,8.7,58399.0,14.626635873749038,10.808,6370.00370096225,42.802641,-73.9272,0
3673000,1600000US3673000,Syracuse city,Syracuse city,"Syracuse city, New York",NY,2022,Syracuse,145179.0,146134.0,False,1171.0,2636.0,623.0,24.0,4430.0,4430.0,3031.4642725170047,29.6,0.666159763052476,23.2,59.2,8.6,43584.0,13.003134109789647,25.059,5831.597430065046,43.040998,-76.143554,0
3673000,1600000US3673000,Syracuse city,Syracuse city,"Syracuse city, New York",NY,2023,Syracuse,143295.0,146211.0,False,944.0,3530.0,1023.0,42.0,5497.0,5497.0,3759.6350479786065,29.6,0.6693125751152582,23.2,58.7,7.4,45845.0,12.067491502007373,25.059,5834.670178379025,43.040998,-76.143554,0
3673000,1600000US3673000,Syracuse city,Syracuse city,"Syracuse city, New York",NY,2024,Syracuse,145175.0,146384.0,False,1047.0,3830.0,1270.0,22.0,6147.0,6147.0,4199.229423980763,28.8,0.6734159484569956,22.5,58.4,7.7,47819.0,12.745245382008964,25.059,5841.573885629913,43.040998,-76.143554,0
3675484,1600000US3675484,Troy city,Troy city,"Troy city, New York",NY,2022,Troy,50106.0,51268.0,False,248.0,1319.0,112.0,8.0,1679.0,1679.0,3274.9473355699465,23.3,0.5602799499199786,19.9,65.5,9.7,54837.0,8.781306077865334,10.357,4950.082070097519,42.735812,-73.675321,0
3675484,1600000US3675484,Troy city,Troy city,"Troy city, New York",NY,2023,Troy,50676.0,51054.0,False,230.0,1115.0,147.0,18.0,1492.0,1492.0,2922.3958945430327,23.8,0.5604900892730426,19.9,63.2,9.4,57688.0,9.72303835154934,10.357,4929.419716134016,42.735812,-73.675321,0
3675484,1600000US3675484,Troy city,Troy city,"Troy city, New York",NY,2024,Troy,50372.0,51033.0,False,197.0,1057.0,143.0,14.0,1397.0,1397.0,2737.4443987223954,23.4,0.5806456226493959,18.2,62.6,9.1,58477.0,8.108478827425392,10.357,4927.3921019600275,42.735812,-73.675321,0
3676540,1600000US3676540,Utica city,Utica city,"Utica city, New York",NY,2022,Utica,63906.0,64728.0,False,274.0,1749.0,155.0,10.0,2178.0,2178.0,3364.849833147942,28.2,0.6479074333872238,17.1,50.6,7.0,48212.0,22.21913236929922,16.722,3870.8288482238963,43.096382,-75.225983,0
3676540,1600000US3676540,Utica city,Utica city,"Utica city, New York",NY,2023,Utica,63548.0,64440.0,False,220.0,1554.0,115.0,15.0,1889.0,1889.0,2931.4090626939787,27.6,0.653476256886913,17.2,50.0,7.2,51513.0,21.468032278088145,16.722,3853.6060279870826,43.096382,-75.225983,0
3676540,1600000US3676540,Utica city,Utica city,"Utica city, New York",NY,2024,Utica,63098.0,64217.0,False,186.0,1583.0,92.0,10.0,1861.0,1861.0,2897.9865144743603,27.5,0.6577858597367197,16.7,50.3,8.2,52484.0,20.55841911020446,16.722,3840.270302595383,43.096382,-75.225983,0
3681677,1600000US3681677,White Plains city,White Plains city,"White Plains city, New York",NY,2022,White Plains,59488.0,59421.0,False,37.0,701.0,19.0,4.0,757.0,757.0,1273.960384375894,10.0,0.6740963125199955,10.5,46.8,5.4,109551.0,30.857777553390214,9.737,6102.598336243196,41.0238,-73.751048,0
3681677,1600000US3681677,White Plains city,White Plains city,"White Plains city, New York",NY,2023,White Plains,59254.0,59818.0,False,59.0,929.0,30.0,1.0,1018.0,1018.0,1701.828880938848,10.9,0.678724194541267,9.4,47.6,5.5,115586.0,31.35845397706376,9.737,6143.370648043545,41.0238,-73.751048,0
3681677,1600000US3681677,White Plains city,White Plains city,"White Plains city, New York",NY,2024,White Plains,61923.0,60666.0,False,56.0,1005.0,29.0,2.0,1090.0,1090.0,1796.7230409125377,11.2,0.6930236932277676,10.0,49.0,5.9,110763.0,30.71737052055517,9.737,6230.46112765739,41.0238,-73.751048,0
3684000,1600000US3684000,Yonkers city,Yonkers city,"Yonkers city, New York",NY,2022,Yonkers,208100.0,209780.0,False,238.0,1412.0,257.0,6.0,1907.0,1907.0,909.0475736485841,13.2,0.6827242620853151,9.7,51.7,6.6,78208.0,32.01496806177901,18.006,11650.560924136398,40.945862,-73.867446,0
3684000,1600000US3684000,Yonkers city,Yonkers city,"Yonkers city, New York",NY,2023,Yonkers,206702.0,209529.0,False,330.0,1875.0,394.0,14.0,2599.0,2599.0,1240.4010900639053,14.7,0.6773437173140926,9.8,52.8,7.4,81816.0,32.638918717695404,18.006,11636.621126291237,40.945862,-73.867446,0
3684000,1600000US3684000,Yonkers city,Yonkers city,"Yonkers city, New York",NY,2024,Yonkers,206557.0,209978.0,False,244.0,1533.0,319.0,24.0,2096.0,2096.0,998.1998114088142,13.8,0.6752740952790866,9.7,53.8,7.1,83549.0,33.05679642629228,18.006,11661.557258691548,40.945862,-73.867446,0
3701520,1600000US3701520,Apex town,Apex town,"Apex town, North Carolina",NC,2022,Apex,66024.0,65541.0,False,66.0,650.0,39.0,6.0,755.0,755.0,1151.9506873560063,2.9,0.526896379891798,13.3,24.7,4.1,129688.0,15.768755435528906,25.059,2615.4674967077694,35.724756,-78.877515,0
3701520,1600000US3701520,Apex town,Apex town,"Apex town, North Carolina",NC,2023,Apex,74105.0,67765.0,False,75.0,544.0,53.0,4.0,672.0,672.0,991.6623625765513,2.6,0.558738248290572,12.1,24.7,3.8,138442.0,17.27587987899358,25.706,2636.1549832723877,35.724626,-78.878745,0
3702140,1600000US3702140,Asheville city,Asheville city,"Asheville city, North Carolina",NC,2022,Asheville,93729.0,93695.0,False,676.0,3717.0,418.0,29.0,4811.0,4811.0,5134.745717487593,13.3,0.3699259800055714,17.3,50.0,4.1,63810.0,7.630076311436043,45.471,2060.544083041939,35.570972,-82.552725,0
3702140,1600000US3702140,Asheville city,Asheville city,"Asheville city, North Carolina",NC,2023,Asheville,93471.0,94369.0,False,530.0,3226.0,473.0,33.0,4229.0,4229.0,4481.344509319798,14.6,0.3706703510144591,16.1,49.7,4.0,67221.0,7.681547965963399,45.465,2075.6406026613877,35.570972,-82.552725,0
3702140,1600000US3702140,Asheville city,Asheville city,"Asheville city, North Carolina",NC,2024,Asheville,95219.0,94535.0,False,573.0,2815.0,321.0,30.0,3709.0,3709.0,3923.414608346115,14.3,0.35025126069848933,15.6,48.1,5.1,71102.0,7.02173798064209,45.48,2078.6059806508356,35.570972,-82.552725,0
3709060,1600000US3709060,Burlington city,Burlington city,"Burlington city, North Carolina",NC,2022,Burlington,60069.0,56951.0,False,342.0,1703.0,225.0,6.0,2270.0,2270.0,3985.8826008322944,18.7,0.6569312498213515,15.0,44.5,5.7,52963.0,11.736404979719408,30.265,1881.744589459772,36.076128,-79.4683,0
3709060,1600000US3709060,Burlington city,Burlington city,"Burlington city, North Carolina",NC,2023,Burlington,60156.0,58599.0,False,398.0,1607.0,223.0,18.0,2228.0,2228.0,3802.1126640386356,18.0,0.6751655367930165,14.2,45.1,5.9,54941.0,12.365398726940732,30.551,1918.071421557396,36.076128,-79.4683,0
3709060,1600000US3709060,Burlington city,Burlington city,"Burlington city, North Carolina",NC,2024,Burlington,60906.0,59610.0,False,315.0,1345.0,219.0,26.0,1879.0,1879.0,3152.15567857742,16.4,0.6781349272986485,12.1,46.2,6.5,56880.0,13.670525079684618,30.794,1935.7667078002207,36.076128,-79.4683,0
3710740,1600000US3710740,Cary town,Cary town,"Cary town, North Carolina",NC,2022,Cary,178600.0,174880.0,False,300.0,1534.0,141.0,6.0,1975.0,1975.0,1129.3458371454713,5.2,0.592591715615842,17.2,33.2,3.4,125317.0,22.78190759377859,59.938,2917.6816043244685,35.781302,-78.823444,0
3710740,1600000US3710740,Cary town,Cary town,"Cary town, North Carolina",NC,2023,Cary,182878.0,176686.0,False,217.0,1681.0,353.0,9.0,2251.0,2251.0,1274.0115232672651,5.3,0.6061338211450404,16.1,33.7,3.4,129399.0,23.717215851850174,60.128,2938.4978712080892,35.781302,-78.823444,0
3710740,1600000US3710740,Cary town,Cary town,"Cary town, North Carolina",NC,2024,Cary,181793.0,179306.0,False,161.0,2019.0,215.0,8.0,2395.0,2395.0,1335.7054420934046,5.7,0.6195326807318464,15.2,33.4,3.5,134905.0,23.85307797842794,60.968,2940.985434982286,35.781302,-78.823444,0
3711800,1600000US3711800,Chapel Hill town,Chapel Hill town,"Chapel Hill town, North Carolina",NC,2022,Chapel Hill,60984.0,58919.0,False,190.0,951.0,72.0,6.0,1213.0,1213.0,2058.7586347358238,18.6,0.5472252670950638,27.0,50.0,4.7,85940.0,15.977867920365247,21.596,2728.236710501945,35.921285,-79.045124,0
3711800,1600000US3711800,Chapel Hill town,Chapel Hill town,"Chapel Hill town, North Carolina",NC,2023,Chapel Hill,65066.0,59889.0,False,208.0,1254.0,221.0,0.0,1683.0,1683.0,2810.1988679056253,19.6,0.5573759896535047,28.0,51.3,4.6,85825.0,14.920937066907111,21.656,2765.4691540450685,35.928328,-79.041375,0
3711800,1600000US3711800,Chapel Hill town,Chapel Hill town,"Chapel Hill town, North Carolina",NC,2024,Chapel Hill,63906.0,61607.0,False,217.0,1271.0,119.0,4.0,1607.0,1607.0,2608.469816741604,18.6,0.5680565768292951,26.3,52.6,4.5,85989.0,15.272615124904638,21.695,2839.6865637243604,35.928328,-79.041375,0
3712000,1600000US3712000,Charlotte city,Charlotte city,"Charlotte city, North Carolina",NC,2022,Charlotte-Mecklenburg,955466.0,875045.0,False,4095.0,24356.0,3795.0,148.0,32246.0,32246.0,3685.0676250935667,11.7,0.6930366802808536,16.9,47.9,4.7,74070.0,17.416132884594507,310.018,2822.5619157597303,35.209045,-80.83099,0
3712000,1600000US3712000,Charlotte city,Charlotte city,"Charlotte city, North Carolina",NC,2023,Charlotte-Mecklenburg,979304.0,886283.0,False,4211.0,25248.0,8106.0,142.0,37565.0,37565.0,4238.488157845744,11.7,0.7025504222211392,16.4,48.5,4.4,78438.0,18.118140593918646,310.759,2851.994632496565,35.209045,-80.83099,0
3712000,1600000US3712000,Charlotte city,Charlotte city,"Charlotte city, North Carolina",NC,2024,Charlotte-Mecklenburg,1003130.0,903844.0,False,4284.0,25261.0,7624.0,164.0,37169.0,37169.0,4112.324693199269,11.7,0.7077155382826281,16.3,49.0,4.6,82068.0,18.65897212350804,311.605,2900.60814171788,35.209045,-80.83099,0
3714100,1600000US3714100,Concord city,Concord city,"Concord city, North Carolina",NC,2022,Concord,109660.0,105335.0,False,82.0,863.0,134.0,5.0,1079.0,1079.0,1024.3508805240424,7.5,0.6371780667298879,12.3,30.6,4.7,83480.0,11.17007642284141,64.002,1645.8079435017657,35.392094,-80.63551,0
3714100,1600000US3714100,Concord city,Concord city,"Concord city, North Carolina",NC,2023,Concord,111915.0,106518.0,False,78.0,872.0,146.0,4.0,1096.0,1096.0,1028.9340768696372,8.6,0.6604380997018934,12.4,33.6,4.8,84752.0,12.519010871402017,64.033,1663.4860150235036,35.392094,-80.63551,0
3714100,1600000US3714100,Concord city,Concord city,"Concord city, North Carolina",NC,2024,Concord,111922.0,108719.0,False,127.0,923.0,187.0,4.0,1237.0,1237.0,1137.7956015047969,9.6,0.673755907663617,11.3,34.8,5.5,86921.0,13.457629301226095,64.701,1680.329515772554,35.392094,-80.63551,0
3719000,1600000US3719000,Durham city,Durham city,"Durham city, North Carolina",NC,2022,Durham,286377.0,284094.0,False,1462.0,7166.0,870.0,40.0,9498.0,9498.0,3343.2596253352763,12.6,0.6836434279337239,17.8,48.0,4.3,74710.0,14.831710630988335,115.363,2462.6093288142647,35.978164,-78.900058,0
3719000,1600000US3719000,Durham city,Durham city,"Durham city, North Carolina",NC,2023,Durham,295788.0,288465.0,False,1470.0,7616.0,2039.0,60.0,11125.0,11125.0,3856.62038722202,12.2,0.6924226259258022,18.2,48.2,4.2,79234.0,15.318669509299221,116.754,2470.707641708207,35.978061,-78.899497,0
3719000,1600000US3719000,Durham city,Durham city,"Durham city, North Carolina",NC,2024,Durham,300208.0,291467.0,False,1352.0,8182.0,1873.0,35.0,11407.0,11407.0,3913.6506019549383,11.7,0.6985168623077425,17.6,47.7,3.8,81619.0,15.43022023076369,118.835,2452.7033281440654,35.977928,-78.898109,0
3722920,1600000US3722920,Fayetteville city,Fayetteville city,"Fayetteville city, North Carolina",NC,2022,Fayetteville,208980.0,208697.0,False,1298.0,5381.0,545.0,82.0,7224.0,7224.0,3461.477644623545,18.7,0.6851585606698745,22.7,54.6,8.4,53424.0,7.866907526222226,148.258,1407.6609693911964,35.082766,-78.973515,0
3722920,1600000US3722920,Fayetteville city,Fayetteville city,"Fayetteville city, North Carolina",NC,2023,Fayetteville,209262.0,209692.0,False,1094.0,4634.0,688.0,74.0,6416.0,6416.0,3059.725692921046,18.1,0.6888377432781584,21.8,53.5,8.2,56395.0,7.632146195372261,148.266,1414.2959275896026,35.082766,-78.973515,0
3722920,1600000US3722920,Fayetteville city,Fayetteville city,"Fayetteville city, North Carolina",NC,2024,Fayetteville,209945.0,210815.0,False,813.0,4932.0,752.0,56.0,6497.0,6497.0,3081.8490145388137,17.7,0.688615168310142,20.7,52.6,7.9,58407.0,7.770794298318432,148.266,1421.8701522938504,35.082766,-78.973515,0
3725580,1600000US3725580,Gastonia city,Gastonia city,"Gastonia city, North Carolina",NC,2022,Gastonia,81937.0,80615.0,False,474.0,2411.0,342.0,22.0,3227.0,3227.0,4002.9771134404264,14.7,0.6100891891875568,12.2,44.2,5.6,58047.0,6.59058487874465,51.99,1550.5866512790922,35.248796,-81.186436,0
3725580,1600000US3725580,Gastonia city,Gastonia city,"Gastonia city, North Carolina",NC,2023,Gastonia,83739.0,81632.0,False,494.0,2406.0,296.0,21.0,3196.0,3196.0,3915.131321050568,14.3,0.6244569271283689,11.8,45.8,5.2,60554.0,7.34515876127009,53.067,1538.2817947123447,35.248999,-81.184834,0
3725580,1600000US3725580,Gastonia city,Gastonia city,"Gastonia city, North Carolina",NC,2024,Gastonia,85112.0,82884.0,False,436.0,2202.0,353.0,22.0,2991.0,2991.0,3608.65788330679,16.3,0.636785297882575,11.7,45.8,5.7,64059.0,8.54809130833454,53.742,1542.257452271966,35.248796,-81.186436,0
3728000,1600000US3728000,Greensboro city,Greensboro city,"Greensboro city, North Carolina",NC,2022,Greensboro,298719.0,297202.0,False,1662.0,8415.0,1231.0,75.0,11308.0,11308.0,3804.819617633798,18.1,0.6576772365617733,17.9,50.4,5.5,55051.0,12.323268349472748,131.41,2261.639144661746,36.095246,-79.825447,0
3728000,1600000US3728000,Greensboro city,Greensboro city,"Greensboro city, North Carolina",NC,2023,Greensboro,303237.0,298564.0,False,1683.0,8135.0,1506.0,87.0,11324.0,11324.0,3792.8216395814634,18.4,0.6681658732917054,17.0,49.7,5.1,58884.0,12.71888104393028,133.861,2230.4031794174557,36.09485,-79.823624,0
3728000,1600000US3728000,Greensboro city,Greensboro city,"Greensboro city, North Carolina",NC,2024,Greensboro,304306.0,301198.0,False,1468.0,7024.0,1803.0,90.0,10295.0,10295.0,3418.017383913572,17.0,0.6707792803133836,17.5,49.5,5.1,61515.0,12.661770662487799,134.29,2242.892248119741,36.09485,-79.823624,0
3728080,1600000US3728080,Greenville city,Greenville city,"Greenville city, North Carolina",NC,2022,Greenville,89363.0,87894.0,False,273.0,2017.0,148.0,13.0,2438.0,2438.0,2773.795708467017,25.2,0.5949616870149064,28.6,67.1,8.7,47485.0,4.659021093590006,37.44,2347.596153846154,35.596431,-77.375256,0
3728080,1600000US3728080,Greenville city,Greenville city,"Greenville city, North Carolina",NC,2023,Greenville,90048.0,88540.0,False,266.0,2450.0,154.0,15.0,2870.0,2870.0,3241.4727806641063,24.5,0.5965356214807904,27.9,67.4,9.0,50564.0,4.661170092613507,37.44,2364.8504273504277,35.596431,-77.375256,0
3728080,1600000US3728080,Greenville city,Greenville city,"Greenville city, North Carolina",NC,2024,Greenville,90871.0,92857.0,False,247.0,2227.0,174.0,13.0,2648.0,2648.0,2851.6966949179923,24.6,0.6035366161633077,26.6,67.3,9.0,49748.0,5.018469259183476,38.337,2422.1248402326733,35.596431,-77.375256,0
3731400,1600000US3731400,High Point city,High Point city,"High Point city, North Carolina",NC,2022,High Point,114280.0,114120.0,False,525.0,2239.0,312.0,12.0,3076.0,3076.0,2695.408342096039,15.4,0.6718895348658639,16.0,41.9,6.2,58582.0,12.669996494917632,56.907,2005.3771943697614,35.990803,-79.992713,0
3731400,1600000US3731400,High Point city,High Point city,"High Point city, North Carolina",NC,2023,High Point,115490.0,115263.0,False,476.0,2140.0,322.0,26.0,2938.0,2938.0,2548.9532634062966,14.7,0.6859507013648678,15.1,41.9,5.6,61228.0,14.162393829763237,57.327,2010.6232665236278,35.990803,-79.992713,0
3731400,1600000US3731400,High Point city,High Point city,"High Point city, North Carolina",NC,2024,High Point,117629.0,116245.0,False,404.0,1777.0,708.0,40.0,2889.0,2889.0,2485.268183577788,15.7,0.6945236712058039,14.9,42.2,5.2,64561.0,15.530990580240012,57.447,2023.5173290163107,35.990803,-79.992713,0
3733120,1600000US3733120,Huntersville town,Huntersville town,"Huntersville town, North Carolina",NC,2022,Huntersville,62105.0,61202.0,False,100.0,576.0,77.0,4.0,753.0,753.0,1230.3519492827031,4.2,0.4660379400145598,14.3,26.9,4.1,112893.0,9.38368027188654,41.343,1480.3473381225358,35.40681,-80.86868,0
3733120,1600000US3733120,Huntersville town,Huntersville town,"Huntersville town, North Carolina",NC,2023,Huntersville,63781.0,62458.0,False,106.0,679.0,136.0,3.0,921.0,921.0,1474.5909251016683,3.4,0.498530708687985,14.8,27.6,3.6,119951.0,9.92827179864869,41.637,1500.0600427504382,35.40681,-80.86868,0
3733120,1600000US3733120,Huntersville town,Huntersville town,"Huntersville town, North Carolina",NC,2024,Huntersville,65752.0,63969.0,False,166.0,627.0,104.0,4.0,897.0,897.0,1402.2417108286827,3.1,0.5161217942594183,14.3,28.3,3.2,120516.0,10.064249871031281,41.845,1528.7131078981959,35.40681,-80.86868,0
3734200,1600000US3734200,Jacksonville city,Jacksonville city,"Jacksonville city, North Carolina",NC,2022,Jacksonville,72570.0,71908.0,False,247.0,1194.0,64.0,5.0,1505.0,1505.0,2092.952105468098,15.5,0.6437105743291689,31.9,64.5,8.9,50185.0,5.615508705568226,48.802,1473.4642022867915,34.72973,-77.393661,0
3735200,1600000US3735200,Kannapolis city,Kannapolis city,"Kannapolis city, North Carolina",NC,2022,Kannapolis,55480.0,53314.0,False,161.0,822.0,152.0,2.0,1135.0,1135.0,2128.8967250628352,11.7,0.590513891536648,10.8,37.5,6.1,66487.0,6.855610158682522,33.499,1591.5101943341592,35.477466,-80.638448,0
3735200,1600000US3735200,Kannapolis city,Kannapolis city,"Kannapolis city, North Carolina",NC,2023,Kannapolis,56479.0,56470.0,False,173.0,849.0,101.0,1.0,1123.0,1123.0,1988.6665486098811,12.2,0.6119816753374222,10.8,34.6,4.7,70691.0,7.584558172480964,34.57,1633.49725195256,35.479904,-80.647499,0
3735200,1600000US3735200,Kannapolis city,Kannapolis city,"Kannapolis city, North Carolina",NC,2024,Kannapolis,60725.0,57890.0,False,122.0,830.0,132.0,3.0,1084.0,1084.0,1872.516842287096,12.6,0.6221828623397208,10.8,34.4,4.1,73836.0,9.649334945586457,34.943,1656.6980511118109,35.479281,-80.638032,0
3744220,1600000US3744220,Mooresville town,Mooresville town,"Mooresville town, North Carolina",NC,2022,Mooresville,52762.0,50025.0,False,84.0,952.0,89.0,3.0,1125.0,1125.0,2248.8755622188905,7.6,0.42856165040917826,17.9,40.7,3.9,82622.0,9.467266366816592,26.511,1886.9525857191354,35.583717,-80.827755,0
3744220,1600000US3744220,Mooresville town,Mooresville town,"Mooresville town, North Carolina",NC,2023,Mooresville,53767.0,51447.0,False,87.0,998.0,74.0,10.0,1159.0,1159.0,2252.8038563959026,7.6,0.4540257355574009,16.8,42.7,4.1,88592.0,8.822671875911132,27.236,1888.9337641357026,35.583717,-80.827755,0
3744220,1600000US3744220,Mooresville town,Mooresville town,"Mooresville town, North Carolina",NC,2024,Mooresville,54823.0,52381.0,False,76.0,1038.0,66.0,2.0,1180.0,1180.0,2252.72522479525,7.3,0.4934379900627507,17.2,41.7,4.4,89647.0,8.705446631412153,27.363,1914.3003325658738,35.583717,-80.827755,0
3755000,1600000US3755000,Raleigh city,Raleigh city,"Raleigh city, North Carolina",NC,2022,Raleigh,470829.0,465517.0,False,1207.0,8584.0,1201.0,44.0,10992.0,10992.0,2361.2456687940503,11.8,0.6326548433672339,20.1,48.9,4.5,78631.0,12.96279190663284,148.544,3133.866059887979,35.830204,-78.641493,0
3755000,1600000US3755000,Raleigh city,Raleigh city,"Raleigh city, North Carolina",NC,2023,Raleigh,482842.0,470763.0,False,1479.0,9132.0,1892.0,52.0,12503.0,12503.0,2655.901164704958,11.4,0.6430992994927196,18.9,48.8,4.5,82424.0,13.59962443947379,149.447,3150.0331221101796,35.831868,-78.641042,0
3755000,1600000US3755000,Raleigh city,Raleigh city,"Raleigh city, North Carolina",NC,2024,Raleigh,488085.0,481031.0,False,1362.0,10049.0,2349.0,36.0,13760.0,13760.0,2860.522502707726,11.9,0.6503481020738819,18.7,49.3,4.4,85395.0,13.83174888936472,150.935,3187.007652300659,35.831868,-78.641042,0
3757500,1600000US3757500,Rocky Mount city,Rocky Mount city,"Rocky Mount city, North Carolina",NC,2022,Rocky Mount,53668.0,54260.0,False,312.0,1026.0,148.0,18.0,1486.0,1486.0,2738.665683744932,19.6,0.5294919446294065,12.2,50.1,7.8,50092.0,3.0243273129377073,44.683,1214.3320726003178,35.969322,-77.803783,0
3757500,1600000US3757500,Rocky Mount city,Rocky Mount city,"Rocky Mount city, North Carolina",NC,2023,Rocky Mount,53865.0,54175.0,False,350.0,1237.0,173.0,11.0,1760.0,1760.0,3248.7309644670054,21.2,0.5263899196935873,12.4,52.5,8.1,52927.0,3.2062759575449933,44.683,1212.4297831390013,35.969322,-77.803783,0
3757500,1600000US3757500,Rocky Mount city,Rocky Mount city,"Rocky Mount city, North Carolina",NC,2024,Rocky Mount,54223.0,54297.0,False,401.0,1545.0,212.0,26.0,2158.0,2158.0,3974.4368933826913,19.7,0.53837301435064,11.4,51.0,8.0,55534.0,3.7515884855516877,45.245,1200.0663056691349,35.968514,-77.808294,0
3770540,1600000US3770540,Wake Forest town,Wake Forest town,"Wake Forest town, North Carolina",NC,2023,Wake Forest,52609.0,51199.0,False,106.0,666.0,63.0,2.0,835.0,835.0,1630.8912283443035,2.9,0.5222700294222804,17.7,25.3,4.5,120777.0,7.8360905486435275,19.636,2607.40476675494,35.964409,-78.51332,0
3770540,1600000US3770540,Wake Forest town,Wake Forest town,"Wake Forest town, North Carolina",NC,2024,Wake Forest,55872.0,52844.0,False,58.0,624.0,47.0,2.0,729.0,729.0,1379.5322080084777,4.5,0.5337671140052346,16.0,26.0,4.0,123802.0,9.522367723866475,19.876,2658.683839806802,35.964409,-78.51332,0
3774440,1600000US3774440,Wilmington city,Wilmington city,"Wilmington city, North Carolina",NC,2022,Wilmington,119159.0,116933.0,False,470.0,2675.0,270.0,16.0,3415.0,3415.0,2920.4758280382785,17.8,0.4561664040581369,20.9,54.1,4.9,58908.0,5.0199687000248,51.405,2274.7398113024024,34.209225,-77.885767,0
3774440,1600000US3774440,Wilmington city,Wilmington city,"Wilmington city, North Carolina",NC,2023,Wilmington,122675.0,118578.0,False,559.0,3390.0,355.0,9.0,4304.0,4304.0,3629.678355175496,16.3,0.4798393287988284,20.9,53.2,4.6,63900.0,5.715225421241715,51.414,2306.3367954253704,34.209225,-77.885767,0
3774440,1600000US3774440,Wilmington city,Wilmington city,"Wilmington city, North Carolina",NC,2024,Wilmington,125101.0,120805.0,False,452.0,3555.0,390.0,8.0,4397.0,4397.0,3639.7500103472535,16.0,0.4803893726993914,20.9,52.4,4.3,66738.0,5.734034187326683,51.366,2351.847525600592,34.209225,-77.885767,0
3775000,1600000US3775000,Winston-Salem city,Winston-Salem city,"Winston-Salem city, North Carolina",NC,2022,Winston-Salem,251295.0,249571.0,False,1796.0,7070.0,919.0,51.0,9785.0,9785.0,3920.727969195139,18.4,0.6641002937171226,15.1,46.1,6.2,54416.0,10.44432245733679,133.531,1869.0116901693239,36.102863,-80.260829,0
3775000,1600000US3775000,Winston-Salem city,Winston-Salem city,"Winston-Salem city, North Carolina",NC,2023,Winston-Salem,252132.0,250887.0,False,1587.0,5029.0,976.0,54.0,7592.0,7592.0,3026.063526607596,17.9,0.6721475867582087,14.6,45.4,5.9,57673.0,10.739496267243819,133.584,1878.1216313330938,36.102863,-80.260829,0
3775000,1600000US3775000,Winston-Salem city,Winston-Salem city,"Winston-Salem city, North Carolina",NC,2024,Winston-Salem,254041.0,252037.0,False,1448.0,5073.0,900.0,70.0,7421.0,7421.0,2944.4089558279143,17.7,0.6775151555470696,14.7,44.4,5.7,59268.0,11.211052345488955,133.69,1885.2344977186028,36.102863,-80.260829,0
3807200,1600000US3807200,Bismarck city,Bismarck city,"Bismarck city, North Dakota",ND,2022,Bismarck,74604.0,73694.0,False,383.0,1870.0,256.0,7.0,2509.0,2509.0,3404.619100605205,9.2,0.2705417506125606,14.8,34.6,3.1,76014.0,4.053247211441908,34.685,2124.6648407092403,46.814583,-100.770089,0
3807200,1600000US3807200,Bismarck city,Bismarck city,"Bismarck city, North Dakota",ND,2023,Bismarck,74802.0,74146.0,False,294.0,1790.0,248.0,6.0,2332.0,2332.0,3145.1460631726595,9.7,0.2887384257392882,14.5,34.2,3.6,77608.0,3.618536401154479,34.685,2137.6964105521115,46.814583,-100.770089,0
3807200,1600000US3807200,Bismarck city,Bismarck city,"Bismarck city, North Dakota",ND,2024,Bismarck,75546.0,75556.0,False,187.0,1452.0,174.0,5.0,1813.0,1813.0,2399.544708560538,9.3,0.3082621366891095,14.2,34.5,2.5,78387.0,4.024829265710202,34.685,2178.3479890442554,46.814583,-100.770089,0
3825700,1600000US3825700,Fargo city,Fargo city,"Fargo city, North Dakota",ND,2022,Fargo,127649.0,127319.0,False,1075.0,3534.0,685.0,36.0,5294.0,5294.0,4158.059676874622,13.3,0.3458765558584421,25.2,55.8,3.6,64432.0,10.308752032296828,50.768,2507.859281437126,46.8647,-96.82908,0
3825700,1600000US3825700,Fargo city,Fargo city,"Fargo city, North Dakota",ND,2023,Fargo,134268.0,129064.0,False,1032.0,3612.0,564.0,23.0,5208.0,5208.0,4035.207338994607,12.8,0.35404551374956694,25.1,55.9,3.9,66029.0,9.716884646376991,50.834,2538.9306369752526,46.8647,-96.82908,0
3825700,1600000US3825700,Fargo city,Fargo city,"Fargo city, North Dakota",ND,2024,Fargo,135682.0,131627.0,False,1006.0,3529.0,481.0,15.0,5016.0,5016.0,3810.7683074141323,12.9,0.3700935569324939,23.6,56.3,3.8,66998.0,9.50868742735153,51.486,2556.5590646000855,46.8647,-96.82908,0
3832060,1600000US3832060,Grand Forks city,Grand Forks city,"Grand Forks city, North Dakota",ND,2022,Grand Forks,58620.0,58935.0,False,365.0,1263.0,123.0,3.0,1751.0,1751.0,2971.06982268601,16.4,0.3421463668674154,24.4,54.4,3.7,59079.0,6.912700432680071,27.99,2105.5734190782423,47.921291,-97.08933,0
3832060,1600000US3832060,Grand Forks city,Grand Forks city,"Grand Forks city, North Dakota",ND,2023,Grand Forks,58470.0,58882.0,False,247.0,1167.0,77.0,3.0,1491.0,1491.0,2532.1830100879724,16.3,0.34260773964280944,25.7,53.5,2.9,63838.0,6.587751774735913,29.05,2026.919104991394,47.919595,-97.087328,0
3832060,1600000US3832060,Grand Forks city,Grand Forks city,"Grand Forks city, North Dakota",ND,2024,Grand Forks,58848.0,59042.0,False,151.0,1103.0,89.0,1.0,1343.0,1343.0,2274.6519426848686,15.5,0.3559482833711122,25.1,53.6,2.4,63627.0,7.669116899834016,29.12,2027.5412087912086,47.919595,-97.087328,0
3901000,1600000US3901000,Akron city,Akron city,"Akron city, Ohio",OH,2022,Akron,188534.0,190273.0,False,1030.0,4525.0,909.0,89.0,6464.0,6464.0,3397.2239886899347,22.7,0.5927928845400808,16.1,50.0,7.7,46596.0,6.193206603143904,61.933,3072.2393554324835,41.080456,-81.521429,0
3901000,1600000US3901000,Akron city,Akron city,"Akron city, Ohio",OH,2023,Akron,187705.0,189526.0,False,862.0,3899.0,861.0,57.0,5622.0,5622.0,2966.347625127951,22.9,0.605014562179724,15.2,49.2,8.0,48544.0,6.438694427149836,61.933,3060.1779342192367,41.080456,-81.521429,0
3901000,1600000US3901000,Akron city,Akron city,"Akron city, Ohio",OH,2024,Akron,188223.0,189247.0,False,714.0,4071.0,777.0,41.0,5562.0,5562.0,2939.0162063335215,23.3,0.6192881161668846,14.9,49.3,7.8,48076.0,6.98135241245568,61.933,3055.6730660552535,41.080456,-81.521429,0
3912000,1600000US3912000,Canton city,Canton city,"Canton city, Ohio",OH,2022,Canton,70070.0,70589.0,False,602.0,2711.0,574.0,15.0,3887.0,3887.0,5506.523679326808,30.2,0.5592366596136868,17.1,51.8,9.0,37627.0,2.5542223292580997,26.352,2678.6961141469337,40.80765,-81.367228,0
3912000,1600000US3912000,Canton city,Canton city,"Canton city, Ohio",OH,2023,Canton,69164.0,70105.0,False,567.0,2161.0,214.0,10.0,2942.0,2942.0,4196.56229940803,28.4,0.5685668931063956,15.0,52.5,7.7,39754.0,2.2551886456030243,26.506,2644.8728589753264,40.80765,-81.367228,0
3912000,1600000US3912000,Canton city,Canton city,"Canton city, Ohio",OH,2024,Canton,68725.0,69755.0,False,534.0,1690.0,150.0,5.0,2374.0,2374.0,3403.340262346785,27.4,0.5833405103039375,13.8,51.3,7.8,43188.0,2.5073471435739374,26.519,2630.3782193898714,40.80765,-81.367228,0
3915000,1600000US3915000,Cincinnati city,Cincinnati city,"Cincinnati city, Ohio",OH,2022,Cincinnati,307761.0,308870.0,False,1877.0,7655.0,2011.0,1.0,11543.0,11543.0,3737.1709780813935,24.8,0.6032102813517878,20.8,60.7,6.9,49191.0,6.766924596108395,77.914,3964.242626485612,39.140183,-84.505829,0
3915000,1600000US3915000,Cincinnati city,Cincinnati city,"Cincinnati city, Ohio",OH,2023,Cincinnati,309484.0,309595.0,False,1910.0,7478.0,3699.0,0.0,13087.0,13087.0,4227.135451153927,24.5,0.61601125449279,20.4,61.1,6.8,51707.0,7.101212874884931,77.914,3973.5477577842234,39.140183,-84.505829,0
3915000,1600000US3915000,Cincinnati city,Cincinnati city,"Cincinnati city, Ohio",OH,2024,Cincinnati,311599.0,311224.0,False,1709.0,7463.0,2760.0,0.0,11932.0,11932.0,3833.8945582602882,25.5,0.6283549551851793,19.3,60.2,6.8,52909.0,6.958974886255559,77.914,3994.4554252124135,39.140183,-84.505829,0
3916000,1600000US3916000,Cleveland city,Cleveland city,"Cleveland city, Ohio",OH,2022,Cleveland,363764.0,370365.0,False,3004.0,8728.0,3972.0,124.0,15704.0,15704.0,4240.14148205149,31.2,0.6539407475735886,17.2,59.1,11.9,37271.0,5.953586327001741,77.735,4764.456165176562,41.478462,-81.679435,0
3916000,1600000US3916000,Cleveland city,Cleveland city,"Cleveland city, Ohio",OH,2023,Cleveland,358146.0,367523.0,False,3203.0,8865.0,5168.0,175.0,17236.0,17236.0,4689.77451751319,30.8,0.6551156277607038,16.8,58.8,11.5,39187.0,6.076626496845095,77.735,4727.896057117128,41.478462,-81.679435,0
3916000,1600000US3916000,Cleveland city,Cleveland city,"Cleveland city, Ohio",OH,2024,Cleveland,362762.0,366097.0,False,3121.0,8777.0,4159.0,190.0,16057.0,16057.0,4385.9960611531915,30.6,0.6624942660256097,17.0,58.3,10.8,40801.0,6.302974348328448,77.735,4709.551681996527,41.478462,-81.679435,0
3918000,1600000US3918000,Columbus city,Columbus city,"Columbus city, Ohio",OH,2022,Columbus,907196.0,902449.0,False,4288.0,20028.0,7293.0,14.0,31609.0,31609.0,3502.580201208046,18.1,0.6242820129163422,20.4,55.3,5.2,62994.0,13.985831886344824,220.396,4094.670502186973,39.985531,-82.985594,0
3918000,1600000US3918000,Columbus city,Columbus city,"Columbus city, Ohio",OH,2023,Columbus,908834.0,906480.0,False,3746.0,14114.0,6715.0,19.0,24575.0,24575.0,2711.036095666755,17.8,0.6371579460886452,20.4,55.7,5.1,65327.0,14.405061336157443,220.725,4106.829765545362,39.983938,-82.984882,0
3918000,1600000US3918000,Columbus city,Columbus city,"Columbus city, Ohio",OH,2024,Columbus,915447.0,914802.0,False,3703.0,15618.0,4969.0,17.0,24290.0,24290.0,2655.219380805901,18.1,0.6454935049128284,19.7,55.9,5.1,66082.0,14.993736349505138,221.533,4129.416384917823,39.983938,-82.984882,0
3919778,1600000US3919778,Cuyahoga Falls city,Cuyahoga Falls city,"Cuyahoga Falls city, Ohio",OH,2022,Cuyahoga Falls,50607.0,50916.0,False,91.0,764.0,66.0,4.0,921.0,921.0,1808.861654489748,9.5,0.3110353912211695,14.4,37.9,4.4,67922.0,7.665566815932124,25.796,1973.7943867266242,41.182881,-81.553008,0
3919778,1600000US3919778,Cuyahoga Falls city,Cuyahoga Falls city,"Cuyahoga Falls city, Ohio",OH,2023,Cuyahoga Falls,50459.0,50864.0,False,75.0,816.0,53.0,0.0,944.0,944.0,1855.9295375904373,9.8,0.3050446904418358,14.4,36.3,4.0,70645.0,7.4355143126769425,25.796,1971.77857032098,41.182881,-81.553008,0
3919778,1600000US3919778,Cuyahoga Falls city,Cuyahoga Falls city,"Cuyahoga Falls city, Ohio",OH,2024,Cuyahoga Falls,50639.0,50909.0,False,63.0,827.0,45.0,1.0,935.0,935.0,1836.6104225186118,10.5,0.2866878194071145,13.1,35.6,3.2,72705.0,6.737512031271485,25.796,1973.5230268258645,41.182881,-81.553008,0
3921000,1600000US3921000,Dayton city,Dayton city,"Dayton city, Ohio",OH,2022,Dayton,137084.0,137305.0,False,1339.0,3096.0,1440.0,42.0,5875.0,5875.0,4278.795382542515,27.5,0.5984753994190697,24.2,51.6,10.0,41443.0,4.85415680419504,55.806,2460.398523456259,39.784743,-84.199632,0
3921000,1600000US3921000,Dayton city,Dayton city,"Dayton city, Ohio",OH,2023,Dayton,135181.0,136741.0,False,1318.0,2729.0,2317.0,35.0,6364.0,6364.0,4654.054014523807,27.1,0.6015933283958056,22.6,51.8,9.7,43454.0,4.959010099384969,55.812,2450.0286676700352,39.784743,-84.199632,0
3921000,1600000US3921000,Dayton city,Dayton city,"Dayton city, Ohio",OH,2024,Dayton,134857.0,136579.0,False,1159.0,2892.0,1794.0,46.0,5845.0,5845.0,4279.574458738166,26.9,0.6038172523927156,20.6,51.6,9.0,45247.0,5.337570197468132,55.812,2447.1260660789794,39.784743,-84.199632,0
3925256,1600000US3925256,Elyria city,Elyria city,"Elyria city, Ohio",OH,2022,Elyria,52902.0,52780.0,False,158.0,766.0,83.0,1.0,1007.0,1007.0,1907.9196665403563,19.9,0.48180292522415324,12.2,41.6,4.9,49569.0,2.233800682076544,20.548,2568.6198170138214,41.372778,-82.108009,0
3925256,1600000US3925256,Elyria city,Elyria city,"Elyria city, Ohio",OH,2023,Elyria,53024.0,52833.0,False,156.0,557.0,56.0,5.0,769.0,769.0,1455.529687884466,17.5,0.5109732989690332,11.8,39.9,5.5,53204.0,2.8315636060795337,20.548,2571.1991434689508,41.372778,-82.108009,0
3925256,1600000US3925256,Elyria city,Elyria city,"Elyria city, Ohio",OH,2024,Elyria,53263.0,53035.0,False,112.0,633.0,43.0,7.0,788.0,788.0,1485.811256717262,16.7,0.5079682532998033,10.9,40.0,5.6,54945.0,2.4078438766852077,20.558,2579.774297110614,41.372778,-82.108009,0
3933012,1600000US3933012,Hamilton city,Hamilton city,"Hamilton city, Ohio",OH,2022,Hamilton,62536.0,63149.0,False,243.0,986.0,147.0,22.0,1376.0,1376.0,2178.973538773377,19.6,0.40978359415413856,14.6,45.4,7.0,52995.0,4.758586834312499,21.45,2944.0093240093242,39.393428,-84.565754,0
3933012,1600000US3933012,Hamilton city,Hamilton city,"Hamilton city, Ohio",OH,2023,Hamilton,62705.0,63124.0,False,206.0,875.0,110.0,23.0,1191.0,1191.0,1886.7625625752487,18.8,0.4320732286012525,14.2,45.6,6.0,54293.0,6.905455928014701,21.45,2942.843822843823,39.393428,-84.565754,0
3933012,1600000US3933012,Hamilton city,Hamilton city,"Hamilton city, Ohio",OH,2024,Hamilton,62860.0,63468.0,False,210.0,962.0,121.0,13.0,1293.0,1293.0,2037.2471166572132,19.6,0.45218181706748883,15.3,45.7,5.9,55166.0,7.276107644797378,21.465,2956.813417190776,39.394328,-84.565522,0
3940040,1600000US3940040,Kettering city,Kettering city,"Kettering city, Ohio",OH,2022,Kettering,57107.0,57707.0,False,85.0,633.0,86.0,6.0,804.0,804.0,1393.2451868924047,8.7,0.25580220721015823,13.4,35.9,3.7,69818.0,5.581645207687109,18.715,3083.462463264761,39.695991,-84.150437,0
3940040,1600000US3940040,Kettering city,Kettering city,"Kettering city, Ohio",OH,2023,Kettering,56633.0,57442.0,False,94.0,631.0,87.0,4.0,812.0,812.0,1413.5998050207165,8.5,0.2853025476703791,13.0,35.1,3.8,71619.0,5.569095783572996,18.715,3069.302698370291,39.695991,-84.150437,0
3940040,1600000US3940040,Kettering city,Kettering city,"Kettering city, Ohio",OH,2024,Kettering,56562.0,57206.0,False,88.0,677.0,84.0,3.0,849.0,849.0,1484.110058385484,8.3,0.3009349611866663,13.5,35.1,3.8,74681.0,5.375310282138238,18.715,3056.6924926529523,39.695991,-84.150437,0
3941664,1600000US3941664,Lakewood city,Lakewood city,"Lakewood city, Ohio",OH,2022,Lakewood,49490.0,50605.0,False,71.0,493.0,106.0,3.0,670.0,670.0,1323.9798438889438,11.8,0.2864523223154558,19.6,56.2,5.4,63299.0,7.400454500543424,5.543,9129.532744001443,41.483258,-81.801143,0
3941664,1600000US3941664,Lakewood city,Lakewood city,"Lakewood city, Ohio",OH,2023,Lakewood,49304.0,50229.0,False,68.0,549.0,158.0,2.0,775.0,775.0,1542.9333651874415,10.8,0.3003245077817144,19.4,55.5,5.2,65925.0,8.080989070059129,5.543,9061.699440736063,41.483258,-81.801143,0
3941664,1600000US3941664,Lakewood city,Lakewood city,"Lakewood city, Ohio",OH,2024,Lakewood,49272.0,50007.0,False,54.0,441.0,67.0,2.0,562.0,562.0,1123.8426620273162,10.3,0.303291422857088,20.1,55.6,5.0,68954.0,8.090867278581,5.543,9021.648926574057,41.483258,-81.801143,0
3944856,1600000US3944856,Lorain city,Lorain city,"Lorain city, Ohio",OH,2022,Lorain,65536.0,65138.0,False,222.0,873.0,96.0,19.0,1191.0,1191.0,1828.4258036783444,27.5,0.6389296483626392,10.9,44.9,6.2,46562.0,2.683533421351592,23.607,2759.2663193120684,41.438805,-82.179722,0
3944856,1600000US3944856,Lorain city,Lorain city,"Lorain city, Ohio",OH,2023,Lorain,65436.0,65207.0,False,187.0,790.0,208.0,5.0,1185.0,1185.0,1817.2895548023985,27.4,0.6427203449922358,10.6,44.2,7.0,45799.0,3.093226187372521,23.607,2762.189181175075,41.438805,-82.179722,0
3944856,1600000US3944856,Lorain city,Lorain city,"Lorain city, Ohio",OH,2024,Lorain,65374.0,65395.0,False,169.0,753.0,92.0,9.0,1014.0,1014.0,1550.577261258506,25.2,0.648855628351418,9.8,42.9,6.3,48685.0,2.7494456762749446,23.607,2770.152920743847,41.438805,-82.179722,0
3949840,1600000US3949840,Middletown city,Middletown city,"Middletown city, Ohio",OH,2022,Middletown,50970.0,50514.0,False,186.0,838.0,88.0,8.0,1112.0,1112.0,2201.369917250663,19.2,0.3863320203125976,15.5,46.2,7.2,50457.0,2.900186087025379,26.139,1932.5146333065534,39.502952,-84.364893,0
3949840,1600000US3949840,Middletown city,Middletown city,"Middletown city, Ohio",OH,2023,Middletown,51328.0,50607.0,False,166.0,907.0,87.0,3.0,1160.0,1160.0,2292.173019542751,19.0,0.4376198865116704,14.9,45.4,6.8,54985.0,4.121959412729464,26.181,1932.9666552079752,39.502952,-84.364893,0
3954040,1600000US3954040,Newark city,Newark city,"Newark city, Ohio",OH,2022,Newark,50818.0,50062.0,False,220.0,1020.0,141.0,30.0,1381.0,1381.0,2758.5793615916264,16.3,0.2232841416071183,13.8,45.3,4.0,56284.0,2.3770524549558547,20.885,2397.03136222169,40.069732,-82.424925,0
3954040,1600000US3954040,Newark city,Newark city,"Newark city, Ohio",OH,2023,Newark,51147.0,50393.0,False,198.0,970.0,133.0,11.0,1301.0,1301.0,2581.707776873772,17.5,0.223181554693049,12.7,44.4,3.5,58920.0,2.0022622189589825,20.972,2402.870493991989,40.071503,-82.424221,0
3954040,1600000US3954040,Newark city,Newark city,"Newark city, Ohio",OH,2024,Newark,51394.0,50783.0,False,118.0,627.0,91.0,13.0,836.0,836.0,1646.2201917964671,17.1,0.24457057149008876,10.9,44.2,3.8,61670.0,2.079436031742906,20.978,2420.774144341691,40.071503,-82.424221,0
3961000,1600000US3961000,Parma city,Parma city,"Parma city, Ohio",OH,2022,Parma,79098.0,80587.0,False,80.0,490.0,141.0,5.0,711.0,711.0,882.2762976658765,10.1,0.314158191173625,11.9,28.0,5.8,65848.0,9.553650092446672,20.023,4024.721570194277,41.383569,-81.728641,0
3961000,1600000US3961000,Parma city,Parma city,"Parma city, Ohio",OH,2023,Parma,78913.0,80131.0,False,75.0,386.0,58.0,4.0,519.0,519.0,647.6894085934283,9.8,0.32780636766385773,12.7,27.2,6.5,67425.0,10.349303016310792,20.023,4001.947760075913,41.383569,-81.728641,0
3961000,1600000US3961000,Parma city,Parma city,"Parma city, Ohio",OH,2024,Parma,78967.0,79870.0,False,54.0,433.0,74.0,4.0,561.0,561.0,702.3913860022536,10.1,0.3517175467101614,12.4,27.6,6.5,69295.0,10.962814573682234,20.023,3988.9127503371124,41.383569,-81.728641,0
3974118,1600000US3974118,Springfield city,Springfield city,"Springfield city, Ohio",OH,2022,Springfield,58725.0,58645.0,False,531.0,1765.0,355.0,46.0,2651.0,2651.0,4520.419473100861,22.7,0.4703228078102024,20.2,48.6,9.1,45113.0,3.0607894961207265,26.159,2241.867043847242,39.928054,-83.798375,0
3974118,1600000US3974118,Springfield city,Springfield city,"Springfield city, Ohio",OH,2023,Springfield,57866.0,58410.0,False,542.0,1752.0,460.0,72.0,2754.0,2754.0,4714.946070878274,22.7,0.47079021273705846,16.5,47.5,9.0,45883.0,2.718712549221024,26.641,2192.4852670695545,39.928908,-83.794241,0
3974118,1600000US3974118,Springfield city,Springfield city,"Springfield city, Ohio",OH,2024,Springfield,57911.0,58190.0,False,518.0,1641.0,456.0,62.0,2615.0,2615.0,4493.899295411583,23.1,0.4812373277729938,15.6,47.6,9.4,47143.0,3.7618147448015122,26.641,2184.2273187943397,39.928908,-83.794241,0
3977000,1600000US3977000,Toledo city,Toledo city,"Toledo city, Ohio",OH,2022,Toledo,266984.0,269962.0,False,1505.0,5564.0,1156.0,161.0,8225.0,8225.0,3046.72509464295,24.6,0.5924101073520257,16.1,47.6,8.2,45405.0,3.294537749757373,80.488,3354.065202266176,41.664071,-83.581861,0
3977000,1600000US3977000,Toledo city,Toledo city,"Toledo city, Ohio",OH,2023,Toledo,264341.0,268461.0,False,1289.0,5241.0,1385.0,111.0,7915.0,7915.0,2948.286715761321,24.5,0.5960366524701466,14.7,47.3,8.5,47532.0,3.435135829785332,80.488,3335.4164595964617,41.664071,-83.581861,0
3977000,1600000US3977000,Toledo city,Toledo city,"Toledo city, Ohio",OH,2024,Toledo,263668.0,267463.0,False,1274.0,4863.0,1067.0,133.0,7204.0,7204.0,2693.456665034042,24.3,0.6007817888030618,14.2,46.7,7.7,49724.0,3.609845100069916,80.488,3323.0170957161317,41.664071,-83.581861,0
3988000,1600000US3988000,Youngstown city,Youngstown city,"Youngstown city, Ohio",OH,2022,Youngstown,59944.0,60048.0,False,447.0,1004.0,270.0,15.0,1721.0,1721.0,2866.0405009325873,34.5,0.6483318707410837,15.4,43.9,13.2,34295.0,2.7561284305888623,33.929,1769.8134339355713,41.099095,-80.645902,0
3988000,1600000US3988000,Youngstown city,Youngstown city,"Youngstown city, Ohio",OH,2023,Youngstown,58773.0,59605.0,False,423.0,956.0,473.0,31.0,1852.0,1852.0,3107.1218857478398,36.2,0.6501198865745362,14.7,43.9,11.9,34746.0,2.8235886251153426,33.929,1756.7567567567567,41.099095,-80.645902,0
3988000,1600000US3988000,Youngstown city,Youngstown city,"Youngstown city, Ohio",OH,2024,Youngstown,58850.0,59331.0,False,333.0,1007.0,280.0,17.0,1620.0,1620.0,2730.444455680841,37.3,0.6630036830795055,13.2,43.8,11.9,34408.0,3.1113583118437242,33.929,1748.681069291756,41.099095,-80.645902,0
4009050,1600000US4009050,Broken Arrow city,Broken Arrow city,"Broken Arrow city, Oklahoma",OK,2022,Broken Arrow,118683.0,114237.0,False,268.0,1419.0,223.0,2.0,1910.0,1910.0,1671.962674089831,8.5,0.5296224085235424,13.3,27.5,4.3,82547.0,7.659514868212576,62.961,1814.4089198074998,36.036529,-95.780996,0
4009050,1600000US4009050,Broken Arrow city,Broken Arrow city,"Broken Arrow city, Oklahoma",OK,2023,Broken Arrow,119959.0,115919.0,False,263.0,1175.0,187.0,2.0,1625.0,1625.0,1401.840940656838,9.0,0.5545055649870857,12.1,27.4,4.3,85220.0,8.21263123387883,62.961,1841.123870332428,36.036529,-95.780996,0
4009050,1600000US4009050,Broken Arrow city,Broken Arrow city,"Broken Arrow city, Oklahoma",OK,2024,Broken Arrow,121004.0,118180.0,False,193.0,1128.0,132.0,3.0,1453.0,1453.0,1229.480453545439,8.8,0.5611572204668648,11.8,28.0,4.2,86765.0,8.35928245049924,62.954,1877.2437017504844,36.036529,-95.780996,0
4023200,1600000US4023200,Edmond city,Edmond city,"Edmond city, Oklahoma",OK,2022,Edmond,95946.0,94503.0,False,207.0,1279.0,71.0,4.0,1557.0,1557.0,1647.5667439128918,9.5,0.40632396726336284,17.4,29.7,3.5,96389.0,5.88552744357322,84.444,1119.1203637913884,35.673807,-97.413076,0
4023200,1600000US4023200,Edmond city,Edmond city,"Edmond city, Oklahoma",OK,2023,Edmond,97063.0,95618.0,False,177.0,1267.0,88.0,2.0,1532.0,1532.0,1602.20878914012,8.3,0.42700541239462597,15.7,29.2,3.7,102032.0,6.348177121462487,84.444,1132.324380654635,35.673807,-97.413076,0
4023200,1600000US4023200,Edmond city,Edmond city,"Edmond city, Oklahoma",OK,2024,Edmond,99249.0,96825.0,False,208.0,1087.0,51.0,3.0,1346.0,1346.0,1390.1368448231344,8.1,0.41988777520513343,16.2,29.7,3.3,103183.0,5.989155693261037,84.413,1147.038963192873,35.673807,-97.413076,0
4023950,1600000US4023950,Enid city,Enid city,"Enid city, Oklahoma",OK,2022,Enid,49990.0,50961.0,False,360.0,980.0,84.0,7.0,1424.0,1424.0,2794.293675555817,15.7,0.4964750652329576,16.8,39.2,4.7,60790.0,7.888385235768529,73.936,689.2582774291278,36.406702,-97.869861,0
4023950,1600000US4023950,Enid city,Enid city,"Enid city, Oklahoma",OK,2023,Enid,50168.0,50821.0,False,378.0,964.0,84.0,4.0,1426.0,1426.0,2805.926683851164,14.1,0.5078070714587919,18.2,40.6,4.5,63472.0,6.9459475413706935,73.936,687.3647478900671,36.406702,-97.869861,0
4023950,1600000US4023950,Enid city,Enid city,"Enid city, Oklahoma",OK,2024,Enid,50382.0,50653.0,False,318.0,806.0,77.0,11.0,1201.0,1201.0,2371.0342921445913,13.7,0.5107896194243056,17.3,38.7,5.3,62125.0,6.974907705367896,73.936,685.0925124431941,36.406702,-97.869861,0
4041850,1600000US4041850,Lawton city,Lawton city,"Lawton city, Oklahoma",OK,2022,Lawton,91596.0,91023.0,False,884.0,786.0,228.0,57.0,1898.0,1898.0,2085.1872603627653,19.4,0.6947266574932173,25.3,55.3,7.7,51561.0,5.946848598705821,81.435,1117.7380733100017,34.619218,-98.421106,0
4041850,1600000US4041850,Lawton city,Lawton city,"Lawton city, Oklahoma",OK,2023,Lawton,92137.0,90662.0,False,818.0,1230.0,208.0,43.0,2256.0,2256.0,2488.3633716441286,20.8,0.694004279852002,23.8,55.4,8.1,53588.0,5.967218900972844,81.435,1113.305089949039,34.619218,-98.421106,0
4041850,1600000US4041850,Lawton city,Lawton city,"Lawton city, Oklahoma",OK,2024,Lawton,90209.0,90595.0,False,840.0,1345.0,208.0,38.0,2393.0,2393.0,2641.4261272697167,21.1,0.6974421807985698,22.6,55.2,8.1,54433.0,6.3612782162371,81.685,1109.0775540184857,34.617172,-98.4214,0
4048350,1600000US4048350,Midwest City city,Midwest City city,"Midwest City city, Oklahoma",OK,2022,Midwest City,57826.0,58124.0,False,186.0,1212.0,142.0,3.0,1540.0,1540.0,2649.5079485238457,15.2,0.6014914217767722,17.5,44.0,7.3,56811.0,3.5217810198885138,24.398,2382.326420198377,35.458752,-97.37457,0
4048350,1600000US4048350,Midwest City city,Midwest City city,"Midwest City city, Oklahoma",OK,2023,Midwest City,57696.0,58170.0,False,136.0,1118.0,146.0,5.0,1400.0,1400.0,2406.738868832732,15.3,0.613695482546001,15.8,43.0,7.2,57739.0,3.0290527763451953,24.398,2384.211820641036,35.458752,-97.37457,0
4048350,1600000US4048350,Midwest City city,Midwest City city,"Midwest City city, Oklahoma",OK,2024,Midwest City,57961.0,58297.0,False,152.0,922.0,132.0,9.0,1206.0,1206.0,2068.717086642537,16.5,0.6177116358490022,15.5,41.9,7.1,57520.0,3.235157898348114,24.398,2389.4171653414214,35.458752,-97.37457,0
4049200,1600000US4049200,Moore city,Moore city,"Moore city, Oklahoma",OK,2022,Moore,63421.0,62685.0,False,254.0,927.0,116.0,2.0,1297.0,1297.0,2069.07553641222,10.5,0.5029328962294579,17.1,30.0,4.1,73285.0,4.694903086862886,22.091,2837.5809153048754,35.328503,-97.474763,0
4049200,1600000US4049200,Moore city,Moore city,"Moore city, Oklahoma",OK,2023,Moore,63311.0,63045.0,False,194.0,739.0,146.0,7.0,1079.0,1079.0,1711.4759298913475,10.6,0.5336925881324762,16.5,31.7,4.2,76941.0,5.018637481164247,22.091,2853.8771445384996,35.328503,-97.474763,0
4049200,1600000US4049200,Moore city,Moore city,"Moore city, Oklahoma",OK,2024,Moore,63609.0,63420.0,False,141.0,715.0,106.0,4.0,962.0,962.0,1516.8716493219804,11.4,0.5300096974304246,16.1,32.1,4.7,80420.0,5.193945127719962,22.093,2870.5924953605213,35.328503,-97.474763,0
4052500,1600000US4052500,Norman city,Norman city,"Norman city, Oklahoma",OK,2022,Norman,128878.0,127701.0,False,455.0,2729.0,363.0,9.0,3547.0,3547.0,2777.5820079717464,17.7,0.49241196320738656,25.7,47.6,5.8,62849.0,7.104877800487075,178.647,714.8230868696368,35.240569,-97.345299,0
4052500,1600000US4052500,Norman city,Norman city,"Norman city, Oklahoma",OK,2023,Norman,130366.0,128714.0,False,406.0,2216.0,349.0,5.0,2971.0,2971.0,2308.2182202402228,17.0,0.49128193175189105,25.1,47.3,5.7,65060.0,7.176375530245351,178.647,720.4934871562355,35.240569,-97.345299,0
4052500,1600000US4052500,Norman city,Norman city,"Norman city, Oklahoma",OK,2024,Norman,130681.0,129672.0,False,459.0,2205.0,298.0,4.0,2962.0,2962.0,2284.2248133752855,16.8,0.49856381007302275,24.1,46.7,5.7,67704.0,6.705379727311987,178.653,725.8316401067992,35.240569,-97.345299,0
4055000,1600000US4055000,Oklahoma City city,Oklahoma City city,"Oklahoma City city, Oklahoma",OK,2022,Oklahoma City,692726.0,681088.0,False,3831.0,14398.0,2962.0,130.0,21191.0,21191.0,3111.3453768088707,15.0,0.658856484562095,17.4,40.5,4.5,64251.0,11.882311830482992,606.479,1123.0199231960216,35.467079,-97.513657,0
4055000,1600000US4055000,Oklahoma City city,Oklahoma City city,"Oklahoma City city, Oklahoma",OK,2023,Oklahoma City,700764.0,688693.0,False,3967.0,13773.0,2822.0,121.0,20562.0,20562.0,2985.655437183186,15.2,0.6685135689774969,16.8,40.9,4.7,66702.0,12.03787464080512,606.479,1135.5595164877925,35.467079,-97.513657,0
4055000,1600000US4055000,Oklahoma City city,Oklahoma City city,"Oklahoma City city, Oklahoma",OK,2024,Oklahoma City,709456.0,697125.0,False,4133.0,13840.0,2555.0,120.0,20528.0,20528.0,2944.665590819437,15.1,0.6754301798969481,16.4,41.4,4.7,68656.0,12.12465483234714,606.5,1149.4229183841715,35.467079,-97.513657,0
4075000,1600000US4075000,Tulsa city,Tulsa city,"Tulsa city, Oklahoma",OK,2022,Tulsa,410135.0,411938.0,False,3590.0,10793.0,3139.0,56.0,17522.0,17522.0,4253.552719098505,18.2,0.6602546588391452,18.5,47.7,5.8,56648.0,11.171584073331424,197.765,2082.9671579905444,36.127949,-95.902316,0
4075000,1600000US4075000,Tulsa city,Tulsa city,"Tulsa city, Oklahoma",OK,2023,Tulsa,411002.0,412322.0,False,3612.0,10218.0,2357.0,42.0,16187.0,16187.0,3925.815260888335,18.6,0.6710427398642771,17.7,48.0,6.1,58407.0,11.952066588734048,197.765,2084.908856471064,36.127949,-95.902316,0
4075000,1600000US4075000,Tulsa city,Tulsa city,"Tulsa city, Oklahoma",OK,2024,Tulsa,411310.0,413794.0,False,3073.0,9862.0,1985.0,54.0,14920.0,14920.0,3605.6588544058154,18.7,0.6778775845377153,17.2,48.1,6.1,59838.0,12.349623242482975,197.737,2092.648315692056,36.127949,-95.902316,0
4101000,1600000US4101000,Albany city,Albany city,"Albany city, Oregon",OR,2022,Albany,57058.0,56348.0,False,148.0,1246.0,183.0,23.0,1577.0,1577.0,2798.679633704834,11.9,0.3674951410241971,14.8,39.8,6.7,69777.0,5.753531624902393,17.658,3191.074866915845,44.626928,-123.096741,0
4101000,1600000US4101000,Albany city,Albany city,"Albany city, Oregon",OR,2023,Albany,57002.0,56773.0,False,141.0,940.0,101.0,22.0,1182.0,1182.0,2081.9755869867718,13.3,0.38522094725232514,13.8,40.6,5.9,73809.0,5.941204445775281,17.838,3182.699854243749,44.626928,-123.096741,0
4101000,1600000US4101000,Albany city,Albany city,"Albany city, Oregon",OR,2024,Albany,57179.0,56839.0,False,94.0,905.0,48.0,22.0,1047.0,1047.0,1842.0450746846357,13.5,0.40569624525485826,13.0,41.1,5.8,78114.0,6.112000562993719,17.852,3183.9009634774816,44.626928,-123.096741,0
4105350,1600000US4105350,Beaverton city,Beaverton city,"Beaverton city, Oregon",OR,2022,Beaverton,98991.0,97554.0,False,317.0,2019.0,371.0,16.0,2707.0,2707.0,2774.8734034483464,10.7,0.5841981813678684,17.6,49.7,3.9,88899.0,18.534350206039733,19.615,4973.43869487637,45.477785,-122.81693,0
4105350,1600000US4105350,Beaverton city,Beaverton city,"Beaverton city, Oregon",OR,2023,Beaverton,96840.0,97502.0,False,178.0,1541.0,311.0,21.0,2030.0,2030.0,2082.0085741830935,9.9,0.5884177667026762,16.3,50.2,4.2,94279.0,17.611946421611865,19.641,4964.207525075099,45.47783,-122.816902,0
4105350,1600000US4105350,Beaverton city,Beaverton city,"Beaverton city, Oregon",OR,2024,Beaverton,96762.0,97812.0,False,340.0,2016.0,219.0,20.0,2575.0,2575.0,2632.601316811843,10.1,0.609338529119118,15.4,49.5,4.4,98622.0,19.421952316689158,19.735,4956.270585254624,45.477998,-122.817037,0
4105800,1600000US4105800,Bend city,Bend city,"Bend city, Oregon",OR,2022,Bend,104649.0,99442.0,False,169.0,1327.0,164.0,18.0,1660.0,1660.0,1669.3147764526057,9.5,0.29351976523116163,18.2,38.8,3.8,82671.0,5.2291788178033425,34.646,2870.230329619581,44.056683,-121.307991,0
4105800,1600000US4105800,Bend city,Bend city,"Bend city, Oregon",OR,2023,Bend,105099.0,101472.0,False,146.0,1398.0,126.0,27.0,1670.0,1670.0,1645.7742037212233,9.5,0.2960345515105631,17.1,37.9,3.7,88792.0,4.548052664774519,34.801,2915.778282233269,44.056683,-121.307991,0
4105800,1600000US4105800,Bend city,Bend city,"Bend city, Oregon",OR,2024,Bend,106241.0,103390.0,False,137.0,1222.0,88.0,22.0,1447.0,1447.0,1399.5550826965857,8.8,0.30645301173850903,16.1,38.3,3.7,96394.0,4.802205242286488,35.166,2940.0557356537565,44.056683,-121.307991,0
4115800,1600000US4115800,Corvallis city,Corvallis city,"Corvallis city, Oregon",OR,2022,Corvallis,60031.0,60050.0,False,249.0,1829.0,119.0,19.0,2197.0,2197.0,3658.6178184845962,26.4,0.427180677772686,32.9,59.0,8.0,61610.0,13.052456286427978,14.463,4151.974002627394,44.569949,-123.278285,0
4115800,1600000US4115800,Corvallis city,Corvallis city,"Corvallis city, Oregon",OR,2023,Corvallis,61474.0,60424.0,False,201.0,1502.0,77.0,32.0,1780.0,1780.0,2945.8493313915,25.9,0.43880552943321627,30.8,58.6,7.9,63807.0,12.882298424467098,14.529,4158.854704384335,44.569949,-123.278285,0
4115800,1600000US4115800,Corvallis city,Corvallis city,"Corvallis city, Oregon",OR,2024,Corvallis,61474.0,59960.0,False,181.0,1305.0,58.0,35.0,1544.0,1544.0,2575.05003335557,24.3,0.45227429527178664,30.2,58.3,8.4,65012.0,12.726817878585726,14.529,4126.918576639824,44.569949,-123.278285,0
4123850,1600000US4123850,Eugene city,Eugene city,"Eugene city, Oregon",OR,2022,Eugene,175390.0,176755.0,False,803.0,4416.0,770.0,97.0,5989.0,5989.0,3388.3058470764618,19.3,0.3916906448465185,25.9,52.2,7.1,61481.0,6.856948884048542,44.218,3997.3540187254057,44.055128,-123.117431,0
4123850,1600000US4123850,Eugene city,Eugene city,"Eugene city, Oregon",OR,2023,Eugene,178191.0,177520.0,False,887.0,4110.0,700.0,129.0,5697.0,5697.0,3209.2158630013514,18.2,0.4128590193951577,24.5,52.4,7.6,63836.0,6.800923839567373,44.449,3993.790636459763,44.056848,-123.119019,0
4123850,1600000US4123850,Eugene city,Eugene city,"Eugene city, Oregon",OR,2024,Eugene,178057.0,179591.0,False,847.0,4377.0,573.0,122.0,5797.0,5797.0,3227.8900390331364,19.0,0.42914489780757825,23.9,52.1,7.6,66562.0,6.977521145268972,44.49,4036.659923578332,44.056848,-123.119019,0
4131250,1600000US4131250,Gresham city,Gresham city,"Gresham city, Oregon",OR,2022,Gresham,111590.0,113525.0,False,448.0,1690.0,1149.0,26.0,3287.0,3287.0,2895.397489539749,13.8,0.5599133283328519,14.7,44.7,5.8,69437.0,16.651838802025985,23.519,4826.94842467792,45.502319,-122.441609,0
4131250,1600000US4131250,Gresham city,Gresham city,"Gresham city, Oregon",OR,2023,Gresham,110225.0,112818.0,False,505.0,1712.0,1086.0,20.0,3303.0,3303.0,2927.7242993139394,12.7,0.5718435889068743,14.1,43.9,5.3,73608.0,16.521299792586287,23.519,4796.887622773077,45.502319,-122.441609,0
4131250,1600000US4131250,Gresham city,Gresham city,"Gresham city, Oregon",OR,2024,Gresham,109452.0,112378.0,False,349.0,1612.0,695.0,15.0,2656.0,2656.0,2363.45192119454,13.0,0.579837382625459,11.9,44.2,5.6,77795.0,16.834255815195146,23.564,4769.054489899847,45.502319,-122.441609,0
4134100,1600000US4134100,Hillsboro city,Hillsboro city,"Hillsboro city, Oregon",OR,2022,Hillsboro,106345.0,106612.0,False,318.0,2077.0,335.0,35.0,2730.0,2730.0,2560.6873522680376,7.9,0.6324209236577535,17.1,49.5,4.6,98891.0,20.426406033091958,25.843,4125.3724412800375,45.526798,-122.935395,0
4134100,1600000US4134100,Hillsboro city,Hillsboro city,"Hillsboro city, Oregon",OR,2023,Hillsboro,107459.0,107050.0,False,303.0,2116.0,271.0,41.0,2690.0,2690.0,2512.8444652031762,8.1,0.6403960947502781,14.7,49.4,4.6,103207.0,20.39887902849136,25.843,4142.320937971598,45.526798,-122.935395,0
4134100,1600000US4134100,Hillsboro city,Hillsboro city,"Hillsboro city, Oregon",OR,2024,Hillsboro,107978.0,108231.0,False,188.0,2234.0,201.0,34.0,2623.0,2623.0,2423.5200635677393,8.5,0.6449994304359022,14.5,49.8,4.8,106409.0,20.38140643623361,26.443,4092.9924743788524,45.526798,-122.935395,0
4147000,1600000US4147000,Medford city,Medford city,"Medford city, Oregon",OR,2022,Medford,86876.0,85539.0,False,337.0,2866.0,363.0,62.0,3566.0,3566.0,4168.858649271093,13.2,0.409301111773003,16.8,45.3,5.0,65647.0,6.037012356936602,27.715,3086.379217030489,42.336006,-122.851762,0
4147000,1600000US4147000,Medford city,Medford city,"Medford city, Oregon",OR,2023,Medford,85352.0,85794.0,False,242.0,2807.0,233.0,44.0,3282.0,3282.0,3825.4423386250783,12.5,0.41105832842367285,15.9,44.7,5.4,70497.0,6.295312026482039,28.349,3026.3501358072594,42.336893,-122.851768,0
4147000,1600000US4147000,Medford city,Medford city,"Medford city, Oregon",OR,2024,Medford,84766.0,86315.0,False,246.0,2830.0,172.0,32.0,3248.0,3248.0,3762.9612465967675,13.2,0.44274136933438224,14.9,43.7,5.3,73230.0,6.505242425997798,28.584,3019.6963336132103,42.336006,-122.851762,0
4159000,1600000US4159000,Portland city,Portland city,"Portland city, Oregon",OR,2022,Portland,630129.0,646101.0,False,4790.0,24206.0,10856.0,252.0,39852.0,39852.0,6168.075889063784,12.2,0.5096315799708488,17.6,46.7,5.6,85876.0,12.637652627066048,133.488,4840.142934196332,45.536951,-122.649971,0
4159000,1600000US4159000,Portland city,Portland city,"Portland city, Oregon",OR,2023,Portland,626146.0,642715.0,False,4964.0,23522.0,8210.0,287.0,36696.0,36696.0,5709.529106991435,12.8,0.5243566249131817,17.6,47.2,5.5,88792.0,12.424324934068755,133.488,4814.777358264413,45.536951,-122.649971,0
4159000,1600000US4159000,Portland city,Portland city,"Portland city, Oregon",OR,2024,Portland,623066.0,641165.0,False,4532.0,24432.0,5468.0,260.0,34432.0,34432.0,5370.224513190832,12.7,0.5384027864821191,17.2,48.0,5.8,90919.0,12.385891307229809,133.492,4803.021903934318,45.536951,-122.649971,0
4164900,1600000US4164900,Salem city,Salem city,"Salem city, Oregon",OR,2022,Salem,179661.0,175754.0,False,749.0,4568.0,1189.0,145.0,6506.0,6506.0,3701.764966942431,14.6,0.5182661768268282,16.3,45.1,6.1,67540.0,11.586649521490266,48.908,3593.56342520651,44.9239,-123.023007,0
4164900,1600000US4164900,Salem city,Salem city,"Salem city, Oregon",OR,2023,Salem,178276.0,176666.0,False,685.0,4123.0,902.0,120.0,5710.0,5710.0,3232.087668255352,14.7,0.5323833292080042,15.3,44.3,5.3,71900.0,12.230423511032116,48.931,3610.5127628701644,44.9239,-123.023007,0
4164900,1600000US4164900,Salem city,Salem city,"Salem city, Oregon",OR,2024,Salem,177936.0,178865.0,False,787.0,3498.0,703.0,110.0,4988.0,4988.0,2788.6953847874097,14.4,0.555029024792117,15.0,44.1,5.8,75487.0,12.823078858356862,48.944,3654.482674076495,44.9239,-123.023007,0
4169600,1600000US4169600,Springfield city,Springfield city,"Springfield city, Oregon",OR,2022,Springfield,62217.0,61740.0,False,229.0,1593.0,219.0,23.0,2041.0,2041.0,3305.7985098801423,16.4,0.39832879850075076,16.5,46.0,6.1,60982.0,5.918367346938775,15.868,3890.8495084446686,44.053786,-122.981134,0
4169600,1600000US4169600,Springfield city,Springfield city,"Springfield city, Oregon",OR,2023,Springfield,61185.0,61642.0,False,204.0,1342.0,133.0,30.0,1679.0,1679.0,2723.792219590539,15.5,0.407111884413457,15.6,45.0,5.4,67211.0,5.901820187534473,15.877,3882.4714996535868,44.053777,-122.981113,0
4169600,1600000US4169600,Springfield city,Springfield city,"Springfield city, Oregon",OR,2024,Springfield,60830.0,61499.0,False,166.0,1413.0,119.0,20.0,1698.0,1698.0,2761.020504398445,14.9,0.4131644869637734,14.9,45.0,5.1,68761.0,5.88302248817054,15.93,3860.5775266792216,44.053694,-122.980936,0
4173650,1600000US4173650,Tigard city,Tigard city,"Tigard city, Oregon",OR,2022,Tigard,56550.0,55161.0,False,249.0,1564.0,267.0,15.0,2080.0,2080.0,3770.780080129077,7.8,0.4790052379967943,12.6,37.8,5.1,101354.0,14.10598067475209,12.755,4324.656997255977,45.422921,-122.784388,0
4173650,1600000US4173650,Tigard city,Tigard city,"Tigard city, Oregon",OR,2023,Tigard,56142.0,55395.0,False,232.0,1428.0,202.0,8.0,1862.0,1862.0,3361.3141980323135,7.9,0.49772337652892407,11.3,38.6,4.9,105008.0,13.190721184222404,12.755,4343.002744021952,45.422921,-122.784388,0
4173650,1600000US4173650,Tigard city,Tigard city,"Tigard city, Oregon",OR,2024,Tigard,55784.0,56011.0,False,206.0,1620.0,106.0,11.0,1932.0,1932.0,3449.3224545178628,6.7,0.5124585896078169,11.7,38.3,4.7,108823.0,13.399153737658676,12.76,4389.576802507837,45.422921,-122.784388,0
4202000,1600000US4202000,Allentown city,Allentown city,"Allentown city, Pennsylvania",PA,2023,Allentown,124782.0,125320.0,False,227.0,1755.0,249.0,7.0,2231.0,2231.0,1780.2425789977656,21.6,0.6070161818238129,12.9,57.7,8.8,53403.0,20.750877752952444,17.564,7135.04896378957,40.593648,-75.478393,0
4202000,1600000US4202000,Allentown city,Allentown city,"Allentown city, Pennsylvania",PA,2024,Allentown,124599.0,125976.0,False,151.0,1560.0,244.0,11.0,1955.0,1955.0,1551.8828983298406,21.0,0.5888789756141487,12.2,56.8,9.0,55494.0,24.032355369276686,17.564,7172.398086996129,40.593648,-75.478393,0
4206088,1600000US4206088,Bethlehem city,Bethlehem city,"Bethlehem city, Pennsylvania",PA,2023,Bethlehem,78606.0,77069.0,False,96.0,1020.0,99.0,6.0,1215.0,1215.0,1576.5093617407779,15.8,0.5986130961786229,16.3,49.3,7.2,66443.0,10.931762446638727,19.115,4031.8597959717504,40.626424,-75.367898,0
4206088,1600000US4206088,Bethlehem city,Bethlehem city,"Bethlehem city, Pennsylvania",PA,2024,Bethlehem,79194.0,77956.0,False,67.0,911.0,106.0,7.0,1084.0,1084.0,1390.5279901482888,15.7,0.5935346141532767,15.9,50.1,6.6,68879.0,10.046693006311253,19.115,4078.263144127649,40.626424,-75.367898,0
4224000,1600000US4224000,Erie city,Erie city,"Erie city, Pennsylvania",PA,2022,Erie,93363.0,94826.0,False,280.0,1719.0,115.0,20.0,2114.0,2114.0,2229.346381794023,24.3,0.5133886843822569,17.1,47.4,6.8,43135.0,6.8398962309915,19.132,4956.408112063558,42.116594,-80.073503,0
4224000,1600000US4224000,Erie city,Erie city,"Erie city, Pennsylvania",PA,2023,Erie,92920.0,94156.0,False,188.0,1395.0,151.0,12.0,1734.0,1734.0,1841.624538000765,24.6,0.5194491047242231,17.0,47.0,7.0,43397.0,6.634733845957773,19.132,4921.388250052268,42.116594,-80.073503,0
4224000,1600000US4224000,Erie city,Erie city,"Erie city, Pennsylvania",PA,2024,Erie,92379.0,93850.0,False,180.0,1520.0,82.0,20.0,1782.0,1782.0,1898.7746403835908,23.3,0.5296312118006465,16.1,45.9,7.1,46113.0,7.936068193926478,19.132,4905.394104118754,42.116594,-80.073503,0
4232800,1600000US4232800,Harrisburg city,Harrisburg city,"Harrisburg city, Pennsylvania",PA,2023,Harrisburg,50229.0,50092.0,False,199.0,466.0,340.0,10.0,1005.0,1005.0,2006.3083925576937,29.1,0.6954910741923912,20.7,63.5,9.4,47783.0,8.492374031781521,8.119,6169.725335632467,40.275891,-76.88502,0
4232800,1600000US4232800,Harrisburg city,Harrisburg city,"Harrisburg city, Pennsylvania",PA,2024,Harrisburg,49985.0,50287.0,False,167.0,586.0,243.0,3.0,996.0,996.0,1980.631177043769,30.5,0.6965747260791662,15.7,63.4,11.4,48099.0,9.457712728935908,8.119,6193.743071806873,40.275891,-76.88502,0
4260000,1600000US4260000,Philadelphia city,Philadelphia city,"Philadelphia city, Pennsylvania",PA,2022,Philadelphia,1555812.0,1593208.0,False,6485.0,48067.0,12681.0,528.0,67233.0,67233.0,4219.976299390914,22.7,0.7042567717999788,13.9,47.8,8.6,57537.0,14.61234189132869,134.356,11858.108309267916,40.009376,-75.133346,0
4260000,1600000US4260000,Philadelphia city,Philadelphia city,"Philadelphia city, Pennsylvania",PA,2023,Philadelphia,1550843.0,1582432.0,False,5643.0,49035.0,23742.0,694.0,78420.0,78420.0,4955.6631817354555,22.0,0.7057218964970063,13.8,47.7,8.4,60698.0,14.584702533821359,134.356,11777.903480306053,40.009376,-75.133346,0
4260000,1600000US4260000,Philadelphia city,Philadelphia city,"Philadelphia city, Pennsylvania",PA,2024,Philadelphia,1549259.0,1579706.0,False,4942.0,49942.0,15579.0,723.0,70463.0,70463.0,4460.513538595156,21.4,0.7106733419042629,13.5,48.2,8.1,61953.0,15.170291180764014,134.325,11760.32756374465,40.009376,-75.133346,0
4261000,1600000US4261000,Pittsburgh city,Pittsburgh city,"Pittsburgh city, Pennsylvania",PA,2024,Pittsburgh,317177.0,304759.0,False,738.0,5406.0,1088.0,72.0,7232.0,7232.0,2373.0226178718267,20.1,0.560400006948979,20.6,52.3,6.1,65742.0,9.466496477544553,55.373,5503.7473136727285,40.439936,-79.975676,0
4263624,1600000US4263624,Reading city,Reading city,"Reading city, Pennsylvania",PA,2023,Reading,97790.0,94836.0,False,332.0,1043.0,281.0,19.0,1656.0,1656.0,1746.1723396178666,27.0,0.48142793773451464,16.6,60.3,12.1,45599.0,21.485511830950273,9.843,9634.86741846998,40.33922,-75.926277,0
4263624,1600000US4263624,Reading city,Reading city,"Reading city, Pennsylvania",PA,2024,Reading,97868.0,95242.0,False,228.0,953.0,223.0,12.0,1404.0,1404.0,1474.1395602780287,28.7,0.458465018383313,16.0,59.4,13.7,44091.0,25.44570672602423,9.843,9676.115005587728,40.33922,-75.926277,0
4269000,1600000US4269000,Scranton city,Scranton city,"Scranton city, Pennsylvania",PA,2022,Scranton,75798.0,76119.0,False,134.0,1059.0,88.0,13.0,1281.0,1281.0,1682.8912623655067,19.6,0.49649101553009356,18.1,49.7,5.6,48776.0,10.077641587514288,25.308,3007.7050734945474,41.404178,-75.665908,0
4269000,1600000US4269000,Scranton city,Scranton city,"Scranton city, Pennsylvania",PA,2023,Scranton,75687.0,76074.0,False,173.0,812.0,85.0,11.0,1070.0,1070.0,1406.5252254383888,22.0,0.5028579705500358,17.9,49.3,5.5,49531.0,10.418802744695954,25.308,3005.9269796111903,41.404178,-75.665908,0
4269000,1600000US4269000,Scranton city,Scranton city,"Scranton city, Pennsylvania",PA,2024,Scranton,75683.0,76033.0,False,146.0,774.0,98.0,13.0,1018.0,1018.0,1338.8923230702458,23.0,0.5376199219188988,16.4,50.1,5.4,50739.0,12.570857390869755,25.308,3004.306938517465,41.404178,-75.665908,0
4419180,1600000US4419180,Cranston city,Cranston city,"Cranston city, Rhode Island",RI,2022,Cranston,82205.0,82691.0,False,189.0,695.0,66.0,3.0,950.0,950.0,1148.8553772478263,8.9,0.5192155586653249,10.0,34.2,5.6,83123.0,15.468430663554681,28.345,2917.3046392661845,41.769734,-71.485049,0
4419180,1600000US4419180,Cranston city,Cranston city,"Cranston city, Rhode Island",RI,2023,Cranston,82484.0,82632.0,False,109.0,698.0,125.0,11.0,932.0,932.0,1127.8923419498499,8.7,0.517135625565333,9.6,32.7,5.8,87716.0,15.958708490657372,28.345,2915.2231434115365,41.769734,-71.485049,0
4419180,1600000US4419180,Cranston city,Cranston city,"Cranston city, Rhode Island",RI,2024,Cranston,83815.0,83250.0,False,69.0,734.0,79.0,11.0,882.0,882.0,1059.4594594594594,10.2,0.5293386561336111,10.7,32.4,6.1,90206.0,16.17057057057057,28.345,2937.0259304992064,41.769734,-71.485049,0
4454640,1600000US4454640,Pawtucket city,Pawtucket city,"Pawtucket city, Rhode Island",RI,2022,Pawtucket,74967.0,75176.0,False,152.0,1304.0,233.0,9.0,1689.0,1689.0,2246.7276790465044,13.7,0.693100396454351,10.3,51.5,6.7,62799.0,24.45594338618708,8.667,8673.820237683167,41.874824,-71.373323,0
4454640,1600000US4454640,Pawtucket city,Pawtucket city,"Pawtucket city, Rhode Island",RI,2023,Pawtucket,75100.0,75280.0,False,146.0,918.0,196.0,10.0,1260.0,1260.0,1673.75132837407,13.6,0.6844590891842965,11.3,51.2,7.1,67436.0,23.904091392136024,8.667,8685.819776162456,41.874824,-71.373323,0
4454640,1600000US4454640,Pawtucket city,Pawtucket city,"Pawtucket city, Rhode Island",RI,2024,Pawtucket,76400.0,75893.0,False,136.0,834.0,185.0,5.0,1155.0,1155.0,1521.8794882268458,13.3,0.6861743232658881,10.9,49.9,7.3,68310.0,25.496422594969232,8.667,8756.547825083651,41.874824,-71.373323,0
4459000,1600000US4459000,Providence city,Providence city,"Providence city, Rhode Island",RI,2022,Providence,189064.0,189715.0,False,385.0,3687.0,714.0,7.0,4786.0,4786.0,2522.7314656194817,21.3,0.6791251238497158,15.4,60.1,7.2,61365.0,31.62269720370029,18.406,10307.236770618278,41.823056,-71.418784,0
4459000,1600000US4459000,Providence city,Providence city,"Providence city, Rhode Island",RI,2023,Providence,189590.0,190214.0,False,298.0,2811.0,504.0,3.0,3613.0,3613.0,1899.4395785799152,20.1,0.6711154953328065,15.5,58.8,7.4,66772.0,32.80883636325402,18.406,10334.34749538194,41.823056,-71.418784,0
4459000,1600000US4459000,Providence city,Providence city,"Providence city, Rhode Island",RI,2024,Providence,193679.0,191767.0,False,227.0,2576.0,408.0,1.0,3211.0,3211.0,1674.4278212622607,20.7,0.6696015827585788,15.9,58.6,8.2,68119.0,33.532881048355556,18.406,10418.722155818756,41.823056,-71.418784,0
4474300,1600000US4474300,Warwick city,Warwick city,"Warwick city, Rhode Island",RI,2022,Warwick,82966.0,82783.0,False,82.0,990.0,95.0,8.0,1167.0,1167.0,1409.7097230107631,7.3,0.2697717801978413,9.9,27.5,5.1,81009.0,6.536366162134738,35.001,2365.1609954001315,41.703085,-71.42031,0
4474300,1600000US4474300,Warwick city,Warwick city,"Warwick city, Rhode Island",RI,2023,Warwick,83369.0,82871.0,False,89.0,868.0,73.0,3.0,1030.0,1030.0,1242.8955847039374,7.1,0.278896406231375,9.1,26.6,4.9,87536.0,6.478744072112078,35.001,2367.675209279735,41.703085,-71.42031,0
4474300,1600000US4474300,Warwick city,Warwick city,"Warwick city, Rhode Island",RI,2024,Warwick,84297.0,83175.0,False,85.0,811.0,71.0,7.0,967.0,967.0,1162.6089570183346,7.6,0.3172799394774327,9.0,26.7,5.1,88708.0,7.21370604147881,35.001,2376.3606754092743,41.703085,-71.42031,0
4513330,1600000US4513330,Charleston city,Charleston city,"Charleston city, South Carolina",SC,2022,Charleston,152324.0,149960.0,False,229.0,2146.0,503.0,8.0,2878.0,2878.0,1919.178447586023,12.6,0.451429532448984,18.6,44.4,3.7,83891.0,5.367431315017338,115.031,1303.6485816866757,32.828017,-79.972896,0
4513330,1600000US4513330,Charleston city,Charleston city,"Charleston city, South Carolina",SC,2023,Charleston,155159.0,152014.0,False,255.0,2329.0,484.0,17.0,3068.0,3068.0,2018.2351625508177,12.0,0.4671184111187271,19.2,44.4,3.4,90038.0,5.426473877406028,115.053,1321.2519447558952,32.828017,-79.972896,0
4513330,1600000US4513330,Charleston city,Charleston city,"Charleston city, South Carolina",SC,2024,Charleston,156898.0,154338.0,False,219.0,2599.0,354.0,16.0,3172.0,3172.0,2055.2294315074705,12.3,0.45475282732678224,18.1,44.4,3.4,92414.0,5.9952830799932615,115.246,1339.204831404127,32.828017,-79.972896,0
4516000,1600000US4516000,Columbia city,Columbia city,"Columbia city, South Carolina",SC,2022,Columbia,137768.0,136754.0,False,495.0,3011.0,428.0,15.0,3934.0,3934.0,2876.6983049855944,24.2,0.6048687396392989,33.4,53.0,7.9,54095.0,4.642642993989207,137.81,992.3372759596546,34.040519,-80.906099,0
4516000,1600000US4516000,Columbia city,Columbia city,"Columbia city, South Carolina",SC,2023,Columbia,141497.0,138019.0,False,645.0,3590.0,670.0,19.0,4905.0,4905.0,3553.858526724581,23.3,0.6128896204356902,32.7,52.7,7.6,55653.0,5.100746998601642,138.264,998.2280275415147,34.040519,-80.906099,0
4516000,1600000US4516000,Columbia city,Columbia city,"Columbia city, South Carolina",SC,2024,Columbia,144559.0,139643.0,False,718.0,3407.0,548.0,28.0,4673.0,4673.0,3346.3904384752545,24.0,0.6238700297224304,31.4,54.5,7.5,55529.0,5.783318891745379,138.497,1008.2745474631218,34.040519,-80.906099,0
4530850,1600000US4530850,Greenville city,Greenville city,"Greenville city, South Carolina",SC,2022,Greenville,73311.0,70838.0,False,274.0,2156.0,266.0,5.0,2696.0,2696.0,3805.8669075919706,14.4,0.5108613874849136,24.6,58.4,3.8,65519.0,7.217877410429431,29.797,2377.353424841427,34.836902,-82.362997,0
4530850,1600000US4530850,Greenville city,Greenville city,"Greenville city, South Carolina",SC,2023,Greenville,72961.0,71755.0,False,287.0,2158.0,282.0,13.0,2727.0,2727.0,3800.4320256428123,14.1,0.5088330076793288,24.5,58.8,4.0,68460.0,7.734652637446867,30.078,2385.630693530155,34.836902,-82.362997,0
4530850,1600000US4530850,Greenville city,Greenville city,"Greenville city, South Carolina",SC,2024,Greenville,73405.0,72935.0,False,223.0,2098.0,225.0,2.0,2546.0,2546.0,3490.77946116405,14.0,0.5161768477083075,23.6,58.9,4.4,71472.0,7.258517858367039,30.298,2407.254604264308,34.836902,-82.362997,0
4548535,1600000US4548535,Mount Pleasant town,Mount Pleasant town,"Mount Pleasant town, South Carolina",SC,2022,Mount Pleasant,93951.0,90945.0,False,129.0,1016.0,187.0,3.0,1332.0,1332.0,1464.6214745175655,5.8,0.18298015358319097,17.0,27.5,3.2,115167.0,5.096486887679367,49.545,1835.603996366939,32.808382,-79.865038,0
4548535,1600000US4548535,Mount Pleasant town,Mount Pleasant town,"Mount Pleasant town, South Carolina",SC,2023,Mount Pleasant,96320.0,92662.0,False,82.0,1026.0,142.0,1.0,1250.0,1250.0,1348.9887979970215,5.8,0.18307628401624965,14.5,26.3,3.0,121364.0,4.935140618592303,49.65,1866.3041289023163,32.808382,-79.865038,0
4548535,1600000US4548535,Mount Pleasant town,Mount Pleasant town,"Mount Pleasant town, South Carolina",SC,2024,Mount Pleasant,96608.0,93993.0,False,95.0,966.0,71.0,3.0,1132.0,1132.0,1204.3450044152223,6.1,0.19693625016470573,15.2,26.4,3.3,124755.0,4.675880118732246,49.655,1892.921155976236,32.808382,-79.865038,0
4550875,1600000US4550875,North Charleston city,North Charleston city,"North Charleston city, South Carolina",SC,2022,North Charleston,119198.0,115755.0,False,565.0,4455.0,708.0,24.0,5728.0,5728.0,4948.382359293335,16.5,0.6533551707984584,15.4,50.6,4.3,58534.0,10.510129152088462,77.629,1491.1308918058971,32.917881,-80.065,0
4550875,1600000US4550875,North Charleston city,North Charleston city,"North Charleston city, South Carolina",SC,2023,North Charleston,120162.0,117460.0,False,479.0,4394.0,744.0,23.0,5617.0,5617.0,4782.053465009365,15.5,0.6706912833649672,17.5,51.5,4.3,62789.0,12.15562744764175,77.632,1513.035861500412,32.917881,-80.065,0
4550875,1600000US4550875,North Charleston city,North Charleston city,"North Charleston city, South Carolina",SC,2024,North Charleston,123511.0,119913.0,False,400.0,3836.0,650.0,6.0,4886.0,4886.0,4074.620766722541,14.4,0.6663657134983166,17.7,50.2,4.3,62956.0,10.96544995121463,77.969,1537.9573933229874,32.917881,-80.065,0
4561405,1600000US4561405,Rock Hill city,Rock Hill city,"Rock Hill city, South Carolina",SC,2022,Rock Hill,74047.0,74170.0,False,194.0,1627.0,163.0,8.0,1984.0,1984.0,2674.935957934475,13.0,0.5901642210468359,17.4,48.2,5.3,60807.0,5.000674127005528,43.694,1697.4870691628141,34.938216,-81.019177,0
4561405,1600000US4561405,Rock Hill city,Rock Hill city,"Rock Hill city, South Carolina",SC,2023,Rock Hill,75681.0,74769.0,False,225.0,1613.0,185.0,5.0,2023.0,2023.0,2705.6667870374085,13.3,0.5950717032706077,14.1,46.5,5.9,64770.0,5.645387794406773,44.329,1686.6836608089511,34.938216,-81.019177,0
4561405,1600000US4561405,Rock Hill city,Rock Hill city,"Rock Hill city, South Carolina",SC,2024,Rock Hill,75975.0,75259.0,False,209.0,1373.0,202.0,4.0,1784.0,1784.0,2370.4806069705946,12.6,0.6068268420683116,13.3,45.8,5.8,68771.0,5.486387010191472,44.491,1691.5555955136995,34.938216,-81.019177,0
4570270,1600000US4570270,Summerville town,Summerville town,"Summerville town, South Carolina",SC,2022,Summerville,51423.0,50839.0,False,118.0,1106.0,154.0,7.0,1378.0,1378.0,2710.5175160801746,10.8,0.474574533464851,15.6,31.3,5.8,73712.0,4.7581581069651255,22.536,2255.901668441604,33.005836,-80.179306,0
4570270,1600000US4570270,Summerville town,Summerville town,"Summerville town, South Carolina",SC,2023,Summerville,51886.0,51262.0,False,106.0,1303.0,192.0,7.0,1601.0,1601.0,3123.1711599235305,10.3,0.5158375312051449,15.7,32.0,5.0,78621.0,5.754750107291951,22.547,2273.5618929347584,33.005836,-80.179306,0
4570270,1600000US4570270,Summerville town,Summerville town,"Summerville town, South Carolina",SC,2024,Summerville,52148.0,51654.0,False,51.0,806.0,65.0,3.0,922.0,922.0,1784.953730592016,10.1,0.544078882979879,15.4,30.9,4.9,81046.0,5.879505943392574,22.598,2285.777502433844,33.005836,-80.179306,0
4652980,1600000US4652980,Rapid City city,Rapid City city,"Rapid City city, South Dakota",SD,2022,Rapid City,78063.0,75632.0,False,475.0,1921.0,403.0,3.0,2799.0,2799.0,3700.8144700655803,13.4,0.40000325590047137,17.6,38.3,3.4,62784.0,2.307224455257034,55.067,1373.4541558465141,44.071071,-103.217924,0
4652980,1600000US4652980,Rapid City city,Rapid City city,"Rapid City city, South Dakota",SD,2023,Rapid City,80850.0,76836.0,False,413.0,2288.0,450.0,6.0,3151.0,3151.0,4100.942266645843,13.3,0.39667808647295444,17.9,38.4,3.2,65712.0,2.3192253631110415,55.067,1395.3184302758457,44.071071,-103.217924,0
4652980,1600000US4652980,Rapid City city,Rapid City city,"Rapid City city, South Dakota",SD,2024,Rapid City,80957.0,77946.0,False,346.0,2418.0,306.0,3.0,3070.0,3070.0,3938.6241757113903,12.5,0.40357854253900693,18.4,37.1,2.6,70870.0,2.615913581197239,55.977,1392.464762313093,44.071071,-103.217924,0
4659020,1600000US4659020,Sioux Falls city,Sioux Falls city,"Sioux Falls city, South Dakota",SD,2022,Sioux Falls,199879.0,193401.0,False,738.0,4345.0,1079.0,35.0,6162.0,6162.0,3186.1262351280498,9.7,0.36153215931850446,18.1,40.0,2.3,71785.0,8.670585984560576,80.644,2398.206934179852,43.540696,-96.731962,0
4659020,1600000US4659020,Sioux Falls city,Sioux Falls city,"Sioux Falls city, South Dakota",SD,2023,Sioux Falls,206559.0,197642.0,False,594.0,3378.0,1045.0,16.0,5017.0,5017.0,2538.4280669088553,9.6,0.3783724560919235,17.1,40.0,2.3,74714.0,8.972789184485078,82.671,2390.7053259304953,43.540696,-96.731962,0
4659020,1600000US4659020,Sioux Falls city,Sioux Falls city,"Sioux Falls city, South Dakota",SD,2024,Sioux Falls,210926.0,201469.0,False,639.0,4587.0,923.0,25.0,6149.0,6149.0,3052.082454372633,9.6,0.3806778049488849,15.2,40.5,2.5,75970.0,8.66386391951119,83.577,2410.5794656424614,43.540696,-96.731962,0
4703440,1600000US4703440,Bartlett city,Bartlett city,"Bartlett city, Tennessee",TN,2022,Bartlett,56928.0,57481.0,False,86.0,900.0,125.0,6.0,1111.0,1111.0,1932.8125815486856,4.9,0.48431825135435025,10.1,15.3,3.8,94603.0,6.704824202780049,32.295,1779.8730453630592,35.234169,-89.820266,0
4703440,1600000US4703440,Bartlett city,Bartlett city,"Bartlett city, Tennessee",TN,2023,Bartlett,56324.0,56998.0,False,91.0,780.0,157.0,2.0,1028.0,1028.0,1803.5720551598304,6.0,0.47956180183828,9.7,15.6,3.7,100660.0,6.698480648443805,32.295,1764.9171698405326,35.234169,-89.820266,0
4703440,1600000US4703440,Bartlett city,Bartlett city,"Bartlett city, Tennessee",TN,2024,Bartlett,55494.0,56876.0,False,51.0,530.0,131.0,4.0,712.0,712.0,1251.8461213868768,5.1,0.48349033834268085,8.6,14.4,3.4,102070.0,7.0222941135100925,32.3,1760.8668730650156,35.234169,-89.820266,0
4714000,1600000US4714000,Chattanooga city,Chattanooga city,"Chattanooga city, Tennessee",TN,2022,Chattanooga,182603.0,181288.0,False,1066.0,7108.0,1360.0,23.0,9534.0,9534.0,5259.035347072062,16.9,0.5871181443428475,20.4,46.6,5.1,57703.0,7.328118794404484,142.352,1273.5191637630662,35.065958,-85.248386,0
4714000,1600000US4714000,Chattanooga city,Chattanooga city,"Chattanooga city, Tennessee",TN,2023,Chattanooga,185370.0,182832.0,False,971.0,6652.0,1381.0,22.0,9004.0,9004.0,4924.739651702109,17.6,0.5978892920051191,19.1,46.9,4.9,61028.0,7.717467401767743,142.352,1284.3655164662246,35.065958,-85.248386,0
4714000,1600000US4714000,Chattanooga city,Chattanooga city,"Chattanooga city, Tennessee",TN,2024,Chattanooga,188894.0,185783.0,False,717.0,5471.0,1259.0,24.0,7447.0,7447.0,4008.4399541400453,19.1,0.6038264886079567,18.9,47.6,5.4,64523.0,8.327457302336597,142.352,1305.095818815331,35.065958,-85.248386,0
4715160,1600000US4715160,Clarksville city,Clarksville city,"Clarksville city, Tennessee",TN,2022,Clarksville,174738.0,167882.0,False,514.0,2537.0,442.0,9.0,3493.0,3493.0,2080.62806018513,12.9,0.6217398117542267,21.8,44.0,6.5,62688.0,6.5748561489617705,99.578,1685.9346441985176,36.56643,-87.345216,0
4715160,1600000US4715160,Clarksville city,Clarksville city,"Clarksville city, Tennessee",TN,2023,Clarksville,181916.0,171897.0,False,391.0,2339.0,410.0,14.0,3140.0,3140.0,1826.6752764737025,12.8,0.6263264372507943,21.4,43.4,6.0,66786.0,6.810473713910074,99.746,1723.3473021474547,36.56643,-87.345216,0
4715160,1600000US4715160,Clarksville city,Clarksville city,"Clarksville city, Tennessee",TN,2024,Clarksville,185349.0,176456.0,False,373.0,2314.0,338.0,18.0,3025.0,3025.0,1714.3083828263136,12.3,0.6319272606890947,21.3,44.4,5.5,69303.0,7.336673164981638,100.077,1763.202334202664,36.56643,-87.345216,0
4716420,1600000US4716420,Collierville town,Collierville town,"Collierville town, Tennessee",TN,2022,Collierville,51439.0,51170.0,False,50.0,533.0,28.0,1.0,611.0,611.0,1194.0590189564198,2.7,0.48639852848848,12.2,19.5,2.6,129729.0,13.42388118037913,36.375,1406.7353951890034,35.048925,-89.697076,0
4716420,1600000US4716420,Collierville town,Collierville town,"Collierville town, Tennessee",TN,2023,Collierville,51686.0,51212.0,False,41.0,604.0,50.0,0.0,695.0,695.0,1357.1038037959852,2.6,0.5054693544272204,10.9,19.3,3.1,134319.0,12.090916191517612,36.702,1395.3463026538063,35.048925,-89.697076,0
4716420,1600000US4716420,Collierville town,Collierville town,"Collierville town, Tennessee",TN,2024,Collierville,51312.0,51515.0,False,49.0,546.0,56.0,1.0,651.0,651.0,1263.7095991458798,3.2,0.5262626719814072,10.9,20.1,4.0,138598.0,13.454333689216732,36.702,1403.6019835431312,35.048925,-89.697076,0
4727740,1600000US4727740,Franklin city,Franklin city,"Franklin city, Tennessee",TN,2022,Franklin,87081.0,83630.0,False,101.0,733.0,65.0,0.0,899.0,899.0,1074.9730957790266,5.1,0.4095170563116959,17.0,36.2,2.6,106592.0,11.65251703933995,44.521,1878.439388153905,35.914025,-86.852161,0
4727740,1600000US4727740,Franklin city,Franklin city,"Franklin city, Tennessee",TN,2023,Franklin,88315.0,85575.0,False,52.0,759.0,92.0,3.0,903.0,903.0,1055.2147239263804,4.8,0.4305379773147042,16.6,35.7,2.4,115000.0,11.483494011101374,44.527,1921.8676308756485,35.914025,-86.852161,0
4727740,1600000US4727740,Franklin city,Franklin city,"Franklin city, Tennessee",TN,2024,Franklin,90077.0,87133.0,False,36.0,747.0,66.0,1.0,849.0,849.0,974.372510988948,4.6,0.4298507657482967,15.4,36.2,2.2,119528.0,11.89446019303823,44.55,1955.8473625140293,35.914025,-86.852161,0
4733280,1600000US4733280,Hendersonville city,Hendersonville city,"Hendersonville city, Tennessee",TN,2022,Hendersonville,62475.0,61589.0,False,38.0,446.0,38.0,3.0,522.0,522.0,847.5539463215835,6.9,0.30743959482488503,14.5,28.3,4.2,86954.0,4.788192696747796,31.675,1944.4041041831097,36.307294,-86.598891,0
4733280,1600000US4733280,Hendersonville city,Hendersonville city,"Hendersonville city, Tennessee",TN,2023,Hendersonville,63291.0,62390.0,False,38.0,494.0,36.0,1.0,568.0,568.0,910.4023080621894,6.3,0.3224547504939035,14.9,28.9,3.9,91503.0,5.0264465459208205,31.681,1969.3191502793472,36.307294,-86.598891,0
4733280,1600000US4733280,Hendersonville city,Hendersonville city,"Hendersonville city, Tennessee",TN,2024,Hendersonville,64126.0,63091.0,False,33.0,394.0,31.0,2.0,458.0,458.0,725.9355534069836,6.3,0.3678812143039697,15.1,28.3,4.3,97200.0,4.647255551504969,31.681,1991.4459770840567,36.307294,-86.598891,0
4737640,1600000US4737640,Jackson city,Jackson city,"Jackson city, Tennessee",TN,2022,Jackson,68059.0,67993.0,False,249.0,1525.0,199.0,7.0,1973.0,1973.0,2901.76929978086,22.9,0.5815771122217899,16.2,48.8,9.0,48058.0,3.70332240083538,58.743,1157.4655703658307,35.654148,-88.834972,0
4737640,1600000US4737640,Jackson city,Jackson city,"Jackson city, Tennessee",TN,2023,Jackson,68470.0,68098.0,False,296.0,1738.0,274.0,12.0,2308.0,2308.0,3389.233163969573,22.7,0.5915793833154788,14.8,47.8,8.6,51552.0,3.563981321037329,58.736,1159.3911740670117,35.654148,-88.834972,0
4737640,1600000US4737640,Jackson city,Jackson city,"Jackson city, Tennessee",TN,2024,Jackson,68286.0,68435.0,False,306.0,1663.0,189.0,8.0,2158.0,2158.0,3153.357200263023,22.2,0.5941782878683364,15.8,48.8,8.1,53032.0,3.9336596770658288,58.73,1165.2477439128215,35.65417,-88.835335,0
4738320,1600000US4738320,Johnson City city,Johnson City city,"Johnson City city, Tennessee",TN,2022,Johnson City,71987.0,70720.0,False,229.0,2048.0,184.0,18.0,2461.0,2461.0,3479.920814479638,21.7,0.3122020889531848,24.1,50.3,6.1,53173.0,5.851244343891403,43.443,1627.8802108510001,36.342325,-82.380915,0
4738320,1600000US4738320,Johnson City city,Johnson City city,"Johnson City city, Tennessee",TN,2023,Johnson City,73225.0,71455.0,False,216.0,1668.0,170.0,15.0,2054.0,2054.0,2874.536421524036,21.1,0.3215697378031286,22.2,50.2,5.9,55429.0,4.581904695262753,43.51,1642.2661457136292,36.342325,-82.380915,0
4738320,1600000US4738320,Johnson City city,Johnson City city,"Johnson City city, Tennessee",TN,2024,Johnson City,74093.0,72222.0,False,151.0,1426.0,129.0,5.0,1706.0,1706.0,2362.1611143418904,20.3,0.3215874186508927,20.4,48.7,5.6,57254.0,4.588629503475395,43.753,1650.6753822595022,36.342325,-82.380915,0
4739560,1600000US4739560,Kingsport city,Kingsport city,"Kingsport city, Tennessee",TN,2022,Kingsport,55799.0,55415.0,False,255.0,1706.0,310.0,11.0,2271.0,2271.0,4098.168365965894,20.2,0.19846111801538757,14.4,38.2,5.3,48228.0,2.522782640079401,52.604,1053.437000988518,36.519894,-82.54464,0
4739560,1600000US4739560,Kingsport city,Kingsport city,"Kingsport city, Tennessee",TN,2023,Kingsport,56522.0,55807.0,False,230.0,1590.0,205.0,14.0,2025.0,2025.0,3628.57706022542,20.8,0.20689959015881343,13.8,37.8,4.7,50436.0,2.6322862723314278,52.967,1053.6182906337908,36.51937,-82.543393,0
4739560,1600000US4739560,Kingsport city,Kingsport city,"Kingsport city, Tennessee",TN,2024,Kingsport,57138.0,56262.0,False,180.0,1338.0,173.0,8.0,1691.0,1691.0,3005.581031602147,20.7,0.20154870525626145,13.5,39.9,4.9,52490.0,2.785183605275319,53.085,1059.8474145238768,36.51937,-82.543393,0
4740000,1600000US4740000,Knoxville city,Knoxville city,"Knoxville city, Tennessee",TN,2022,Knoxville,194724.0,191857.0,False,874.0,5780.0,955.0,4.0,7609.0,7609.0,3965.974658208979,20.7,0.4499124227620328,20.4,53.8,4.8,48309.0,6.273422392719577,98.732,1943.2099015516753,35.97068,-83.94927,0
4740000,1600000US4740000,Knoxville city,Knoxville city,"Knoxville city, Tennessee",TN,2023,Knoxville,198132.0,193721.0,False,793.0,4527.0,877.0,7.0,6197.0,6197.0,3198.93042055327,20.5,0.46949763065545347,19.2,53.4,4.4,50994.0,6.971366036722916,98.732,1962.0892922254184,35.97068,-83.94927,0
4740000,1600000US4740000,Knoxville city,Knoxville city,"Knoxville city, Tennessee",TN,2024,Knoxville,200457.0,195185.0,False,659.0,4037.0,759.0,9.0,5455.0,5455.0,2794.7844352793504,20.2,0.4703028403931866,18.3,53.4,4.5,54039.0,7.174731664830801,98.733,1976.8972886471595,35.97068,-83.94927,0
4748000,1600000US4748000,Memphis city,Memphis city,"Memphis city, Tennessee",TN,2022,Memphis,624944.0,630027.0,False,6022.0,27837.0,10924.0,329.0,44783.0,44783.0,7108.1080652099035,23.6,0.5241699541346446,13.7,53.4,8.6,48090.0,6.318618090970704,294.918,2136.278558785832,35.109026,-89.967455,0
4748000,1600000US4748000,Memphis city,Memphis city,"Memphis city, Tennessee",TN,2023,Memphis,616061.0,629063.0,False,6844.0,30446.0,15709.0,388.0,52999.0,52999.0,8425.070302974424,22.5,0.5433729157197824,13.8,54.0,8.3,51211.0,7.403709962277229,296.202,2123.763512737929,35.109026,-89.967455,0
4748000,1600000US4748000,Memphis city,Memphis city,"Memphis city, Tennessee",TN,2024,Memphis,613207.0,618980.0,False,5616.0,26978.0,9711.0,343.0,42305.0,42305.0,6834.63116740444,23.1,0.5453172275477598,13.6,55.1,8.3,51736.0,7.692494103202042,289.767,2136.130063119679,35.109164,-89.968511,0
4751560,1600000US4751560,Murfreesboro city,Murfreesboro city,"Murfreesboro city, Tennessee",TN,2022,Murfreesboro,161810.0,153487.0,False,291.0,2762.0,362.0,6.0,3415.0,3415.0,2224.944132076332,11.6,0.5279798605139456,21.5,46.9,4.3,70451.0,7.042290226533843,63.989,2398.6466423916613,35.853915,-86.421224,0
4751560,1600000US4751560,Murfreesboro city,Murfreesboro city,"Murfreesboro city, Tennessee",TN,2023,Murfreesboro,166916.0,157547.0,False,317.0,3188.0,401.0,4.0,3906.0,3906.0,2479.2601572863973,10.0,0.5533264507774496,20.2,46.7,3.6,76241.0,8.924955727497192,64.277,2451.0633663674407,35.853915,-86.421224,0
4751560,1600000US4751560,Murfreesboro city,Murfreesboro city,"Murfreesboro city, Tennessee",TN,2024,Murfreesboro,169520.0,161445.0,False,277.0,2812.0,339.0,3.0,3428.0,3428.0,2123.323732540494,8.8,0.5626480225482964,19.5,47.6,4.3,80108.0,8.828393570565828,64.541,2501.433197502363,35.853915,-86.421224,0
4752006,1600000US4752006,Nashville-Davidson metropolitan government (balance),Nashville-Davidson metropolitan government (balance),"Nashville-Davidson metropolitan government (balance), Tennessee",TN,2022,Metropolitan Nashville Police Department,679562.0,684103.0,False,3470.0,19534.0,2987.0,88.0,25991.0,25991.0,3799.281687114367,14.5,0.6139583496144578,19.7,46.2,4.6,71328.0,13.694721408910645,475.566,1438.5027525096411,36.1718,-86.785002,0
4752006,1600000US4752006,Nashville-Davidson metropolitan government (balance),Nashville-Davidson metropolitan government (balance),"Nashville-Davidson metropolitan government (balance), Tennessee",TN,2023,Metropolitan Nashville Police Department,690495.0,684298.0,False,2774.0,22322.0,5318.0,64.0,30414.0,30414.0,4444.554857678964,14.1,0.634817085939223,19.2,47.0,4.6,75197.0,15.096054642860274,475.566,1438.9127902331118,36.1718,-86.785002,0
4752006,1600000US4752006,Nashville-Davidson metropolitan government (balance),Nashville-Davidson metropolitan government (balance),"Nashville-Davidson metropolitan government (balance), Tennessee",TN,2024,Metropolitan Nashville Police Department,698987.0,690130.0,False,3093.0,23377.0,5051.0,54.0,31521.0,31521.0,4567.400344862562,14.1,0.639850055989266,19.3,47.6,4.5,77371.0,15.306246649182038,475.57,1451.163866518073,36.1718,-86.785002,0
4769420,1600000US4769420,Smyrna town,Smyrna town,"Smyrna town, Tennessee",TN,2022,Smyrna,57595.0,53760.0,False,69.0,888.0,135.0,2.0,1092.0,1092.0,2031.25,11.8,0.5989658859149127,18.3,42.6,5.4,76115.0,13.82626488095238,33.911,1585.326295302409,35.969019,-86.528617,0
4769420,1600000US4769420,Smyrna town,Smyrna town,"Smyrna town, Tennessee",TN,2023,Smyrna,58096.0,55066.0,False,105.0,1025.0,234.0,5.0,1364.0,1364.0,2477.0275669196963,11.5,0.6222730172804235,17.6,43.6,4.8,78409.0,16.549231830893838,33.905,1624.1262350685738,35.969019,-86.528617,0
4769420,1600000US4769420,Smyrna town,Smyrna town,"Smyrna town, Tennessee",TN,2024,Smyrna,58791.0,56692.0,False,97.0,1098.0,208.0,2.0,1403.0,1403.0,2474.7759825019402,12.5,0.6451002328679497,17.5,42.6,5.0,81926.0,18.06604106399492,34.145,1660.3309415727044,35.969019,-86.528617,0
4770580,1600000US4770580,Spring Hill city,Spring Hill city,"Spring Hill city, Tennessee",TN,2022,Spring Hill,56232.0,51319.0,False,32.0,402.0,26.0,2.0,460.0,460.0,896.3541768156044,3.4,0.2896906491532878,16.3,25.1,1.1,104880.0,4.955279720961048,29.094,1763.9032102839074,35.746621,-86.916833,0
4770580,1600000US4770580,Spring Hill city,Spring Hill city,"Spring Hill city, Tennessee",TN,2023,Spring Hill,58200.0,53585.0,False,40.0,359.0,21.0,3.0,420.0,420.0,783.8014369693011,4.2,0.30977459409390284,15.6,25.4,1.4,106658.0,4.312774097228702,29.094,1841.7886849522238,35.746621,-86.916833,0
4770580,1600000US4770580,Spring Hill city,Spring Hill city,"Spring Hill city, Tennessee",TN,2024,Spring Hill,59921.0,55765.0,False,54.0,224.0,21.0,0.0,299.0,299.0,536.1786066529186,4.3,0.3167331237983454,12.6,26.6,2.1,112013.0,5.361786066529185,29.225,1908.126603934987,35.746621,-86.916833,0
4801000,1600000US4801000,Abilene city,Abilene city,"Abilene city, Texas",TX,2022,Abilene,125186.0,126356.0,False,446.0,1854.0,198.0,10.0,2498.0,2498.0,1976.9540029757195,15.9,0.5883628203521146,22.0,46.0,2.8,59254.0,7.511317230681566,106.669,1184.5615877152688,32.454514,-99.738147,0
4801000,1600000US4801000,Abilene city,Abilene city,"Abilene city, Texas",TX,2023,Abilene,128387.0,127130.0,False,410.0,1659.0,157.0,3.0,2226.0,2226.0,1750.963580586801,14.8,0.5878856293169334,19.4,44.4,2.7,62720.0,7.38378038228585,106.669,1191.817678988272,32.454514,-99.738147,0
4801000,1600000US4801000,Abilene city,Abilene city,"Abilene city, Texas",TX,2024,Abilene,130275.0,128053.0,False,417.0,1700.0,180.0,7.0,2297.0,2297.0,1793.7885094453077,16.1,0.593139061955552,18.7,43.9,3.0,62648.0,7.357890873310271,106.669,1200.4706147053034,32.454514,-99.738147,0
4801924,1600000US4801924,Allen city,Allen city,"Allen city, Texas",TX,2023,Allen,114696.0,107684.0,False,85.0,751.0,108.0,1.0,944.0,944.0,876.6390550128152,4.8,0.6709533452344894,15.3,30.2,4.3,129130.0,21.921548233720888,26.402,4078.6304067873643,33.109736,-96.673032,0
4801924,1600000US4801924,Allen city,Allen city,"Allen city, Texas",TX,2024,Allen,113737.0,110265.0,False,71.0,827.0,101.0,1.0,999.0,999.0,905.9991837845191,6.1,0.6969721929157655,14.1,30.6,3.7,130901.0,23.6230898290482,26.402,4176.3881524126955,33.109736,-96.673032,0
4803000,1600000US4803000,Amarillo city,Amarillo city,"Amarillo city, Texas",TX,2022,Amarillo,201572.0,200360.0,False,1166.0,4899.0,932.0,53.0,6997.0,6997.0,3492.214014773408,15.5,0.6043984840064884,14.5,40.4,3.5,60628.0,11.354561788780195,103.12,1942.979053529868,35.197896,-101.831844,0
4803000,1600000US4803000,Amarillo city,Amarillo city,"Amarillo city, Texas",TX,2023,Amarillo,201684.0,200945.0,False,941.0,4624.0,677.0,41.0,6242.0,6242.0,3106.322625594068,15.8,0.6088371693295077,13.3,40.4,3.6,62469.0,10.974147154694071,103.615,1939.342759253004,35.198064,-101.833107,0
4803000,1600000US4803000,Amarillo city,Amarillo city,"Amarillo city, Texas",TX,2024,Amarillo,203039.0,201885.0,False,767.0,4096.0,529.0,58.0,5392.0,5392.0,2670.8274512717635,15.8,0.6161809430354979,13.7,40.3,3.4,65912.0,11.00874260098571,103.618,1948.3583933293444,35.198064,-101.833107,0
4804000,1600000US4804000,Arlington city,Arlington city,"Arlington city, Texas",TX,2022,Arlington,391591.0,393469.0,False,1024.0,7625.0,1237.0,18.0,9886.0,9886.0,2512.523222922263,13.0,0.7193195607274949,13.5,45.1,5.6,71736.0,20.838998752125327,95.841,4105.4350434573935,32.700708,-97.124691,0
4804000,1600000US4804000,Arlington city,Arlington city,"Arlington city, Texas",TX,2023,Arlington,394799.0,394769.0,False,1243.0,7310.0,1625.0,12.0,10178.0,10178.0,2578.216627952043,13.1,0.7216212230512068,13.7,45.2,5.7,73519.0,21.322596252491962,95.842,4118.9561987437655,32.700708,-97.124691,0
4804000,1600000US4804000,Arlington city,Arlington city,"Arlington city, Texas",TX,2024,Arlington,399840.0,397742.0,False,1055.0,6948.0,1644.0,10.0,9647.0,9647.0,2425.441617933233,12.9,0.7248020562673129,13.3,45.7,5.7,75171.0,22.210880419970735,95.848,4149.716217344128,32.700708,-97.124691,0
4805000,1600000US4805000,Austin city,Austin city,"Austin city, Texas",TX,2022,Austin,965234.0,958202.0,False,4816.0,24481.0,5353.0,149.0,34650.0,34650.0,3616.1477433777013,12.4,0.6532720772521945,21.6,55.6,4.4,86556.0,18.298855564901764,320.56,2989.1502370851013,30.300569,-97.753598,0
4805000,1600000US4805000,Austin city,Austin city,"Austin city, Texas",TX,2023,Austin,978816.0,967862.0,False,4581.0,20802.0,6973.0,147.0,32356.0,32356.0,3343.0385736809585,12.3,0.655815490800338,21.3,55.6,4.5,91461.0,18.086462739522783,326.365,2965.5814808573223,30.298622,-97.754134,0
4805000,1600000US4805000,Austin city,Austin city,"Austin city, Texas",TX,2024,Austin,984613.0,979539.0,False,4383.0,21643.0,5894.0,151.0,31920.0,31920.0,3258.675764824065,12.0,0.6620777800015267,21.2,56.6,4.7,93658.0,18.730954050834118,326.386,3001.167329481044,30.298622,-97.754134,0
4806128,1600000US4806128,Baytown city,Baytown city,"Baytown city, Texas",TX,2022,Baytown,81477.0,84449.0,False,438.0,2225.0,519.0,1.0,3182.0,3182.0,3767.9546235005746,17.4,0.6208009367417864,17.0,46.4,9.2,61158.0,20.753354095371172,40.336,2093.6384371281238,29.76478,-94.967457,0
4806128,1600000US4806128,Baytown city,Baytown city,"Baytown city, Texas",TX,2023,Baytown,83809.0,84538.0,False,466.0,1814.0,505.0,3.0,2785.0,2785.0,3294.376493411247,17.7,0.6346639123140548,17.4,46.9,9.0,61699.0,21.16562965766874,40.501,2087.306486259599,29.76478,-94.967457,0
4806128,1600000US4806128,Baytown city,Baytown city,"Baytown city, Texas",TX,2024,Baytown,83639.0,85205.0,False,326.0,1641.0,376.0,6.0,2343.0,2343.0,2749.838624493868,18.2,0.633510779246059,16.3,47.7,10.2,59910.0,20.681884865911627,40.501,2103.7752154267796,29.76478,-94.967457,0
4807000,1600000US4807000,Beaumont city,Beaumont city,"Beaumont city, Texas",TX,2022,Beaumont,110898.0,114573.0,False,971.0,2973.0,361.0,25.0,4305.0,4305.0,3757.429760938441,20.4,0.6694801909946191,10.5,45.6,5.3,53745.0,11.232140207553263,82.289,1392.3246120380609,30.084912,-94.14533,0
4807000,1600000US4807000,Beaumont city,Beaumont city,"Beaumont city, Texas",TX,2023,Beaumont,110671.0,113710.0,False,651.0,2649.0,385.0,19.0,3685.0,3685.0,3240.700026382904,19.8,0.675682546868015,10.9,45.8,5.3,57530.0,10.81171400932196,82.139,1384.3606569351953,30.084912,-94.14533,0
4807000,1600000US4807000,Beaumont city,Beaumont city,"Beaumont city, Texas",TX,2024,Beaumont,111320.0,113279.0,False,875.0,2527.0,274.0,12.0,3676.0,3676.0,3245.0851437600963,21.2,0.6802157396880193,11.1,44.7,6.4,56997.0,11.029405273704747,82.14,1379.0966642317994,30.084912,-94.14533,0
4810768,1600000US4810768,Brownsville city,Brownsville city,"Brownsville city, Texas",TX,2022,Brownsville,188906.0,186999.0,False,398.0,2880.0,189.0,18.0,3467.0,3467.0,1854.020609735881,26.1,0.104098859300217,10.3,39.7,6.3,46735.0,27.30281980117541,131.654,1420.382213985143,25.995689,-97.450848,0
4810768,1600000US4810768,Brownsville city,Brownsville city,"Brownsville city, Texas",TX,2023,Brownsville,190590.0,188023.0,False,425.0,3032.0,404.0,22.0,3861.0,3861.0,2053.4721815948046,24.9,0.11047157858049372,10.1,40.1,6.1,48675.0,27.2253926381347,131.796,1426.6214452638928,25.995689,-97.450848,0
4810768,1600000US4810768,Brownsville city,Brownsville city,"Brownsville city, Texas",TX,2024,Brownsville,191221.0,189177.0,False,368.0,2554.0,791.0,12.0,3713.0,3713.0,1962.7121690268903,23.7,0.11420185557014917,9.0,38.3,6.2,52130.0,27.51761577781654,133.392,1418.2034904641957,25.995689,-97.450848,0
4810912,1600000US4810912,Bryan city,Bryan city,"Bryan city, Texas",TX,2024,Bryan,91450.0,87939.0,False,149.0,1090.0,85.0,2.0,1324.0,1324.0,1505.5891015362922,23.0,0.6593634186688466,19.6,49.1,5.0,59289.0,13.653782735760014,55.35,1588.780487804878,30.666016,-96.381049,0
4811428,1600000US4811428,Burleson city,Burleson city,"Burleson city, Texas",TX,2023,Burleson,56307.0,50981.0,False,83.0,539.0,69.0,2.0,691.0,691.0,1355.4069163021518,8.1,0.4806391884800183,10.9,28.7,3.8,94162.0,4.491869520017262,29.181,1747.0614440903328,32.516453,-97.327374,0
4811428,1600000US4811428,Burleson city,Burleson city,"Burleson city, Texas",TX,2024,Burleson,57868.0,52918.0,False,44.0,492.0,94.0,3.0,630.0,630.0,1190.5211837182055,7.1,0.517820163416746,8.4,27.9,3.5,93928.0,5.621905589780415,29.181,1813.4402522189096,32.516453,-97.327374,0
4813024,1600000US4813024,Carrollton city,Carrollton city,"Carrollton city, Texas",TX,2022,Carrollton,133610.0,132284.0,False,271.0,1734.0,214.0,2.0,2219.0,2219.0,1677.4515436485137,6.8,0.7104499654121241,11.6,41.7,3.7,95380.0,27.478001874754316,36.656,3608.795285901353,32.989386,-96.89994,0
4813024,1600000US4813024,Carrollton city,Carrollton city,"Carrollton city, Texas",TX,2023,Carrollton,134261.0,132741.0,False,209.0,1553.0,258.0,6.0,2020.0,2020.0,1521.7604206688213,6.8,0.7096261325311779,11.2,41.7,3.2,99115.0,26.89899880217868,36.654,3621.460140775904,32.989386,-96.89994,0
4813024,1600000US4813024,Carrollton city,Carrollton city,"Carrollton city, Texas",TX,2024,Carrollton,133471.0,133740.0,False,203.0,1283.0,270.0,6.0,1756.0,1756.0,1312.995364139375,7.1,0.7153694735990178,10.8,41.5,3.3,101396.0,27.988634664273963,36.657,3648.4164006874544,32.989386,-96.89994,0
4813552,1600000US4813552,Cedar Park city,Cedar Park city,"Cedar Park city, Texas",TX,2022,Cedar Park,79353.0,76344.0,False,86.0,886.0,77.0,0.0,1049.0,1049.0,1374.043801739495,5.5,0.5924427596394679,13.6,33.3,3.3,118903.0,16.878864088860944,25.578,2984.7525216983345,30.510238,-97.819808,0
4813552,1600000US4813552,Cedar Park city,Cedar Park city,"Cedar Park city, Texas",TX,2023,Cedar Park,77464.0,77474.0,False,85.0,966.0,105.0,2.0,1156.0,1156.0,1492.1134832330845,5.7,0.6023833739497786,12.8,32.7,4.0,123972.0,18.115754962955315,25.6,3026.328125,30.510177,-97.818626,0
4813552,1600000US4813552,Cedar Park city,Cedar Park city,"Cedar Park city, Texas",TX,2024,Cedar Park,77351.0,78301.0,False,55.0,796.0,76.0,3.0,927.0,927.0,1183.8929260162706,5.9,0.6259337610276957,12.0,33.3,4.5,129545.0,20.161939183407622,25.573,3061.8621202049035,30.510177,-97.818626,0
4815976,1600000US4815976,College Station city,College Station city,"College Station city, Texas",TX,2022,College Station,121618.0,120451.0,False,251.0,1905.0,186.0,0.0,2342.0,2342.0,1944.35911698533,28.5,0.5770600113739934,36.4,63.7,4.7,52397.0,12.209944292699936,51.16,2354.3979671618454,30.58516,-96.29636,0
4815976,1600000US4815976,College Station city,College Station city,"College Station city, Texas",TX,2023,College Station,126136.0,122280.0,False,179.0,1371.0,134.0,0.0,1684.0,1684.0,1377.1671573438011,28.6,0.5841455286531156,35.7,64.1,4.8,51776.0,12.285737651292116,51.16,2390.148553557467,30.58516,-96.29636,0
4815976,1600000US4815976,College Station city,College Station city,"College Station city, Texas",TX,2024,College Station,126702.0,124570.0,False,205.0,1068.0,124.0,1.0,1397.0,1397.0,1121.4578148831984,29.2,0.5942714864638088,33.9,64.6,5.1,50900.0,12.847395038933932,51.16,2434.9100860046915,30.58516,-96.29636,0
4816432,1600000US4816432,Conroe city,Conroe city,"Conroe city, Texas",TX,2022,Conroe,98623.0,92475.0,False,225.0,1561.0,215.0,3.0,2001.0,2001.0,2163.8280616382804,11.8,0.6139737640818438,15.4,43.9,3.4,71630.0,15.57934576912679,74.006,1249.560846417858,30.324884,-95.487279,0
4816432,1600000US4816432,Conroe city,Conroe city,"Conroe city, Texas",TX,2023,Conroe,106904.0,96976.0,False,223.0,1311.0,178.0,5.0,1712.0,1712.0,1765.3852499587526,11.3,0.6202539429367673,15.5,44.8,3.3,75245.0,16.706195347302426,75.796,1279.4342709377802,30.328717,-95.4846,0
4816432,1600000US4816432,Conroe city,Conroe city,"Conroe city, Texas",TX,2024,Conroe,114592.0,102360.0,False,161.0,1561.0,150.0,2.0,1872.0,1872.0,1828.8393903868698,11.2,0.6335001418649608,17.2,45.5,3.9,76206.0,17.95623290347792,75.857,1349.3810722807389,30.328717,-95.4846,0
4817000,1600000US4817000,Corpus Christi city,Corpus Christi city,"Corpus Christi city, Texas",TX,2022,Corpus Christi,317694.0,317804.0,False,1593.0,7478.0,844.0,84.0,9915.0,9915.0,3119.847453147223,17.3,0.5054365618963728,16.0,42.7,5.6,64449.0,9.215428377238801,162.282,1958.3441170308474,27.754252,-97.173385,0
4817000,1600000US4817000,Corpus Christi city,Corpus Christi city,"Corpus Christi city, Texas",TX,2023,Corpus Christi,315340.0,317383.0,False,1715.0,7290.0,1021.0,58.0,10026.0,10026.0,3158.959364553237,17.5,0.5296705369347792,15.4,42.1,5.4,66325.0,8.737077915326278,162.282,1955.7498675145732,27.754252,-97.173385,0
4817000,1600000US4817000,Corpus Christi city,Corpus Christi city,"Corpus Christi city, Texas",TX,2024,Corpus Christi,316108.0,317419.0,False,1651.0,6634.0,1234.0,64.0,9519.0,9519.0,2998.8753036207663,17.1,0.5273455330356762,15.3,42.1,5.1,67394.0,8.817997662395761,166.43,1907.222255602956,27.754252,-97.173385,0
4819000,1600000US4819000,Dallas city,Dallas city,"Dallas city, Texas",TX,2022,Dallas,1286121.0,1300642.0,False,6787.0,28878.0,13372.0,186.0,49037.0,49037.0,3770.215016891658,17.5,0.6839561573952486,15.8,58.1,5.0,63985.0,23.767031973440808,339.604,3829.878328877163,32.793333,-96.766513,0
4819000,1600000US4819000,Dallas city,Dallas city,"Dallas city, Texas",TX,2023,Dallas,1304989.0,1299553.0,False,6137.0,27752.0,18702.0,147.0,52591.0,52591.0,4046.8530333122235,17.2,0.6879843506644243,15.5,57.6,4.9,67760.0,23.385733402177518,339.676,3825.860525912929,32.793333,-96.766513,0
4819000,1600000US4819000,Dallas city,Dallas city,"Dallas city, Texas",TX,2024,Dallas,1321502.0,1307930.0,False,6133.0,23619.0,14543.0,149.0,44295.0,44295.0,3386.6491325988395,16.7,0.6879726650519025,15.5,57.6,4.9,70518.0,23.43489330468756,339.685,3850.420242283292,32.793333,-96.766513,0
4819972,1600000US4819972,Denton city,Denton city,"Denton city, Texas",TX,2022,Denton,154230.0,142262.0,False,450.0,2780.0,442.0,8.0,3672.0,3672.0,2581.1530837468895,15.7,0.602279926222297,27.3,50.6,4.8,71921.0,12.829849151565423,96.792,1469.7702289445408,33.217449,-97.141346,0
4819972,1600000US4819972,Denton city,Denton city,"Denton city, Texas",TX,2023,Denton,155215.0,146987.0,False,311.0,2744.0,340.0,10.0,3395.0,3395.0,2309.7280711899693,15.9,0.6222564847574342,25.6,50.8,5.2,73719.0,12.754869478253179,96.922,1516.54939023132,33.217449,-97.141346,0
4819972,1600000US4819972,Denton city,Denton city,"Denton city, Texas",TX,2024,Denton,164565.0,152866.0,False,219.0,2420.0,232.0,9.0,2871.0,2871.0,1878.1154736828332,15.8,0.6279775346604556,25.2,50.0,5.1,76019.0,13.538000601834286,96.948,1576.783430292528,33.217449,-97.141346,0
4820092,1600000US4820092,DeSoto city,DeSoto city,"DeSoto city, Texas",TX,2022,DeSoto,55956.0,55882.0,False,119.0,772.0,239.0,3.0,1130.0,1130.0,2022.1180344296913,8.2,0.5119591657574062,9.9,29.9,7.8,81736.0,7.17046633978741,21.637,2582.7055506770807,32.599349,-96.862941,0
4820092,1600000US4820092,DeSoto city,DeSoto city,"DeSoto city, Texas",TX,2023,DeSoto,56257.0,55896.0,False,136.0,795.0,230.0,2.0,1161.0,1161.0,2077.0717045942465,7.3,0.49429414794315607,10.1,29.5,7.5,83256.0,8.540861600114498,21.637,2583.352590470028,32.599349,-96.862941,0
4820092,1600000US4820092,DeSoto city,DeSoto city,"DeSoto city, Texas",TX,2024,DeSoto,56488.0,56211.0,False,99.0,641.0,188.0,2.0,928.0,928.0,1650.9224173204534,7.6,0.5060774821005799,9.9,30.4,8.9,82782.0,7.808080268986497,21.637,2597.9109858113416,32.599349,-96.862941,0
4822660,1600000US4822660,Edinburg city,Edinburg city,"Edinburg city, Texas",TX,2022,Edinburg,104987.0,100964.0,False,229.0,2008.0,86.0,6.0,2323.0,2323.0,2300.8200942910344,25.7,0.23709463806816788,13.2,46.4,7.2,54139.0,20.183431718236204,44.723,2257.5408626433828,26.321056,-98.162837,0
4822660,1600000US4822660,Edinburg city,Edinburg city,"Edinburg city, Texas",TX,2023,Edinburg,106137.0,102561.0,False,173.0,2020.0,122.0,4.0,2315.0,2315.0,2257.193280096723,25.7,0.25484434210362383,13.0,47.5,6.6,57789.0,19.507415099306755,44.723,2293.2495583927735,26.321056,-98.162837,0
4822660,1600000US4822660,Edinburg city,Edinburg city,"Edinburg city, Texas",TX,2024,Edinburg,107552.0,104550.0,False,137.0,1579.0,174.0,6.0,1890.0,1890.0,1807.7474892395983,26.0,0.23922239270531798,13.3,46.7,6.1,59466.0,19.696795791487325,46.591,2243.995621471958,26.318285,-98.153449,0
4824000,1600000US4824000,El Paso city,El Paso city,"El Paso city, Texas",TX,2022,El Paso,678232.0,677181.0,False,970.0,6973.0,1410.0,61.0,9353.0,9353.0,1381.1669258292836,18.9,0.3186736946884857,13.7,40.5,6.8,55710.0,22.626299320270356,258.515,2619.5037038469723,31.84778,-106.431106,0
4824000,1600000US4824000,El Paso city,El Paso city,"El Paso city, Texas",TX,2023,El Paso,676665.0,678147.0,False,1064.0,7554.0,2337.0,97.0,10955.0,10955.0,1615.4314625000184,18.4,0.3223956105313972,13.2,39.8,6.2,58734.0,22.30504595611276,258.788,2620.473128584015,31.84778,-106.431106,0
4824000,1600000US4824000,El Paso city,El Paso city,"El Paso city, Texas",TX,2024,El Paso,678860.0,680130.0,False,952.0,7280.0,1910.0,69.0,10142.0,10142.0,1491.1855086527576,18.4,0.3247435144430818,12.3,39.2,6.0,59745.0,22.354990957611047,258.823,2627.7803750053126,31.84778,-106.431106,0
4824768,1600000US4824768,Euless city,Euless city,"Euless city, Texas",TX,2022,Euless,59901.0,60360.0,False,145.0,1058.0,133.0,2.0,1336.0,1336.0,2213.3863485752154,8.2,0.739590945600969,16.5,60.5,4.7,77403.0,20.462226640159045,16.106,3747.6716751521167,32.849366,-97.078592,0
4824768,1600000US4824768,Euless city,Euless city,"Euless city, Texas",TX,2023,Euless,59722.0,60373.0,False,116.0,973.0,160.0,4.0,1249.0,1249.0,2068.8055919036656,7.0,0.7507769436546182,15.0,60.5,5.0,80987.0,20.285558113726335,16.106,3748.4788277660496,32.849366,-97.078592,0
4824768,1600000US4824768,Euless city,Euless city,"Euless city, Texas",TX,2024,Euless,59230.0,60421.0,False,108.0,990.0,149.0,5.0,1247.0,1247.0,2063.851971996491,7.8,0.7575126342831122,14.8,60.2,5.5,82167.0,21.20289303387895,16.106,3751.4590835713393,32.849366,-97.078592,0
4826232,1600000US4826232,Flower Mound town,Flower Mound town,"Flower Mound town, Texas",TX,2022,Flower Mound,78167.0,76630.0,False,63.0,513.0,31.0,0.0,607.0,607.0,792.1179694636566,4.3,0.5062775376454944,12.5,17.1,3.9,154471.0,14.975858019052591,41.941,1827.0904365656515,33.037891,-97.113381,0
4826232,1600000US4826232,Flower Mound town,Flower Mound town,"Flower Mound town, Texas",TX,2023,Flower Mound,79513.0,77886.0,False,44.0,458.0,34.0,3.0,536.0,536.0,688.1852964589272,4.0,0.5261302654589073,12.2,17.7,3.2,157737.0,15.459774542279742,41.941,1857.0372666364653,33.037891,-97.113381,0
4826232,1600000US4826232,Flower Mound town,Flower Mound town,"Flower Mound town, Texas",TX,2024,Flower Mound,80455.0,78389.0,False,35.0,401.0,33.0,0.0,469.0,469.0,598.2982306190919,4.3,0.5477038462687875,11.2,17.5,3.4,161235.0,17.25879906619551,41.941,1869.0303044753343,33.037891,-97.113381,0
4827000,1600000US4827000,Fort Worth city,Fort Worth city,"Fort Worth city, Texas",TX,2022,Fort Worth,948605.0,924663.0,False,3993.0,18439.0,3557.0,112.0,25989.0,25989.0,2810.645608183738,13.4,0.6954299649687352,14.8,43.3,5.3,72726.0,16.64509123864586,349.587,2645.015403890877,32.781954,-97.348573,0
4827000,1600000US4827000,Fort Worth city,Fort Worth city,"Fort Worth city, Texas",TX,2023,Fort Worth,973722.0,941311.0,False,3811.0,17172.0,4783.0,107.0,25766.0,25766.0,2737.246244864875,12.9,0.7005816743463514,14.3,43.3,4.9,76602.0,17.03337154245515,350.27,2687.3868729836986,32.781954,-97.348573,0
4827000,1600000US4827000,Fort Worth city,Fort Worth city,"Fort Worth city, Texas",TX,2024,Fort Worth,997476.0,963194.0,False,3437.0,18372.0,5121.0,130.0,26930.0,26930.0,2795.906120677662,13.1,0.7056376929684605,14.3,43.0,4.8,79507.0,17.644005257507832,351.926,2736.9219665497862,32.781954,-97.348573,0
4827684,1600000US4827684,Frisco city,Frisco city,"Frisco city, Texas",TX,2022,Frisco,218962.0,202075.0,False,210.0,2592.0,126.0,4.0,2928.0,2928.0,1448.9669677100087,3.1,0.6725268586221981,15.9,32.8,3.9,144567.0,25.30793022392676,68.587,2946.2580372373773,33.155427,-96.822596,0
4827684,1600000US4827684,Frisco city,Frisco city,"Frisco city, Texas",TX,2023,Frisco,228527.0,210238.0,False,221.0,2657.0,223.0,12.0,3101.0,3101.0,1474.9950056602518,3.5,0.6753741809744827,15.7,33.5,4.2,146158.0,26.500918007210878,68.587,3065.274760523131,33.155427,-96.822596,0
4827684,1600000US4827684,Frisco city,Frisco city,"Frisco city, Texas",TX,2024,Frisco,232961.0,219304.0,False,159.0,2019.0,158.0,7.0,2336.0,2336.0,1065.188049465582,3.6,0.6861219009612312,15.5,34.1,4.6,150212.0,27.26580454528873,68.587,3197.4572440841557,33.155427,-96.822596,0
4828068,1600000US4828068,Galveston city,Galveston city,"Galveston city, Texas",TX,2022,Galveston,52920.0,53265.0,False,202.0,1137.0,209.0,1.0,1548.0,1548.0,2906.223598986201,19.2,0.6381329986395111,23.9,53.7,6.8,57453.0,13.076128790012204,41.036,1298.0066283263475,29.186328,-94.965758,0
4828068,1600000US4828068,Galveston city,Galveston city,"Galveston city, Texas",TX,2023,Galveston,52810.0,53348.0,False,125.0,929.0,165.0,5.0,1219.0,1219.0,2284.99662592787,19.9,0.6341598702067961,22.8,53.3,6.7,57216.0,12.765239559121241,41.036,1300.0292426162393,29.186328,-94.965758,0
4828068,1600000US4828068,Galveston city,Galveston city,"Galveston city, Texas",TX,2024,Galveston,53100.0,53424.0,False,139.0,984.0,141.0,0.0,1264.0,1264.0,2365.977837675951,21.4,0.6426805905981843,23.7,53.8,5.8,55631.0,13.503294399520815,41.036,1301.881274978068,29.186328,-94.965758,0
4829000,1600000US4829000,Garland city,Garland city,"Garland city, Texas",TX,2022,Garland,241095.0,244026.0,False,914.0,4207.0,1057.0,11.0,6178.0,6178.0,2531.6974420758443,11.8,0.7020961780951913,9.4,38.0,5.2,71044.0,30.752460803357017,57.115,4272.537862207826,32.909826,-96.630334,0
4829000,1600000US4829000,Garland city,Garland city,"Garland city, Texas",TX,2023,Garland,240051.0,245298.0,False,761.0,3678.0,1292.0,19.0,5731.0,5731.0,2336.341918808959,12.3,0.7007023603859066,8.9,38.4,4.9,74717.0,31.212239806276447,56.857,4314.297272103699,32.909826,-96.630334,0
4829000,1600000US4829000,Garland city,Garland city,"Garland city, Texas",TX,2024,Garland,246255.0,246844.0,False,747.0,3161.0,988.0,11.0,4896.0,4896.0,1983.438933091345,13.0,0.6959218989536894,8.5,38.4,4.8,76320.0,31.74150475604025,56.857,4341.488295196722,32.909826,-96.630334,0
4829336,1600000US4829336,Georgetown city,Georgetown city,"Georgetown city, Texas",TX,2022,Georgetown,83371.0,71788.0,False,128.0,865.0,55.0,14.0,1048.0,1048.0,1459.85401459854,7.1,0.48593707582850254,19.7,28.4,5.7,87465.0,8.362121803086866,57.842,1241.1050793541026,30.668136,-97.698744,0
4829336,1600000US4829336,Georgetown city,Georgetown city,"Georgetown city, Texas",TX,2023,Georgetown,87871.0,78803.0,False,184.0,754.0,91.0,5.0,1029.0,1029.0,1305.7878507163432,7.5,0.5011211531810735,17.7,30.6,5.2,91857.0,8.429882111087142,58.146,1355.2608949884773,30.668136,-97.698744,0
4829336,1600000US4829336,Georgetown city,Georgetown city,"Georgetown city, Texas",TX,2024,Georgetown,89481.0,85999.0,False,202.0,774.0,71.0,1.0,1047.0,1047.0,1217.4560169304293,8.0,0.5109421278441111,19.6,30.5,4.9,95062.0,10.868731031756184,58.147,1478.9928973119852,30.668136,-97.698744,0
4830464,1600000US4830464,Grand Prairie city,Grand Prairie city,"Grand Prairie city, Texas",TX,2022,Grand Prairie,199663.0,197279.0,False,304.0,2971.0,495.0,6.0,3770.0,3770.0,1910.9991433452117,11.5,0.6765624766649587,12.3,40.8,5.0,76626.0,24.186558123267048,72.511,2720.6768628208138,32.686108,-97.020804,0
4830464,1600000US4830464,Grand Prairie city,Grand Prairie city,"Grand Prairie city, Texas",TX,2023,Grand Prairie,205487.0,198564.0,False,275.0,2446.0,573.0,8.0,3294.0,3294.0,1658.910980842449,12.0,0.6752693872432542,12.9,42.1,5.2,78889.0,23.73340585403195,72.512,2738.3605472197705,32.686108,-97.020804,0
4830464,1600000US4830464,Grand Prairie city,Grand Prairie city,"Grand Prairie city, Texas",TX,2024,Grand Prairie,206122.0,201883.0,False,323.0,2366.0,611.0,7.0,3300.0,3300.0,1634.6101454803031,12.1,0.6810963061138627,12.7,41.3,5.2,81619.0,24.85251358460098,72.422,2787.5921681257078,32.686108,-97.020804,0
4830644,1600000US4830644,Grapevine city,Grapevine city,"Grapevine city, Texas",TX,2022,Grapevine,50988.0,50763.0,False,101.0,1200.0,199.0,2.0,1500.0,1500.0,2954.9081023580165,5.7,0.5424671421986156,18.4,46.9,5.0,107165.0,16.293363276402104,32.162,1578.3533362353087,32.934969,-97.075912,0
4830644,1600000US4830644,Grapevine city,Grapevine city,"Grapevine city, Texas",TX,2023,Grapevine,51458.0,50875.0,False,97.0,895.0,269.0,2.0,1261.0,1261.0,2478.6240786240787,6.5,0.5509148258305211,16.6,48.1,4.1,111438.0,16.64078624078624,32.162,1581.8357067346558,32.934969,-97.075912,0
4830644,1600000US4830644,Grapevine city,Grapevine city,"Grapevine city, Texas",TX,2024,Grapevine,50983.0,51139.0,False,72.0,784.0,197.0,0.0,1053.0,1053.0,2059.0938422730205,6.7,0.563018750507507,17.0,47.3,4.7,111376.0,17.204090811318174,32.162,1590.0441514831168,32.934969,-97.075912,0
4832372,1600000US4832372,Harlingen city,Harlingen city,"Harlingen city, Texas",TX,2022,Harlingen,72047.0,71497.0,False,260.0,1646.0,128.0,11.0,2034.0,2034.0,2844.874610123502,26.0,0.2931190758365617,7.5,42.8,4.8,50367.0,14.036952599409766,40.114,1782.345315849828,26.191204,-97.697383,0
4832372,1600000US4832372,Harlingen city,Harlingen city,"Harlingen city, Texas",TX,2023,Harlingen,71581.0,71669.0,False,278.0,1530.0,174.0,9.0,1982.0,1982.0,2765.491356095383,24.5,0.30219447194877025,9.0,42.6,5.1,55891.0,13.513513513513514,40.114,1786.6330956773197,26.191204,-97.697383,0
4832372,1600000US4832372,Harlingen city,Harlingen city,"Harlingen city, Texas",TX,2024,Harlingen,71388.0,72087.0,False,246.0,1475.0,220.0,12.0,1941.0,1941.0,2692.5797994090476,25.1,0.30325171974205345,10.8,43.9,5.2,53645.0,14.639255344236826,40.268,1790.1807887156053,26.191204,-97.697383,0
4835000,1600000US4835000,Houston city,Houston city,"Houston city, Texas",TX,2022,Houston,2276533.0,2296253.0,False,14939.0,72021.0,17344.0,454.0,104304.0,104304.0,4542.356613143238,19.6,0.6897570049960217,17.1,58.0,6.6,60440.0,28.938231109551083,640.617,3584.439688612697,29.785743,-95.388806,0
4835000,1600000US4835000,Houston city,Houston city,"Houston city, Texas",TX,2023,Houston,2304406.0,2300419.0,False,13972.0,69928.0,19973.0,373.0,103873.0,103873.0,4515.394804163937,19.7,0.6941610447188661,17.3,58.0,6.7,62894.0,28.83713793009013,640.606,3591.004455156524,29.785743,-95.388806,0
4835000,1600000US4835000,Houston city,Houston city,"Houston city, Texas",TX,2024,Houston,2319160.0,2328253.0,False,14953.0,68315.0,16304.0,228.0,99572.0,99572.0,4276.682989348666,19.9,0.6950218208678127,17.1,57.9,6.9,64813.0,29.33976676933306,640.752,3633.625802182436,29.785743,-95.388806,0
4837000,1600000US4837000,Irving city,Irving city,"Irving city, Texas",TX,2022,Irving,254141.0,254962.0,False,748.0,4698.0,987.0,8.0,6433.0,6433.0,2523.121092554969,10.5,0.711162594912274,18.2,62.8,4.1,76686.0,41.07317953263623,66.979,3806.5960972842236,32.857748,-96.970022,0
4837000,1600000US4837000,Irving city,Irving city,"Irving city, Texas",TX,2023,Irving,255203.0,255036.0,False,621.0,4480.0,1148.0,7.0,6249.0,6249.0,2450.242318731473,11.0,0.7131064946185742,16.3,61.7,4.3,79641.0,41.861933217271286,66.979,3807.700921184252,32.857748,-96.970022,0
4837000,1600000US4837000,Irving city,Irving city,"Irving city, Texas",TX,2024,Irving,257460.0,256492.0,False,644.0,3918.0,1099.0,9.0,5661.0,5661.0,2207.086380861781,11.0,0.70994912284902,15.8,61.9,4.5,81830.0,42.54752584875941,66.979,3829.4390779199452,32.857748,-96.970022,0
4839148,1600000US4839148,Killeen city,Killeen city,"Killeen city, Texas",TX,2022,Killeen,159546.0,153708.0,False,560.0,1808.0,419.0,6.0,2787.0,2787.0,1813.1782340541806,16.0,0.7269495714297456,25.6,53.7,10.9,57086.0,9.391183282587765,54.628,2813.7219008567035,31.077669,-97.731952,0
4839148,1600000US4839148,Killeen city,Killeen city,"Killeen city, Texas",TX,2023,Killeen,161968.0,156144.0,False,495.0,1616.0,689.0,7.0,2800.0,2800.0,1793.2165180858697,17.2,0.7302374588775313,23.8,51.4,10.6,58339.0,9.335613280049184,54.628,2858.3144175148277,31.077669,-97.731952,0
4839148,1600000US4839148,Killeen city,Killeen city,"Killeen city, Texas",TX,2024,Killeen,161667.0,158159.0,False,507.0,1268.0,460.0,5.0,2235.0,2235.0,1413.1348832504,17.4,0.7286459217837025,22.9,50.5,9.7,60977.0,9.602362179831688,54.628,2895.200263601084,31.077669,-97.731952,0
4839952,1600000US4839952,Kyle city,Kyle city,"Kyle city, Texas",TX,2023,Kyle,63931.0,52439.0,False,49.0,459.0,100.0,0.0,608.0,608.0,1159.4423997406511,7.1,0.5845492945573568,12.9,31.9,2.4,89645.0,9.216422891359484,32.453,1615.8444519767047,29.994118,-97.883322,0
4839952,1600000US4839952,Kyle city,Kyle city,"Kyle city, Texas",TX,2024,Kyle,69069.0,56823.0,False,64.0,457.0,48.0,0.0,569.0,569.0,1001.3550850887844,8.9,0.576677962816192,14.4,32.9,3.1,90323.0,11.270084296851628,32.515,1747.5934184222667,29.994118,-97.883322,0
4841464,1600000US4841464,Laredo city,Laredo city,"Laredo city, Texas",TX,2022,Laredo,256973.0,255293.0,False,404.0,2621.0,278.0,35.0,3303.0,3303.0,1293.8075074522214,21.0,0.08650821697030697,10.4,37.3,5.9,60928.0,25.096261942160574,106.824,2389.84685089493,27.560379,-99.489181,0
4841464,1600000US4841464,Laredo city,Laredo city,"Laredo city, Texas",TX,2023,Laredo,256542.0,255949.0,False,445.0,2728.0,333.0,36.0,3506.0,3506.0,1369.8041406686489,20.8,0.09245809508202019,9.9,36.7,5.5,63264.0,25.361302446971855,106.824,2395.987793005317,27.560379,-99.489181,0
4841464,1600000US4841464,Laredo city,Laredo city,"Laredo city, Texas",TX,2024,Laredo,258311.0,257619.0,False,515.0,2843.0,426.0,47.0,3784.0,3784.0,1468.835761337479,20.9,0.0949780045773354,9.1,35.9,5.4,63915.0,25.132851226035346,109.093,2361.4622386404258,27.560379,-99.489181,0
4841980,1600000US4841980,League City city,League City city,"League City city, Texas",TX,2022,League City,116511.0,113469.0,False,187.0,1181.0,129.0,2.0,1497.0,1497.0,1319.3030695608493,4.8,0.559760935067229,13.7,26.5,4.2,117316.0,11.904573055195693,51.36,2209.28738317757,29.490064,-95.109093,0
4841980,1600000US4841980,League City city,League City city,"League City city, Texas",TX,2023,League City,115791.0,114885.0,False,143.0,1158.0,111.0,0.0,1412.0,1412.0,1229.0551420986203,4.5,0.5493505440248403,10.5,25.6,3.6,119870.0,11.13113113113113,51.362,2236.7703749853977,29.490064,-95.109093,0
4841980,1600000US4841980,League City city,League City city,"League City city, Texas",TX,2024,League City,116881.0,116215.0,False,204.0,1050.0,102.0,1.0,1356.0,1356.0,1166.80290840253,5.4,0.5611896707957917,10.5,25.3,3.8,121099.0,10.988254528245063,51.36,2262.7531152647975,29.490064,-95.109093,0
4842016,1600000US4842016,Leander city,Leander city,"Leander city, Texas",TX,2023,Leander,82228.0,67880.0,False,75.0,586.0,47.0,3.0,708.0,708.0,1043.0170889805538,4.4,0.6368188419787564,18.4,24.4,3.2,140180.0,17.13464938126105,38.686,1754.639921418601,30.574273,-97.861741,0
4842016,1600000US4842016,Leander city,Leander city,"Leander city, Texas",TX,2024,Leander,87740.0,74067.0,False,129.0,675.0,63.0,4.0,867.0,867.0,1170.5617886508162,5.8,0.6590387693823536,17.5,26.6,3.4,139048.0,19.73888506352357,38.802,1908.8449049018093,30.574273,-97.861741,0
4842508,1600000US4842508,Lewisville city,Lewisville city,"Lewisville city, Texas",TX,2022,Lewisville,113568.0,125028.0,False,232.0,1915.0,358.0,9.0,2505.0,2505.0,2003.551204530185,8.8,0.7164415096155231,18.8,54.8,3.8,82006.0,21.003295261861343,40.657,3075.190004181322,33.050725,-96.974623,0
4842508,1600000US4842508,Lewisville city,Lewisville city,"Lewisville city, Texas",TX,2023,Lewisville,133694.0,128313.0,False,222.0,1794.0,405.0,3.0,2421.0,2421.0,1886.7924528301885,7.6,0.7237347201402469,17.1,53.4,3.7,85002.0,22.864401892247862,40.657,3155.987898762821,33.050725,-96.974623,0
4842508,1600000US4842508,Lewisville city,Lewisville city,"Lewisville city, Texas",TX,2024,Lewisville,136046.0,131080.0,False,179.0,1509.0,376.0,5.0,2064.0,2064.0,1574.6109246261824,7.9,0.7333257548449169,16.9,53.7,4.3,89233.0,22.963838877021665,40.657,3224.0450598912857,33.050725,-96.974623,0
4843012,1600000US4843012,Little Elm city,Little Elm city,"Little Elm city, Texas",TX,2023,Little Elm,59954.0,51426.0,False,23.0,232.0,58.0,2.0,313.0,313.0,608.6415431882706,9.0,0.7217609477162952,14.1,31.7,6.3,116036.0,18.778438921946098,18.518,2777.081758289232,33.192497,-96.919975,0
4843012,1600000US4843012,Little Elm city,Little Elm city,"Little Elm city, Texas",TX,2024,Little Elm,62837.0,54820.0,False,27.0,201.0,38.0,0.0,266.0,266.0,485.22437066763956,9.0,0.7296387101376918,13.6,29.9,6.6,119219.0,19.54031375410434,18.518,2960.3628901609245,33.192497,-96.919975,0
4843888,1600000US4843888,Longview city,Longview city,"Longview city, Texas",TX,2022,Longview,81811.0,82176.0,False,477.0,1659.0,214.0,2.0,2350.0,2350.0,2859.7157320872275,17.1,0.6290073076948739,16.8,46.6,3.5,61003.0,9.664622274143301,55.827,1471.9759256273846,32.519337,-94.764592,0
4843888,1600000US4843888,Longview city,Longview city,"Longview city, Texas",TX,2023,Longview,82981.0,82765.0,False,296.0,1582.0,194.0,1.0,2072.0,2072.0,2503.4736905696855,18.2,0.6419214565112596,16.8,46.6,3.3,62488.0,9.685253428381563,55.827,1482.5263761262472,32.519337,-94.764592,0
4843888,1600000US4843888,Longview city,Longview city,"Longview city, Texas",TX,2024,Longview,83771.0,82923.0,False,264.0,1532.0,173.0,2.0,1969.0,1969.0,2374.491998601112,17.3,0.6454695597217803,15.7,45.3,3.1,63340.0,8.99750370825947,56.227,1474.7896917850856,32.520234,-94.761114,0
4845000,1600000US4845000,Lubbock city,Lubbock city,"Lubbock city, Texas",TX,2022,Lubbock,264142.0,258190.0,False,2260.0,7445.0,1217.0,82.0,10922.0,10922.0,4230.218056470041,19.3,0.6082207466982864,24.4,49.0,4.6,58734.0,6.51651884271273,138.039,1870.413433884627,33.564637,-101.888943,0
4845000,1600000US4845000,Lubbock city,Lubbock city,"Lubbock city, Texas",TX,2023,Lubbock,266960.0,261078.0,False,1615.0,5765.0,972.0,83.0,8352.0,8352.0,3199.043963872866,19.0,0.6091067590228285,23.4,49.2,4.8,60487.0,6.223427481442328,141.961,1839.0825649298044,33.561901,-101.888883,0
4845000,1600000US4845000,Lubbock city,Lubbock city,"Lubbock city, Texas",TX,2024,Lubbock,269900.0,264814.0,False,1452.0,4920.0,723.0,63.0,7095.0,7095.0,2679.239013043117,18.9,0.6120639381995543,22.5,48.8,5.2,60895.0,6.33576774641824,143.189,1849.4018395267794,33.561901,-101.888883,0
4845384,1600000US4845384,McAllen city,McAllen city,"McAllen city, Texas",TX,2022,McAllen,145510.0,142722.0,False,159.0,2618.0,63.0,13.0,2840.0,2840.0,1989.8824287776235,21.0,0.2349607366395995,10.9,40.6,5.4,56326.0,25.318451254887126,62.308,2290.5886884509214,26.224966,-98.246083,0
4845384,1600000US4845384,McAllen city,McAllen city,"McAllen city, Texas",TX,2023,McAllen,145684.0,143789.0,False,162.0,2585.0,92.0,3.0,2839.0,2839.0,1974.4208527773335,20.2,0.2426775794221554,11.2,41.0,5.5,60165.0,25.727976409878362,62.333,2306.7877368328172,26.224966,-98.246083,0
4845384,1600000US4845384,McAllen city,McAllen city,"McAllen city, Texas",TX,2024,McAllen,148017.0,145385.0,False,94.0,2523.0,100.0,9.0,2717.0,2717.0,1868.831034838532,20.0,0.23462653715141857,11.0,40.5,6.0,61579.0,26.2420469787117,62.369,2331.045872148022,26.224966,-98.246083,0
4845744,1600000US4845744,McKinney city,McKinney city,"McKinney city, Texas",TX,2022,McKinney,208415.0,196160.0,False,210.0,1767.0,186.0,7.0,2163.0,2163.0,1102.6712887438825,6.2,0.6366967802609449,15.4,35.1,3.7,113286.0,17.175265089722675,66.963,2929.3789107417533,33.201125,-96.664161,0
4845744,1600000US4845744,McKinney city,McKinney city,"McKinney city, Texas",TX,2023,McKinney,212716.0,202314.0,False,169.0,1535.0,226.0,7.0,1930.0,1930.0,953.9626521150291,6.1,0.6532265149421388,16.0,36.7,3.5,120273.0,18.380339472305426,66.963,3021.280408583845,33.201125,-96.664161,0
4845744,1600000US4845744,McKinney city,McKinney city,"McKinney city, Texas",TX,2024,McKinney,219132.0,210600.0,False,187.0,1439.0,161.0,8.0,1787.0,1787.0,848.5280151946819,5.7,0.667701041793492,14.5,36.2,3.7,124215.0,19.52326685660019,68.362,3080.658845557474,33.201125,-96.664161,0
4846452,1600000US4846452,Mansfield city,Mansfield city,"Mansfield city, Texas",TX,2022,Mansfield,75993.0,73680.0,False,99.0,905.0,73.0,1.0,1077.0,1077.0,1461.726384364821,5.3,0.656939605386323,12.5,24.5,3.7,112465.0,12.050760043431055,36.792,2002.6092628832355,32.569188,-97.120532,0
4846452,1600000US4846452,Mansfield city,Mansfield city,"Mansfield city, Texas",TX,2023,Mansfield,78788.0,75398.0,False,104.0,945.0,98.0,3.0,1147.0,1147.0,1521.260510888883,6.3,0.6578737179044785,11.2,27.6,3.6,116590.0,12.33852356826441,36.791,2049.3598978010928,32.569188,-97.120532,0
4846452,1600000US4846452,Mansfield city,Mansfield city,"Mansfield city, Texas",TX,2024,Mansfield,80569.0,77510.0,False,89.0,901.0,123.0,0.0,1113.0,1113.0,1435.9437491936524,5.8,0.6651949401578792,11.8,28.5,3.9,121126.0,13.567281641078571,36.791,2106.76524149928,32.569188,-97.120532,0
4847892,1600000US4847892,Mesquite city,Mesquite city,"Mesquite city, Texas",TX,2022,Mesquite,147226.0,149439.0,False,718.0,3618.0,1036.0,9.0,5372.0,5372.0,3594.7778023139876,11.5,0.6767188715753847,12.7,38.0,4.7,69649.0,19.989427124110843,49.088,3044.308181225554,32.75955,-96.584164,0
4847892,1600000US4847892,Mesquite city,Mesquite city,"Mesquite city, Texas",TX,2023,Mesquite,147926.0,148848.0,False,435.0,3621.0,1367.0,10.0,5423.0,5423.0,3643.3139847361067,12.4,0.6805608872695383,12.0,36.7,4.8,71843.0,20.98583790175212,49.102,3031.4040161296894,32.75955,-96.584164,0
4847892,1600000US4847892,Mesquite city,Mesquite city,"Mesquite city, Texas",TX,2024,Mesquite,148803.0,149299.0,False,583.0,2924.0,922.0,8.0,4429.0,4429.0,2966.530251374758,13.4,0.681661309885313,12.9,37.2,5.4,72537.0,20.913736863609266,49.104,3040.4651352232,32.75955,-96.584164,0
4848072,1600000US4848072,Midland city,Midland city,"Midland city, Texas",TX,2022,Midland,129945.0,132490.0,False,289.0,1906.0,287.0,6.0,2482.0,2482.0,1873.3489319948674,10.5,0.6021760684863726,18.4,36.1,3.2,90448.0,14.137670767605101,75.979,1743.7713052290765,32.024642,-102.113467,0
4848072,1600000US4848072,Midland city,Midland city,"Midland city, Texas",TX,2023,Midland,135253.0,133998.0,False,371.0,1832.0,355.0,4.0,2558.0,2558.0,1908.9837161748683,11.7,0.6088199900356082,17.6,34.9,3.6,91169.0,13.672592128240721,75.982,1763.549261667237,32.024642,-102.113467,0
4848072,1600000US4848072,Midland city,Midland city,"Midland city, Texas",TX,2024,Midland,140303.0,136640.0,False,321.0,1645.0,296.0,3.0,2262.0,2262.0,1655.4449648711943,12.4,0.6117171560407285,16.3,34.9,3.5,89585.0,13.158665105386417,76.158,1794.1647627301136,32.024642,-102.113467,0
4848768,1600000US4848768,Mission city,Mission city,"Mission city, Texas",TX,2022,Mission,86577.0,85755.0,False,160.0,1174.0,117.0,6.0,1451.0,1451.0,1692.0296192641827,20.3,0.19681053575232477,10.9,28.0,8.8,56421.0,27.991370765553032,36.335,2360.1210953625978,26.20406,-98.325221,0
4848768,1600000US4848768,Mission city,Mission city,"Mission city, Texas",TX,2023,Mission,87031.0,86234.0,False,100.0,843.0,43.0,5.0,986.0,986.0,1143.4005148781223,17.7,0.213303062293985,12.1,28.5,8.6,60813.0,26.523181111858428,36.332,2373.4999449521083,26.20406,-98.325221,0
4848768,1600000US4848768,Mission city,Mission city,"Mission city, Texas",TX,2024,Mission,87777.0,87038.0,False,99.0,859.0,50.0,1.0,1008.0,1008.0,1158.1148463889335,19.4,0.22114422711560944,10.5,28.6,7.8,60767.0,25.679588225832394,36.332,2395.6291974017395,26.20406,-98.325221,0
4848804,1600000US4848804,Missouri City city,Missouri City city,"Missouri City city, Texas",TX,2022,Missouri City,75323.0,74517.0,False,141.0,679.0,75.0,3.0,895.0,895.0,1201.0682126226232,5.2,0.7330584962794502,10.4,19.9,5.7,97211.0,23.224230712454876,29.016,2568.1348221670805,29.562944,-95.535999,0
4848804,1600000US4848804,Missouri City city,Missouri City city,"Missouri City city, Texas",TX,2023,Missouri City,77560.0,75234.0,False,44.0,543.0,90.0,4.0,677.0,677.0,899.8591062551506,6.1,0.7330271515282929,9.5,18.6,5.0,96746.0,22.544328362176675,29.016,2592.8453267162945,29.562944,-95.535999,0
4848804,1600000US4848804,Missouri City city,Missouri City city,"Missouri City city, Texas",TX,2024,Missouri City,77571.0,76558.0,False,76.0,672.0,66.0,0.0,814.0,814.0,1063.2461663052848,7.1,0.7410717219145555,7.8,18.2,4.9,94390.0,23.946550327856002,29.02,2638.1116471399037,29.562944,-95.535999,0
4850820,1600000US4850820,New Braunfels city,New Braunfels city,"New Braunfels city, Texas",TX,2022,New Braunfels,107017.0,92993.0,False,179.0,1157.0,177.0,1.0,1513.0,1513.0,1627.0041831105568,6.0,0.526061119181429,16.9,36.2,3.8,85827.0,7.08655490198187,45.035,2064.9050738314645,29.699306,-98.115127,0
4850820,1600000US4850820,New Braunfels city,New Braunfels city,"New Braunfels city, Texas",TX,2023,New Braunfels,111942.0,98700.0,False,238.0,965.0,185.0,1.0,1388.0,1388.0,1406.2816616008106,6.3,0.5219313503098538,16.8,34.8,3.7,88257.0,6.587639311043566,45.035,2191.6287332075053,29.699306,-98.115127,0
4850820,1600000US4850820,New Braunfels city,New Braunfels city,"New Braunfels city, Texas",TX,2024,New Braunfels,118268.0,104643.0,False,150.0,1243.0,125.0,3.0,1518.0,1518.0,1450.6464837590665,7.4,0.5267372997021826,16.3,34.7,4.2,86021.0,6.299513584281796,45.025,2324.1088284286507,29.699306,-98.115127,0
4852356,1600000US4852356,North Richland Hills city,North Richland Hills city,"North Richland Hills city, Texas",TX,2022,North Richland Hills,70108.0,70114.0,False,139.0,1108.0,146.0,2.0,1393.0,1393.0,1986.7644122429185,7.1,0.5195754838519866,15.4,35.3,3.1,88656.0,10.845194968194654,18.163,3860.265374662776,32.86058,-97.219146,0
4852356,1600000US4852356,North Richland Hills city,North Richland Hills city,"North Richland Hills city, Texas",TX,2023,North Richland Hills,70853.0,70338.0,False,203.0,1228.0,172.0,3.0,1603.0,1603.0,2278.9957064460177,6.1,0.5029806928748743,13.5,35.9,2.9,93434.0,9.744377150331257,18.163,3872.5981390739416,32.86058,-97.219146,0
4852356,1600000US4852356,North Richland Hills city,North Richland Hills city,"North Richland Hills city, Texas",TX,2024,North Richland Hills,70780.0,70780.0,False,168.0,1269.0,143.0,0.0,1580.0,1580.0,2232.2690025430916,7.2,0.5358208230079218,12.3,36.5,3.2,97305.0,11.2658943204295,18.163,3896.933325992402,32.86058,-97.219146,0
4853388,1600000US4853388,Odessa city,Odessa city,"Odessa city, Texas",TX,2022,Odessa,110163.0,113353.0,False,357.0,1632.0,289.0,16.0,2278.0,2278.0,2009.6512663978897,14.7,0.5304262693396216,17.5,40.9,6.1,71293.0,13.754377916773267,51.466,2202.483192787471,31.880461,-102.345314,0
4853388,1600000US4853388,Odessa city,Odessa city,"Odessa city, Texas",TX,2023,Odessa,111922.0,114080.0,False,281.0,1437.0,278.0,13.0,1996.0,1996.0,1749.649368863955,14.4,0.5377652417891826,16.9,40.8,5.5,73030.0,14.486325385694249,51.889,2198.539189423577,31.880461,-102.345314,0
4853388,1600000US4853388,Odessa city,Odessa city,"Odessa city, Texas",TX,2024,Odessa,116039.0,115322.0,False,255.0,1588.0,295.0,0.0,2138.0,2138.0,1853.9394044501482,16.2,0.5270066732415745,16.8,40.2,5.9,73472.0,15.56077764867068,52.045,2215.813238543568,31.880461,-102.345314,0
4856000,1600000US4856000,Pasadena city,Pasadena city,"Pasadena city, Texas",TX,2022,Pasadena,145954.0,150620.0,False,594.0,2858.0,638.0,11.0,4090.0,4090.0,2715.4428362767226,18.0,0.4496807552992006,17.5,46.2,8.9,64698.0,26.191740804674012,43.69,3447.4708171206225,29.654996,-95.151055,0
4856000,1600000US4856000,Pasadena city,Pasadena city,"Pasadena city, Texas",TX,2023,Pasadena,145850.0,149345.0,False,489.0,2691.0,868.0,11.0,4048.0,4048.0,2710.5025277043087,18.3,0.4485897076154277,15.9,45.8,8.7,64270.0,26.24794937895477,43.69,3418.287937743191,29.654996,-95.151055,0
4856000,1600000US4856000,Pasadena city,Pasadena city,"Pasadena city, Texas",TX,2024,Pasadena,145199.0,149433.0,False,366.0,2436.0,613.0,13.0,3415.0,3415.0,2285.3051200203436,18.9,0.447087033369461,15.1,45.5,8.6,64927.0,26.858190627237626,43.69,3420.3021286335547,29.654996,-95.151055,0
4856348,1600000US4856348,Pearland city,Pearland city,"Pearland city, Texas",TX,2022,Pearland,125894.0,124478.0,False,164.0,1822.0,166.0,0.0,2152.0,2152.0,1728.8195504426485,4.5,0.7348397734627881,10.3,23.4,3.2,111123.0,18.346213788781952,48.691,2556.488878848247,29.555732,-95.323012,0
4856348,1600000US4856348,Pearland city,Pearland city,"Pearland city, Texas",TX,2023,Pearland,127433.0,125983.0,False,166.0,1829.0,132.0,2.0,2127.0,2127.0,1688.323027710088,4.2,0.738715848904499,11.2,23.4,3.1,112470.0,19.335148393037155,48.724,2585.6456776947707,29.555732,-95.323012,0
4856348,1600000US4856348,Pearland city,Pearland city,"Pearland city, Texas",TX,2024,Pearland,128322.0,127514.0,False,185.0,1547.0,116.0,2.0,1848.0,1848.0,1449.2526310836458,4.1,0.7417169992425174,10.4,23.8,3.3,118842.0,18.823031196574494,48.734,2616.5305536175974,29.555732,-95.323012,0
4857176,1600000US4857176,Pflugerville city,Pflugerville city,"Pflugerville city, Texas",TX,2022,Pflugerville,67817.0,64528.0,False,61.0,923.0,95.0,1.0,1079.0,1079.0,1672.1423258120508,5.8,0.7128174044075319,13.0,27.3,3.9,111151.0,15.856682370443838,25.706,2510.231074457325,30.447765,-97.602116,0
4857176,1600000US4857176,Pflugerville city,Pflugerville city,"Pflugerville city, Texas",TX,2023,Pflugerville,65599.0,65162.0,False,72.0,869.0,127.0,0.0,1068.0,1068.0,1638.9920505816274,5.6,0.7146893335687978,14.4,28.8,5.2,112656.0,16.35155458702925,25.825,2523.2139399806388,30.447765,-97.602116,0
4857176,1600000US4857176,Pflugerville city,Pflugerville city,"Pflugerville city, Texas",TX,2024,Pflugerville,65243.0,65971.0,False,82.0,855.0,116.0,2.0,1053.0,1053.0,1596.1558866774794,6.1,0.7274959588398388,12.4,30.1,5.3,117799.0,18.605144684785742,25.983,2539.0062733325635,30.447765,-97.602116,0
4857200,1600000US4857200,Pharr city,Pharr city,"Pharr city, Texas",TX,2022,Pharr,79558.0,79434.0,False,164.0,938.0,111.0,0.0,1213.0,1213.0,1527.053906387693,30.4,0.0949372499433161,9.9,41.3,6.1,45016.0,30.328322884407182,23.715,3349.525616698292,26.167844,-98.190198,0
4857200,1600000US4857200,Pharr city,Pharr city,"Pharr city, Texas",TX,2023,Pharr,80359.0,79809.0,False,180.0,921.0,87.0,2.0,1188.0,1188.0,1488.5539224899449,29.8,0.09545623660180991,10.1,41.3,6.8,49884.0,29.03807841220915,23.736,3362.360970677452,26.167844,-98.190198,0
4857200,1600000US4857200,Pharr city,Pharr city,"Pharr city, Texas",TX,2024,Pharr,80604.0,80333.0,False,137.0,696.0,83.0,3.0,916.0,916.0,1140.2536939987303,27.6,0.10145004312631212,12.9,40.9,7.2,52814.0,29.352818891364695,24.17,3323.6657012825813,26.163436,-98.19389,0
4858016,1600000US4858016,Plano city,Plano city,"Plano city, Texas",TX,2022,Plano,289847.0,284948.0,False,682.0,4293.0,521.0,12.0,5496.0,5496.0,1928.7729691031348,6.9,0.6758149542362564,14.2,43.3,4.4,105679.0,28.497129300784707,71.687,3974.8908449230685,33.050769,-96.747944,0
4858016,1600000US4858016,Plano city,Plano city,"Plano city, Texas",TX,2023,Plano,291140.0,287339.0,False,562.0,3721.0,558.0,13.0,4841.0,4841.0,1684.769557908951,7.1,0.6819085956898998,14.6,43.4,4.1,108649.0,28.691893547343035,71.699,4007.57332738253,33.050769,-96.747944,0
4858016,1600000US4858016,Plano city,Plano city,"Plano city, Texas",TX,2024,Plano,291463.0,290594.0,False,468.0,3391.0,415.0,9.0,4274.0,4274.0,1470.78053917149,6.8,0.6900061646272002,14.5,43.1,4.0,112253.0,29.265917396780388,71.7,4052.914923291492,33.050769,-96.747944,0
4858820,1600000US4858820,Port Arthur city,Port Arthur city,"Port Arthur city, Texas",TX,2022,Port Arthur,55899.0,55897.0,False,273.0,620.0,115.0,1.0,1008.0,1008.0,1803.3168148558955,26.7,0.6758162706516013,8.8,42.8,8.0,45357.0,20.507361754655882,75.551,739.8578443700281,29.900008,-93.89442,0
4858820,1600000US4858820,Port Arthur city,Port Arthur city,"Port Arthur city, Texas",TX,2023,Port Arthur,55371.0,55779.0,False,254.0,550.0,176.0,1.0,980.0,980.0,1756.9336130084798,29.1,0.6691113996473859,9.5,42.8,7.9,45752.0,20.617078111834203,75.551,738.2959854932429,29.900008,-93.89442,0
4858820,1600000US4858820,Port Arthur city,Port Arthur city,"Port Arthur city, Texas",TX,2024,Port Arthur,55397.0,55828.0,False,230.0,506.0,117.0,1.0,853.0,853.0,1527.907143368919,29.0,0.6647333969021394,7.3,42.0,8.4,46354.0,20.307014401375653,75.551,738.9445540098741,29.900008,-93.89442,0
4861796,1600000US4861796,Richardson city,Richardson city,"Richardson city, Texas",TX,2022,Richardson,115771.0,118063.0,False,281.0,2004.0,345.0,1.0,2630.0,2630.0,2227.6242345188584,10.8,0.6726934785579133,19.9,48.4,5.0,94362.0,23.067345400337107,28.566,4132.990268150948,32.972291,-96.708069,0
4861796,1600000US4861796,Richardson city,Richardson city,"Richardson city, Texas",TX,2023,Richardson,119008.0,118269.0,False,322.0,1637.0,446.0,5.0,2405.0,2405.0,2033.4999027640379,10.1,0.6803193787681496,19.7,49.2,4.8,96257.0,22.799719284005107,28.562,4140.7814578811,32.972291,-96.708069,0
4861796,1600000US4861796,Richardson city,Richardson city,"Richardson city, Texas",TX,2024,Richardson,117962.0,118731.0,False,260.0,1528.0,375.0,4.0,2163.0,2163.0,1821.7651666371883,9.7,0.6833026472437669,21.0,49.3,5.0,98111.0,22.447381054652954,28.562,4156.956795742595,32.972291,-96.708069,0
4862828,1600000US4862828,Rockwall city,Rockwall city,"Rockwall city, Texas",TX,2024,Rockwall,54765.0,51168.0,False,64.0,641.0,47.0,0.0,752.0,752.0,1469.6685428392746,4.0,0.534073701405829,14.0,27.5,4.4,115580.0,9.679878048780488,29.587,1729.4081860276474,32.918056,-96.43805,0
4863500,1600000US4863500,Round Rock city,Round Rock city,"Round Rock city, Texas",TX,2022,Round Rock,127349.0,120465.0,False,166.0,2597.0,171.0,5.0,2934.0,2934.0,2435.562196488607,7.7,0.6529631266743802,21.0,44.4,3.8,91888.0,14.932137965384138,37.767,3189.6894113908966,30.526767,-97.660079,0
4863500,1600000US4863500,Round Rock city,Round Rock city,"Round Rock city, Texas",TX,2023,Round Rock,129898.0,124288.0,False,213.0,2334.0,253.0,5.0,2800.0,2800.0,2252.832131822863,7.7,0.6682376884128494,18.7,43.8,3.6,97187.0,15.46408341915551,37.918,3277.8100110765336,30.526767,-97.660079,0
4863500,1600000US4863500,Round Rock city,Round Rock city,"Round Rock city, Texas",TX,2024,Round Rock,133868.0,127786.0,False,228.0,2181.0,189.0,3.0,2598.0,2598.0,2033.0865666035404,7.8,0.680996991959795,19.3,44.5,3.8,99287.0,17.02533923904027,38.138,3350.62142744769,30.526146,-97.663532,0
4863572,1600000US4863572,Rowlett city,Rowlett city,"Rowlett city, Texas",TX,2022,Rowlett,65196.0,63291.0,False,96.0,780.0,92.0,0.0,968.0,968.0,1529.4433647754026,7.4,0.6919374935506627,14.6,20.8,4.1,110954.0,15.702074544563999,20.745,3050.9038322487345,32.915926,-96.548587,0
4863572,1600000US4863572,Rowlett city,Rowlett city,"Rowlett city, Texas",TX,2023,Rowlett,66671.0,64139.0,False,93.0,719.0,99.0,4.0,911.0,911.0,1420.3526715414957,7.2,0.6863100516028746,14.0,24.1,3.8,113600.0,13.225962362992874,20.748,3091.334104491999,32.915926,-96.548587,0
4863572,1600000US4863572,Rowlett city,Rowlett city,"Rowlett city, Texas",TX,2024,Rowlett,69135.0,65463.0,False,73.0,745.0,84.0,3.0,902.0,902.0,1377.8775797015107,6.1,0.6831780373349406,12.8,24.8,4.0,112081.0,14.875578571101233,20.748,3155.147484094852,32.915926,-96.548587,0
4864472,1600000US4864472,San Angelo city,San Angelo city,"San Angelo city, Texas",TX,2022,San Angelo,99243.0,99422.0,False,428.0,2174.0,200.0,15.0,2802.0,2802.0,2818.2897145500997,11.8,0.576319230804712,15.9,36.0,3.2,65040.0,5.701957313270705,59.983,1657.5029591717655,31.441078,-100.450499,0
4864472,1600000US4864472,San Angelo city,San Angelo city,"San Angelo city, Texas",TX,2023,San Angelo,98642.0,99507.0,False,422.0,1967.0,192.0,6.0,2581.0,2581.0,2593.7873717426914,11.9,0.5788421755497277,17.0,36.7,3.2,64146.0,5.786527580974203,60.061,1656.7656216180217,31.441078,-100.450499,0
4864472,1600000US4864472,San Angelo city,San Angelo city,"San Angelo city, Texas",TX,2024,San Angelo,98996.0,99674.0,False,384.0,1947.0,130.0,5.0,2461.0,2461.0,2469.049100066216,11.0,0.5805132018137218,16.8,38.8,3.9,65864.0,5.80291751108614,60.061,1659.5461281030953,31.441078,-100.450499,0
4865000,1600000US4865000,San Antonio city,San Antonio city,"San Antonio city, Texas",TX,2022,San Antonio,1465608.0,1445662.0,False,9338.0,52586.0,12364.0,255.0,74288.0,74288.0,5138.6838693968575,17.7,0.5104380428016251,17.5,48.1,5.9,59593.0,14.252847484405068,498.922,2897.571163428351,29.462809,-98.524635,0
4865000,1600000US4865000,San Antonio city,San Antonio city,"San Antonio city, Texas",TX,2023,San Antonio,1490047.0,1458954.0,False,8143.0,53168.0,19075.0,232.0,80386.0,80386.0,5509.837870145323,17.1,0.5254275163055687,17.5,47.6,5.8,62917.0,14.33424220366098,498.922,2924.212602370711,29.462809,-98.524635,0
4865000,1600000US4865000,San Antonio city,San Antonio city,"San Antonio city, Texas",TX,2024,San Antonio,1514458.0,1479835.0,False,7505.0,49853.0,12665.0,177.0,70023.0,70023.0,4731.811316802211,17.1,0.5243049353589424,17.5,47.8,6.2,65056.0,15.010862697530467,498.949,2965.904330903559,29.462809,-98.524635,0
4865600,1600000US4865600,San Marcos city,San Marcos city,"San Marcos city, Texas",TX,2022,San Marcos,69470.0,67143.0,False,211.0,1380.0,220.0,9.0,1811.0,1811.0,2697.2283037695665,27.7,0.6178018364402714,32.3,71.1,6.8,47394.0,8.735087797685537,37.44,1793.3493589743591,29.873588,-97.935058,0
4865600,1600000US4865600,San Marcos city,San Marcos city,"San Marcos city, Texas",TX,2023,San Marcos,71413.0,68920.0,False,242.0,1165.0,224.0,4.0,1631.0,1631.0,2366.511897852583,26.7,0.613799266032703,32.6,69.5,6.1,51030.0,8.24724318049913,38.871,1773.0441717475753,29.872399,-97.936022,0
4865600,1600000US4865600,San Marcos city,San Marcos city,"San Marcos city, Texas",TX,2024,San Marcos,72723.0,70897.0,False,194.0,1164.0,284.0,2.0,1642.0,1642.0,2316.035939461472,26.9,0.6178370740749657,32.2,69.2,5.2,51281.0,9.134378041383979,39.929,1775.5766485511783,29.87361,-97.936725,0
4870808,1600000US4870808,Sugar Land city,Sugar Land city,"Sugar Land city, Texas",TX,2022,Sugar Land,107989.0,110077.0,False,133.0,1497.0,115.0,0.0,1745.0,1745.0,1585.2539585926215,4.5,0.6894468768739852,9.8,18.8,5.0,132247.0,35.23896908527667,40.468,2720.0998319659975,29.592764,-95.633801,0
4870808,1600000US4870808,Sugar Land city,Sugar Land city,"Sugar Land city, Texas",TX,2023,Sugar Land,108718.0,109735.0,False,68.0,1226.0,106.0,0.0,1400.0,1400.0,1275.800792819064,5.1,0.6905109613150752,10.8,19.9,4.5,137511.0,35.29867407846175,40.468,2711.6487100919244,29.592764,-95.633801,0
4870808,1600000US4870808,Sugar Land city,Sugar Land city,"Sugar Land city, Texas",TX,2024,Sugar Land,107757.0,110016.0,False,128.0,1260.0,103.0,1.0,1491.0,1491.0,1355.2574171029669,5.5,0.6938704800230973,9.6,19.7,4.1,136217.0,35.704806573589295,40.468,2718.5924681229612,29.592764,-95.633801,0
4872176,1600000US4872176,Temple city,Temple city,"Temple city, Texas",TX,2022,Temple,88484.0,83473.0,False,191.0,1220.0,138.0,8.0,1549.0,1549.0,1855.689863788291,17.0,0.6350798855793813,19.9,47.2,7.1,61003.0,7.228684724401903,72.1,1157.739251040222,31.10345,-97.391124,0
4872176,1600000US4872176,Temple city,Temple city,"Temple city, Texas",TX,2023,Temple,93073.0,86358.0,False,249.0,1274.0,305.0,11.0,1828.0,1828.0,2116.769726024225,17.3,0.6396310104424249,19.3,47.1,7.2,64945.0,7.860302461844879,72.94,1183.9594187003017,31.10345,-97.391124,0
4872176,1600000US4872176,Temple city,Temple city,"Temple city, Texas",TX,2024,Temple,96862.0,89602.0,False,353.0,1594.0,341.0,15.0,2288.0,2288.0,2553.5144304814626,16.0,0.6340944961231729,19.0,47.7,6.6,68204.0,8.208522131202429,73.041,1226.7356690078175,31.104936,-97.388512,0
4872392,1600000US4872392,Texas City city,Texas City city,"Texas City city, Texas",TX,2022,Texas City,56311.0,53084.0,False,173.0,1022.0,109.0,2.0,1304.0,1304.0,2456.4840629944993,15.4,0.6958887285759667,20.2,44.6,7.1,61359.0,7.591741391002939,66.265,801.0865464423149,29.433717,-94.892695,0
4872392,1600000US4872392,Texas City city,Texas City city,"Texas City city, Texas",TX,2023,Texas City,57448.0,54159.0,False,172.0,986.0,169.0,4.0,1327.0,1327.0,2450.192950386824,16.5,0.6949960335790997,18.5,46.1,7.2,65447.0,8.124226813641314,66.265,817.3092884629895,29.433717,-94.892695,0
4872392,1600000US4872392,Texas City city,Texas City city,"Texas City city, Texas",TX,2024,Texas City,58130.0,55364.0,False,198.0,989.0,101.0,1.0,1288.0,1288.0,2326.421501336609,16.2,0.692566628720004,14.8,43.5,6.5,68776.0,7.996170796907738,66.265,835.493850448955,29.433717,-94.892695,0
4874144,1600000US4874144,Tyler city,Tyler city,"Tyler city, Texas",TX,2022,Tyler,108422.0,106440.0,False,274.0,2038.0,211.0,1.0,2523.0,2523.0,2370.349492671928,13.5,0.6559614114816419,13.8,45.1,5.3,63056.0,10.715896279594137,57.79,1841.8411489877142,32.317258,-95.305886,0
4874144,1600000US4874144,Tyler city,Tyler city,"Tyler city, Texas",TX,2023,Tyler,110824.0,107718.0,False,290.0,1904.0,206.0,3.0,2400.0,2400.0,2228.0398819138863,12.8,0.6671835544895474,13.1,44.8,4.7,65527.0,11.400137395792719,57.79,1863.955701678491,32.317258,-95.305886,0
4874144,1600000US4874144,Tyler city,Tyler city,"Tyler city, Texas",TX,2024,Tyler,111714.0,109215.0,False,206.0,1779.0,153.0,0.0,2138.0,2138.0,1957.6065558760242,12.5,0.6673644162017076,14.3,44.6,4.5,67486.0,11.413267408323033,57.79,1889.8598373421007,32.317258,-95.305886,0
4875428,1600000US4875428,Victoria city,Victoria city,"Victoria city, Texas",TX,2022,Victoria,65165.0,65481.0,False,269.0,1107.0,76.0,14.0,1452.0,1452.0,2217.4371191643377,18.1,0.5727635321167306,18.0,39.2,5.5,64832.0,7.46628793085017,37.179,1761.2361817154845,28.828528,-96.986015,0
4875428,1600000US4875428,Victoria city,Victoria city,"Victoria city, Texas",TX,2023,Victoria,65298.0,65514.0,False,270.0,1118.0,77.0,4.0,1465.0,1465.0,2236.163262814055,18.0,0.575899314441128,17.0,39.4,4.6,68233.0,8.260829746313766,37.179,1762.1237795529732,28.828528,-96.986015,0
4875428,1600000US4875428,Victoria city,Victoria city,"Victoria city, Texas",TX,2024,Victoria,65893.0,65625.0,False,194.0,983.0,88.0,3.0,1265.0,1265.0,1927.6190476190475,18.3,0.5775669521995466,15.5,42.1,4.7,67226.0,7.684571428571428,37.179,1765.109335915436,28.828528,-96.986015,0
4876000,1600000US4876000,Waco city,Waco city,"Waco city, Texas",TX,2022,Waco,140911.0,140545.0,False,750.0,3420.0,380.0,22.0,4550.0,4550.0,3237.397274894162,24.8,0.6654630190884621,22.2,52.7,4.5,47421.0,10.075776441709062,89.751,1565.9435549464629,31.560718,-97.192147,0
4876000,1600000US4876000,Waco city,Waco city,"Waco city, Texas",TX,2023,Waco,145741.0,141925.0,False,507.0,2938.0,417.0,15.0,3862.0,3862.0,2721.1555398978335,24.0,0.6686923592470463,21.0,51.1,4.4,51468.0,9.784745464153602,91.005,1559.52969617054,31.557994,-97.18975,0
4876000,1600000US4876000,Waco city,Waco city,"Waco city, Texas",TX,2024,Waco,146270.0,143570.0,False,431.0,2379.0,300.0,8.0,3110.0,3110.0,2166.1907083652573,23.1,0.6724428427354716,20.9,50.6,4.6,54365.0,10.518910635926726,91.005,1577.605626064502,31.557994,-97.18975,0
4879000,1600000US4879000,Wichita Falls city,Wichita Falls city,"Wichita Falls city, Texas",TX,2022,Wichita Falls,103337.0,102482.0,False,516.0,2147.0,301.0,0.0,2964.0,2964.0,2892.215218282235,17.8,0.5869425446586942,21.8,43.7,4.4,55584.0,7.04611541539002,72.276,1417.9257291493718,33.906654,-98.525848,0
4879000,1600000US4879000,Wichita Falls city,Wichita Falls city,"Wichita Falls city, Texas",TX,2023,Wichita Falls,102740.0,102558.0,False,445.0,1908.0,205.0,2.0,2558.0,2558.0,2494.198404805086,17.4,0.5909537963966471,20.1,43.0,3.5,58568.0,7.253456580666549,72.233,1419.821965029834,33.906654,-98.525848,0
4879000,1600000US4879000,Wichita Falls city,Wichita Falls city,"Wichita Falls city, Texas",TX,2024,Wichita Falls,102762.0,102581.0,False,457.0,1982.0,252.0,2.0,2691.0,2691.0,2623.292812509139,17.7,0.6019187204243788,20.6,43.6,3.8,60177.0,7.737300279778907,72.198,1420.8288318235964,33.906654,-98.525848,0
4880356,1600000US4880356,Wylie city,Wylie city,"Wylie city, Texas",TX,2022,Wylie,60910.0,57063.0,False,36.0,288.0,28.0,2.0,352.0,352.0,616.8620647354678,5.7,0.6593729702297604,15.1,23.3,3.5,109465.0,20.359953034365528,22.133,2578.1864184701576,33.035831,-96.520187,0
4880356,1600000US4880356,Wylie city,Wylie city,"Wylie city, Texas",TX,2023,Wylie,62539.0,58991.0,False,37.0,396.0,27.0,0.0,460.0,460.0,779.779966435558,5.6,0.6769692423156652,12.7,23.8,3.9,113661.0,21.532098116661864,22.094,2670.0009052231376,33.035831,-96.520187,0
4880356,1600000US4880356,Wylie city,Wylie city,"Wylie city, Texas",TX,2024,Wylie,62210.0,60334.0,False,40.0,465.0,30.0,4.0,535.0,535.0,886.7305333642722,5.6,0.6709409986884767,11.2,22.6,4.0,119522.0,19.832930022872674,21.164,2850.7843507843504,33.029144,-96.527041,0
4920120,1600000US4920120,Draper city,Draper city,"Draper city, Utah",UT,2022,Draper,53049.0,50635.0,False,136.0,663.0,79.0,6.0,878.0,878.0,1733.9784733879728,4.1,0.329532820802938,15.2,27.0,2.2,126041.0,10.034561074355683,29.966,1689.7483814990321,40.495191,-111.860651,0
4920120,1600000US4920120,Draper city,Draper city,"Draper city, Utah",UT,2023,Draper,50588.0,50159.0,False,94.0,582.0,50.0,5.0,726.0,726.0,1447.3972766602205,5.6,0.3705807867352162,14.5,28.3,2.0,130680.0,10.757790227077892,28.348,1769.4017214618316,40.49715,-111.864636,0
4920120,1600000US4920120,Draper city,Draper city,"Draper city, Utah",UT,2024,Draper,49166.0,50278.0,False,63.0,439.0,40.0,4.0,542.0,542.0,1078.0062850550937,6.1,0.3929816159541072,15.6,31.4,2.4,128910.0,11.60547356696766,28.348,1773.599548469028,40.49715,-111.864636,0
4934970,1600000US4934970,Herriman city,Herriman city,"Herriman city, Utah",UT,2022,Herriman,60138.0,55301.0,False,40.0,373.0,56.0,4.0,469.0,469.0,848.0859297300229,5.8,0.30663746769697275,11.4,18.6,3.2,115198.0,6.679806875101717,23.109,2393.050326712536,40.491728,-112.020343,0
4934970,1600000US4934970,Herriman city,Herriman city,"Herriman city, Utah",UT,2023,Herriman,60724.0,57336.0,False,38.0,368.0,40.0,2.0,446.0,446.0,777.8707967071299,6.8,0.33130364856529604,10.7,18.5,4.1,118446.0,6.960722757081066,23.109,2481.111255355056,40.491728,-112.020343,0
4934970,1600000US4934970,Herriman city,Herriman city,"Herriman city, Utah",UT,2024,Herriman,61387.0,59346.0,False,47.0,282.0,38.0,3.0,367.0,367.0,618.4073063053954,4.9,0.3492796506920094,10.5,21.4,4.0,122650.0,8.413372426111279,23.156,2562.877871825877,40.491819,-112.02043,0
4943660,1600000US4943660,Layton city,Layton city,"Layton city, Utah",UT,2022,Layton,84636.0,81726.0,False,152.0,1155.0,103.0,12.0,1410.0,1410.0,1725.2771455840248,7.5,0.36831266664883555,12.6,28.5,2.3,93453.0,6.175513300540832,22.532,3627.108112906089,41.077423,-111.960727,0
4943660,1600000US4943660,Layton city,Layton city,"Layton city, Utah",UT,2023,Layton,82887.0,82512.0,False,102.0,1082.0,62.0,9.0,1246.0,1246.0,1510.0833818111305,7.0,0.3802492820078206,12.5,28.4,2.3,99188.0,6.399069226294357,22.56,3657.4468085106387,41.077423,-111.960727,0
4943660,1600000US4943660,Layton city,Layton city,"Layton city, Utah",UT,2024,Layton,84017.0,83286.0,False,103.0,970.0,58.0,4.0,1131.0,1131.0,1357.9713277141416,8.1,0.38910610930920586,11.6,27.5,2.8,102480.0,6.864298921787575,22.562,3691.4280648878644,41.077423,-111.960727,0
4944320,1600000US4944320,Lehi city,Lehi city,"Lehi city, Utah",UT,2023,Lehi,88416.0,81039.0,False,74.0,490.0,75.0,2.0,639.0,639.0,788.5092362936365,4.8,0.29014648060093995,12.5,22.9,4.1,125860.0,5.973666999839584,30.342,2670.852283962824,40.41708,-111.871147,0
4944320,1600000US4944320,Lehi city,Lehi city,"Lehi city, Utah",UT,2024,Lehi,95189.0,85173.0,False,48.0,416.0,51.0,4.0,515.0,515.0,604.6517088748782,5.0,0.3364772952688131,11.3,24.8,4.0,131299.0,6.462141758538505,30.341,2807.1915889390593,40.41708,-111.871147,0
4945860,1600000US4945860,Logan city,Logan city,"Logan city, Utah",UT,2022,Logan,56267.0,53246.0,False,82.0,588.0,46.0,1.0,716.0,716.0,1344.7019494422116,24.1,0.4039942547867068,29.9,59.7,2.5,52473.0,8.58656049280697,17.996,2958.768615247833,41.740256,-111.841764,0
4945860,1600000US4945860,Logan city,Logan city,"Logan city, Utah",UT,2023,Logan,55645.0,53923.0,False,71.0,659.0,56.0,0.0,786.0,786.0,1457.6340337147415,23.0,0.40998922344171296,30.2,61.5,2.3,56764.0,9.411568347458413,18.052,2987.092842898294,41.740256,-111.841764,0
4945860,1600000US4945860,Logan city,Logan city,"Logan city, Utah",UT,2024,Logan,56083.0,54907.0,False,79.0,511.0,44.0,2.0,634.0,634.0,1154.6797311818166,22.3,0.42160296591645385,31.2,62.8,2.6,60687.0,9.266578031944924,18.083,3036.387767516452,41.740256,-111.841764,0
4953230,1600000US4953230,Murray city,Murray city,"Murray city, Utah",UT,2022,Murray,48884.0,50041.0,False,233.0,1876.0,361.0,17.0,2470.0,2470.0,4935.952518934473,6.2,0.37635901814643613,14.6,35.0,3.2,81693.0,9.83593453368238,12.296,4069.69746258946,40.650654,-111.886568,0
4953230,1600000US4953230,Murray city,Murray city,"Murray city, Utah",UT,2024,Murray,49238.0,50188.0,False,164.0,1249.0,221.0,13.0,1634.0,1634.0,3255.7583486092294,6.0,0.44992336426417867,13.9,35.3,3.8,90746.0,13.325894636168009,12.296,4081.6525699414447,40.650654,-111.886568,0
4955980,1600000US4955980,Ogden city,Ogden city,"Ogden city, Utah",UT,2022,Ogden,86870.0,86754.0,False,272.0,1661.0,271.0,9.0,2204.0,2204.0,2540.5168637757333,12.1,0.5178248896665695,15.6,39.8,4.3,66226.0,10.64273693432003,27.549,3149.0798214091255,41.228391,-111.968147,0
4955980,1600000US4955980,Ogden city,Ogden city,"Ogden city, Utah",UT,2023,Ogden,86593.0,86973.0,False,213.0,1446.0,158.0,6.0,1817.0,1817.0,2089.154105297046,12.7,0.5260083815453018,14.5,39.1,4.0,70053.0,10.481413772090189,27.549,3157.0292932592833,41.228391,-111.968147,0
4955980,1600000US4955980,Ogden city,Ogden city,"Ogden city, Utah",UT,2024,Ogden,87258.0,87413.0,False,202.0,1301.0,177.0,10.0,1680.0,1680.0,1921.910928580417,13.7,0.5273649527877049,13.0,38.7,4.1,72575.0,11.37016233283379,27.531,3175.0753695833787,41.228391,-111.968147,0
4957300,1600000US4957300,Orem city,Orem city,"Orem city, Utah",UT,2022,Orem,97430.0,97100.0,False,129.0,1363.0,150.0,4.0,1642.0,1642.0,1691.0401647785789,9.8,0.4094939553965091,22.4,40.1,3.4,77568.0,12.044284243048404,18.617,5215.663103614976,40.298065,-111.699445,0
4957300,1600000US4957300,Orem city,Orem city,"Orem city, Utah",UT,2023,Orem,94682.0,97048.0,False,89.0,1210.0,103.0,5.0,1402.0,1402.0,1444.6459483966696,10.1,0.43988665702528673,20.8,41.8,3.8,81292.0,12.464965790124474,18.617,5212.869957565666,40.298065,-111.699445,0
4957300,1600000US4957300,Orem city,Orem city,"Orem city, Utah",UT,2024,Orem,94571.0,97182.0,False,98.0,1099.0,89.0,0.0,1286.0,1286.0,1323.290321252907,10.2,0.4458415324812659,19.6,42.2,3.9,83342.0,12.154514210450495,18.617,5220.067680077348,40.298065,-111.699445,0
4962470,1600000US4962470,Provo city,Provo city,"Provo city, Utah",UT,2022,Provo,114120.0,114400.0,False,159.0,1301.0,137.0,27.0,1597.0,1597.0,1395.979020979021,24.9,0.4385692293938578,37.8,60.9,4.4,57943.0,11.207167832167832,41.702,2743.2737038990936,40.245312,-111.645057,0
4962470,1600000US4962470,Provo city,Provo city,"Provo city, Utah",UT,2023,Provo,112743.0,114303.0,False,124.0,1296.0,110.0,13.0,1530.0,1530.0,1338.5475446838666,22.3,0.45585328900796873,35.7,60.1,4.7,62800.0,12.242898261637928,41.702,2740.947676370438,40.245312,-111.645057,0
4962470,1600000US4962470,Provo city,Provo city,"Provo city, Utah",UT,2024,Provo,112763.0,114766.0,False,79.0,1279.0,75.0,10.0,1433.0,1433.0,1248.627642333095,23.0,0.45826246907112667,35.3,60.6,5.1,64171.0,12.495861143544255,41.882,2740.2225299651404,40.245312,-111.645057,0
4965330,1600000US4965330,St. George city,St. George city,"St. George city, Utah",UT,2022,St. George,104158.0,96174.0,False,95.0,918.0,126.0,6.0,1139.0,1139.0,1184.311768253374,10.1,0.32634620978360473,17.0,32.3,3.3,69333.0,7.029966519017614,77.148,1246.6168922071863,37.077006,-113.576534,0
4965330,1600000US4965330,St. George city,St. George city,"St. George city, Utah",UT,2023,St. George,105930.0,99184.0,False,108.0,930.0,95.0,1.0,1133.0,1133.0,1142.32134215196,11.3,0.3316473223650497,16.6,31.8,3.5,72870.0,7.373165026617197,77.148,1285.632809664541,37.077006,-113.576534,0
4965330,1600000US4965330,St. George city,St. George city,"St. George city, Utah",UT,2024,St. George,107595.0,101995.0,False,196.0,821.0,62.0,2.0,1079.0,1079.0,1057.8949948526888,11.4,0.35550836751702786,17.0,33.3,3.6,76508.0,7.431736849845581,77.403,1317.7137837034738,37.077006,-113.576534,0
4967000,1600000US4967000,Salt Lake City city,Salt Lake City city,"Salt Lake City city, Utah",UT,2022,Salt Lake City,201373.0,201269.0,False,1316.0,9887.0,1731.0,65.0,12934.0,12934.0,6426.225598577029,14.1,0.5302008574000207,21.2,53.0,3.6,72357.0,15.37643651034188,110.891,1815.0165477811545,40.776928,-111.930991,0
4967000,1600000US4967000,Salt Lake City city,Salt Lake City city,"Salt Lake City city, Utah",UT,2023,Salt Lake City,206692.0,203888.0,False,1148.0,9311.0,1212.0,67.0,11671.0,11671.0,5724.221141018598,13.4,0.5328679558779355,21.2,53.2,3.8,74925.0,15.365789060660756,110.891,1838.634334616876,40.776928,-111.930991,0
4967000,1600000US4967000,Salt Lake City city,Salt Lake City city,"Salt Lake City city, Utah",UT,2024,Salt Lake City,212675.0,208007.0,False,1172.0,8900.0,987.0,46.0,11059.0,11059.0,5316.647997423163,13.6,0.5363233180523759,20.9,54.2,4.2,75090.0,14.930747522919901,110.891,1875.7789180366306,40.776928,-111.930991,0
4967440,1600000US4967440,Sandy city,Sandy city,"Sandy city, Utah",UT,2023,Sandy,91132.0,94723.0,False,490.0,1618.0,163.0,8.0,2271.0,2271.0,2397.516970535139,5.5,0.36703203323081,12.7,24.1,2.5,111242.0,10.295282032874804,24.222,3910.618446040789,40.571714,-111.84987,0
4970850,1600000US4970850,South Jordan city,South Jordan city,"South Jordan city, Utah",UT,2022,South Jordan,82250.0,78118.0,False,101.0,908.0,108.0,2.0,1117.0,1117.0,1429.8881179753705,2.6,0.3049761935798918,14.0,15.8,2.5,119822.0,6.345528559358919,22.205,3518.03647827066,40.556905,-111.978584,0
4970850,1600000US4970850,South Jordan city,South Jordan city,"South Jordan city, Utah",UT,2023,South Jordan,86444.0,80331.0,False,80.0,794.0,85.0,6.0,959.0,959.0,1193.810608606889,2.9,0.3315665699516236,12.1,15.9,2.2,126400.0,6.5827638147166105,22.205,3617.698716505292,40.556905,-111.978584,0
4970850,1600000US4970850,South Jordan city,South Jordan city,"South Jordan city, Utah",UT,2024,South Jordan,86846.0,82686.0,False,55.0,649.0,49.0,1.0,753.0,753.0,910.6741165372615,3.7,0.37048020501376755,11.6,18.6,2.4,134047.0,7.4123793628909365,25.761,3209.735646908117,40.555007,-111.992337,0
4975360,1600000US4975360,Taylorsville city,Taylorsville city,"Taylorsville city, Utah",UT,2022,Taylorsville City,58059.0,59729.0,False,109.0,1226.0,200.0,4.0,1535.0,1535.0,2569.940899730449,8.5,0.5539183063915316,14.9,29.6,4.5,81417.0,17.50740846155134,10.846,5507.00719159137,40.656942,-111.94933,0
4975360,1600000US4975360,Taylorsville city,Taylorsville city,"Taylorsville city, Utah",UT,2023,Taylorsville City,56674.0,59010.0,False,113.0,961.0,154.0,3.0,1228.0,1228.0,2081.0032197932555,9.1,0.5618214284780961,13.5,29.2,3.8,85608.0,16.26673445178783,10.846,5440.715471141434,40.656942,-111.94933,0
4975360,1600000US4975360,Taylorsville city,Taylorsville city,"Taylorsville city, Utah",UT,2024,Taylorsville City,56047.0,58678.0,False,89.0,851.0,106.0,3.0,1046.0,1046.0,1782.610177579331,8.9,0.5619506607333864,14.9,28.8,4.3,86413.0,16.217321653771428,10.846,5410.10510787387,40.656942,-111.94933,0
4982950,1600000US4982950,West Jordan city,West Jordan city,"West Jordan city, Utah",UT,2022,West Jordan,115900.0,116383.0,False,202.0,2023.0,273.0,4.0,2498.0,2498.0,2146.361582017992,6.1,0.4814753874723279,12.4,22.6,4.2,99002.0,11.733672443569937,32.319,3601.0705776787645,40.60246,-112.000744,0
4982950,1600000US4982950,West Jordan city,West Jordan city,"West Jordan city, Utah",UT,2023,West Jordan,116485.0,116277.0,False,273.0,1600.0,205.0,6.0,2078.0,2078.0,1787.1118105902285,6.2,0.5129782345738988,12.6,22.5,4.0,103960.0,12.35067984210119,32.586,3568.3115448352055,40.602666,-112.001255,0
4982950,1600000US4982950,West Jordan city,West Jordan city,"West Jordan city, Utah",UT,2024,West Jordan,114211.0,116692.0,False,155.0,1247.0,150.0,8.0,1552.0,1552.0,1329.9969149556098,6.1,0.5322499211748405,12.0,22.8,3.8,108153.0,12.384739313749014,32.586,3581.047075431167,40.602666,-112.001255,0
4983470,1600000US4983470,West Valley City city,West Valley City city,"West Valley City city, Utah",UT,2022,West Valley,138020.0,138868.0,False,420.0,2908.0,632.0,16.0,3960.0,3960.0,2851.6288849843017,10.8,0.6372103353715599,13.1,28.9,4.0,81719.0,22.037474436155197,35.827,3876.0711195467106,40.688493,-112.011759,0
4983470,1600000US4983470,West Valley City city,West Valley City city,"West Valley City city, Utah",UT,2023,West Valley,135023.0,137955.0,False,291.0,2138.0,459.0,9.0,2888.0,2888.0,2093.436265448878,11.8,0.6378005740171776,12.7,28.9,4.4,88604.0,23.167699612192383,35.827,3850.5875457057527,40.688493,-112.011759,0
4983470,1600000US4983470,West Valley City city,West Valley City city,"West Valley City city, Utah",UT,2024,West Valley,132686.0,138437.0,False,260.0,1867.0,317.0,6.0,2444.0,2444.0,1765.4239834726266,9.9,0.6429257018676736,13.1,27.9,4.3,92209.0,24.096881614019374,35.827,3864.041086331538,40.688493,-112.011759,0
5101000,1600000US5101000,Alexandria city,Alexandria city,"Alexandria city, Virginia",VA,2022,Alexandria,150957.0,157594.0,False,155.0,2459.0,332.0,4.0,2946.0,2946.0,1869.3605086488064,8.8,0.661697096506602,18.8,57.3,3.2,113179.0,24.458418467708164,14.935,10551.991965182457,38.819251,-77.08367,0
5101000,1600000US5101000,Alexandria city,Alexandria city,"Alexandria city, Virginia",VA,2023,Alexandria,153897.0,156788.0,False,185.0,3080.0,475.0,5.0,3740.0,3740.0,2385.386636732403,8.4,0.6721669746153469,19.3,58.0,3.4,113638.0,24.620506671428934,14.935,10498.024774020756,38.819251,-77.08367,0
5101000,1600000US5101000,Alexandria city,Alexandria city,"Alexandria city, Virginia",VA,2024,Alexandria,155153.0,156976.0,False,149.0,3571.0,376.0,4.0,4096.0,4096.0,2609.31607379472,7.9,0.674906531172573,19.3,57.9,3.3,119681.0,24.913999592294363,14.935,10510.612654837629,38.819251,-77.08367,0
5116000,1600000US5116000,Chesapeake city,Chesapeake city,"Chesapeake city, Virginia",VA,2022,Chesapeake,253745.0,249377.0,False,409.0,4287.0,406.0,15.0,5102.0,5102.0,2045.8983787598695,7.6,0.6053111970729379,15.0,26.7,5.0,92703.0,6.01659335062977,338.456,736.8077386720873,36.679376,-76.301788,0
5116000,1600000US5116000,Chesapeake city,Chesapeake city,"Chesapeake city, Virginia",VA,2023,Chesapeake,254051.0,251153.0,False,430.0,3746.0,461.0,12.0,4637.0,4637.0,1846.2849338849226,8.7,0.6127212236711099,13.4,26.2,4.9,94189.0,6.140081942083113,338.456,742.0550972652279,36.679376,-76.301788,0
5116000,1600000US5116000,Chesapeake city,Chesapeake city,"Chesapeake city, Virginia",VA,2024,Chesapeake,257248.0,252583.0,False,476.0,3721.0,290.0,10.0,4487.0,4487.0,1776.445762383058,9.4,0.6192928956450587,12.5,25.6,4.9,95373.0,5.825411844819326,338.456,746.2801664027229,36.679376,-76.301788,0
5135000,1600000US5135000,Hampton city,Hampton city,"Hampton city, Virginia",VA,2022,Hampton,138843.0,137217.0,False,274.0,3387.0,374.0,23.0,4035.0,4035.0,2940.5977393471653,13.5,0.6288429324597453,16.7,44.4,6.5,64430.0,5.492030870810468,51.461,2666.4270029731256,37.047961,-76.297293,0
5135000,1600000US5135000,Hampton city,Hampton city,"Hampton city, Virginia",VA,2023,Hampton,138533.0,137334.0,False,230.0,3528.0,395.0,23.0,4153.0,4153.0,3024.0144465318126,13.0,0.632830535705214,15.8,44.4,6.3,67758.0,5.2223047460934655,51.461,2668.7005693632073,37.047961,-76.297293,0
5135000,1600000US5135000,Hampton city,Hampton city,"Hampton city, Virginia",VA,2024,Hampton,138100.0,137557.0,False,290.0,3360.0,330.0,14.0,3980.0,3980.0,2893.346031099835,12.7,0.6349470469340219,16.3,43.1,6.3,69621.0,5.900826566441548,51.461,2673.0339480383204,37.047961,-76.297293,0
5135624,1600000US5135624,Harrisonburg city,Harrisonburg city,"Harrisonburg city, Virginia",VA,2022,Harrisonburg,51363.0,51784.0,False,65.0,812.0,52.0,1.0,929.0,929.0,1793.9904217518927,27.2,0.5419811694963468,27.2,61.9,6.7,56050.0,17.580719913486792,17.336,2987.0789109367793,38.436255,-78.873303,0
5135624,1600000US5135624,Harrisonburg city,Harrisonburg city,"Harrisonburg city, Virginia",VA,2023,Harrisonburg,50928.0,51492.0,False,100.0,869.0,50.0,2.0,1019.0,1019.0,1978.948186126,25.6,0.561691087758727,25.5,60.1,7.1,59752.0,17.325021362541754,17.336,2970.2353484079376,38.436255,-78.873303,0
5135624,1600000US5135624,Harrisonburg city,Harrisonburg city,"Harrisonburg city, Virginia",VA,2024,Harrisonburg,51270.0,51392.0,False,69.0,755.0,44.0,3.0,868.0,868.0,1688.9788293897884,25.7,0.5665622789740353,25.0,60.5,6.9,62254.0,17.794598381070983,17.336,2964.4670050761424,38.436255,-78.873303,0
5147672,1600000US5147672,Lynchburg city,Lynchburg city,"Lynchburg city, Virginia",VA,2022,Lynchburg,79421.0,79166.0,False,214.0,1436.0,305.0,6.0,1955.0,1955.0,2469.494479953515,17.5,0.5471843347311558,22.3,51.3,5.4,56243.0,4.170982492484147,48.976,1616.4243711205488,37.399016,-79.195458,0
5147672,1600000US5147672,Lynchburg city,Lynchburg city,"Lynchburg city, Virginia",VA,2023,Lynchburg,79509.0,79255.0,False,207.0,1133.0,257.0,2.0,1597.0,1597.0,2015.0148255630559,17.4,0.5527718178929075,20.9,50.9,5.0,59808.0,4.5612264210459905,48.976,1618.2415877164326,37.399016,-79.195458,0
5147672,1600000US5147672,Lynchburg city,Lynchburg city,"Lynchburg city, Virginia",VA,2024,Lynchburg,80339.0,79497.0,False,168.0,1018.0,210.0,4.0,1396.0,1396.0,1756.041108469502,18.6,0.5632814664277446,20.8,51.1,5.3,57947.0,4.849239593946941,48.917,1625.1405441870925,37.399016,-79.195458,0
5156000,1600000US5156000,Newport News city,Newport News city,"Newport News city, Virginia",VA,2022,Newport News,183903.0,185118.0,False,337.0,3434.0,462.0,30.0,4233.0,4233.0,2286.6495964736005,14.7,0.655824505198032,14.2,52.4,5.6,63355.0,7.859311358160741,68.996,2683.025102904516,37.076136,-76.52198,0
5156000,1600000US5156000,Newport News city,Newport News city,"Newport News city, Virginia",VA,2023,Newport News,183600.0,184774.0,False,433.0,3624.0,564.0,30.0,4621.0,4621.0,2500.8929827789625,15.1,0.6637712459549041,14.5,51.9,5.9,66718.0,8.0871767672941,68.996,2678.0393066264714,37.076136,-76.52198,0
5156000,1600000US5156000,Newport News city,Newport News city,"Newport News city, Virginia",VA,2024,Newport News,183563.0,184216.0,False,407.0,3504.0,524.0,39.0,4435.0,4435.0,2407.4998914317976,14.5,0.6660641431209517,14.2,51.8,5.8,69634.0,7.664372258652885,68.996,2669.9518812684796,37.076136,-76.52198,0
5157000,1600000US5157000,Norfolk city,Norfolk city,"Norfolk city, Virginia",VA,2022,Norfolk,233419.0,236973.0,False,546.0,8962.0,1864.0,9.0,11372.0,11372.0,4798.858941735978,16.9,0.6500145142675322,21.4,55.2,6.7,60998.0,7.379321694876631,53.275,4448.108869075551,36.923015,-76.244641,0
5157000,1600000US5157000,Norfolk city,Norfolk city,"Norfolk city, Virginia",VA,2023,Norfolk,230849.0,235037.0,False,579.0,6716.0,1513.0,19.0,8808.0,8808.0,3747.4950752434725,17.3,0.661555513733756,20.7,54.3,6.1,64017.0,7.697511455643154,53.275,4411.76912247771,36.923015,-76.244641,0
5157000,1600000US5157000,Norfolk city,Norfolk city,"Norfolk city, Virginia",VA,2024,Norfolk,230460.0,233596.0,False,586.0,7197.0,911.0,9.0,8694.0,8694.0,3721.8103049709753,16.5,0.6647341109024381,19.5,53.7,5.7,66109.0,7.924365143238754,53.275,4384.720788362271,36.923015,-76.244641,0
5164000,1600000US5164000,Portsmouth city,Portsmouth city,"Portsmouth city, Virginia",VA,2022,Portsmouth,98003.0,97384.0,False,421.0,3940.0,423.0,10.0,4784.0,4784.0,4912.51129549002,17.4,0.601832153273224,14.4,43.9,6.6,57154.0,3.1206358334017907,33.301,2924.3566259271493,36.859339,-76.356973,0
5164000,1600000US5164000,Portsmouth city,Portsmouth city,"Portsmouth city, Virginia",VA,2023,Portsmouth,96649.0,97299.0,False,430.0,3286.0,696.0,6.0,4412.0,4412.0,4534.476202222017,17.6,0.603065569762499,13.7,43.1,6.6,58972.0,2.9959197936258337,33.301,2921.8041500255245,36.859339,-76.356973,0
5164000,1600000US5164000,Portsmouth city,Portsmouth city,"Portsmouth city, Virginia",VA,2024,Portsmouth,97156.0,97190.0,False,412.0,2837.0,502.0,2.0,3751.0,3751.0,3859.45056075728,17.3,0.6153056593540129,13.7,42.1,6.6,60491.0,3.259594608498817,33.301,2918.530975045794,36.859339,-76.356973,0
5167000,1600000US5167000,Richmond city,Richmond city,"Richmond city, Virginia",VA,2022,Richmond,227323.0,227171.0,False,785.0,6253.0,765.0,37.0,7803.0,7803.0,3434.857442191125,19.5,0.625690387754942,21.3,56.8,6.1,59606.0,7.422162159782719,59.925,3790.921985815603,37.531399,-77.476009,0
5167000,1600000US5167000,Richmond city,Richmond city,"Richmond city, Virginia",VA,2023,Richmond,230789.0,227595.0,False,663.0,6691.0,1233.0,22.0,8587.0,8587.0,3772.929985280872,18.8,0.6452126609189714,20.4,56.5,6.0,62671.0,8.618379138381774,59.925,3797.997496871089,37.531399,-77.476009,0
5167000,1600000US5167000,Richmond city,Richmond city,"Richmond city, Virginia",VA,2024,Richmond,231805.0,229359.0,False,615.0,5533.0,1222.0,34.0,7370.0,7370.0,3213.3031622914295,18.2,0.650268410825731,18.4,56.5,5.7,64587.0,8.404291961510122,59.925,3827.4342928660826,37.531399,-77.476009,0
5168000,1600000US5168000,Roanoke city,Roanoke city,"Roanoke city, Virginia",VA,2022,Roanoke,98204.0,99213.0,False,508.0,3295.0,409.0,24.0,4212.0,4212.0,4245.411387620574,19.1,0.5853746460377196,14.3,47.9,6.6,51523.0,6.927519579087418,42.521,2333.2706192234423,37.278458,-79.958174,0
5168000,1600000US5168000,Roanoke city,Roanoke city,"Roanoke city, Virginia",VA,2023,Roanoke,96925.0,98677.0,False,444.0,3056.0,291.0,24.0,3791.0,3791.0,3841.8273761869536,19.7,0.6007081538609366,12.8,48.3,5.5,52671.0,7.490093942864092,42.521,2320.665083135392,37.278458,-79.958174,0
5168000,1600000US5168000,Roanoke city,Roanoke city,"Roanoke city, Virginia",VA,2024,Roanoke,97027.0,98355.0,False,376.0,3176.0,383.0,40.0,3935.0,3935.0,4000.8133801026893,18.3,0.607238569666996,11.7,47.6,5.6,55378.0,8.017894362259163,42.521,2313.092354366078,37.278458,-79.958174,0
5176432,1600000US5176432,Suffolk city,Suffolk city,"Suffolk city, Virginia",VA,2022,Suffolk,98065.0,94856.0,False,102.0,1487.0,168.0,11.0,1757.0,1757.0,1852.281352787383,9.4,0.6002059920299712,13.7,29.6,6.3,87758.0,3.851100615670068,399.167,237.63487462640953,36.697157,-76.634781,0
5176432,1600000US5176432,Suffolk city,Suffolk city,"Suffolk city, Virginia",VA,2023,Suffolk,100598.0,96638.0,False,111.0,1413.0,129.0,3.0,1653.0,1653.0,1710.507253875287,9.9,0.6064068425722058,12.4,29.6,5.3,90089.0,3.9984271197665517,399.167,242.0991715247002,36.697157,-76.634781,0
5176432,1600000US5176432,Suffolk city,Suffolk city,"Suffolk city, Virginia",VA,2024,Suffolk,103506.0,98796.0,False,90.0,1409.0,127.0,11.0,1626.0,1626.0,1645.8156200655897,9.4,0.6123804809263834,11.8,29.3,5.0,92666.0,4.449572857200696,399.167,247.505430058096,36.697157,-76.634781,0
5182000,1600000US5182000,Virginia Beach city,Virginia Beach city,"Virginia Beach city, Virginia",VA,2022,Virginia Beach,457556.0,457900.0,False,352.0,6216.0,801.0,24.0,7369.0,7369.0,1609.3033413409044,8.0,0.5918659311542229,16.3,35.4,4.3,87544.0,9.281502511465385,244.719,1871.1256584082153,36.779525,-76.029142,0
5182000,1600000US5182000,Virginia Beach city,Virginia Beach city,"Virginia Beach city, Virginia",VA,2023,Virginia Beach,453991.0,457066.0,False,393.0,6498.0,629.0,28.0,7520.0,7520.0,1645.2766121304144,8.4,0.5978522796606028,15.7,35.1,4.3,90685.0,9.073525486472413,244.719,1867.7176680192385,36.779525,-76.029142,0
5182000,1600000US5182000,Virginia Beach city,Virginia Beach city,"Virginia Beach city, Virginia",VA,2024,Virginia Beach,455155.0,456349.0,False,382.0,6585.0,497.0,42.0,7464.0,7464.0,1635.5903047886595,8.6,0.6037667191976852,15.1,34.9,4.0,92968.0,9.161190229407756,244.72,1864.7801569140242,36.779525,-76.029142,0
5303180,1600000US5303180,Auburn city,Auburn city,"Auburn city, Washington",WA,2022,Auburn,84279.0,85623.0,False,882.0,2186.0,1266.0,32.0,4334.0,4334.0,5061.724069467316,8.0,0.6882740340404454,14.1,39.5,4.7,87406.0,22.00576947782722,29.577,2894.9183487169084,47.303773,-122.21,0
5303180,1600000US5303180,Auburn city,Auburn city,"Auburn city, Washington",WA,2023,Auburn,83779.0,85455.0,False,846.0,2033.0,1534.0,16.0,4413.0,4413.0,5164.121467439003,7.6,0.6978185548643491,12.7,38.6,5.3,95367.0,23.40530103563279,29.577,2889.238259458363,47.303773,-122.21,0
5303180,1600000US5303180,Auburn city,Auburn city,"Auburn city, Washington",WA,2024,Auburn,82838.0,85676.0,False,439.0,1806.0,1042.0,18.0,3287.0,3287.0,3836.5469909893086,8.9,0.6994654905037128,11.4,39.4,6.0,97884.0,25.074700032681264,29.575,2896.9061707523247,47.303773,-122.21,0
5305210,1600000US5305210,Bellevue city,Bellevue city,"Bellevue city, Washington",WA,2022,Bellevue,147079.0,150606.0,False,786.0,4299.0,484.0,12.0,5569.0,5569.0,3697.727846168147,7.2,0.6407030343614912,19.4,48.3,4.0,149551.0,40.71484535808666,33.468,4499.999999999999,47.597837,-122.15648,0
5305210,1600000US5305210,Bellevue city,Bellevue city,"Bellevue city, Washington",WA,2023,Bellevue,153291.0,151199.0,False,608.0,3959.0,702.0,11.0,5269.0,5269.0,3484.811407482854,7.3,0.6428920815102879,18.9,48.1,4.0,161300.0,42.05583370260385,33.468,4517.718417592924,47.597837,-122.15648,0
5305210,1600000US5305210,Bellevue city,Bellevue city,"Bellevue city, Washington",WA,2024,Bellevue,151520.0,151847.0,False,549.0,3995.0,516.0,13.0,5060.0,5060.0,3332.3015930509,7.2,0.6480737611677962,18.6,48.0,4.2,165576.0,43.45426646558707,33.468,4537.080196008127,47.597837,-122.15648,0
5305280,1600000US5305280,Bellingham city,Bellingham city,"Bellingham city, Washington",WA,2022,Bellingham,93014.0,91353.0,False,801.0,4764.0,493.0,20.0,6058.0,6058.0,6631.418782087068,18.7,0.39485883304526603,25.4,54.4,4.8,64026.0,9.316607007980034,28.198,3239.697850911412,48.753442,-122.470179,0
5305280,1600000US5305280,Bellingham city,Bellingham city,"Bellingham city, Washington",WA,2023,Bellingham,94968.0,92367.0,False,646.0,3071.0,237.0,24.0,3954.0,3954.0,4280.749618370197,18.3,0.40158078593723434,23.9,54.8,5.6,65821.0,9.101735468294955,28.198,3275.6578480743315,48.753442,-122.470179,0
5305280,1600000US5305280,Bellingham city,Bellingham city,"Bellingham city, Washington",WA,2024,Bellingham,95717.0,93438.0,False,470.0,2980.0,146.0,8.0,3596.0,3596.0,3848.5412787088767,18.6,0.40231150826633877,23.4,55.4,5.6,66755.0,8.454804255228066,28.198,3313.6392651961132,48.753442,-122.470179,0
5308850,1600000US5308850,Burien city,Burien city,"Burien city, Washington",WA,2022,Burien,50159.0,51505.0,False,416.0,1037.0,610.0,17.0,2063.0,2063.0,4005.4363654014173,11.4,0.6817667727657107,14.8,43.3,4.8,84583.0,23.58800116493544,10.039,5130.491084769399,47.475605,-122.344661,0
5308850,1600000US5308850,Burien city,Burien city,"Burien city, Washington",WA,2023,Burien,50227.0,51331.0,False,318.0,859.0,741.0,19.0,1918.0,1918.0,3736.5334787944903,10.4,0.6858555121806942,13.3,43.1,5.5,90597.0,25.232315754612223,10.039,5113.15868114354,47.475605,-122.344661,0
5308850,1600000US5308850,Burien city,Burien city,"Burien city, Washington",WA,2024,Burien,50318.0,51513.0,False,290.0,882.0,536.0,17.0,1708.0,1708.0,3315.6678896589206,12.9,0.7004065978685038,12.4,43.4,7.0,91318.0,26.082736396637742,10.039,5131.287976890128,47.475605,-122.344661,0
5322640,1600000US5322640,Everett city,Everett city,"Everett city, Washington",WA,2022,Everett,110694.0,110847.0,False,738.0,3082.0,996.0,20.0,4816.0,4816.0,4344.727417070377,12.1,0.6060877017263068,16.0,51.5,5.8,77806.0,20.80525408896948,33.601,3298.9196750096726,47.965413,-122.189895,0
5322640,1600000US5322640,Everett city,Everett city,"Everett city, Washington",WA,2023,Everett,111566.0,111083.0,False,672.0,2731.0,1234.0,31.0,4637.0,4637.0,4174.35611209636,12.1,0.6183850777131124,15.2,50.0,5.4,81502.0,21.552352745244548,33.601,3305.9432754977533,47.965413,-122.189895,0
5322640,1600000US5322640,Everett city,Everett city,"Everett city, Washington",WA,2024,Everett,111276.0,111845.0,False,395.0,2293.0,894.0,18.0,3582.0,3582.0,3202.646519737136,12.9,0.6240364098913169,15.6,51.0,5.8,83512.0,22.142250435871073,33.601,3328.621171988929,47.965413,-122.189895,0
5323515,1600000US5323515,Federal Way city,Federal Way city,"Federal Way city, Washington",WA,2022,Federal Way,97094.0,99614.0,False,724.0,2904.0,1471.0,27.0,5099.0,5099.0,5118.758407452768,11.8,0.7631197089748702,15.0,44.6,5.5,80360.0,27.66980544903327,22.329,4461.193963007748,47.311596,-122.337757,0
5323515,1600000US5323515,Federal Way city,Federal Way city,"Federal Way city, Washington",WA,2023,Federal Way,96340.0,99232.0,False,599.0,2334.0,2279.0,30.0,5212.0,5212.0,5252.337955498227,12.7,0.7753962730204604,13.7,44.3,5.9,82144.0,29.08436794582393,22.329,4444.086165972502,47.311596,-122.337757,0
5323515,1600000US5323515,Federal Way city,Federal Way city,"Federal Way city, Washington",WA,2024,Federal Way,96631.0,99493.0,False,554.0,2566.0,1105.0,24.0,4225.0,4225.0,4246.529906626597,13.0,0.7752812578271632,14.5,44.7,5.4,86909.0,31.901741831083598,22.315,4458.570468294869,47.311596,-122.337757,0
5335275,1600000US5335275,Kennewick city,Kennewick city,"Kennewick city, Washington",WA,2022,Kennewick,85058.0,83823.0,False,505.0,2720.0,736.0,18.0,3961.0,3961.0,4725.433353614163,13.7,0.5233911536313678,13.5,37.1,4.5,70429.0,13.838683893442132,28.427,2948.710732754072,46.197622,-119.175923,0
5335275,1600000US5335275,Kennewick city,Kennewick city,"Kennewick city, Washington",WA,2023,Kennewick,85138.0,84389.0,False,363.0,2248.0,492.0,16.0,3103.0,3103.0,3677.0195167616635,13.9,0.5418065706186027,12.6,37.2,4.9,72867.0,14.074109184846368,28.504,2960.602020769015,46.197622,-119.175923,0
5335275,1600000US5335275,Kennewick city,Kennewick city,"Kennewick city, Washington",WA,2024,Kennewick,85553.0,85295.0,False,303.0,2084.0,574.0,3.0,2961.0,2961.0,3471.4813295034874,14.3,0.5498516565513547,12.1,38.7,5.1,73576.0,14.143853684272232,28.508,2991.9671671109863,46.197622,-119.175923,0
5335415,1600000US5335415,Kent city,Kent city,"Kent city, Washington",WA,2022,Kent,133066.0,135169.0,False,1545.0,3802.0,2009.0,24.0,7356.0,7356.0,5442.0762157003455,10.5,0.7551571952338451,15.8,44.2,7.6,86966.0,32.1671389149879,33.833,3995.182218544025,47.38797,-122.212727,0
5335415,1600000US5335415,Kent city,Kent city,"Kent city, Washington",WA,2023,Kent,133312.0,135015.0,False,1239.0,3173.0,2374.0,27.0,6786.0,6786.0,5026.108210198867,10.6,0.7578580198903369,15.4,43.1,7.3,90416.0,32.63192978557938,33.833,3990.63044956108,47.38797,-122.212727,0
5335415,1600000US5335415,Kent city,Kent city,"Kent city, Washington",WA,2024,Kent,132324.0,135603.0,False,914.0,2844.0,1232.0,34.0,4990.0,4990.0,3679.8595901270623,10.8,0.7603593306926777,15.8,42.8,7.0,92302.0,33.20944226897635,33.833,4008.0099311323265,47.38797,-122.212727,0
5335940,1600000US5335940,Kirkland city,Kirkland city,"Kirkland city, Washington",WA,2022,Kirkland,91464.0,92015.0,False,247.0,1678.0,236.0,4.0,2161.0,2161.0,2348.5301309569095,6.6,0.5157605421618043,15.7,37.9,4.7,135608.0,24.34820409715807,17.806,5167.640121307424,47.696658,-122.20417,0
5335940,1600000US5335940,Kirkland city,Kirkland city,"Kirkland city, Washington",WA,2023,Kirkland,91861.0,91614.0,False,216.0,1426.0,252.0,1.0,1894.0,1894.0,2067.369615997555,6.0,0.5333864090113688,15.4,38.1,4.6,143533.0,24.95906739144672,17.806,5145.119622599123,47.696658,-122.20417,0
5335940,1600000US5335940,Kirkland city,Kirkland city,"Kirkland city, Washington",WA,2024,Kirkland,90687.0,92621.0,False,202.0,1400.0,223.0,2.0,1825.0,1825.0,1970.395482665918,6.1,0.5627417829173939,15.5,39.2,4.6,150414.0,26.26078319171678,17.806,5201.673593170841,47.696658,-122.20417,0
5336745,1600000US5336745,Lacey city,Lacey city,"Lacey city, Washington",WA,2022,Lacey,55101.0,56263.0,False,257.0,1362.0,277.0,10.0,1896.0,1896.0,3369.887848141763,10.9,0.5719157774290944,17.9,42.1,5.4,79874.0,12.345591241135383,18.441,3050.9733745458493,47.043087,-122.798232,0
5336745,1600000US5336745,Lacey city,Lacey city,"Lacey city, Washington",WA,2023,Lacey,59545.0,57088.0,False,273.0,1237.0,230.0,7.0,1740.0,1740.0,3047.92600896861,11.0,0.5879926906469786,18.4,42.8,5.1,87277.0,12.403657511210762,18.565,3075.033665499596,47.043087,-122.798232,0
5336745,1600000US5336745,Lacey city,Lacey city,"Lacey city, Washington",WA,2024,Lacey,58872.0,57737.0,False,224.0,1109.0,120.0,4.0,1453.0,1453.0,2516.5838197343123,11.6,0.5683159156093469,17.9,44.1,4.9,90625.0,11.445000606197066,18.565,3109.9919202800966,47.043087,-122.798232,0
5338038,1600000US5338038,Lakewood city,Lakewood city,"Lakewood city, Washington",WA,2022,Lakewood,63044.0,63142.0,False,537.0,1749.0,996.0,17.0,3282.0,3282.0,5197.808115042286,12.7,0.7264472320589603,17.1,56.4,5.2,65531.0,15.409711444046753,17.06,3701.172332942556,47.164092,-122.528106,0
5338038,1600000US5338038,Lakewood city,Lakewood city,"Lakewood city, Washington",WA,2023,Lakewood,62059.0,63034.0,False,406.0,1448.0,1207.0,9.0,3061.0,3061.0,4856.109401275502,13.6,0.7299251219410843,17.6,55.2,5.5,70524.0,15.29174731097503,17.06,3694.841735052755,47.164092,-122.528106,0
5338038,1600000US5338038,Lakewood city,Lakewood city,"Lakewood city, Washington",WA,2024,Lakewood,61873.0,62937.0,False,316.0,1537.0,388.0,12.0,2241.0,2241.0,3560.7035607035605,13.2,0.7256896947681206,16.1,52.5,5.7,74720.0,15.262881929548596,17.06,3689.15592028136,47.164092,-122.528106,0
5343955,1600000US5343955,Marysville city,Marysville city,"Marysville city, Washington",WA,2022,Marysville,71395.0,70847.0,False,180.0,847.0,213.0,7.0,1240.0,1240.0,1750.250539895832,6.5,0.5087004243704898,13.0,29.3,4.2,98288.0,11.757731449461515,20.753,3413.819688719703,48.080214,-122.154312,0
5343955,1600000US5343955,Marysville city,Marysville city,"Marysville city, Washington",WA,2023,Marysville,72936.0,71570.0,False,192.0,935.0,291.0,5.0,1418.0,1418.0,1981.2770713986308,7.4,0.5356514951032696,12.2,30.2,3.8,100362.0,13.255554003073913,20.753,3448.658025345733,48.080214,-122.154312,0
5343955,1600000US5343955,Marysville city,Marysville city,"Marysville city, Washington",WA,2024,Marysville,73573.0,73002.0,False,163.0,1070.0,204.0,6.0,1437.0,1437.0,1968.4392208432644,8.1,0.5610763410516247,12.1,30.6,3.9,103974.0,15.521492561847621,20.753,3517.660097335325,48.080214,-122.154312,0
5351300,1600000US5351300,Olympia city,Olympia city,"Olympia city, Washington",WA,2022,Olympia,56214.0,55151.0,False,344.0,1661.0,358.0,12.0,2363.0,2363.0,4284.600460553752,13.3,0.468532785263056,21.1,51.7,6.9,73851.0,8.973545357291798,18.221,3026.7822841775974,47.040604,-122.895,0
5351300,1600000US5351300,Olympia city,Olympia city,"Olympia city, Washington",WA,2023,Olympia,55701.0,55583.0,False,297.0,1534.0,295.0,11.0,2126.0,2126.0,3824.9104942158574,14.8,0.4681344495861506,18.8,50.7,6.9,76930.0,8.20574636129752,18.221,3050.4911914823556,47.040604,-122.895,0
5351300,1600000US5351300,Olympia city,Olympia city,"Olympia city, Washington",WA,2024,Olympia,55775.0,55951.0,False,317.0,1392.0,207.0,8.0,1916.0,1916.0,3424.424943253919,14.0,0.47136332403666203,17.0,50.2,7.3,81302.0,8.401994602419975,18.221,3070.6876680752976,47.040604,-122.895,0
5353545,1600000US5353545,Pasco city,Pasco city,"Pasco city, Washington",WA,2022,Pasco,79899.0,77274.0,False,313.0,1414.0,528.0,17.0,2255.0,2255.0,2918.187229857391,13.1,0.5572191202930409,17.4,31.1,5.8,75316.0,22.030695965007634,34.174,2261.1927196114007,46.250289,-119.12907,0
5353545,1600000US5353545,Pasco city,Pasco city,"Pasco city, Washington",WA,2023,Pasco,80263.0,78446.0,False,294.0,1131.0,321.0,12.0,1746.0,1746.0,2225.7349004410676,12.6,0.5490038771512324,14.2,30.7,5.2,81130.0,21.627616449532162,38.963,2013.3459949182557,46.266113,-119.121426,0
5353545,1600000US5353545,Pasco city,Pasco city,"Pasco city, Washington",WA,2024,Pasco,80838.0,79575.0,False,239.0,1178.0,358.0,14.0,1775.0,1775.0,2230.6000628338043,12.6,0.5411851728408331,12.6,29.1,5.3,85586.0,20.76908576814326,38.963,2042.3222031157763,46.266113,-119.121426,0
5357535,1600000US5357535,Redmond city,Redmond city,"Redmond city, Washington",WA,2022,Redmond,79403.0,73728.0,False,265.0,2036.0,219.0,16.0,2520.0,2520.0,3417.96875,5.9,0.6240995776506117,20.4,53.4,3.7,155287.0,42.86838107638889,16.567,4450.29275064888,47.677924,-122.115336,0
5357535,1600000US5357535,Redmond city,Redmond city,"Redmond city, Washington",WA,2023,Redmond,78496.0,75721.0,False,277.0,1764.0,323.0,7.0,2364.0,2364.0,3121.987295466251,5.8,0.6219631424361952,19.4,54.8,4.1,162099.0,44.43549345624067,16.567,4570.592141003199,47.677924,-122.115336,0
5357535,1600000US5357535,Redmond city,Redmond city,"Redmond city, Washington",WA,2024,Redmond,82746.0,77353.0,False,283.0,1673.0,311.0,11.0,2267.0,2267.0,2930.7202047755095,5.6,0.6299312538496565,20.0,56.8,4.9,162560.0,45.31821648804829,16.57,4668.255884127942,47.677924,-122.115336,0
5357745,1600000US5357745,Renton city,Renton city,"Renton city, Washington",WA,2022,Renton,103619.0,105355.0,False,669.0,2773.0,1354.0,20.0,4796.0,4796.0,4552.228180912154,7.9,0.729464677145836,18.2,46.4,4.2,92292.0,28.362203977030042,23.54,4475.573491928632,47.47919,-122.194613,0
5357745,1600000US5357745,Renton city,Renton city,"Renton city, Washington",WA,2023,Renton,102742.0,105279.0,False,664.0,1924.0,1960.0,12.0,4548.0,4548.0,4319.949847547944,7.8,0.73347380656136,16.9,45.1,4.5,96626.0,28.106270006364042,23.54,4472.344944774852,47.47919,-122.194613,0
5357745,1600000US5357745,Renton city,Renton city,"Renton city, Washington",WA,2024,Renton,103762.0,105317.0,False,452.0,1805.0,1181.0,10.0,3438.0,3438.0,3264.4302439302296,8.1,0.7412809325839683,16.3,45.6,4.9,100432.0,28.48353067406022,23.54,4473.959218351742,47.47919,-122.194613,0
5358235,1600000US5358235,Richland city,Richland city,"Richland city, Washington",WA,2022,Richland,63081.0,60867.0,False,282.0,1742.0,317.0,5.0,2341.0,2341.0,3846.090656677674,7.5,0.4203457524005474,14.7,35.4,5.1,89283.0,8.866873675390606,39.375,1545.8285714285714,46.281588,-119.292247,0
5358235,1600000US5358235,Richland city,Richland city,"Richland city, Washington",WA,2023,Richland,63816.0,61912.0,False,247.0,1205.0,186.0,6.0,1638.0,1638.0,2645.6906577077143,9.3,0.4329180325321925,15.1,34.9,5.0,92550.0,7.8482362062281945,39.868,1552.9246513494531,46.284086,-119.294046,0
5358235,1600000US5358235,Richland city,Richland city,"Richland city, Washington",WA,2024,Richland,64736.0,62753.0,False,151.0,927.0,178.0,7.0,1256.0,1256.0,2001.4979363536404,9.0,0.450237805600305,15.1,35.6,5.6,95813.0,8.603572737558364,42.466,1477.723355154712,46.28698,-119.294045,0
5361115,1600000US5361115,Sammamish city,Sammamish city,"Sammamish city, Washington",WA,2022,Sammamish,65738.0,66586.0,False,102.0,460.0,41.0,0.0,603.0,603.0,905.5957708827682,4.1,0.5846439086317423,9.6,15.8,2.8,215047.0,35.116991559787344,20.427,3259.7052920154697,47.594268,-122.038081,0
5361115,1600000US5361115,Sammamish city,Sammamish city,"Sammamish city, Washington",WA,2023,Sammamish,65062.0,66375.0,False,117.0,273.0,32.0,4.0,422.0,422.0,635.7815442561205,4.4,0.6011484034742394,9.5,16.6,2.7,227273.0,36.10546139359699,20.427,3249.375826112498,47.594268,-122.038081,0
5361115,1600000US5361115,Sammamish city,Sammamish city,"Sammamish city, Washington",WA,2024,Sammamish,64358.0,66463.0,False,52.0,254.0,41.0,2.0,347.0,347.0,522.0950002256894,4.3,0.6128674085594525,9.4,17.4,3.1,239690.0,36.451860433624724,20.427,3253.6838498066286,47.594268,-122.038081,0
5363000,1600000US5363000,Seattle city,Seattle city,"Seattle city, Washington",WA,2022,Seattle,729691.0,734603.0,False,8765.0,26038.0,6942.0,180.0,41745.0,41745.0,5682.661246959242,10.1,0.5828040694705645,23.5,55.5,4.2,116068.0,19.84037636655445,84.0,8745.27380952381,47.619335,-122.351538,0
5363000,1600000US5363000,Seattle city,Seattle city,"Seattle city, Washington",WA,2023,Seattle,753786.0,741440.0,False,8490.0,20067.0,9224.0,147.0,37781.0,37781.0,5095.624730254639,9.9,0.5961321044693627,22.5,55.8,4.2,121984.0,19.94483707380233,84.0,8826.666666666666,47.619335,-122.351538,0
5363000,1600000US5363000,Seattle city,Seattle city,"Seattle city, Washington",WA,2024,Seattle,760058.0,754195.0,False,8756.0,21905.0,7400.0,153.0,38061.0,38061.0,5046.572835937655,9.9,0.6067896207898023,21.9,56.3,4.6,123860.0,20.15248045929766,84.0,8978.511904761905,47.619335,-122.351538,0
5363960,1600000US5363960,Shoreline city,Shoreline city,"Shoreline city, Washington",WA,2022,Shoreline,57147.0,58673.0,False,335.0,993.0,301.0,23.0,1629.0,1629.0,2776.4048199342114,8.2,0.5623170275285203,13.3,33.5,4.4,106184.0,22.129429209346718,11.635,5042.801890846584,47.756917,-122.345505,0
5363960,1600000US5363960,Shoreline city,Shoreline city,"Shoreline city, Washington",WA,2023,Shoreline,60149.0,59280.0,False,319.0,925.0,394.0,11.0,1638.0,1638.0,2763.157894736842,8.4,0.5644158210491713,12.9,32.7,4.4,113336.0,21.91970310391363,11.635,5094.972067039106,47.756917,-122.345505,0
5363960,1600000US5363960,Shoreline city,Shoreline city,"Shoreline city, Washington",WA,2024,Shoreline,62234.0,61431.0,False,303.0,942.0,331.0,6.0,1576.0,1576.0,2565.4799693965588,8.8,0.5820805251189913,11.7,33.7,4.6,112751.0,20.84452475134704,11.635,5279.845294370434,47.756917,-122.345505,0
5367000,1600000US5367000,Spokane city,Spokane city,"Spokane city, Washington",WA,2022,Spokane,229292.0,227922.0,False,1771.0,9579.0,1803.0,75.0,13153.0,13153.0,5770.833881766569,14.8,0.35660418167039487,19.1,42.5,6.2,63316.0,5.790577478260107,68.76,3314.746945898778,47.666935,-117.433322,0
5367000,1600000US5367000,Spokane city,Spokane city,"Spokane city, Washington",WA,2023,Spokane,230648.0,229228.0,False,1957.0,8914.0,1618.0,87.0,12489.0,12489.0,5448.287294745843,14.6,0.3719002707664196,18.2,41.7,6.0,65745.0,6.131886157013977,68.76,3333.740546829552,47.666935,-117.433322,0
5367000,1600000US5367000,Spokane city,Spokane city,"Spokane city, Washington",WA,2024,Spokane,229529.0,230293.0,False,1484.0,8421.0,1206.0,127.0,11111.0,11111.0,4824.723287290539,13.8,0.3848286191598772,16.8,41.2,5.7,70064.0,6.048816073436883,68.76,3349.229203025014,47.666935,-117.433322,0
5367167,1600000US5367167,Spokane Valley city,Spokane Valley city,"Spokane Valley city, Washington",WA,2022,Spokane Valley,108076.0,103761.0,False,593.0,3230.0,567.0,8.0,4390.0,4390.0,4230.876726322992,11.5,0.30136243131119667,18.9,42.3,5.8,66483.0,5.162826110002794,37.72,2750.8218451749735,47.663353,-117.23278,0
5367167,1600000US5367167,Spokane Valley city,Spokane Valley city,"Spokane Valley city, Washington",WA,2023,Spokane Valley,109278.0,105460.0,False,632.0,2643.0,468.0,14.0,3743.0,3743.0,3549.2129717428406,12.9,0.3070797640557048,17.8,42.5,5.9,70722.0,5.054048928503698,37.72,2795.864262990456,47.663353,-117.23278,0
5367167,1600000US5367167,Spokane Valley city,Spokane Valley city,"Spokane Valley city, Washington",WA,2024,Spokane Valley,109852.0,106365.0,False,663.0,2865.0,334.0,13.0,3862.0,3862.0,3630.893621021953,12.9,0.31053718947679043,17.2,41.8,5.2,74042.0,4.999764960278287,37.72,2819.8568398727466,47.663353,-117.23278,0
5370000,1600000US5370000,Tacoma city,Tacoma city,"Tacoma city, Washington",WA,2022,Tacoma,219027.0,219234.0,False,2381.0,10422.0,5901.0,243.0,18704.0,18704.0,8531.523395093825,12.1,0.63181684793599,18.3,43.2,5.4,79085.0,12.142733335157867,49.714,4409.904654624452,47.252199,-122.459832,0
5370000,1600000US5370000,Tacoma city,Tacoma city,"Tacoma city, Washington",WA,2023,Tacoma,222828.0,220482.0,False,1692.0,8187.0,6512.0,126.0,16391.0,16391.0,7434.166961475314,12.0,0.640455426034714,17.5,43.5,5.3,83857.0,12.201903103201168,49.714,4435.008247173834,47.252199,-122.459832,0
5370000,1600000US5370000,Tacoma city,Tacoma city,"Tacoma city, Washington",WA,2024,Tacoma,223980.0,222758.0,False,1500.0,7887.0,3164.0,109.0,12551.0,12551.0,5634.365544671796,12.4,0.6452697939999957,17.2,44.2,5.6,85884.0,12.565654207705224,49.722,4480.069184666747,47.252199,-122.459832,0
5374060,1600000US5374060,Vancouver city,Vancouver city,"Vancouver city, Washington",WA,2022,Vancouver,193273.0,190700.0,False,1351.0,6625.0,2801.0,53.0,10777.0,10777.0,5651.284740429995,12.3,0.5117590963549136,18.9,49.1,5.6,73626.0,13.871525957000525,48.748,3911.955362271273,45.637156,-122.596567,0
5374060,1600000US5374060,Vancouver city,Vancouver city,"Vancouver city, Washington",WA,2023,Vancouver,196159.0,192696.0,False,1394.0,5050.0,2364.0,48.0,8808.0,8808.0,4570.93037738199,11.1,0.53490861656925,17.0,50.1,5.6,78156.0,13.613152322829741,48.748,3952.900631820793,45.637156,-122.596567,0
5374060,1600000US5374060,Vancouver city,Vancouver city,"Vancouver city, Washington",WA,2024,Vancouver,198194.0,195300.0,False,930.0,4640.0,1183.0,33.0,6753.0,6753.0,3457.757296466974,10.2,0.5360344799144461,16.5,49.2,5.7,81338.0,12.75832053251408,48.802,4001.8851686406297,45.637156,-122.596567,0
5380010,1600000US5380010,Yakima city,Yakima city,"Yakima city, Washington",WA,2022,Yakima,96267.0,96764.0,False,545.0,1975.0,506.0,23.0,3026.0,3026.0,3127.1960646521434,19.1,0.5717653095858642,14.6,46.9,8.1,55734.0,17.205779008722253,27.805,3480.0935083618056,46.590938,-120.5494,0
5380010,1600000US5380010,Yakima city,Yakima city,"Yakima city, Washington",WA,2023,Yakima,96991.0,96810.0,False,386.0,1590.0,367.0,13.0,2343.0,2343.0,2420.2045243259995,17.0,0.5804356104661754,13.8,46.5,8.0,59228.0,17.408325586199773,27.86,3474.8743718592964,46.590938,-120.5494,0
5380010,1600000US5380010,Yakima city,Yakima city,"Yakima city, Washington",WA,2024,Yakima,96646.0,96961.0,False,343.0,1364.0,269.0,15.0,1976.0,1976.0,2037.9327770959458,16.6,0.5715222501923278,11.8,46.2,8.4,62815.0,16.6819649137282,28.085,3452.412319743635,46.590938,-120.5494,0
5502375,1600000US5502375,Appleton city,Appleton city,"Appleton city, Wisconsin",WI,2022,Appleton,74411.0,75133.0,False,115.0,949.0,51.0,4.0,1115.0,1115.0,1484.0349779723956,8.8,0.3382088690640864,12.8,33.6,3.9,75469.0,6.545725579971517,25.326,2966.635078575377,44.278873,-88.388284,0
5502375,1600000US5502375,Appleton city,Appleton city,"Appleton city, Wisconsin",WI,2023,Appleton,73921.0,74873.0,False,71.0,917.0,51.0,3.0,1039.0,1039.0,1387.6831434562525,8.5,0.35871071778286145,12.6,33.3,3.9,77450.0,7.182829591441507,25.329,2956.018792688223,44.278873,-88.388284,0
5502375,1600000US5502375,Appleton city,Appleton city,"Appleton city, Wisconsin",WI,2024,Appleton,74394.0,75023.0,False,114.0,841.0,47.0,2.0,1002.0,1002.0,1335.5904189381924,8.3,0.3568935932989167,12.1,32.9,3.5,80483.0,7.1804646575050315,25.422,2951.105341829911,44.278873,-88.388284,0
5522300,1600000US5522300,Eau Claire city,Eau Claire city,"Eau Claire city, Wisconsin",WI,2022,Eau Claire,69569.0,69098.0,False,217.0,1250.0,82.0,8.0,1549.0,1549.0,2241.743610524183,15.0,0.2431194098262336,23.2,43.5,3.6,63882.0,4.085501751136068,33.158,2083.9013209481873,44.81966,-91.494877,0
5522300,1600000US5522300,Eau Claire city,Eau Claire city,"Eau Claire city, Wisconsin",WI,2023,Eau Claire,69859.0,69274.0,False,102.0,1217.0,90.0,7.0,1409.0,1409.0,2033.9521321130583,14.2,0.2560768879405072,23.2,44.6,3.7,65369.0,3.6925830759014926,34.327,2018.061584175722,44.818343,-91.494769,0
5522300,1600000US5522300,Eau Claire city,Eau Claire city,"Eau Claire city, Wisconsin",WI,2024,Eau Claire,70891.0,70322.0,False,179.0,1101.0,71.0,3.0,1351.0,1351.0,1921.1626518017122,14.3,0.2635255964740826,22.0,45.6,3.4,67395.0,3.840903273513267,34.331,2048.352800675774,44.818343,-91.494769,0
5531000,1600000US5531000,Green Bay city,Green Bay city,"Green Bay city, Wisconsin",WI,2022,Green Bay,106916.0,106846.0,False,251.0,1419.0,174.0,8.0,1844.0,1844.0,1725.848417348333,16.1,0.5198919589169683,15.5,43.8,4.1,59174.0,8.910020028826535,45.479,2349.3480507486975,44.521542,-87.986568,0
5531000,1600000US5531000,Green Bay city,Green Bay city,"Green Bay city, Wisconsin",WI,2023,Green Bay,105521.0,106585.0,False,227.0,1086.0,300.0,10.0,1613.0,1613.0,1513.3461556504199,16.5,0.5322818060055299,15.3,44.1,4.3,62546.0,8.83989304311113,45.479,2343.6091382836034,44.521542,-87.986568,0
5531000,1600000US5531000,Green Bay city,Green Bay city,"Green Bay city, Wisconsin",WI,2024,Green Bay,105240.0,106253.0,False,114.0,1000.0,267.0,3.0,1381.0,1381.0,1299.728007679783,14.7,0.5480498779478242,14.9,42.1,3.7,66206.0,8.959747018907702,45.479,2336.309065722641,44.521542,-87.986568,0
5537825,1600000US5537825,Janesville city,Janesville city,"Janesville city, Wisconsin",WI,2022,Janesville,66242.0,65669.0,False,112.0,1086.0,101.0,9.0,1299.0,1299.0,1978.1023009334695,9.9,0.25161796571211026,11.5,33.6,4.1,68610.0,3.485662945986691,34.186,1920.9325454864565,42.684698,-89.01317,0
5537825,1600000US5537825,Janesville city,Janesville city,"Janesville city, Wisconsin",WI,2023,Janesville,66033.0,65813.0,False,80.0,1044.0,61.0,7.0,1185.0,1185.0,1800.5561211310837,9.6,0.2660883687904164,10.4,33.5,4.6,71664.0,3.555528542993026,34.424,1911.8347664420173,42.684698,-89.01317,0
5537825,1600000US5537825,Janesville city,Janesville city,"Janesville city, Wisconsin",WI,2024,Janesville,66247.0,66030.0,False,77.0,1094.0,49.0,4.0,1220.0,1220.0,1847.6450098440102,9.0,0.28952172759163974,9.3,32.7,4.1,73446.0,3.8391640163562015,34.642,1906.0677789965935,42.684698,-89.01317,0
5539225,1600000US5539225,Kenosha city,Kenosha city,"Kenosha city, Wisconsin",WI,2022,Kenosha,98841.0,99493.0,False,117.0,837.0,124.0,10.0,1078.0,1078.0,1083.4933110872123,14.6,0.5402669348114555,15.1,41.3,5.4,64963.0,8.832782205783321,28.641,3473.7963059949025,42.587526,-87.879996,0
5539225,1600000US5539225,Kenosha city,Kenosha city,"Kenosha city, Wisconsin",WI,2023,Kenosha,97786.0,99147.0,False,117.0,768.0,96.0,6.0,981.0,981.0,989.4399225392599,13.8,0.5508601342104916,13.6,40.7,4.9,68532.0,9.057258414273756,28.643,3461.4740076109347,42.587526,-87.879996,0
5539225,1600000US5539225,Kenosha city,Kenosha city,"Kenosha city, Wisconsin",WI,2024,Kenosha,97652.0,99372.0,False,88.0,684.0,74.0,8.0,846.0,846.0,851.3464557420601,13.7,0.5473954030636148,13.1,41.3,4.5,71239.0,8.98341585154772,29.066,3418.839881648662,42.587526,-87.879996,0
5540775,1600000US5540775,La Crosse city,La Crosse city,"La Crosse city, Wisconsin",WI,2022,La Crosse,51727.0,52043.0,False,114.0,1394.0,93.0,5.0,1601.0,1601.0,3076.3022884922084,21.0,0.21597810893244473,26.2,53.7,3.5,51836.0,2.5997732644159637,21.708,2397.4110926847247,43.824685,-91.224616,0
5540775,1600000US5540775,La Crosse city,La Crosse city,"La Crosse city, Wisconsin",WI,2023,La Crosse,50759.0,51791.0,False,97.0,1250.0,55.0,12.0,1402.0,1402.0,2707.0340406634355,21.6,0.2349162053493743,25.2,53.9,3.5,53803.0,2.8634318704021933,21.711,2385.4728018055366,43.824685,-91.224616,0
5540775,1600000US5540775,La Crosse city,La Crosse city,"La Crosse city, Wisconsin",WI,2024,La Crosse,50893.0,51356.0,False,142.0,1664.0,83.0,3.0,1889.0,1889.0,3678.2459693122514,21.4,0.24557851796107089,26.0,53.9,3.7,55866.0,2.6579172832775138,21.709,2365.6547975494036,43.824685,-91.224616,0
5548000,1600000US5548000,Madison city,Madison city,"Madison city, Wisconsin",WI,2022,Madison,269546.0,268516.0,False,921.0,4866.0,672.0,21.0,6459.0,6459.0,2405.443251053941,16.9,0.4680865622646937,25.5,53.0,2.6,74895.0,11.338244275946312,81.743,3284.880662564379,43.087815,-89.429856,0
5548000,1600000US5548000,Madison city,Madison city,"Madison city, Wisconsin",WI,2023,Madison,274234.0,275568.0,False,769.0,5098.0,536.0,8.0,6403.0,6403.0,2323.5644196713697,16.2,0.48317713091916903,25.4,53.4,2.7,76983.0,11.572461243685769,83.088,3316.580011554015,43.087815,-89.429856,0
5548000,1600000US5548000,Madison city,Madison city,"Madison city, Wisconsin",WI,2024,Madison,282045.0,278001.0,False,447.0,4500.0,313.0,8.0,5260.0,5260.0,1892.0795248937955,16.4,0.4930463704741599,25.5,54.0,2.7,78050.0,11.565066312711107,83.617,3324.6947391080757,43.087815,-89.429856,0
5553000,1600000US5553000,Milwaukee city,Milwaukee city,"Milwaukee city, Wisconsin",WI,2022,Milwaukee,561743.0,573299.0,False,2232.0,8027.0,9443.0,249.0,19702.0,19702.0,3436.601145301143,23.9,0.7019895902596719,14.9,58.8,5.9,49733.0,10.348701114078343,96.173,5961.122144468822,43.063348,-87.966695,0
5553000,1600000US5553000,Milwaukee city,Milwaukee city,"Milwaukee city, Wisconsin",WI,2023,Milwaukee,558698.0,569756.0,False,2336.0,7144.0,5596.0,186.0,15076.0,15076.0,2646.0449736378378,23.3,0.7045565903252808,14.2,58.5,5.9,51888.0,10.787249278638575,96.173,5924.282282969232,43.063348,-87.966695,0
5553000,1600000US5553000,Milwaukee city,Milwaukee city,"Milwaukee city, Wisconsin",WI,2024,Milwaukee,560416.0,566973.0,False,2175.0,7034.0,5926.0,183.0,15135.0,15135.0,2669.4392854686203,22.8,0.7083624355628213,14.3,58.2,6.2,54234.0,11.106348979581037,96.173,5895.344847306416,43.063348,-87.966695,0
5560500,1600000US5560500,Oshkosh city,Oshkosh city,"Oshkosh city, Wisconsin",WI,2022,Oshkosh,66521.0,66373.0,False,147.0,862.0,71.0,2.0,1080.0,1080.0,1627.1676736022175,16.1,0.29691985533520737,20.7,44.5,2.9,59186.0,3.8735630452141687,27.067,2452.1742343074593,44.023168,-88.56226,0
5560500,1600000US5560500,Oshkosh city,Oshkosh city,"Oshkosh city, Wisconsin",WI,2023,Oshkosh,65548.0,66247.0,False,99.0,900.0,72.0,3.0,1071.0,1071.0,1616.6769815991668,15.9,0.3112720932672125,19.7,45.6,2.6,61929.0,3.5775204914939547,27.071,2447.157474788519,44.023168,-88.56226,0
5560500,1600000US5560500,Oshkosh city,Oshkosh city,"Oshkosh city, Wisconsin",WI,2024,Oshkosh,65994.0,66729.0,False,101.0,807.0,50.0,1.0,958.0,958.0,1435.657660087818,17.5,0.32668403745460717,18.4,45.0,2.8,62188.0,3.7539900193319244,27.545,2422.5449264839353,44.023168,-88.56226,0
5566000,1600000US5566000,Racine city,Racine city,"Racine city, Wisconsin",WI,2022,Racine,76679.0,77453.0,False,339.0,647.0,168.0,7.0,1154.0,1154.0,1489.935832052987,19.2,0.6464169622701468,16.2,42.1,6.0,52766.0,6.245077660000258,15.475,5005.040387722132,42.725569,-87.814224,0
5566000,1600000US5566000,Racine city,Racine city,"Racine city, Wisconsin",WI,2023,Racine,75858.0,77155.0,False,159.0,425.0,149.0,4.0,733.0,733.0,950.0356425377487,18.0,0.6457317479291091,14.2,39.9,5.8,55705.0,5.310090078413583,15.472,4986.750258531541,42.725569,-87.814224,0
5566000,1600000US5566000,Racine city,Racine city,"Racine city, Wisconsin",WI,2024,Racine,76243.0,77633.0,False,153.0,551.0,144.0,4.0,848.0,848.0,1092.3189880592015,18.2,0.6569211156583705,13.1,39.8,6.1,57740.0,5.926603377429701,15.472,5017.644777662875,42.725569,-87.814224,0
5584250,1600000US5584250,Waukesha city,Waukesha city,"Waukesha city, Wisconsin",WI,2022,Waukesha,71147.0,70945.0,False,50.0,473.0,41.0,1.0,564.0,564.0,794.9820283318063,10.2,0.36391408771770684,16.7,41.3,2.9,77558.0,7.287335259708224,25.523,2779.6497276965874,43.009084,-88.245062,0
5584250,1600000US5584250,Waukesha city,Waukesha city,"Waukesha city, Wisconsin",WI,2023,Waukesha,70095.0,70779.0,False,45.0,565.0,49.0,0.0,659.0,659.0,931.0671244295625,10.3,0.369995739203688,14.9,40.7,2.9,81651.0,6.800039559756425,25.523,2773.1457900717,43.009084,-88.245062,0
5584250,1600000US5584250,Waukesha city,Waukesha city,"Waukesha city, Wisconsin",WI,2024,Waukesha,70202.0,71233.0,False,36.0,539.0,39.0,0.0,614.0,614.0,861.9600466076117,9.8,0.3706917674463218,14.0,41.2,2.7,83837.0,7.1750452739601025,25.523,2790.9336676722955,43.009084,-88.245062,0
5585300,1600000US5585300,West Allis city,West Allis city,"West Allis city, Wisconsin",WI,2022,West Allis,58681.0,59907.0,False,127.0,1122.0,281.0,3.0,1530.0,1530.0,2553.9586358856227,10.2,0.4618000306203496,13.9,47.2,3.9,64888.0,5.203064750363063,11.381,5263.772954924874,43.007186,-88.028986,0
5585300,1600000US5585300,West Allis city,West Allis city,"West Allis city, Wisconsin",WI,2023,West Allis,58505.0,59588.0,False,125.0,1024.0,226.0,4.0,1375.0,1375.0,2307.5115795126535,10.5,0.4811082293397997,13.2,45.2,3.9,69685.0,5.48432570316171,11.381,5235.743783498814,43.007186,-88.028986,0
5585300,1600000US5585300,West Allis city,West Allis city,"West Allis city, Wisconsin",WI,2024,West Allis,58862.0,59612.0,False,112.0,870.0,182.0,6.0,1164.0,1164.0,1952.6269878547946,11.5,0.4779658356722598,10.9,44.5,4.1,67611.0,5.997114674897672,11.381,5237.852561286354,43.007186,-88.028986,0
5613150,1600000US5613150,Casper city,Casper city,"Casper city, Wyoming",WY,2023,Casper,58169.0,58754.0,False,165.0,1192.0,150.0,5.0,1507.0,1507.0,2564.9317493277053,11.2,0.2564512894640417,14.9,29.7,3.9,69171.0,2.153044899070702,26.753,2196.1649160841775,42.84212,-106.321282,0
5613150,1600000US5613150,Casper city,Casper city,"Casper city, Wyoming",WY,2024,Casper,58526.0,58839.0,False,145.0,986.0,105.0,5.0,1236.0,1236.0,2100.647529699689,10.8,0.26668426398286116,14.5,30.2,4.1,70218.0,2.107445741769914,26.753,2199.342129854596,42.84212,-106.321282,0
5613900,1600000US5613900,Cheyenne city,Cheyenne city,"Cheyenne city, Wyoming",WY,2022,Cheyenne,64941.0,64795.0,False,272.0,1821.0,268.0,9.0,2361.0,2361.0,3643.7996759009184,8.5,0.39633115680758746,18.2,30.8,3.4,74989.0,3.134501118913496,34.082,1901.1501672437064,41.132478,-104.792425,0
5613900,1600000US5613900,Cheyenne city,Cheyenne city,"Cheyenne city, Wyoming",WY,2023,Cheyenne,64307.0,64976.0,False,298.0,1878.0,206.0,10.0,2382.0,2382.0,3665.9689731593203,9.3,0.40914047967613576,17.3,32.3,3.1,77176.0,2.9303127308544696,36.336,1788.1990312637606,41.12727,-104.79022,0
5613900,1600000US5613900,Cheyenne city,Cheyenne city,"Cheyenne city, Wyoming",WY,2024,Cheyenne,65143.0,65239.0,False,256.0,1540.0,151.0,3.0,1947.0,1947.0,2984.41116510063,8.7,0.42213461884988657,17.2,32.9,3.7,78839.0,2.9016385904137096,36.474,1788.643965564512,41.128702,-104.790778,0
