geoid,year,place,state_abbr,census_division,split,acs_population,property_crime_rate,r_hat,tier
103076,2022,Auburn city,AL,East South Central,train,76660.0,1222.2801982781111,3313.29395609328,high
103076,2023,Auburn city,AL,East South Central,train,78738.0,1172.2421194340725,3398.940459389609,high
103076,2024,Auburn city,AL,East South Central,train,80594.0,1017.4454674045217,3322.3624046025107,high
107000,2022,Birmingham city,AL,East South Central,train,200431.0,4060.749085720273,3297.7693954146566,high
107000,2023,Birmingham city,AL,East South Central,train,199322.0,4470.655522220327,3244.1010460696107,high
107000,2024,Birmingham city,AL,East South Central,train,198173.0,3975.3144979386702,3189.148140040788,high
120104,2022,Decatur city,AL,East South Central,train,57525.0,2609.3003042155583,2432.4123996052695,low
120104,2023,Decatur city,AL,East South Central,train,57760.0,2423.8227146814406,2368.6744643978764,low
120104,2024,Decatur city,AL,East South Central,train,57361.0,2355.2587995327835,2406.1044914750646,low
121184,2022,Dothan city,AL,East South Central,train,70699.0,3799.205080694211,2731.32549132003,mid
121184,2023,Dothan city,AL,East South Central,train,71118.0,3397.1708990691527,2809.6091251879475,mid
121184,2024,Dothan city,AL,East South Central,train,71514.0,2757.5020275750203,2809.7740970423843,mid
135896,2022,Hoover city,AL,East South Central,train,91995.0,1568.5635088863523,1811.4997938742547,low
135896,2023,Hoover city,AL,East South Central,train,92401.0,1420.9802924210776,1789.7830089165927,low
135896,2024,Hoover city,AL,East South Central,train,92642.0,1253.2112864575463,1730.1564111369603,low
137000,2022,Huntsville city,AL,East South Central,train,215025.0,1533.3100802232298,2636.505465231372,low
137000,2023,Huntsville city,AL,East South Central,train,218814.0,723.9024925279003,2597.750718708464,low
137000,2024,Huntsville city,AL,East South Central,train,222791.0,2451.6250656444827,2482.5551812347007,low
145784,2023,Madison city,AL,East South Central,train,58335.0,968.5437558926888,1715.1629222423198,low
145784,2024,Madison city,AL,East South Central,train,60106.0,1370.9113898778824,1777.2891831257452,low
150000,2022,Mobile city,AL,East South Central,train,186316.0,3870.30636123575,2935.404915687345,mid
150000,2023,Mobile city,AL,East South Central,train,185097.0,3191.299696915671,2806.5211097922197,mid
150000,2024,Mobile city,AL,East South Central,train,203416.0,1951.665552365596,2781.8544928433666,mid
151000,2024,Montgomery city,AL,East South Central,train,197494.0,2192.4716700254185,3035.7673345389426,mid
177256,2022,Tuscaloosa city,AL,East South Central,train,105797.0,2759.0574401920658,3346.6875061972396,high
177256,2023,Tuscaloosa city,AL,East South Central,train,107699.0,3108.663961596672,3426.4360846090767,high
177256,2024,Tuscaloosa city,AL,East South Central,train,111038.0,2799.942362074245,3563.302246773189,high
203000,2022,Anchorage municipality,AK,Pacific,train,290674.0,2717.821339369878,2355.848586066848,low
203000,2023,Anchorage municipality,AK,Pacific,train,289069.0,2851.222372513137,2331.350142470276,low
203000,2024,Anchorage municipality,AK,Pacific,train,288976.0,2746.594872930624,2314.4882367937594,low
404720,2022,Avondale city,AZ,Mountain,train,89214.0,3237.160086981864,2351.7216188220177,low
404720,2023,Avondale city,AZ,Mountain,train,90644.0,2524.1604518776758,2335.5363448551648,low
404720,2024,Avondale city,AZ,Mountain,train,92477.0,2300.0313591487616,2316.6232547991503,low
407940,2022,Buckeye city,AZ,Mountain,train,95042.0,1200.5218745396771,2069.8433224036594,low
407940,2023,Buckeye city,AZ,Mountain,train,99844.0,934.4577540963904,2001.8617657397215,low
407940,2024,Buckeye city,AZ,Mountain,train,104923.0,841.569531942472,2077.0185819508897,low
410530,2022,Casa Grande city,AZ,Mountain,train,55186.0,2962.7079331714567,2694.3712105947743,low
410530,2023,Casa Grande city,AZ,Mountain,train,57590.0,2279.909706546276,2648.1805879470517,low
410530,2024,Casa Grande city,AZ,Mountain,train,60905.0,1689.5164600607502,2602.5162267235055,low
412000,2022,Chandler city,AZ,Mountain,train,275618.0,1845.3076359308895,2157.0997533279688,low
412000,2023,Chandler city,AZ,Mountain,train,278123.0,1466.6172880344309,2139.4276371901447,low
412000,2024,Chandler city,AZ,Mountain,train,280136.0,1509.6238969643316,2148.438248762554,low
423620,2023,Flagstaff city,AZ,Mountain,train,76333.0,2161.5814916222344,3245.2028520171693,high
423620,2024,Flagstaff city,AZ,Mountain,train,76445.0,2231.669827980901,3163.5850911801235,high
427400,2022,Gilbert town,AZ,Mountain,train,267267.0,1054.3763352752117,1846.0794045932516,low
427400,2023,Gilbert town,AZ,Mountain,train,271118.0,960.46739795956,1817.5394092924007,low
427400,2024,Gilbert town,AZ,Mountain,train,280262.0,958.7457450528436,1833.4701091586792,low
427820,2022,Glendale city,AZ,Mountain,train,248083.0,3271.082661851074,2795.307685220082,mid
427820,2023,Glendale city,AZ,Mountain,train,250193.0,2924.1425619421807,2706.111629163459,mid
427820,2024,Glendale city,AZ,Mountain,train,252833.0,2699.014764686572,2607.9592822620475,low
428380,2022,Goodyear city,AZ,Mountain,train,97542.0,2045.2728055606813,1950.5610589266137,low
428380,2023,Goodyear city,AZ,Mountain,train,102891.0,1751.3679524934153,1963.223309455454,low
428380,2024,Goodyear city,AZ,Mountain,train,107645.0,1588.5549723628594,1908.2754037088198,low
439370,2022,Lake Havasu City city,AZ,Mountain,train,57294.0,1403.288302440046,2116.1786225292126,low
439370,2023,Lake Havasu City city,AZ,Mountain,train,58037.0,1268.1565208401537,2216.0081943119103,low
439370,2024,Lake Havasu City city,AZ,Mountain,train,58359.0,1430.7990198598332,2213.296803184497,low
444270,2022,Marana town,AZ,Mountain,train,52542.0,2424.72688515854,1803.8621055217714,low
444270,2023,Marana town,AZ,Mountain,train,54487.0,1903.2062693853584,1825.1179021930554,low
444270,2024,Marana town,AZ,Mountain,train,56938.0,1434.8940953317644,1821.8845062795176,low
444410,2022,Maricopa city,AZ,Mountain,train,59605.0,850.5997818974919,2201.4830038382906,low
444410,2023,Maricopa city,AZ,Mountain,train,62986.0,871.6222652652971,2169.4091536703954,low
444410,2024,Maricopa city,AZ,Mountain,train,67163.0,978.2171731459288,2197.0064649185297,low
446000,2022,Mesa city,AZ,Mountain,train,503390.0,1803.9690895726967,2347.188753113786,low
446000,2023,Mesa city,AZ,Mountain,train,507478.0,1652.2883750625645,2274.3606448619685,low
446000,2024,Mesa city,AZ,Mountain,train,511764.0,1469.81811928936,2253.6645699330306,low
454050,2022,Peoria city,AZ,Mountain,train,191292.0,1429.2286138468935,2054.9126431186664,low
454050,2023,Peoria city,AZ,Mountain,train,194338.0,1336.3315460692197,1998.489419231496,low
454050,2024,Peoria city,AZ,Mountain,train,196906.0,1230.5363980782708,2003.8045667067727,low
455000,2022,Phoenix city,AZ,Mountain,train,1609456.0,2953.171754928373,2636.447305993029,low
455000,2023,Phoenix city,AZ,Mountain,train,1624832.0,2538.662458641878,2622.340812389076,low
455000,2024,Phoenix city,AZ,Mountain,train,1642323.0,2354.3480789101777,2582.0252652173626,low
458150,2022,Queen Creek town,AZ,Mountain,train,61788.0,1160.4194989318314,1637.6529723294514,low
458150,2023,Queen Creek town,AZ,Mountain,train,66369.0,974.8527173831156,1570.7388755379243,low
458150,2024,Queen Creek town,AZ,Mountain,train,71867.0,944.8008126121864,1589.9373321299013,low
465000,2023,Scottsdale city,AZ,Mountain,train,242169.0,2222.4149251142794,1781.0590866581942,low
465000,2024,Scottsdale city,AZ,Mountain,train,243821.0,1886.2198087941565,1826.7270886140213,low
471510,2022,Surprise city,AZ,Mountain,train,145591.0,1485.668756997342,1946.4372918553522,low
471510,2023,Surprise city,AZ,Mountain,train,149519.0,1331.603341381363,2018.017932366163,low
471510,2024,Surprise city,AZ,Mountain,train,154948.0,922.2448821540128,2049.892309057388,low
473000,2022,Tempe city,AZ,Mountain,train,181005.0,4489.378746443468,3031.936813999508,mid
473000,2023,Tempe city,AZ,Mountain,train,186419.0,3602.6370702557138,3005.63635001531,mid
473000,2024,Tempe city,AZ,Mountain,train,188065.0,2944.726557307314,2980.2856687532667,mid
477000,2024,Tucson city,AZ,Mountain,train,547073.0,3323.505272605301,3010.8174058178265,mid
485540,2022,Yuma city,AZ,Mountain,train,96314.0,1720.4144776460328,2640.1984516145844,low
485540,2023,Yuma city,AZ,Mountain,train,98461.0,1481.804978620977,2579.3051380467878,low
485540,2024,Yuma city,AZ,Mountain,train,100139.0,1270.2343742198343,2552.8805083395914,low
505320,2022,Bentonville city,AR,West South Central,train,54513.0,1258.415423843854,2021.4895743024942,low
505320,2023,Bentonville city,AR,West South Central,train,56326.0,1155.7717572701772,2064.9298415542307,low
505320,2024,Bentonville city,AR,West South Central,train,58249.0,868.6844409346083,2043.8936288339203,low
515190,2022,Conway city,AR,West South Central,train,65159.0,2900.597001181725,2724.945628119912,mid
515190,2023,Conway city,AR,West South Central,train,66288.0,2585.6867004586047,2664.557675880573,low
515190,2024,Conway city,AR,West South Central,train,67642.0,2161.379024866208,2610.716108267833,low
523290,2022,Fayetteville city,AR,West South Central,train,95022.0,4093.788806802636,3001.260248581845,mid
523290,2023,Fayetteville city,AR,West South Central,train,97227.0,3370.4629372499408,3065.7939116801904,mid
523290,2024,Fayetteville city,AR,West South Central,train,99319.0,2484.922321006051,3018.320747666943,mid
524550,2022,Fort Smith city,AR,West South Central,train,89315.0,4982.365784022841,2943.132556272477,mid
524550,2023,Fort Smith city,AR,West South Central,train,89496.0,4210.244033252883,2873.0766847026694,mid
524550,2024,Fort Smith city,AR,West South Central,train,89805.0,3691.331217638217,2882.2248670790595,mid
535710,2022,Jonesboro city,AR,West South Central,train,78379.0,3387.386927620919,3177.0058719685485,high
535710,2023,Jonesboro city,AR,West South Central,train,79187.0,3356.6115650296138,3167.1449819669733,high
535710,2024,Jonesboro city,AR,West South Central,train,80137.0,3087.213147484932,3174.5965057603235,high
541000,2022,Little Rock city,AR,West South Central,train,202218.0,5329.891503229188,2723.384608363838,mid
541000,2023,Little Rock city,AR,West South Central,train,202739.0,5434.080270692862,2732.6670405975483,mid
541000,2024,Little Rock city,AR,West South Central,train,203436.0,5235.061641007492,2827.8877835391722,mid
550450,2022,North Little Rock city,AR,West South Central,train,64454.0,4576.907561982189,3060.5252968973623,mid
550450,2023,North Little Rock city,AR,West South Central,train,64504.0,4112.923229567158,3027.9475886099044,mid
550450,2024,North Little Rock city,AR,West South Central,train,64538.0,4309.089218754842,3001.0802610568803,mid
560410,2022,Rogers city,AR,West South Central,train,69961.0,2199.797029773731,2237.3417844673845,low
560410,2023,Rogers city,AR,West South Central,train,71411.0,1652.4064919970313,2259.234493087333,low
560410,2024,Rogers city,AR,West South Central,train,72981.0,1315.410860360916,2275.4558735536066,low
566080,2022,Springdale city,AR,West South Central,train,86705.0,2644.5995040655093,2624.491495772804,low
566080,2023,Springdale city,AR,West South Central,train,87388.0,2768.1146152789856,2527.6836825549644,low
566080,2024,Springdale city,AR,West South Central,train,88160.0,1996.370235934664,2491.2518858341728,low
600562,2022,Alameda city,CA,Pacific,train,77565.0,4125.572100818668,2178.449154912436,low
600562,2023,Alameda city,CA,Pacific,train,76876.0,5534.887351058848,2177.0811509000114,low
600562,2024,Alameda city,CA,Pacific,train,77238.0,4737.305471400087,2179.708132930592,low
600884,2022,Alhambra city,CA,Pacific,train,82295.0,2483.747493772404,2325.525615591962,low
600884,2023,Alhambra city,CA,Pacific,train,81483.0,2456.95421130788,2315.889756661427,low
600884,2024,Alhambra city,CA,Pacific,train,81022.0,2384.537533015724,2338.155005344272,low
600947,2022,Aliso Viejo city,CA,Pacific,train,51896.0,676.3527054108216,1901.227569780033,low
600947,2023,Aliso Viejo city,CA,Pacific,train,51320.0,701.4809041309431,1914.178483011045,low
600947,2024,Aliso Viejo city,CA,Pacific,train,51113.0,843.2297067282296,1907.0193671414015,low
602000,2022,Anaheim city,CA,Pacific,train,347111.0,2750.705105859509,2401.1942737414133,low
602000,2023,Anaheim city,CA,Pacific,train,344553.0,2445.487341570092,2397.1971318763026,low
602000,2024,Anaheim city,CA,Pacific,train,344521.0,2094.7924799939624,2379.1903258219913,low
602252,2022,Antioch city,CA,Pacific,train,115016.0,2197.9550671210964,2533.824317549063,low
602252,2023,Antioch city,CA,Pacific,train,115759.0,2965.6441399804767,2452.6332944342503,low
602252,2024,Antioch city,CA,Pacific,train,116477.0,3226.3880422744405,2469.6171386695396,low
602364,2022,Apple Valley town,CA,Pacific,train,75603.0,1505.2312738912476,2703.9610946693365,mid
602364,2024,Apple Valley town,CA,Pacific,train,75473.0,1587.3226186848276,2663.9867766507027,low
602462,2022,Arcadia city,CA,Pacific,train,56181.0,2942.275858386287,2094.5539619310443,low
602462,2023,Arcadia city,CA,Pacific,train,55550.0,2964.896489648965,1982.9125874700237,low
602462,2024,Arcadia city,CA,Pacific,train,55170.0,2729.744426318652,2056.1821660691353,low
603526,2022,Bakersfield city,CA,Pacific,train,404321.0,4046.5372810217614,2659.3859323082897,low
603526,2023,Bakersfield city,CA,Pacific,train,408366.0,3369.7712346277604,2612.969569333766,low
603526,2024,Bakersfield city,CA,Pacific,train,411986.0,2494.502240367391,2617.9732134021424,low
603666,2022,Baldwin Park city,CA,Pacific,train,71692.0,1537.131060648329,2067.91272251947,low
603666,2023,Baldwin Park city,CA,Pacific,train,70720.0,1696.8325791855202,2023.4264513729897,low
603666,2024,Baldwin Park city,CA,Pacific,train,70138.0,1381.562063360803,2041.465712694126,low
604758,2022,Beaumont city,CA,Pacific,train,53544.0,1314.806514268639,2140.865888292223,low
604758,2023,Beaumont city,CA,Pacific,train,54817.0,1183.939288906726,2208.1306336365883,low
604758,2024,Beaumont city,CA,Pacific,train,56266.0,1091.245156933139,2224.711754082335,low
604982,2022,Bellflower city,CA,Pacific,train,78352.0,2414.7437206452933,2417.001656020364,low
604982,2023,Bellflower city,CA,Pacific,train,77396.0,2113.804330973177,2321.595246697782,low
604982,2024,Bellflower city,CA,Pacific,train,76819.0,2086.7233366745204,2333.8774416968367,low
606000,2022,Berkeley city,CA,Pacific,train,121385.0,5340.857601845369,3112.065202160433,high
606000,2023,Berkeley city,CA,Pacific,train,120223.0,5837.485339743643,3051.6603686947356,mid
606000,2024,Berkeley city,CA,Pacific,train,120257.0,5104.9003384418365,3091.828806135321,mid
608142,2022,Brentwood city,CA,Pacific,train,64443.0,2096.426299210155,2100.0433087533693,low
608142,2023,Brentwood city,CA,Pacific,train,64609.0,2259.747094058104,2151.8676828880684,low
608142,2024,Brentwood city,CA,Pacific,train,65208.0,2395.4116059379216,2183.8474243216942,low
608786,2022,Buena Park city,CA,Pacific,train,83542.0,2859.639462785186,2194.4666927766225,low
608786,2023,Buena Park city,CA,Pacific,train,83052.0,2804.267206087752,2135.53118624319,low
608786,2024,Buena Park city,CA,Pacific,train,82871.0,2319.267294952396,2140.4077869565426,low
608954,2022,Burbank city,CA,Pacific,train,106389.0,2649.710026412505,2249.5634857815203,low
608954,2023,Burbank city,CA,Pacific,train,105165.0,3103.6941948366853,2260.4783438009686,low
608954,2024,Burbank city,CA,Pacific,train,104546.0,2978.593155166147,2250.8693477197844,low
610046,2022,Camarillo city,CA,Pacific,train,70622.0,1291.3822888051882,2040.712866560016,low
610046,2023,Camarillo city,CA,Pacific,train,70244.0,1269.8593474175732,2065.2651793505847,low
610046,2024,Camarillo city,CA,Pacific,train,70186.0,1172.5985239221495,2152.0845355699666,low
611194,2022,Carlsbad city,CA,Pacific,train,114745.0,1783.9557279184278,1917.6125613281995,low
611194,2023,Carlsbad city,CA,Pacific,train,114500.0,1614.8471615720523,1941.7593658178675,low
611194,2024,Carlsbad city,CA,Pacific,train,114373.0,1493.3594467225655,1945.1742455135625,low
611530,2022,Carson city,CA,Pacific,train,94475.0,2672.664726118021,2212.1320818873655,low
611530,2023,Carson city,CA,Pacific,train,93523.0,2665.654437945746,2191.7056050340684,low
611530,2024,Carson city,CA,Pacific,train,92871.0,2832.961850308493,2162.4164187947595,low
612048,2023,Cathedral City city,CA,Pacific,train,52047.0,1373.7583338136683,2442.3678541375475,low
612048,2024,Cathedral City city,CA,Pacific,train,52267.0,1228.3084929305298,2274.711622114782,low
613014,2022,Chico city,CA,Pacific,train,102790.0,1656.7759509679931,3143.3070268589536,high
613014,2023,Chico city,CA,Pacific,train,102032.0,1800.41555590403,3180.1876481795725,high
613014,2024,Chico city,CA,Pacific,train,102188.0,1873.0183583199596,3206.089197507647,high
613210,2022,Chino city,CA,Pacific,train,91008.0,2788.76582278481,2176.0332716863372,low
613210,2023,Chino city,CA,Pacific,train,91775.0,2791.6099155543448,2109.8791151530736,low
613210,2024,Chino city,CA,Pacific,train,92652.0,2239.5630963174026,2115.296012050953,low
613214,2022,Chino Hills city,CA,Pacific,train,78223.0,1457.3718727228566,2155.6196604484962,low
613214,2024,Chino Hills city,CA,Pacific,train,77927.0,961.1559536489278,2124.514809257416,low
613392,2022,Chula Vista city,CA,Pacific,train,276103.0,1285.752056297831,2044.1599032033055,low
613392,2023,Chula Vista city,CA,Pacific,train,275030.0,1303.1305675744463,2011.1319166997914,low
613392,2024,Chula Vista city,CA,Pacific,train,276375.0,1122.0262324739936,2025.7398888252033,low
613588,2022,Citrus Heights city,CA,Pacific,train,87127.0,2032.6649603452436,2090.641084787473,low
613588,2023,Citrus Heights city,CA,Pacific,train,87036.0,2033.6412518957677,2090.13768394767,low
613588,2024,Citrus Heights city,CA,Pacific,train,86995.0,2097.821713891603,2013.1839176166313,low
614218,2022,Clovis city,CA,Pacific,train,120607.0,1801.7196348470652,2193.4106212633233,low
614218,2023,Clovis city,CA,Pacific,train,122719.0,1823.6784849941737,2096.89415858669,low
614218,2024,Clovis city,CA,Pacific,train,124725.0,1703.7482461415111,2152.517409945088,low
614890,2022,Colton city,CA,Pacific,train,53959.0,2316.5736948423805,2287.4410661630445,low
614890,2023,Colton city,CA,Pacific,train,53798.0,3299.379159076546,2248.4825030355364,low
614890,2024,Colton city,CA,Pacific,train,53772.0,2081.0087034144167,2132.169857067433,low
615044,2022,Compton city,CA,Pacific,train,94822.0,2582.733964691738,2346.2251499852487,low
615044,2023,Compton city,CA,Pacific,train,93525.0,3323.1756214915795,2299.0458996722073,low
615044,2024,Compton city,CA,Pacific,train,92698.0,3038.9005156529806,2324.402640333652,low
616000,2022,Concord city,CA,Pacific,train,125007.0,2755.0457174398234,2271.9308685019214,low
616000,2023,Concord city,CA,Pacific,train,124260.0,3098.3421857395783,2241.596962406704,low
616000,2024,Concord city,CA,Pacific,train,124035.0,2823.396621921232,2189.7600151989054,low
616350,2022,Corona city,CA,Pacific,train,158346.0,2457.277102042363,2148.477000087208,low
616350,2023,Corona city,CA,Pacific,train,158839.0,2173.269788905747,2162.438104399339,low
616350,2024,Corona city,CA,Pacific,train,159670.0,1739.838416734515,2122.847018122757,low
616532,2022,Costa Mesa city,CA,Pacific,train,111490.0,3502.556283074716,2273.545132064327,low
616532,2024,Costa Mesa city,CA,Pacific,train,110330.0,2757.18299646515,2246.7143281694216,low
616742,2022,Covina city,CA,Pacific,train,50717.0,2740.6983851568507,1938.3414821005472,low
616742,2023,Covina city,CA,Pacific,train,50143.0,1978.3419420457487,2033.034945303454,low
617610,2022,Cupertino city,CA,Pacific,train,59763.0,1268.3432893261718,1800.1653452717487,low
617610,2023,Cupertino city,CA,Pacific,train,58886.0,1175.1519885881196,1704.00077599405,low
617610,2024,Cupertino city,CA,Pacific,train,58566.0,1507.7007137246867,1713.5050253070835,low
617918,2022,Daly City city,CA,Pacific,train,103648.0,2026.088298857672,1977.6897799088956,low
617918,2023,Daly City city,CA,Pacific,train,102560.0,2012.4804992199688,1956.4014489689773,low
617918,2024,Daly City city,CA,Pacific,train,101964.0,1741.7912204307402,1979.0831773605607,low
618100,2022,Davis city,CA,Pacific,train,67203.0,2803.4462747198786,3774.4324098097068,high
618100,2023,Davis city,CA,Pacific,train,66801.0,2761.934701576324,3695.0998483650515,high
618100,2024,Davis city,CA,Pacific,train,66978.0,2161.903908746156,3813.6763829296997,high
618394,2022,Delano city,CA,Pacific,train,50498.0,2170.3829854647706,2493.374515965948,low
618394,2023,Delano city,CA,Pacific,train,50835.0,1646.5033933313664,2236.416776123207,low
618394,2024,Delano city,CA,Pacific,train,51679.0,1120.37771628708,2213.142884850528,low
619192,2022,Diamond Bar city,CA,Pacific,train,54534.0,1776.8731433601058,2040.5438712450389,low
619192,2023,Diamond Bar city,CA,Pacific,train,53750.0,1864.186046511628,2021.2284225283297,low
619192,2024,Diamond Bar city,CA,Pacific,train,53355.0,1784.275138225096,2064.7307462808435,low
619766,2022,Downey city,CA,Pacific,train,113052.0,2560.768495913385,1840.326519635205,low
619766,2023,Downey city,CA,Pacific,train,111793.0,2787.294374424159,1791.708976568681,low
620018,2023,Dublin city,CA,Pacific,train,70542.0,1726.6309432678404,1979.4284077116877,low
620018,2024,Dublin city,CA,Pacific,train,70803.0,1844.5546092679688,1935.238311761575,low
621230,2022,Eastvale city,CA,Pacific,train,69594.0,1770.2675518004426,1917.6690194172215,low
621230,2023,Eastvale city,CA,Pacific,train,70179.0,1813.932942903148,1845.8224266850027,low
621230,2024,Eastvale city,CA,Pacific,train,70633.0,1730.0695142497134,1916.5604725105097,low
621712,2022,El Cajon city,CA,Pacific,train,105721.0,1592.8718040881188,2881.193275365743,mid
621712,2023,El Cajon city,CA,Pacific,train,104909.0,1497.488299383275,2985.3835755879195,mid
621712,2024,El Cajon city,CA,Pacific,train,104449.0,1464.8297255119724,3048.208555066073,mid
622020,2022,Elk Grove city,CA,Pacific,train,176105.0,1343.516651997388,2299.72215486287,low
622020,2023,Elk Grove city,CA,Pacific,train,177221.0,1208.0961059919537,2186.2029843784335,low
622020,2024,Elk Grove city,CA,Pacific,train,179155.0,1231.3359939717004,2218.79316571328,low
622230,2022,El Monte city,CA,Pacific,train,108682.0,1800.666163670157,2419.917912908069,low
622230,2023,El Monte city,CA,Pacific,train,107066.0,1927.782862906992,2429.7850847674276,low
622230,2024,El Monte city,CA,Pacific,train,106109.0,1974.3848306929667,2429.462568167064,low
622678,2022,Encinitas city,CA,Pacific,train,61942.0,1485.2604048949015,1707.3166348240698,low
622678,2023,Encinitas city,CA,Pacific,train,61585.0,1190.2248924251037,1734.9112903813839,low
622678,2024,Encinitas city,CA,Pacific,train,61480.0,925.5042290175668,1746.7563222932808,low
622804,2022,Escondido city,CA,Pacific,train,151114.0,1782.7600354699102,2405.4103446906715,low
622804,2023,Escondido city,CA,Pacific,train,149913.0,1590.2556816286778,2414.8108363300694,low
622804,2024,Escondido city,CA,Pacific,train,149668.0,1460.5660528636715,2329.948286546723,low
623182,2022,Fairfield city,CA,Pacific,train,119420.0,2549.824150058617,2414.102636257092,low
623182,2023,Fairfield city,CA,Pacific,train,119985.0,2191.9406592490727,2464.885287475262,low
623182,2024,Fairfield city,CA,Pacific,train,120785.0,1689.7793600198702,2424.9892856548313,low
624638,2022,Folsom city,CA,Pacific,train,81077.0,1493.6418466396142,2016.6184867690906,low
624638,2023,Folsom city,CA,Pacific,train,82140.0,1616.7518870221577,2016.290886192738,low
624638,2024,Folsom city,CA,Pacific,train,83916.0,1490.7764907764906,1986.9629849649473,low
624680,2022,Fontana city,CA,Pacific,train,209279.0,1308.3013584736166,2049.6393792144772,low
624680,2023,Fontana city,CA,Pacific,train,211921.0,1381.1750605178345,2039.924204292197,low
624680,2024,Fontana city,CA,Pacific,train,214169.0,1235.9398419005552,2006.3350594232736,low
625380,2022,Fountain Valley city,CA,Pacific,train,56754.0,2197.201959333263,2076.6951765343297,low
625380,2023,Fountain Valley city,CA,Pacific,train,56358.0,2093.757762873061,2082.5193339276993,low
625380,2024,Fountain Valley city,CA,Pacific,train,56258.0,1743.751999715596,2125.5575452951716,low
626000,2022,Fremont city,CA,Pacific,train,228795.0,2805.131231014664,1830.5012501372717,low
626000,2023,Fremont city,CA,Pacific,train,228518.0,2763.896060704189,1813.1876974347433,low
626000,2024,Fremont city,CA,Pacific,train,228295.0,2292.209641034626,1812.769363590845,low
627000,2022,Fresno city,CA,Pacific,train,541528.0,3483.1070600227504,3135.6320729788004,high
627000,2023,Fresno city,CA,Pacific,train,543615.0,3081.960578718394,3032.902830360277,mid
627000,2024,Fresno city,CA,Pacific,train,545970.0,3275.821015806729,2973.4487388058687,mid
628000,2022,Fullerton city,CA,Pacific,train,142280.0,2621.5912285633963,2509.3509040931485,low
628000,2023,Fullerton city,CA,Pacific,train,141278.0,2141.8763006271324,2489.4426888887333,low
628000,2024,Fullerton city,CA,Pacific,train,140968.0,1980.591339878554,2463.4379011911165,low
628168,2022,Gardena city,CA,Pacific,train,60377.0,3055.7993938089007,2382.4073174150526,low
628168,2023,Gardena city,CA,Pacific,train,59765.0,3100.4768677319503,2369.3747464069997,low
628168,2024,Gardena city,CA,Pacific,train,59422.0,2956.817340378984,2397.1622830891115,low
629000,2022,Garden Grove city,CA,Pacific,train,171637.0,2159.790721114912,2362.0154834706404,low
629000,2023,Garden Grove city,CA,Pacific,train,170603.0,1415.5671353962125,2344.0547299378145,low
629000,2024,Garden Grove city,CA,Pacific,train,170964.0,1718.4904424323252,2345.823296887072,low
629504,2022,Gilroy city,CA,Pacific,train,58696.0,2107.4689927763397,1986.8752389941274,low
629504,2023,Gilroy city,CA,Pacific,train,58561.0,2885.8796810163763,1978.6338654800709,low
629504,2024,Gilroy city,CA,Pacific,train,59004.0,2121.8900413531283,1895.2211338108516,low
630000,2022,Glendale city,CA,Pacific,train,194512.0,1770.5848482355846,2369.7783488577375,low
630000,2023,Glendale city,CA,Pacific,train,192270.0,2159.4632547979404,2355.4892250031785,low
630000,2024,Glendale city,CA,Pacific,train,190748.0,1957.0323148866569,2311.5907800900372,low
630014,2022,Glendora city,CA,Pacific,train,52095.0,2222.862078894328,2054.7377000301085,low
630014,2023,Glendora city,CA,Pacific,train,51350.0,2040.895813047712,2067.277231327394,low
630014,2024,Glendora city,CA,Pacific,train,50926.0,1928.288104308212,2040.292736611551,low
631960,2022,Hanford city,CA,Pacific,train,57920.0,1379.4889502762433,2526.0967277330524,low
631960,2023,Hanford city,CA,Pacific,train,59389.0,1180.3532640724711,2501.176920518555,low
631960,2024,Hanford city,CA,Pacific,train,59754.0,1161.428523613482,2468.4513706222233,low
632548,2022,Hawthorne city,CA,Pacific,train,86978.0,2038.4465037135824,2577.979244977386,low
632548,2023,Hawthorne city,CA,Pacific,train,85933.0,2235.4625114915107,2637.075026734728,low
632548,2024,Hawthorne city,CA,Pacific,train,85191.0,2371.142491577749,2566.3047668439244,low
633000,2022,Hayward city,CA,Pacific,train,160602.0,2826.2412672320397,2278.3481379137843,low
633000,2023,Hayward city,CA,Pacific,train,159201.0,3811.533847149201,2262.6391220367814,low
633000,2024,Hayward city,CA,Pacific,train,158801.0,3532.723345570872,2266.1021281737826,low
633182,2022,Hemet city,CA,Pacific,train,89651.0,2094.789795986659,2741.6277983921004,mid
633182,2023,Hemet city,CA,Pacific,train,90646.0,1985.746751097677,2663.6046104574875,low
633182,2024,Hemet city,CA,Pacific,train,91326.0,1667.6521472526993,2594.910431844783,low
633434,2022,Hesperia city,CA,Pacific,train,99878.0,1434.7503954824888,2554.003729069896,low
633434,2024,Hesperia city,CA,Pacific,train,100775.0,1426.9412056561646,2494.6165402658994,low
633588,2022,Highland city,CA,Pacific,train,56789.0,1333.0046311785732,2529.6353120210733,low
633588,2024,Highland city,CA,Pacific,train,56675.0,1305.6903396559328,2588.155864655848,low
636000,2022,Huntington Beach city,CA,Pacific,train,197481.0,2209.8328446787286,2036.7771766040707,low
636000,2023,Huntington Beach city,CA,Pacific,train,196010.0,1994.28600581603,2028.1766460777017,low
636000,2024,Huntington Beach city,CA,Pacific,train,195240.0,1936.5908625281704,2055.009301560896,low
636056,2022,Huntington Park city,CA,Pacific,train,54547.0,3650.0632482079673,1938.7245750036245,low
636056,2023,Huntington Park city,CA,Pacific,train,53658.0,4068.358865406836,1909.3323830919642,low
636056,2024,Huntington Park city,CA,Pacific,train,53108.0,2999.5480906831363,1951.8771256717055,low
636448,2022,Indio city,CA,Pacific,train,89616.0,1701.7050526691662,2155.981000994638,low
636448,2023,Indio city,CA,Pacific,train,90669.0,1830.835235857901,2041.2716169256046,low
636546,2022,Inglewood city,CA,Pacific,train,106806.0,2792.914255753422,2508.3293956729735,low
636546,2023,Inglewood city,CA,Pacific,train,105575.0,3620.175230878522,2456.7097125584255,low
636546,2024,Inglewood city,CA,Pacific,train,104569.0,3504.862817852327,2423.260721020964,low
636770,2022,Irvine city,CA,Pacific,train,304527.0,1514.151454550828,2680.712232684979,low
636770,2023,Irvine city,CA,Pacific,train,308160.0,1586.188992731049,2627.0688065186237,low
636770,2024,Irvine city,CA,Pacific,train,311690.0,1412.3006833712984,2553.984246130066,low
637692,2022,Jurupa Valley city,CA,Pacific,train,105672.0,2799.227799227799,1903.719833373858,low
637692,2023,Jurupa Valley city,CA,Pacific,train,106244.0,2666.503520198788,2000.68737222993,low
637692,2024,Jurupa Valley city,CA,Pacific,train,107011.0,2541.79476876209,1940.7245707139448,low
639248,2022,Laguna Niguel city,CA,Pacific,train,64259.0,1042.655503509236,1961.7510745957711,low
639248,2023,Laguna Niguel city,CA,Pacific,train,64023.0,976.2116739296816,1838.1480800826503,low
639248,2024,Laguna Niguel city,CA,Pacific,train,64139.0,879.34018303996,1857.828504557508,low
639290,2022,La Habra city,CA,Pacific,train,62904.0,1961.7194455042604,2121.1464461884916,low
639290,2023,La Habra city,CA,Pacific,train,62233.0,2029.4698953931195,2080.8736784990188,low
639290,2024,La Habra city,CA,Pacific,train,61970.0,2102.630304986284,2180.084747230641,low
639486,2022,Lake Elsinore city,CA,Pacific,train,69993.0,2578.829311502579,2195.732295479884,low
639486,2023,Lake Elsinore city,CA,Pacific,train,71516.0,2191.118071480508,2130.806933042033,low
639486,2024,Lake Elsinore city,CA,Pacific,train,72461.0,1889.2921709609304,2140.739309542059,low
639496,2022,Lake Forest city,CA,Pacific,train,85583.0,1052.7791734339764,2111.096382194328,low
639496,2023,Lake Forest city,CA,Pacific,train,85846.0,978.496377233651,2188.017920992912,low
639496,2024,Lake Forest city,CA,Pacific,train,86281.0,825.2106489261831,2227.3269656964485,low
639892,2022,Lakewood city,CA,Pacific,train,81499.0,2265.0584669750547,2028.1241050735096,low
639892,2023,Lakewood city,CA,Pacific,train,80510.0,2145.0751459446037,2011.4393011501793,low
639892,2024,Lakewood city,CA,Pacific,train,79850.0,2487.163431433939,2004.1327961707048,low
640004,2022,La Mesa city,CA,Pacific,train,60888.0,2062.8038365523585,2453.711648122248,low
640004,2023,La Mesa city,CA,Pacific,train,60835.0,1637.2154187556505,2429.775095878858,low
640004,2024,La Mesa city,CA,Pacific,train,60797.0,1368.4885767389835,2417.3317338308816,low
640130,2022,Lancaster city,CA,Pacific,train,171465.0,1832.4439389962963,2772.793402539777,mid
640130,2023,Lancaster city,CA,Pacific,train,170013.0,1740.4551416656373,2609.236000811426,low
640130,2024,Lancaster city,CA,Pacific,train,169169.0,1862.0432821616253,2611.265762473969,low
641474,2022,Lincoln city,CA,Pacific,train,50131.0,905.62725658774,1924.5871580314797,low
641474,2023,Lincoln city,CA,Pacific,train,51629.0,722.4621821069554,1941.1220409776242,low
641474,2024,Lincoln city,CA,Pacific,train,52956.0,594.8334466349422,1934.053990661469,low
641992,2022,Livermore city,CA,Pacific,train,87154.0,1831.2412511187088,1856.480414310281,low
641992,2023,Livermore city,CA,Pacific,train,85870.0,1873.7626644928384,1843.2537838067337,low
641992,2024,Livermore city,CA,Pacific,train,85522.0,2211.126961483595,1877.7370356455522,low
643000,2022,Long Beach city,CA,Pacific,train,462293.0,2515.720549521624,2673.5021650433405,low
643000,2023,Long Beach city,CA,Pacific,train,458491.0,2899.51165889843,2675.3407646985474,low
643000,2024,Long Beach city,CA,Pacific,train,455548.0,3392.3977275720667,2657.3918956433595,low
644000,2022,Los Angeles city,CA,Pacific,train,3881041.0,2658.3331637053047,2732.6189989156633,mid
644000,2023,Los Angeles city,CA,Pacific,train,3857897.0,2793.672303848444,2729.514238442678,mid
644000,2024,Los Angeles city,CA,Pacific,train,3857263.0,1460.491545430011,2729.534032713018,mid
644574,2022,Lynwood city,CA,Pacific,train,66346.0,2434.208543092274,2002.9724826895106,low
644574,2023,Lynwood city,CA,Pacific,train,65291.0,2695.6242054800814,2092.7654816286795,low
644574,2024,Lynwood city,CA,Pacific,train,64578.0,3084.6418284864817,2142.2516107449505,low
645022,2022,Madera city,CA,Pacific,train,66784.0,1680.0431241015813,3015.1442667684937,mid
645022,2023,Madera city,CA,Pacific,train,67133.0,1248.268362802199,2912.0049711817637,mid
645022,2024,Madera city,CA,Pacific,train,67831.0,1191.195765947723,2869.06841253488,mid
645484,2022,Manteca city,CA,Pacific,train,83897.0,1972.6569484010156,2313.7246431337335,low
645484,2023,Manteca city,CA,Pacific,train,86521.0,1806.497844453948,2302.1828124643016,low
645484,2024,Manteca city,CA,Pacific,train,89043.0,1543.074694248846,2251.757316992121,low
646842,2022,Menifee city,CA,Pacific,train,103680.0,1451.5817901234568,2224.819741401536,low
646842,2023,Menifee city,CA,Pacific,train,107020.0,1230.6111007288357,2227.4514171786777,low
646842,2024,Menifee city,CA,Pacific,train,110305.0,847.649698563075,2217.437027809291,low
646898,2022,Merced city,CA,Pacific,train,87686.0,2883.0143922633038,3269.5675791720814,high
646898,2023,Merced city,CA,Pacific,train,89766.0,2796.158902034178,3134.12357019501,high
646898,2024,Merced city,CA,Pacific,train,91953.0,2917.794960468935,3159.106829918107,high
647766,2022,Milpitas city,CA,Pacific,train,79092.0,3597.076821928893,1888.799223268464,low
647766,2023,Milpitas city,CA,Pacific,train,78216.0,3315.178480106372,1812.148897468366,low
647766,2024,Milpitas city,CA,Pacific,train,78578.0,3100.1043549084984,1834.7322374774067,low
648256,2022,Mission Viejo city,CA,Pacific,train,93233.0,1095.1058101745089,1767.0155826319665,low
648256,2023,Mission Viejo city,CA,Pacific,train,92415.0,1234.6480549694315,1769.2976616178848,low
648256,2024,Mission Viejo city,CA,Pacific,train,92151.0,1154.6266453972285,1805.736092487762,low
648354,2022,Modesto city,CA,Pacific,train,218308.0,2411.272147607967,2522.541002071814,low
648354,2023,Modesto city,CA,Pacific,train,218614.0,2220.8092802839706,2450.14816288844,low
648354,2024,Modesto city,CA,Pacific,train,219215.0,2412.243687703852,2461.727170166969,low
648816,2022,Montebello city,CA,Pacific,train,62056.0,2805.53048859095,2004.8742737781301,low
648816,2024,Montebello city,CA,Pacific,train,61045.0,2535.8342206568923,1961.5662124752669,low
648914,2022,Monterey Park city,CA,Pacific,train,60386.0,2031.9279303149735,2162.704338214452,low
648914,2023,Monterey Park city,CA,Pacific,train,59639.0,2223.3773202099296,2234.1833743489374,low
648914,2024,Monterey Park city,CA,Pacific,train,59132.0,2031.049178109991,2175.0970409799675,low
649270,2022,Moreno Valley city,CA,Pacific,train,209578.0,2083.711076544293,2319.2044291379225,low
649270,2023,Moreno Valley city,CA,Pacific,train,210378.0,1972.164389812623,2237.414910393437,low
649270,2024,Moreno Valley city,CA,Pacific,train,211666.0,1680.9501762210275,2198.1710737586504,low
649670,2022,Mountain View city,CA,Pacific,train,82132.0,2905.0796279160377,2185.2423450477586,low
649670,2023,Mountain View city,CA,Pacific,train,82363.0,2775.518133142309,2186.599347607624,low
649670,2024,Mountain View city,CA,Pacific,train,83732.0,2697.893278555391,2222.675419882917,low
650076,2022,Murrieta city,CA,Pacific,train,111899.0,1276.150814573857,2096.252842220813,low
650076,2023,Murrieta city,CA,Pacific,train,111621.0,1257.8278280968636,2017.9896448527793,low
650076,2024,Murrieta city,CA,Pacific,train,112064.0,944.103369503141,1989.2829348518183,low
650258,2022,Napa city,CA,Pacific,train,79233.0,1466.5606502341195,2005.1567653829848,low
650258,2023,Napa city,CA,Pacific,train,78816.0,1735.6881851400733,2067.660925454706,low
650258,2024,Napa city,CA,Pacific,train,78239.0,1358.65744705326,2059.5081302948147,low
650398,2022,National City city,CA,Pacific,train,56345.0,2207.8267814357973,2310.354265008804,low
650398,2023,National City city,CA,Pacific,train,55960.0,2085.4181558255896,2291.9025619655026,low
650398,2024,National City city,CA,Pacific,train,58893.0,1808.3643217360293,2390.467441542411,low
651182,2022,Newport Beach city,CA,Pacific,train,85159.0,2053.8052349135146,1916.2398273207561,low
651182,2023,Newport Beach city,CA,Pacific,train,84304.0,1984.4847219586256,1880.3265523371551,low
651182,2024,Newport Beach city,CA,Pacific,train,83845.0,1827.1811079968988,1814.590423110729,low
652526,2022,Norwalk city,CA,Pacific,train,101893.0,1803.853061544954,1852.893993029675,low
652526,2023,Norwalk city,CA,Pacific,train,100713.0,1983.8551130439964,1891.8431032748817,low
652526,2024,Norwalk city,CA,Pacific,train,99789.0,1897.002675645612,1859.097471164508,low
652582,2022,Novato city,CA,Pacific,train,53055.0,1602.1110168692867,2090.6888769036536,low
652582,2023,Novato city,CA,Pacific,train,52689.0,1647.4026836721137,2129.6488122164237,low
652582,2024,Novato city,CA,Pacific,train,52546.0,1320.7475354927112,2128.828207852867,low
653000,2022,Oakland city,CA,Pacific,train,437825.0,6335.179580882773,2670.786808431081,low
653000,2023,Oakland city,CA,Pacific,train,438072.0,9826.695155134315,2700.6066467940423,mid
653000,2024,Oakland city,CA,Pacific,train,439418.0,7158.332157535649,2685.9679738804857,low
653322,2022,Oceanside city,CA,Pacific,train,173722.0,1984.7802811388308,2278.653160678968,low
653322,2023,Oceanside city,CA,Pacific,train,172542.0,1765.3672728958743,2187.2383565714536,low
653322,2024,Oceanside city,CA,Pacific,train,172242.0,1637.811915792896,2191.4747599018615,low
653896,2022,Ontario city,CA,Pacific,train,176326.0,2173.8144119415174,2174.584744402177,low
653896,2023,Ontario city,CA,Pacific,train,178347.0,2334.213639702378,2183.3354351602793,low
653896,2024,Ontario city,CA,Pacific,train,180547.0,1859.903515428116,2151.206614036566,low
653980,2023,Orange city,CA,Pacific,train,138723.0,1763.9468581273472,2210.4373453807675,low
653980,2024,Orange city,CA,Pacific,train,138266.0,1285.2038823716605,2228.815239103339,low
654652,2023,Oxnard city,CA,Pacific,train,201014.0,1733.7100898444885,1871.336536188812,low
654652,2024,Oxnard city,CA,Pacific,train,200928.0,1843.944099378882,1880.7662619630287,low
655156,2022,Palmdale city,CA,Pacific,train,166895.0,1507.5346774918362,2356.3192945984256,low
655156,2023,Palmdale city,CA,Pacific,train,165487.0,1607.3770145086926,2379.0324117539076,low
655156,2024,Palmdale city,CA,Pacific,train,164634.0,1800.9645638203529,2439.728090777195,low
655184,2022,Palm Desert city,CA,Pacific,train,51290.0,3946.1883408071744,2353.610993521303,low
655184,2023,Palm Desert city,CA,Pacific,train,51551.0,3642.994316308122,2240.0001957922477,low
655184,2024,Palm Desert city,CA,Pacific,train,51990.0,2839.007501442585,2210.7720867359994,low
655282,2022,Palo Alto city,CA,Pacific,train,67901.0,2864.464440877159,1957.271329624145,low
655282,2023,Palo Alto city,CA,Pacific,train,67231.0,2705.597120376017,2005.3415121414766,low
655282,2024,Palo Alto city,CA,Pacific,train,67237.0,2935.883516516204,2039.4442134793087,low
655618,2022,Paramount city,CA,Pacific,train,53255.0,2640.127687541076,1951.3687799504662,low
655618,2023,Paramount city,CA,Pacific,train,52546.0,2690.97552620561,1917.33834682823,low
655618,2024,Paramount city,CA,Pacific,train,52050.0,2718.539865513929,1882.053831362502,low
656000,2022,Pasadena city,CA,Pacific,train,137554.0,2216.5840324527094,2623.9759727542137,low
656000,2023,Pasadena city,CA,Pacific,train,136462.0,2513.52024739488,2606.117571883225,low
656000,2024,Pasadena city,CA,Pacific,train,136969.0,2598.398177689842,2605.758354278629,low
656700,2022,Perris city,CA,Pacific,train,78881.0,2614.064223323741,1978.5647634276786,low
656700,2023,Perris city,CA,Pacific,train,79349.0,2555.797804635219,1906.1204021083981,low
656700,2024,Perris city,CA,Pacific,train,80511.0,1850.6787892337693,1848.993345092716,low
656784,2022,Petaluma city,CA,Pacific,train,59682.0,1196.3406052076002,1739.7605514066324,low
656784,2023,Petaluma city,CA,Pacific,train,59321.0,1210.3639520574502,1772.5501107731504,low
656784,2024,Petaluma city,CA,Pacific,train,59247.0,1157.864533225311,1772.3407149368609,low
656924,2022,Pico Rivera city,CA,Pacific,train,61561.0,2311.528402722503,1462.9840194157641,low
656924,2023,Pico Rivera city,CA,Pacific,train,60821.0,2421.8608704230446,1472.2263783307912,low
656924,2024,Pico Rivera city,CA,Pacific,train,60272.0,1951.1547650650384,1528.913114832627,low
657456,2022,Pittsburg city,CA,Pacific,train,76419.0,2189.2461298891635,2344.0135803214284,low
657456,2023,Pittsburg city,CA,Pacific,train,75868.0,2118.1525807982284,2394.9563194248162,low
657456,2024,Pittsburg city,CA,Pacific,train,76257.0,2130.951912611301,2431.437113779125,low
657526,2022,Placentia city,CA,Pacific,train,51797.0,1747.2054366082978,2156.4572645701305,low
657526,2023,Placentia city,CA,Pacific,train,52384.0,1845.9835064141723,2187.2599045754177,low
657526,2024,Placentia city,CA,Pacific,train,52826.0,1444.3645174724568,2133.8037466680134,low
657792,2022,Pleasanton city,CA,Pacific,train,78691.0,1715.57103099465,1952.1816643453035,low
657792,2023,Pleasanton city,CA,Pacific,train,77500.0,1927.7419354838712,1977.266177523471,low
657792,2024,Pleasanton city,CA,Pacific,train,76960.0,1591.7359667359667,1938.0247523077492,low
658072,2022,Pomona city,CA,Pacific,train,149831.0,2931.970019555365,2287.999103659702,low
658072,2023,Pomona city,CA,Pacific,train,148391.0,2849.903296021996,2265.810916956171,low
658072,2024,Pomona city,CA,Pacific,train,147943.0,2674.6787614148693,2262.6550682856314,low
658240,2022,Porterville city,CA,Pacific,train,62491.0,2091.5011761693686,2506.6363937508495,low
658240,2023,Porterville city,CA,Pacific,train,62765.0,2061.658567673066,2452.170285397025,low
658240,2024,Porterville city,CA,Pacific,train,63157.0,1475.6875722406069,2406.499544504812,low
659444,2022,Rancho Cordova city,CA,Pacific,train,79128.0,2286.1692447679707,2475.111993981545,low
659444,2023,Rancho Cordova city,CA,Pacific,train,80656.0,2230.460226145606,2441.490969660195,low
659444,2024,Rancho Cordova city,CA,Pacific,train,81849.0,2157.6317364903666,2488.170507201493,low
659451,2022,Rancho Cucamonga city,CA,Pacific,train,174696.0,2029.811787333425,2167.399897593742,low
659451,2024,Rancho Cucamonga city,CA,Pacific,train,175411.0,1799.7731043093077,2184.8970474662515,low
659920,2024,Redding city,CA,Pacific,train,93409.0,1727.884893318631,2381.186595077776,low
659962,2022,Redlands city,CA,Pacific,train,73234.0,3092.8257366796843,2227.415608507424,low
659962,2023,Redlands city,CA,Pacific,train,72985.0,2859.491676371857,2106.1213604893164,low
659962,2024,Redlands city,CA,Pacific,train,73375.0,2120.6132879046,2222.10074352312,low
660018,2022,Redondo Beach city,CA,Pacific,train,70620.0,2210.421976777117,1947.6818399291903,low
660018,2023,Redondo Beach city,CA,Pacific,train,69814.0,2384.908471080299,1907.4098520592386,low
660018,2024,Redondo Beach city,CA,Pacific,train,69291.0,2485.171234359441,1936.413075823396,low
660102,2022,Redwood City city,CA,Pacific,train,83077.0,1899.4426857012168,2115.5094925690273,low
660102,2023,Redwood City city,CA,Pacific,train,82423.0,2107.421472161897,2153.745374465207,low
660102,2024,Redwood City city,CA,Pacific,train,82447.0,1573.1318301454269,2132.2722278955994,low
660466,2022,Rialto city,CA,Pacific,train,103873.0,2922.79995764058,2087.3189404760124,low
660466,2023,Rialto city,CA,Pacific,train,103866.0,2756.4361773823966,2054.4861941122485,low
660466,2024,Rialto city,CA,Pacific,train,104143.0,2372.6990772303466,2035.5726324133789,low
660620,2022,Richmond city,CA,Pacific,train,115619.0,2695.923680363954,2599.7262986514625,low
660620,2023,Richmond city,CA,Pacific,train,115396.0,3108.426635238656,2519.4629186708635,low
660620,2024,Richmond city,CA,Pacific,train,115505.0,2712.4366910523354,2508.479231697531,low
662000,2022,Riverside city,CA,Pacific,train,316076.0,3279.5909844467787,2405.2079477529032,low
662000,2023,Riverside city,CA,Pacific,train,316241.0,3449.9005505295013,2388.0052657658407,low
662000,2024,Riverside city,CA,Pacific,train,319069.0,2841.7050857338068,2340.7922687879022,low
662364,2022,Rocklin city,CA,Pacific,train,71676.0,1314.247446844132,1802.0634269895709,low
662364,2023,Rocklin city,CA,Pacific,train,72340.0,1079.623997788222,1845.7351084084446,low
662364,2024,Rocklin city,CA,Pacific,train,73327.0,912.3515212677456,1898.2094265263422,low
662896,2022,Rosemead city,CA,Pacific,train,51043.0,2813.3142644437044,2113.589970619113,low
662896,2023,Rosemead city,CA,Pacific,train,50340.0,2477.155343663091,2187.530782027064,low
662896,2024,Rosemead city,CA,Pacific,train,50013.0,2439.3657649011257,2154.624165401769,low
662938,2022,Roseville city,CA,Pacific,train,148879.0,1968.0411609427792,1918.5445328789556,low
662938,2023,Roseville city,CA,Pacific,train,152438.0,1491.0980201786956,1917.0823383851666,low
662938,2024,Roseville city,CA,Pacific,train,155955.0,1483.1201308069635,1924.172664087101,low
664000,2022,Sacramento city,CA,Pacific,train,523600.0,3185.828877005348,2813.797223990017,mid
664000,2023,Sacramento city,CA,Pacific,train,524802.0,2916.337971272975,2766.129573296779,mid
664000,2024,Sacramento city,CA,Pacific,train,528706.0,2537.5161242732256,2714.5789573120155,mid
664224,2022,Salinas city,CA,Pacific,train,162783.0,1670.9361542667234,2091.9722681662624,low
664224,2023,Salinas city,CA,Pacific,train,161993.0,1268.5733334156414,2087.9185343493145,low
664224,2024,Salinas city,CA,Pacific,train,161761.0,1638.837544278287,2020.6982237210223,low
665000,2022,San Bernardino city,CA,Pacific,train,221041.0,2975.9184947588906,2753.0845166599415,mid
665000,2023,San Bernardino city,CA,Pacific,train,221774.0,3189.733692858496,2649.77122083093,low
665000,2024,San Bernardino city,CA,Pacific,train,222724.0,2917.9612435121494,2568.2807683467277,low
665042,2022,San Buenaventura (Ventura) city,CA,Pacific,train,110358.0,2166.585113902028,2143.39720773301,low
665042,2023,San Buenaventura (Ventura) city,CA,Pacific,train,109900.0,2115.5595996360325,2200.563846736458,low
665042,2024,San Buenaventura (Ventura) city,CA,Pacific,train,109857.0,2179.1965919331496,2216.4142930441503,low
665084,2022,San Clemente city,CA,Pacific,train,64232.0,1211.2342757504048,1720.466108980963,low
665084,2023,San Clemente city,CA,Pacific,train,63510.0,1406.077783026295,1720.5098768354228,low
665084,2024,San Clemente city,CA,Pacific,train,63273.0,1235.9142130134496,1693.891127173189,low
666000,2022,San Diego city,CA,Pacific,train,1383987.0,1809.554569515465,2523.0572956325104,low
666000,2023,San Diego city,CA,Pacific,train,1385061.0,1802.9530829328091,2494.3773167152094,low
666000,2024,San Diego city,CA,Pacific,train,1389526.0,1669.4182044812403,2484.4937689857697,low
667000,2022,San Francisco city,CA,Pacific,train,851036.0,5611.866008018463,2451.633211598276,low
667000,2023,San Francisco city,CA,Pacific,train,836321.0,5347.229114179842,2465.0778417061383,low
667000,2024,San Francisco city,CA,Pacific,train,830235.0,3799.526640047697,2515.297769993619,low
667112,2022,San Jacinto city,CA,Pacific,train,54077.0,2259.7407400558463,2602.5311675819794,low
667112,2023,San Jacinto city,CA,Pacific,train,54756.0,2231.7188983855654,2531.370212730819,low
667112,2024,San Jacinto city,CA,Pacific,train,55180.0,1748.8220369699166,2513.585036788283,low
668000,2022,San Jose city,CA,Pacific,train,1001176.0,2533.320814721887,2206.085171547419,low
668000,2024,San Jose city,CA,Pacific,train,990138.0,2500.86351599474,2207.8153775465344,low
668084,2022,San Leandro city,CA,Pacific,train,89723.0,4741.259208898499,2216.839262912186,low
668084,2023,San Leandro city,CA,Pacific,train,88531.0,5730.196202460155,2204.2566301410593,low
668084,2024,San Leandro city,CA,Pacific,train,87826.0,3760.845307767632,2172.35052823987,low
668196,2022,San Marcos city,CA,Pacific,train,94360.0,1067.189487070793,2244.0920872854313,low
668196,2023,San Marcos city,CA,Pacific,train,94078.0,801.4626161270435,2290.12062016918,low
668196,2024,San Marcos city,CA,Pacific,train,94882.0,653.4432242153412,2233.435323248492,low
668252,2022,San Mateo city,CA,Pacific,train,104165.0,2236.83578937263,2253.642416280215,low
668252,2023,San Mateo city,CA,Pacific,train,103555.0,1832.8424508715177,2285.5470102418403,low
668252,2024,San Mateo city,CA,Pacific,train,103105.0,1825.323699141652,2323.013169935185,low
668364,2022,San Rafael city,CA,Pacific,train,60891.0,2992.232021152551,2098.2237309720654,low
668364,2023,San Rafael city,CA,Pacific,train,60604.0,2720.94251204541,2257.7518075870635,low
668364,2024,San Rafael city,CA,Pacific,train,60433.0,2399.351347773568,2310.7812215117115,low
668378,2022,San Ramon city,CA,Pacific,train,86119.0,937.0754421207864,1884.1595022426907,low
668378,2023,San Ramon city,CA,Pacific,train,85734.0,937.78430960879,1845.9243355069236,low
668378,2024,San Ramon city,CA,Pacific,train,85993.0,1093.112230065238,1854.5771280360304,low
669000,2023,Santa Ana city,CA,Pacific,train,311639.0,1968.303068614647,1914.2363752079532,low
669000,2024,Santa Ana city,CA,Pacific,train,312534.0,1690.056121893938,1906.7022779671322,low
669070,2022,Santa Barbara city,CA,Pacific,train,88640.0,2025.0451263537907,2451.0453256570286,low
669070,2023,Santa Barbara city,CA,Pacific,train,88024.0,1760.883395437608,2464.367095525068,low
669070,2024,Santa Barbara city,CA,Pacific,train,87779.0,1768.0766470340288,2500.3856559450705,low
669084,2022,Santa Clara city,CA,Pacific,train,128058.0,3564.0100579424948,2372.5609474428593,low
669084,2023,Santa Clara city,CA,Pacific,train,129239.0,2863.686658052136,2361.956344698943,low
669084,2024,Santa Clara city,CA,Pacific,train,130256.0,2533.472546370225,2370.0689800602554,low
669088,2022,Santa Clarita city,CA,Pacific,train,225850.0,1066.6371485499226,2126.1701043892353,low
669088,2023,Santa Clarita city,CA,Pacific,train,229021.0,1164.08538954943,2112.424390688395,low
669088,2024,Santa Clarita city,CA,Pacific,train,230221.0,1131.087085887039,2097.6566830230067,low
669112,2022,Santa Cruz city,CA,Pacific,train,61367.0,3627.356722668535,3171.8594157491025,high
669112,2023,Santa Cruz city,CA,Pacific,train,60953.0,2467.474939707644,3067.766960571452,mid
669112,2024,Santa Cruz city,CA,Pacific,train,61607.0,2504.585517879462,2995.7041715769983,mid
669196,2022,Santa Maria city,CA,Pacific,train,109543.0,2774.2530330555123,2118.7439226223523,low
669196,2023,Santa Maria city,CA,Pacific,train,109880.0,2362.5773571168547,2227.6017711700406,low
669196,2024,Santa Maria city,CA,Pacific,train,110462.0,1875.7581792833732,2345.5811735247935,low
670000,2022,Santa Monica city,CA,Pacific,train,92168.0,4401.744640222203,2318.9316277780727,low
670000,2023,Santa Monica city,CA,Pacific,train,91535.0,4606.980936253892,2312.876533917201,low
670000,2024,Santa Monica city,CA,Pacific,train,91169.0,4673.737783676469,2271.3002940466095,low
670098,2022,Santa Rosa city,CA,Pacific,train,178221.0,1342.1538427009164,2238.207677956272,low
670098,2023,Santa Rosa city,CA,Pacific,train,177216.0,1466.0075839653305,2216.2665482915436,low
670098,2024,Santa Rosa city,CA,Pacific,train,177090.0,1305.5508498503586,2220.4686404062195,low
670224,2022,Santee city,CA,Pacific,train,59497.0,897.5242449199119,1988.2190660112442,low
670224,2023,Santee city,CA,Pacific,train,59485.0,943.0948978734136,2001.857810836386,low
670224,2024,Santee city,CA,Pacific,train,59332.0,571.36115418324,1945.7217197465638,low
672016,2022,Simi Valley city,CA,Pacific,train,126153.0,847.383732451864,1946.017138350009,low
672016,2023,Simi Valley city,CA,Pacific,train,125769.0,951.7448655869092,1926.9944497608844,low
672016,2024,Simi Valley city,CA,Pacific,train,125634.0,916.9492334877502,1911.2788141901099,low
673080,2022,South Gate city,CA,Pacific,train,92381.0,3185.720007360821,1656.4993771033642,low
673080,2023,South Gate city,CA,Pacific,train,91836.0,3435.4719282198703,1617.2868177607606,low
673080,2024,South Gate city,CA,Pacific,train,91483.0,3509.9417378092107,1569.804092661122,low
673262,2022,South San Francisco city,CA,Pacific,train,65596.0,2689.1883651442163,2052.422366061904,low
673262,2023,South San Francisco city,CA,Pacific,train,64487.0,2150.82109572472,2053.7334289884097,low
673262,2024,South San Francisco city,CA,Pacific,train,64305.0,1508.4363579814944,2006.3868222122542,low
675000,2022,Stockton city,CA,Pacific,train,320030.0,2774.11492672562,2704.8485243703262,mid
675000,2023,Stockton city,CA,Pacific,train,320470.0,3095.141510905857,2689.022356784635,low
675000,2024,Stockton city,CA,Pacific,train,322326.0,2612.8826095319646,2694.6315025025965,low
677000,2022,Sunnyvale city,CA,Pacific,train,154573.0,2363.931605131556,2092.636965112437,low
677000,2023,Sunnyvale city,CA,Pacific,train,153455.0,1902.8379655273527,2135.117101624142,low
677000,2024,Sunnyvale city,CA,Pacific,train,154236.0,1867.91669908452,2158.0468094741163,low
678120,2022,Temecula city,CA,Pacific,train,110114.0,2407.5049494160594,2185.05293504643,low
678120,2023,Temecula city,CA,Pacific,train,110404.0,2143.944059997826,2152.1266730129337,low
678120,2024,Temecula city,CA,Pacific,train,111167.0,1674.9574963793211,2137.882791798486,low
678582,2022,Thousand Oaks city,CA,Pacific,train,126532.0,1091.4235134195303,1921.745976291952,low
678582,2023,Thousand Oaks city,CA,Pacific,train,125676.0,1093.2875011935453,1959.3852201035088,low
678582,2024,Thousand Oaks city,CA,Pacific,train,125205.0,997.5639950481212,2022.5556312911874,low
680000,2022,Torrance city,CA,Pacific,train,145454.0,2549.947062301484,2113.7326292250186,low
680000,2023,Torrance city,CA,Pacific,train,143499.0,2536.603042529913,2120.3645271951063,low
680000,2024,Torrance city,CA,Pacific,train,142130.0,2673.608668120735,2168.5028771962393,low
680238,2022,Tracy city,CA,Pacific,train,94027.0,1567.6348282940007,2286.297846530821,low
680238,2023,Tracy city,CA,Pacific,train,95358.0,1713.542649803897,2195.1986453856975,low
680238,2024,Tracy city,CA,Pacific,train,96966.0,1633.562279561908,2207.0661068243166,low
680644,2022,Tulare city,CA,Pacific,train,69261.0,2216.2544577756603,2574.4506480431887,low
680644,2023,Tulare city,CA,Pacific,train,69984.0,2014.7462277091904,2584.87751239228,low
680644,2024,Tulare city,CA,Pacific,train,70945.0,1862.005779124674,2548.5085521935157,low
680812,2022,Turlock city,CA,Pacific,train,72504.0,2878.461877965354,2433.965118148021,low
680812,2023,Turlock city,CA,Pacific,train,72400.0,2183.701657458564,2264.9148885160657,low
680812,2024,Turlock city,CA,Pacific,train,72502.0,1860.6383272185597,2300.20963728916,low
680854,2022,Tustin city,CA,Pacific,train,79514.0,2464.974721432704,2381.9683400880253,low
680854,2023,Tustin city,CA,Pacific,train,79035.0,2209.147845891061,2385.9931885908986,low
680854,2024,Tustin city,CA,Pacific,train,78981.0,2051.126220230182,2320.2567741539315,low
681204,2023,Union City city,CA,Pacific,train,68141.0,3045.156366945011,2023.9110514725435,low
681204,2024,Union City city,CA,Pacific,train,67464.0,2119.64899798411,1995.0690216125504,low
681344,2022,Upland city,CA,Pacific,train,78847.0,2062.221771278552,2339.45622912381,low
681344,2023,Upland city,CA,Pacific,train,78940.0,2043.3240435774003,2219.626458697,low
681344,2024,Upland city,CA,Pacific,train,79257.0,1777.7609548683397,2254.6552722724755,low
681554,2022,Vacaville city,CA,Pacific,train,101631.0,1889.1873542521475,2140.0302246704205,low
681554,2023,Vacaville city,CA,Pacific,train,102085.0,2074.7416368712347,2167.493439000822,low
681554,2024,Vacaville city,CA,Pacific,train,102596.0,1740.8086085227494,2232.235890354581,low
681666,2022,Vallejo city,CA,Pacific,train,125132.0,4191.573698174728,2536.569849300994,low
681666,2023,Vallejo city,CA,Pacific,train,124637.0,4099.906127393952,2576.914472122528,low
681666,2024,Vallejo city,CA,Pacific,train,124268.0,3910.90224353816,2592.943128596276,low
682590,2022,Victorville city,CA,Pacific,train,134417.0,1849.4684452115432,2877.001492890041,mid
682590,2024,Victorville city,CA,Pacific,train,137627.0,2170.3590138562927,2793.2193251537674,mid
682954,2022,Visalia city,CA,Pacific,train,141466.0,2418.2489078647877,2314.3644692278485,low
682954,2023,Visalia city,CA,Pacific,train,142649.0,2450.7707730162847,2221.517678258914,low
682954,2024,Visalia city,CA,Pacific,train,143939.0,2162.0269697580225,2222.610191848398,low
682996,2022,Vista city,CA,Pacific,train,98392.0,1477.7624197089194,2288.186123835566,low
682996,2023,Vista city,CA,Pacific,train,98646.0,1187.0729679865378,2226.4712277626386,low
682996,2024,Vista city,CA,Pacific,train,99114.0,856.5893819238453,2245.2737672646313,low
683346,2023,Walnut Creek city,CA,Pacific,train,69790.0,2710.990113196733,1971.9321468558492,low
683346,2024,Walnut Creek city,CA,Pacific,train,70088.0,2844.994863600046,2002.149040128107,low
683668,2022,Watsonville city,CA,Pacific,train,52457.0,1828.1640200545207,1991.939564627763,low
683668,2024,Watsonville city,CA,Pacific,train,51712.0,1150.6033415841584,2025.8388780948992,low
684200,2022,West Covina city,CA,Pacific,train,108173.0,2234.383811117377,2111.0852129479636,low
684200,2023,West Covina city,CA,Pacific,train,107436.0,2255.296176328233,2130.587585887155,low
684200,2024,West Covina city,CA,Pacific,train,107037.0,2047.889981968852,2153.2696462889025,low
684550,2022,Westminster city,CA,Pacific,train,90638.0,2934.751428760564,2584.028348105611,low
684550,2023,Westminster city,CA,Pacific,train,90147.0,2722.220373390129,2571.6971934578805,low
684550,2024,Westminster city,CA,Pacific,train,89860.0,2447.1399955486318,2465.3492001309355,low
684816,2022,West Sacramento city,CA,Pacific,train,54163.0,991.4517290401196,2550.049276139108,low
684816,2023,West Sacramento city,CA,Pacific,train,54496.0,1225.778038755138,2496.623959855407,low
684816,2024,West Sacramento city,CA,Pacific,train,54927.0,1409.1430444043913,2466.17897966082,low
685292,2023,Whittier city,CA,Pacific,train,85925.0,2218.213558335758,1892.7884415926374,low
685292,2024,Whittier city,CA,Pacific,train,86165.0,2293.274531422271,1881.4184055535306,low
686328,2022,Woodland city,CA,Pacific,train,61227.0,2222.875528769987,2170.196900142351,low
686328,2023,Woodland city,CA,Pacific,train,61256.0,2087.958730573332,2094.0378800172616,low
686328,2024,Woodland city,CA,Pacific,train,61854.0,1403.3045558896756,2109.6829203197417,low
686832,2022,Yorba Linda city,CA,Pacific,train,68035.0,989.1967369736165,1961.8659508130386,low
686832,2023,Yorba Linda city,CA,Pacific,train,67407.0,1111.1605619594404,1937.3111629936723,low
686832,2024,Yorba Linda city,CA,Pacific,train,67170.0,745.8686913800805,1945.9090068174157,low
686972,2022,Yuba City city,CA,Pacific,train,69535.0,2250.665132667002,2663.894939186127,low
686972,2023,Yuba City city,CA,Pacific,train,69545.0,1957.0062549428428,2784.237201209906,mid
686972,2024,Yuba City city,CA,Pacific,train,69471.0,1628.0174461286003,2660.16380410579,low
687042,2022,Yucaipa city,CA,Pacific,train,54428.0,1311.824796060851,1972.5814145866143,low
687042,2024,Yucaipa city,CA,Pacific,train,54421.0,814.0239980889729,2064.7341157805536,low
803455,2022,Arvada city,CO,Mountain,train,123066.0,3016.267693757821,1644.4219123392445,low
803455,2023,Arvada city,CO,Mountain,train,122835.0,2544.877274392478,1657.9286124126352,low
803455,2024,Arvada city,CO,Mountain,train,122634.0,2434.8875515762347,1673.6118852687412,low
804000,2022,Aurora city,CO,Mountain,train,387349.0,4281.668469519736,2493.5251655989255,low
804000,2023,Aurora city,CO,Mountain,train,390201.0,3808.293674285817,2526.173384339017,low
804000,2024,Aurora city,CO,Mountain,train,394432.0,3130.8311698847965,2576.1604142004103,low
807850,2022,Boulder city,CO,Mountain,train,106598.0,2901.555376273476,3236.4134851844383,high
807850,2023,Boulder city,CO,Mountain,train,106274.0,2998.8520240133994,3201.615682735783,high
807850,2024,Boulder city,CO,Mountain,train,106433.0,2701.22988170962,3160.4104374332846,high
809280,2022,Broomfield city,CO,Mountain,train,73946.0,2695.210018121332,1736.7557731371548,low
809280,2023,Broomfield city,CO,Mountain,train,75110.0,2337.904406869924,1754.6591843825863,low
809280,2024,Broomfield city,CO,Mountain,train,76304.0,1904.225204445376,1819.838651498991,low
812415,2022,Castle Rock town,CO,Mountain,train,74065.0,1242.152163640046,1524.881784892074,low
812415,2023,Castle Rock town,CO,Mountain,train,76614.0,1315.6864280679772,1569.264032641385,low
812415,2024,Castle Rock town,CO,Mountain,train,79123.0,997.1816033264664,1565.8714662604343,low
812815,2022,Centennial city,CO,Mountain,train,107702.0,2073.3134017938387,1477.8705261979999,low
812815,2023,Centennial city,CO,Mountain,train,107386.0,1900.6201925763128,1474.54134189252,low
812815,2024,Centennial city,CO,Mountain,train,108201.0,1681.1304886276469,1506.7649690107983,low
816000,2022,Colorado Springs city,CO,Mountain,train,479612.0,3457.586549127211,2310.6994968361278,low
816000,2023,Colorado Springs city,CO,Mountain,train,483099.0,3741.676136775278,2223.489083255823,low
816000,2024,Colorado Springs city,CO,Mountain,train,487887.0,3474.165124301324,2208.503838227757,low
816495,2022,Commerce City city,CO,Mountain,train,63050.0,3968.279143536876,2348.8602243081245,low
816495,2023,Commerce City city,CO,Mountain,train,64640.0,3010.519801980198,2203.133874629083,low
816495,2024,Commerce City city,CO,Mountain,train,66445.0,3032.583339604184,2109.79609302106,low
820000,2022,Denver city,CO,Mountain,train,710800.0,6378.16544738323,2514.8289118316475,low
820000,2023,Denver city,CO,Mountain,train,713734.0,5738.412349698908,2485.5357810766,low
820000,2024,Denver city,CO,Mountain,train,718877.0,4782.459308059654,2480.089702340404,low
827425,2022,Fort Collins city,CO,Mountain,train,168758.0,2594.839948328375,2632.570862474231,low
827425,2023,Fort Collins city,CO,Mountain,train,169705.0,2428.331516455025,2601.9873553053026,low
827425,2024,Fort Collins city,CO,Mountain,train,170229.0,2158.856599051865,2574.310874436596,low
831660,2022,Grand Junction city,CO,Mountain,train,65918.0,3246.4577201978213,2341.2753080882812,low
831660,2023,Grand Junction city,CO,Mountain,train,67027.0,3297.1787488623986,2343.4181072113743,low
831660,2024,Grand Junction city,CO,Mountain,train,68142.0,3288.720612837897,2234.0886312079865,low
832155,2022,Greeley city,CO,Mountain,train,107949.0,3200.5854616531883,2672.548372038666,low
832155,2023,Greeley city,CO,Mountain,train,109421.0,2865.9946445380688,2583.376176423113,low
832155,2024,Greeley city,CO,Mountain,train,110806.0,3100.0126346948723,2605.4691466116087,low
843000,2022,Lakewood city,CO,Mountain,train,156149.0,5355.1415635066505,2095.8739829690758,low
843000,2023,Lakewood city,CO,Mountain,train,156309.0,4608.179951250408,2120.4694673946515,low
843000,2024,Lakewood city,CO,Mountain,train,156583.0,5070.154486757822,2094.695594393371,low
845970,2022,Longmont city,CO,Mountain,train,98282.0,2904.9062900632875,1997.171576452426,low
845970,2023,Longmont city,CO,Mountain,train,98958.0,2702.156470421796,2068.415566766841,low
845970,2024,Longmont city,CO,Mountain,train,99406.0,2593.404824658471,2069.2772008040415,low
846465,2022,Loveland city,CO,Mountain,train,76500.0,2707.1895424836603,1745.6440067167803,low
846465,2023,Loveland city,CO,Mountain,train,77350.0,2404.654169360052,1788.1886709373193,low
846465,2024,Loveland city,CO,Mountain,train,78410.0,2068.613697232496,1817.4189837003596,low
857630,2022,Parker town,CO,Mountain,train,58733.0,1804.7775526535336,1629.6676044839655,low
857630,2023,Parker town,CO,Mountain,train,60115.0,1904.6826915079432,1617.2268276068735,low
857630,2024,Parker town,CO,Mountain,train,61783.0,1709.208034572617,1760.2385888926674,low
862000,2022,Pueblo city,CO,Mountain,train,111430.0,6457.865924795836,2987.898512910875,mid
862000,2023,Pueblo city,CO,Mountain,train,111514.0,5522.176587693025,2868.6938430774176,mid
862000,2024,Pueblo city,CO,Mountain,train,111561.0,4908.52538073341,2723.1654462575766,mid
877290,2022,Thornton city,CO,Mountain,train,141799.0,3513.423931057342,2129.4350314561984,low
877290,2023,Thornton city,CO,Mountain,train,142878.0,3004.6613194473607,2088.595333764507,low
877290,2024,Thornton city,CO,Mountain,train,144187.0,2868.497159938136,2055.00928231847,low
883835,2022,Westminster city,CO,Mountain,train,115502.0,4365.292375889595,1970.675149473098,low
883835,2023,Westminster city,CO,Mountain,train,115546.0,3541.4466965537536,1994.5565399368506,low
883835,2024,Westminster city,CO,Mountain,train,115484.0,3504.3815593502127,2022.5774867497262,low
908000,2022,Bridgeport city,CT,New England,holdout,148470.0,1241.3282144540983,3295.389507827931,high
908000,2023,Bridgeport city,CT,New England,holdout,148012.0,1412.723292705997,3214.8804177645825,high
908000,2024,Bridgeport city,CT,New England,holdout,149153.0,1458.9046147244776,3111.672491807813,mid
908420,2022,Bristol city,CT,New England,holdout,61052.0,1303.8065911026663,2073.6985068205177,low
908420,2023,Bristol city,CT,New England,holdout,61129.0,1187.652341769046,1978.3571896261722,low
908420,2024,Bristol city,CT,New England,holdout,61462.0,964.8237935635028,2167.2055784246904,low
918430,2022,Danbury city,CT,New England,holdout,86456.0,1316.2764874618304,2382.669935187265,low
918430,2023,Danbury city,CT,New England,holdout,86086.0,1130.265083753456,2380.0383700554926,low
918430,2024,Danbury city,CT,New England,holdout,87263.0,1242.2217893035995,2411.2983190687432,low
922700,2022,East Hartford CDP,CT,New England,holdout,50942.0,2653.9986651486,2558.4693279688104,low
922700,2023,East Hartford CDP,CT,New England,holdout,50798.0,2252.057167605024,2604.723585207106,low
922700,2024,East Hartford CDP,CT,New England,holdout,50918.0,1659.5310106445656,2500.012782199704,low
937000,2022,Hartford city,CT,New England,holdout,121057.0,2459.9981826742774,3519.868161916276,high
937000,2023,Hartford city,CT,New England,holdout,119970.0,2699.8416270734347,3458.438065951187,high
937000,2024,Hartford city,CT,New England,holdout,121127.0,2810.273514575611,3513.9386238406087,high
946450,2022,Meriden city,CT,New England,holdout,60556.0,2336.6800977607504,2590.333769849868,low
946450,2023,Meriden city,CT,New England,holdout,60418.0,2411.532986858221,2479.2995265672635,low
946450,2024,Meriden city,CT,New England,holdout,60545.0,1671.4840201503014,2418.8617036028827,low
950370,2022,New Britain city,CT,New England,holdout,74212.0,2045.491295208322,2926.8383199637683,mid
950370,2023,New Britain city,CT,New England,holdout,73301.0,2335.575230897259,2832.517343733878,mid
950370,2024,New Britain city,CT,New England,holdout,74223.0,1933.362973741293,2805.415918067136,mid
952000,2022,New Haven city,CT,New England,holdout,135736.0,3111.9231449283902,3541.856714760981,high
952000,2023,New Haven city,CT,New England,holdout,132893.0,3927.21964287058,3500.170115850342,high
952000,2024,New Haven city,CT,New England,holdout,134349.0,3664.3369135609496,3437.0130484753217,high
955990,2022,Norwalk city,CT,New England,holdout,91050.0,1737.5068643602417,2342.3443136088667,low
955990,2023,Norwalk city,CT,New England,holdout,91375.0,1560.6019151846783,2306.7711480505614,low
955990,2024,Norwalk city,CT,New England,holdout,92187.0,1517.5675529087616,2223.9371324285157,low
973000,2022,Stamford city,CT,New England,holdout,135413.0,1182.3089363650463,2467.1366189515097,low
973000,2023,Stamford city,CT,New England,holdout,135806.0,1167.8423633712796,2409.304829924269,low
973000,2024,Stamford city,CT,New England,holdout,137144.0,1219.156507029108,2410.9411847513934,low
980000,2022,Waterbury city,CT,New England,holdout,114480.0,2848.5324947589097,3167.833850681482,high
980000,2023,Waterbury city,CT,New England,holdout,114356.0,3087.726048480185,3278.8918786870304,high
980000,2024,Waterbury city,CT,New England,holdout,114869.0,2931.165066292908,3331.9169660967996,high
982660,2022,West Hartford CDP,CT,New England,holdout,64088.0,2654.1630258394707,1798.6547448700917,low
982660,2023,West Hartford CDP,CT,New England,holdout,63809.0,3101.4433700575155,1808.3419081031084,low
982660,2024,West Hartford CDP,CT,New England,holdout,63620.0,2752.2791574976422,1840.5064230599264,low
982800,2022,West Haven city,CT,New England,holdout,55336.0,2063.755963568021,2430.8400849581426,low
982800,2023,West Haven city,CT,New England,holdout,55147.0,1693.655139898816,2557.23812917516,low
982800,2024,West Haven city,CT,New England,holdout,55351.0,1221.29681487236,2681.18430963942,low
1077580,2022,Wilmington city,DE,South Atlantic,train,71034.0,3353.3237604527408,3284.9023090658648,high
1077580,2023,Wilmington city,DE,South Atlantic,train,71124.0,3652.7754344525056,3212.0997964092503,high
1077580,2024,Wilmington city,DE,South Atlantic,train,71727.0,3168.9600847658485,3087.92199592783,mid
1150000,2022,Washington city,DC,South Atlantic,train,670587.0,3490.67309685395,2791.5768521910754,mid
1150000,2023,Washington city,DC,South Atlantic,train,672079.0,4200.2502681976375,2762.7667293571976,mid
1150000,2024,Washington city,DC,South Atlantic,train,681294.0,3698.403332482012,2842.254783331909,mid
1201700,2022,Apopka city,FL,South Atlantic,train,55056.0,2867.988956698634,2289.163341478769,low
1201700,2023,Apopka city,FL,South Atlantic,train,56202.0,2850.4323689548414,2184.4511525004746,low
1201700,2024,Apopka city,FL,South Atlantic,train,58232.0,2411.0454732792964,2323.101420948545,low
1207300,2023,Boca Raton city,FL,South Atlantic,train,98833.0,1936.6001234405512,2079.520012165039,low
1207300,2024,Boca Raton city,FL,South Atlantic,train,100234.0,1682.0639703094755,2110.554824099726,low
1207875,2023,Boynton Beach city,FL,South Atlantic,train,80601.0,2452.8231659656826,2436.9698055890085,low
1207875,2024,Boynton Beach city,FL,South Atlantic,train,81435.0,2284.0302081414625,2560.144115052022,low
1207950,2022,Bradenton city,FL,South Atlantic,train,55795.0,1828.1207993547807,2600.4661268572295,low
1207950,2023,Bradenton city,FL,South Atlantic,train,56289.0,1925.7759064826164,2578.920924743775,low
1207950,2024,Bradenton city,FL,South Atlantic,train,57014.0,1881.9938962360125,2583.742236188418,low
1212875,2022,Clearwater city,FL,South Atlantic,train,116984.0,1888.2924160568969,2657.2936097940974,low
1212875,2023,Clearwater city,FL,South Atlantic,train,117075.0,1830.450565876575,2580.3653290040247,low
1214400,2023,Coral Springs city,FL,South Atlantic,train,133962.0,1237.6644122960242,2277.3107211016377,low
1214400,2024,Coral Springs city,FL,South Atlantic,train,136103.0,1085.9422643145265,2225.4944390337496,low
1216475,2023,Davie town,FL,South Atlantic,train,106412.0,1988.4975378716688,2381.8188940890486,low
1216525,2022,Daytona Beach city,FL,South Atlantic,train,73329.0,2813.34806147636,3103.5648311745044,mid
1217100,2024,Delray Beach city,FL,South Atlantic,train,67979.0,2622.868827137793,2473.4105742367424,low
1217935,2022,Doral city,FL,South Atlantic,train,74891.0,1738.5266587440412,2078.7783246344075,low
1217935,2023,Doral city,FL,South Atlantic,train,76490.0,1683.8802457837626,2040.6993781701717,low
1225175,2023,Gainesville city,FL,South Atlantic,train,143611.0,2932.2266400206117,3876.917851338397,high
1225175,2024,Gainesville city,FL,South Atlantic,train,145702.0,2728.17119874813,4078.1545263142166,high
1232275,2022,Homestead city,FL,South Atlantic,train,79996.0,2295.1147557377867,2804.8335826313983,mid
1236950,2022,Kissimmee city,FL,South Atlantic,train,78478.0,1721.5015673182295,3264.477078122242,high
1236950,2024,Kissimmee city,FL,South Atlantic,train,81479.0,1906.012592201672,2972.4272677645313,mid
1239425,2022,Largo city,FL,South Atlantic,train,82541.0,2276.4444336753854,2306.040469410917,low
1239425,2023,Largo city,FL,South Atlantic,train,82506.0,2159.842920514872,2328.797500361764,low
1245000,2023,Miami city,FL,South Atlantic,train,446663.0,2986.1439161067738,2743.2691638246592,mid
1245000,2024,Miami city,FL,South Atlantic,train,459745.0,2999.2713351966854,2756.1997440824202,mid
1245025,2022,Miami Beach city,FL,South Atlantic,train,82400.0,8207.52427184466,2624.1634019102953,low
1245060,2024,Miami Gardens city,FL,South Atlantic,train,113177.0,2371.506578191682,2302.5284480632686,low
1245975,2023,Miramar city,FL,South Atlantic,train,135986.0,1103.7900960392983,2060.4391014880016,low
1249450,2022,North Miami city,FL,South Atlantic,train,59854.0,2770.073846359475,2821.96755070564,mid
1249675,2022,North Port city,FL,South Atlantic,train,76975.0,1035.401104254628,1663.7748147722668,low
1249675,2023,North Port city,FL,South Atlantic,train,80512.0,1091.7627186009538,1731.238975415892,low
1249675,2024,North Port city,FL,South Atlantic,train,84605.0,867.5610188523136,1744.4504091602612,low
1250750,2023,Ocala city,FL,South Atlantic,train,64903.0,3030.676548079441,2912.708640066383,mid
1250750,2024,Ocala city,FL,South Atlantic,train,66584.0,3207.9778925868072,3069.680035339473,mid
1253000,2022,Orlando city,FL,South Atlantic,train,307738.0,4067.420987983284,2877.2932042532975,mid
1254000,2023,Palm Bay city,FL,South Atlantic,train,125273.0,1096.006322192332,2334.337225945449,low
1254000,2024,Palm Bay city,FL,South Atlantic,train,130132.0,1103.4949128577136,2390.103594458382,low
1255925,2023,Pensacola city,FL,South Atlantic,train,54011.0,1107.1818703597414,2317.355864599129,low
1256975,2022,Pinellas Park city,FL,South Atlantic,train,53352.0,3092.6675663517767,2354.6368068596353,low
1256975,2023,Pinellas Park city,FL,South Atlantic,train,53423.0,2470.845890346854,2396.4599422098668,low
1256975,2024,Pinellas Park city,FL,South Atlantic,train,53560.0,2203.1366691560866,2356.5307674866585,low
1257425,2022,Plantation city,FL,South Atlantic,train,93130.0,2528.723290024697,2461.0999367192853,low
1257425,2023,Plantation city,FL,South Atlantic,train,94002.0,2585.0513818854915,2455.378656321932,low
1257425,2024,Plantation city,FL,South Atlantic,train,96293.0,2315.8485040449464,2428.4592818807614,low
1258575,2022,Port Orange city,FL,South Atlantic,train,62849.0,1333.3545482028353,1927.023856662101,low
1258715,2022,Port St. Lucie city,FL,South Atlantic,train,210520.0,827.9498384951547,2108.076032409609,low
1258715,2023,Port St. Lucie city,FL,South Atlantic,train,220453.0,833.7378035227463,2125.967456355275,low
1262625,2022,St. Cloud city,FL,South Atlantic,train,59851.0,1087.7011244590733,2361.609529501121,low
1262625,2023,St. Cloud city,FL,South Atlantic,train,61963.0,1024.8051256394945,2267.8244209718105,low
1262625,2024,St. Cloud city,FL,South Atlantic,train,65130.0,803.0093658836173,2228.2180958225626,low
1263000,2022,St. Petersburg city,FL,South Atlantic,train,259343.0,2646.68797692631,2327.8414026750247,low
1263000,2023,St. Petersburg city,FL,South Atlantic,train,260646.0,2696.3774621517305,2313.45411210147,low
1263000,2024,St. Petersburg city,FL,South Atlantic,train,262732.0,2480.093783779669,2385.0260925103853,low
1263650,2022,Sanford city,FL,South Atlantic,train,61272.0,2932.8241284763026,2689.3580724382145,low
1263650,2023,Sanford city,FL,South Atlantic,train,62292.0,2865.536505490272,2691.8141712883294,low
1263650,2024,Sanford city,FL,South Atlantic,train,63730.0,2364.6634238192373,2513.9648076765766,low
1264175,2022,Sarasota city,FL,South Atlantic,train,55508.0,3136.4848310153493,2518.8167438204305,low
1264175,2024,Sarasota city,FL,South Atlantic,train,56970.0,1657.0124626996665,2662.2059100343213,low
1271000,2022,Tampa city,FL,South Atlantic,train,388768.0,1679.6649930035392,2989.4666350245348,mid
1271000,2023,Tampa city,FL,South Atlantic,train,393389.0,1697.3021614737577,2912.6680789603615,mid
1271000,2024,Tampa city,FL,South Atlantic,train,401618.0,1490.9690302725476,2880.129399737073,mid
1275812,2022,Wellington village,FL,South Atlantic,train,61373.0,984.1461228879148,2013.9967892832985,low
1275812,2023,Wellington village,FL,South Atlantic,train,61497.0,1084.6057531261688,2064.1402418085004,low
1275812,2024,Wellington village,FL,South Atlantic,train,62146.0,788.4658706915973,2115.168568517294,low
1276600,2023,West Palm Beach city,FL,South Atlantic,train,119508.0,2384.777588111256,2750.5067804569503,mid
1276600,2024,West Palm Beach city,FL,South Atlantic,train,122290.0,2210.319731785101,2695.2298628898743,low
1278275,2022,Winter Haven city,FL,South Atlantic,train,50778.0,1778.3291976840364,2757.8439653255473,mid
1278275,2023,Winter Haven city,FL,South Atlantic,train,52846.0,1833.6297922264691,2876.0430069043637,mid
1278275,2024,Winter Haven city,FL,South Atlantic,train,55200.0,1668.4782608695652,2880.57157657941,mid
1301052,2022,Albany city,GA,South Atlantic,train,68926.0,752.9814583756493,3453.007977203424,high
1301052,2023,Albany city,GA,South Atlantic,train,67939.0,2269.683098073272,3401.0005309667476,high
1301052,2024,Albany city,GA,South Atlantic,train,67224.0,1582.768059026538,3214.7743292107557,high
1301696,2022,Alpharetta city,GA,South Atlantic,train,65884.0,1317.467063323417,2019.3608682524823,low
1301696,2023,Alpharetta city,GA,South Atlantic,train,66355.0,1362.369075427624,2009.5415182927227,low
1301696,2024,Alpharetta city,GA,South Atlantic,train,66855.0,1168.199835464812,2055.2277393271947,low
1303440,2022,Athens-Clarke County unified government (balance),GA,South Atlantic,train,126672.0,2663.572060123784,3724.87286318846,high
1303440,2023,Athens-Clarke County unified government (balance),GA,South Atlantic,train,126987.0,2571.129328198949,3673.980164758138,high
1303440,2024,Athens-Clarke County unified government (balance),GA,South Atlantic,train,127345.0,2319.6827515803525,3684.384514452865,high
1304000,2022,Atlanta city,GA,South Atlantic,train,494838.0,3754.562099111224,2935.3057457689797,mid
1304000,2023,Atlanta city,GA,South Atlantic,train,499287.0,3899.76105927052,2958.9159648391305,mid
1310944,2022,Brookhaven city,GA,South Atlantic,train,56848.0,2204.1232761047004,2333.870581171912,low
1310944,2023,Brookhaven city,GA,South Atlantic,train,57224.0,2561.862155738851,2346.845246278732,low
1310944,2024,Brookhaven city,GA,South Atlantic,train,57855.0,2259.096015901824,2406.8318298985596,low
1319000,2022,Columbus city,GA,South Atlantic,train,204572.0,2355.649844553507,3002.951832297473,mid
1319000,2024,Columbus city,GA,South Atlantic,train,203711.0,2206.5573287647694,2979.594676589586,mid
1324768,2022,Dunwoody city,GA,South Atlantic,train,51458.0,2878.075323564849,1960.3047766868256,low
1324768,2023,Dunwoody city,GA,South Atlantic,train,51563.0,3634.388999864244,2050.3443440445462,low
1324768,2024,Dunwoody city,GA,South Atlantic,train,51758.0,3272.9239924262915,1990.6845692373886,low
1342425,2022,Johns Creek city,GA,South Atlantic,train,82230.0,473.0633588714581,1896.3122032363997,low
1342425,2023,Johns Creek city,GA,South Atlantic,train,82115.0,549.2297387809779,1903.757696672783,low
1342425,2024,Johns Creek city,GA,South Atlantic,train,81988.0,530.5654486022345,1938.9392839990846,low
1349756,2022,Marietta city,GA,South Atlantic,train,61387.0,2498.900418655416,2703.74241847878,mid
1349756,2024,Marietta city,GA,South Atlantic,train,62263.0,1842.1855676726143,2674.8439965276657,low
1367284,2022,Roswell city,GA,South Atlantic,train,92770.0,1205.1309690632747,1948.8135480901096,low
1367284,2023,Roswell city,GA,South Atlantic,train,92577.0,1232.487550903572,2022.13153809577,low
1367284,2024,Roswell city,GA,South Atlantic,train,92621.0,1011.6496258947756,2004.39912863029,low
1368516,2022,Sandy Springs city,GA,South Atlantic,train,107221.0,1489.4470299661446,2183.5074830901367,low
1368516,2023,Sandy Springs city,GA,South Atlantic,train,107198.0,1702.4571353943172,2231.8054864719384,low
1368516,2024,Sandy Springs city,GA,South Atlantic,train,107087.0,1439.9506942952928,2328.933070164325,low
1371492,2022,Smyrna city,GA,South Atlantic,train,55863.0,1671.9474428512613,2295.8988454042337,low
1371492,2023,Smyrna city,GA,South Atlantic,train,56285.0,1613.218441858399,2421.0058006801255,low
1371492,2024,Smyrna city,GA,South Atlantic,train,56633.0,1313.721681705013,2487.849462725538,low
1372122,2022,South Fulton city,GA,South Atlantic,train,107865.0,2693.181291429101,1575.1494868963696,low
1372122,2023,South Fulton city,GA,South Atlantic,train,109157.0,2886.667827074764,1598.1240961553394,low
1372122,2024,South Fulton city,GA,South Atlantic,train,110471.0,1941.6860533533688,1590.051569597388,low
1378800,2022,Valdosta city,GA,South Atlantic,train,55266.0,2305.2147794303914,3515.3657353180383,high
1378800,2024,Valdosta city,GA,South Atlantic,train,55252.0,4052.341996669804,3353.5147969094487,high
1380508,2022,Warner Robins city,GA,South Atlantic,train,80374.0,3751.213078856347,2405.088261404601,low
1380508,2023,Warner Robins city,GA,South Atlantic,train,81438.0,3615.020015226307,2604.0113829789666,low
1380508,2024,Warner Robins city,GA,South Atlantic,train,82990.0,3084.709001084468,2656.0541886052024,low
1608830,2022,Boise City city,ID,Mountain,train,234192.0,1228.9061966249917,2055.4098299082752,low
1608830,2023,Boise City city,ID,Mountain,train,235701.0,1249.0400974115512,2042.7114984511607,low
1608830,2024,Boise City city,ID,Mountain,train,237242.0,1100.5639810826076,2054.580827337334,low
1612250,2022,Caldwell city,ID,Mountain,train,61212.0,1429.4582761550023,2367.0652037335967,low
1612250,2023,Caldwell city,ID,Mountain,train,63465.0,814.6222327266998,2430.3967838259696,low
1612250,2024,Caldwell city,ID,Mountain,train,66516.0,1044.8613867340189,2318.033888272319,low
1616750,2022,Coeur d'Alene city,ID,Mountain,train,54599.0,1062.2905181413578,1864.8036213782693,low
1616750,2023,Coeur d'Alene city,ID,Mountain,train,55558.0,1079.952482090788,1725.8775742898947,low
1616750,2024,Coeur d'Alene city,ID,Mountain,train,56447.0,974.3653338529948,1824.2917788865889,low
1639700,2022,Idaho Falls city,ID,Mountain,train,65685.0,1423.4604552028622,2131.0312776132155,low
1639700,2023,Idaho Falls city,ID,Mountain,train,66672.0,1447.384209263259,2123.3567084709352,low
1639700,2024,Idaho Falls city,ID,Mountain,train,67725.0,1227.0210409745291,2056.5396100954276,low
1652120,2022,Meridian city,ID,Mountain,train,119872.0,697.4105712760278,1643.758071796693,low
1652120,2023,Meridian city,ID,Mountain,train,124865.0,536.5795058663357,1663.721137036409,low
1652120,2024,Meridian city,ID,Mountain,train,130138.0,616.2688838002736,1678.6760547147633,low
1656260,2022,Nampa city,ID,Mountain,train,102598.0,1377.2198288465663,2245.8332117341297,low
1656260,2023,Nampa city,ID,Mountain,train,106289.0,932.3636500484528,2194.9598013109135,low
1656260,2024,Nampa city,ID,Mountain,train,110319.0,800.4060950516231,2265.5239151023043,low
1664090,2022,Pocatello city,ID,Mountain,train,56582.0,1380.297621151603,2322.44232723624,low
1664090,2023,Pocatello city,ID,Mountain,train,57152.0,1424.272116461366,2279.691336931829,low
1664090,2024,Pocatello city,ID,Mountain,train,57635.0,1613.6028454931898,2347.3218224890497,low
1682810,2022,Twin Falls city,ID,Mountain,train,52315.0,1515.8176431233871,2255.974323014869,low
1682810,2023,Twin Falls city,ID,Mountain,train,53219.0,1604.6900543039142,2172.927212383665,low
1682810,2024,Twin Falls city,ID,Mountain,train,54164.0,1163.1341850675726,2201.289853476695,low
1702154,2022,Arlington Heights village,IL,East North Central,train,76794.0,1045.654608432951,1658.787740619063,low
1702154,2023,Arlington Heights village,IL,East North Central,train,76220.0,909.2101810548412,1700.818746475464,low
1702154,2024,Arlington Heights village,IL,East North Central,train,76005.0,851.2597855404249,1662.5091979645906,low
1703012,2023,Aurora city,IL,East North Central,train,179867.0,1074.6829601872494,2310.867992821675,low
1703012,2024,Aurora city,IL,East North Central,train,179898.0,1229.5856540928748,2301.5019128856047,low
1705573,2022,Berwyn city,IL,East North Central,train,56556.0,735.5541410283613,2133.4502245772073,low
1705573,2023,Berwyn city,IL,East North Central,train,55888.0,696.0349269968509,2114.434844035396,low
1705573,2024,Berwyn city,IL,East North Central,train,55595.0,1091.824804388884,2091.2261738042926,low
1707133,2022,Bolingbrook village,IL,East North Central,train,73755.0,760.6263982102907,2173.8774842884573,low
1707133,2023,Bolingbrook village,IL,East North Central,train,73813.0,887.3775622180375,2209.867623589609,low
1707133,2024,Bolingbrook village,IL,East North Central,train,74096.0,780.0690995465342,2277.1845222721695,low
1712385,2022,Champaign city,IL,East North Central,train,88628.0,1745.4980367378255,3451.9392111019383,high
1712385,2023,Champaign city,IL,East North Central,train,88822.0,1818.243228029092,3461.2664135833706,high
1712385,2024,Champaign city,IL,East North Central,train,89996.0,2265.6562513889507,3600.4092475019456,high
1714000,2022,Chicago city,IL,East North Central,train,2721914.0,3052.6313469125034,2901.8222568341216,mid
1714000,2023,Chicago city,IL,East North Central,train,2707648.0,3331.3414446781853,2888.721377491077,mid
1714000,2024,Chicago city,IL,East North Central,train,2711226.0,3379.504327562513,2886.074437450799,mid
1714351,2022,Cicero town,IL,East North Central,train,84189.0,1332.7156754445357,1778.9157273444462,low
1714351,2023,Cicero town,IL,East North Central,train,83223.0,1179.9622700455402,1744.8310068889184,low
1714351,2024,Cicero town,IL,East North Central,train,82797.0,1188.448856842639,1889.0066187116163,low
1718823,2022,Decatur city,IL,East North Central,train,70975.0,2398.027474462839,2805.501484095753,mid
1718823,2023,Decatur city,IL,East North Central,train,70368.0,2488.3469758981355,2786.6395489827605,mid
1718823,2024,Decatur city,IL,East North Central,train,69815.0,2790.2313256463517,2807.969509862696,mid
1719642,2022,Des Plaines city,IL,East North Central,train,60087.0,1178.2914773578311,1939.1025565194363,low
1719642,2023,Des Plaines city,IL,East North Central,train,59408.0,836.587664960948,1852.9297822590295,low
1719642,2024,Des Plaines city,IL,East North Central,train,59156.0,1102.1705321522752,1876.6858619712925,low
1720591,2024,Downers Grove village,IL,East North Central,train,50054.0,863.0678866823831,1508.7888821055897,low
1723074,2022,Elgin city,IL,East North Central,train,114190.0,745.249146159909,2228.190992062717,low
1723074,2023,Elgin city,IL,East North Central,train,114106.0,870.2434578374495,2248.654624310245,low
1723074,2024,Elgin city,IL,East North Central,train,114934.0,1082.3603111350862,2223.6021063220787,low
1724582,2022,Evanston city,IL,East North Central,train,77181.0,2421.580440782058,2485.767692627097,low
1724582,2023,Evanston city,IL,East North Central,train,76552.0,3047.601630264395,2513.635156286899,low
1724582,2024,Evanston city,IL,East North Central,train,76340.0,2664.396122609379,2521.2286970519012,low
1735411,2022,Hoffman Estates village,IL,East North Central,train,51744.0,927.643784786642,1863.4968302313912,low
1735411,2023,Hoffman Estates village,IL,East North Central,train,51186.0,902.5905521040908,1914.5533959479794,low
1735411,2024,Hoffman Estates village,IL,East North Central,train,51175.0,959.4528578407426,2057.5010035919254,low
1738570,2022,Joliet city,IL,East North Central,train,150221.0,1021.1621544258128,2309.6137751835113,low
1738570,2023,Joliet city,IL,East North Central,train,149785.0,1003.4382615081618,2302.3828180166656,low
1738570,2024,Joliet city,IL,East North Central,train,150445.0,1245.6379407756988,2303.5803227792994,low
1751089,2022,Mount Prospect village,IL,East North Central,train,56191.0,920.0761687814772,1761.8413701243148,low
1751089,2023,Mount Prospect village,IL,East North Central,train,55648.0,979.3703277745832,1815.1524643873915,low
1751089,2024,Mount Prospect village,IL,East North Central,train,55472.0,856.287856936833,1884.0607395438326,low
1751622,2022,Naperville city,IL,East North Central,train,149089.0,812.9372388304972,1755.6345796190103,low
1751622,2023,Naperville city,IL,East North Central,train,149424.0,862.6458935646215,1767.4644433311191,low
1751622,2024,Naperville city,IL,East North Central,train,150692.0,882.5949619090596,1769.2332055635497,low
1753234,2022,Normal town,IL,East North Central,train,52920.0,1366.2131519274376,3115.2371669245326,high
1753234,2023,Normal town,IL,East North Central,train,52908.0,1634.9134346412638,3014.245738211574,mid
1753234,2024,Normal town,IL,East North Central,train,53569.0,1521.4023035710952,3002.853419261025,mid
1754820,2022,Oak Lawn village,IL,East North Central,train,57665.0,1482.7018121911035,2047.9877186058,low
1754820,2023,Oak Lawn village,IL,East North Central,train,57098.0,1516.6906021226664,1940.671241687995,low
1754820,2024,Oak Lawn village,IL,East North Central,train,56861.0,1668.9822549726523,1978.89158101445,low
1754885,2022,Oak Park village,IL,East North Central,train,53834.0,2918.23011479734,2019.6004413659718,low
1754885,2023,Oak Park village,IL,East North Central,train,53315.0,3227.9846197130264,2001.3525192240752,low
1754885,2024,Oak Park village,IL,East North Central,train,53292.0,3473.316820535916,2023.22791148572,low
1756640,2023,Orland Park village,IL,East North Central,train,57961.0,919.5838581114888,1616.259382490186,low
1756640,2024,Orland Park village,IL,East North Central,train,57916.0,1072.24255818772,1695.8567182561528,low
1757225,2022,Palatine village,IL,East North Central,train,67223.0,764.6192523392292,2236.8763023447505,low
1757225,2023,Palatine village,IL,East North Central,train,66548.0,904.6102061669772,2221.0221361385256,low
1757225,2024,Palatine village,IL,East North Central,train,66293.0,908.089843573228,2066.950660189091,low
1759000,2022,Peoria city,IL,East North Central,train,113054.0,3068.4451677959205,2956.625348320947,mid
1759000,2023,Peoria city,IL,East North Central,train,112126.0,3780.568289246027,2980.5030714938152,mid
1759000,2024,Peoria city,IL,East North Central,train,112169.0,4189.214488851643,3081.924805589664,mid
1765000,2022,Rockford city,IL,East North Central,train,148173.0,2609.1123214080835,3176.4598907796644,high
1765000,2023,Rockford city,IL,East North Central,train,147649.0,2661.717993349092,3171.64107337775,high
1765000,2024,Rockford city,IL,East North Central,train,147521.0,2478.969095925326,3130.5742651431224,high
1768003,2022,Schaumburg village,IL,East North Central,train,77571.0,2079.385337303889,1996.6660021967787,low
1768003,2023,Schaumburg village,IL,East North Central,train,76780.0,1996.6137014847616,1971.0540513497754,low
1768003,2024,Schaumburg village,IL,East North Central,train,76868.0,2336.4729146068585,1965.9643684504158,low
1770122,2022,Skokie village,IL,East North Central,train,67076.0,2295.903154630568,2159.0401633855818,low
1770122,2023,Skokie village,IL,East North Central,train,66427.0,2529.0920860493475,2242.8243483714195,low
1770122,2024,Skokie village,IL,East North Central,train,66219.0,2597.4418218336127,2252.193762174216,low
1772000,2022,Springfield city,IL,East North Central,train,114214.0,4182.499518447827,2561.491322437895,low
1772000,2023,Springfield city,IL,East North Central,train,113714.0,4699.509295249485,2539.884078176459,low
1772000,2024,Springfield city,IL,East North Central,train,113330.0,4852.201535339274,2532.058440736712,low
1775484,2022,Tinley Park village,IL,East North Central,train,55571.0,1193.0683270050924,1518.21189012566,low
1775484,2023,Tinley Park village,IL,East North Central,train,55007.0,1110.76772047194,1508.0759760544756,low
1775484,2024,Tinley Park village,IL,East North Central,train,54842.0,1208.927464352139,1523.1815839492883,low
1779293,2023,Waukegan city,IL,East North Central,train,88919.0,1083.0081309956252,2635.1376170152453,low
1779293,2024,Waukegan city,IL,East North Central,train,89076.0,1579.5500471507476,2593.7581559750893,low
1781048,2023,Wheaton city,IL,East North Central,train,53453.0,452.7341776888108,1689.374225391346,low
1781048,2024,Wheaton city,IL,East North Central,train,53557.0,532.1433239352465,1683.41413268338,low
1801468,2022,Anderson city,IN,East North Central,train,55011.0,2897.6022977222738,2919.1544870950156,mid
1801468,2023,Anderson city,IN,East North Central,train,54930.0,2960.131075914801,2858.596566184791,mid
1801468,2024,Anderson city,IN,East North Central,train,55367.0,2255.8563765419835,2891.0795271110924,mid
1805860,2022,Bloomington city,IN,East North Central,train,79006.0,2371.97174898109,3906.4831652539688,high
1805860,2023,Bloomington city,IN,East North Central,train,78791.0,2500.285565610285,3890.05940888056,high
1805860,2024,Bloomington city,IN,East North Central,train,80049.0,2674.6118002723333,3860.572549649807,high
1810342,2022,Carmel city,IN,East North Central,train,99453.0,825.5155701688235,1508.018773749278,low
1810342,2023,Carmel city,IN,East North Central,train,100501.0,855.712878478821,1499.0519865067913,low
1810342,2024,Carmel city,IN,East North Central,train,101651.0,824.3893321265899,1525.7468736876522,low
1814734,2023,Columbus city,IN,East North Central,train,51104.0,113.49405134627426,2336.3324022840634,low
1814734,2024,Columbus city,IN,East North Central,train,51824.0,82.97313985798085,2211.0716062922374,low
1820728,2022,Elkhart city,IN,East North Central,train,53785.0,2859.5333271358186,2919.6171129788568,mid
1820728,2023,Elkhart city,IN,East North Central,train,53726.0,3104.642072739456,2844.0758013319282,mid
1820728,2024,Elkhart city,IN,East North Central,train,53733.0,2581.2815215975284,2811.9321511643434,mid
1822000,2022,Evansville city,IN,East North Central,train,116906.0,3728.636682462833,2681.829641061465,low
1822000,2023,Evansville city,IN,East North Central,train,116441.0,3598.3888836406422,2678.3579095064106,low
1822000,2024,Evansville city,IN,East North Central,train,116116.0,3632.574322229495,2635.7166086908815,low
1823278,2022,Fishers city,IN,East North Central,train,99041.0,779.4751668500924,1427.042536431732,low
1823278,2023,Fishers city,IN,East North Central,train,100918.0,623.2783051586437,1434.4434294031548,low
1823278,2024,Fishers city,IN,East North Central,train,102337.0,680.1059245434202,1517.3207423153644,low
1825000,2022,Fort Wayne city,IN,East North Central,train,264514.0,2416.8853066378338,2579.6271881607513,low
1825000,2023,Fort Wayne city,IN,East North Central,train,266235.0,2383.232858189194,2618.967120659346,low
1825000,2024,Fort Wayne city,IN,East North Central,train,268589.0,2251.0229383928604,2642.8445975742475,low
1827000,2023,Gary city,IN,East North Central,train,68604.0,2781.1789400034986,3603.891978050999,high
1829898,2022,Greenwood city,IN,East North Central,train,63579.0,1859.1044212711745,1849.3763109701295,low
1829898,2023,Greenwood city,IN,East North Central,train,64237.0,1941.2488129893984,1946.4345125915938,low
1829898,2024,Greenwood city,IN,East North Central,train,66029.0,1553.8626966938768,1976.1964839082793,low
1831000,2022,Hammond city,IN,East North Central,train,77390.0,3302.7522935779816,2968.5770110629605,mid
1831000,2023,Hammond city,IN,East North Central,train,77098.0,3329.528651845703,2915.6709283199098,mid
1831000,2024,Hammond city,IN,East North Central,train,76768.0,3028.605669028762,2896.706050152563,mid
1836003,2022,Indianapolis city (balance),IN,East North Central,train,882006.0,3393.6277077480195,2722.1698618875635,mid
1836003,2023,Indianapolis city (balance),IN,East North Central,train,882043.0,3643.359790849199,2726.691357971791,mid
1836003,2024,Indianapolis city (balance),IN,East North Central,train,885860.0,3354.2546226266,2743.5520787477003,mid
1838358,2023,Jeffersonville city,IN,East North Central,train,50176.0,1875.3985969387757,2041.9110381533503,low
1838358,2024,Jeffersonville city,IN,East North Central,train,51043.0,1690.7313441608055,2065.251532752885,low
1840392,2022,Kokomo city,IN,East North Central,train,59534.0,1547.0151510061478,2302.2851760832896,low
1840392,2023,Kokomo city,IN,East North Central,train,59375.0,1682.5263157894735,2332.628257512433,low
1840392,2024,Kokomo city,IN,East North Central,train,59122.0,1437.7050844017456,2455.6977816484605,low
1840788,2022,Lafayette city,IN,East North Central,train,70828.0,2189.811938781273,2576.20801927151,low
1840788,2023,Lafayette city,IN,East North Central,train,70650.0,2158.5279547062987,2602.723573193908,low
1840788,2024,Lafayette city,IN,East North Central,train,71159.0,2048.932671903765,2701.4642312275764,mid
1849932,2022,Mishawaka city,IN,East North Central,train,50899.0,2874.319731232441,2405.9964970346027,low
1849932,2023,Mishawaka city,IN,East North Central,train,50907.0,2076.335278056063,2462.319094809927,low
1849932,2024,Mishawaka city,IN,East North Central,train,51021.0,2557.7703298641736,2512.7984508278714,low
1851876,2022,Muncie city,IN,East North Central,train,65167.0,2725.3057529117496,3644.584690579232,high
1851876,2023,Muncie city,IN,East North Central,train,64739.0,2845.271011291494,3609.260592084143,high
1851876,2024,Muncie city,IN,East North Central,train,64751.0,2268.6908310296367,3561.1943265994423,high
1854180,2023,Noblesville city,IN,East North Central,train,71940.0,619.961078676675,1540.5789398727038,low
1854180,2024,Noblesville city,IN,East North Central,train,73362.0,552.056923202748,1516.6042821151304,low
1871000,2023,South Bend city,IN,East North Central,train,102866.0,2534.3650963389264,3181.743956972226,high
1871000,2024,South Bend city,IN,East North Central,train,103085.0,2050.734830479701,3042.9853820761086,mid
1875428,2022,Terre Haute city,IN,East North Central,train,58599.0,4737.282206180993,3269.427839731788,high
1875428,2023,Terre Haute city,IN,East North Central,train,58491.0,4243.387871638372,3262.2442259777763,high
1875428,2024,Terre Haute city,IN,East North Central,train,58427.0,3433.344173070669,3146.890803728757,high
1882700,2023,Westfield city,IN,East North Central,train,51109.0,982.2144827721144,1513.5869342037915,low
1882700,2024,Westfield city,IN,East North Central,train,54677.0,727.9111875194322,1508.9416508946415,low
1901855,2022,Ames city,IA,West North Central,train,66265.0,1293.292084810986,3602.8883692906097,high
1901855,2023,Ames city,IA,West North Central,train,66112.0,1406.703775411423,3535.1482834007334,high
1901855,2024,Ames city,IA,West North Central,train,67669.0,1455.614831015679,3521.635399161187,high
1902305,2022,Ankeny city,IA,West North Central,train,68392.0,1137.559948531992,1433.8150132483256,low
1902305,2023,Ankeny city,IA,West North Central,train,70542.0,1253.1541493011257,1398.1742438990232,low
1902305,2024,Ankeny city,IA,West North Central,train,72615.0,1076.9124836466294,1438.4955261701787,low
1912000,2022,Cedar Rapids city,IA,West North Central,train,136929.0,3011.779827501844,2059.1290204610054,low
1912000,2023,Cedar Rapids city,IA,West North Central,train,136859.0,2862.0697213920894,2118.562177636668,low
1912000,2024,Cedar Rapids city,IA,West North Central,train,137264.0,2651.8242219372887,2034.6223476963185,low
1916860,2022,Council Bluffs city,IA,West North Central,train,62670.0,2979.0968565501835,2078.6773897700396,low
1916860,2023,Council Bluffs city,IA,West North Central,train,62564.0,3048.078767342241,2048.002058400515,low
1916860,2024,Council Bluffs city,IA,West North Central,train,62586.0,2439.8427763397563,2201.3746655515624,low
1919000,2022,Davenport city,IA,West North Central,train,101448.0,3446.100465262992,2472.875978601563,low
1919000,2023,Davenport city,IA,West North Central,train,101083.0,3766.211924853833,2478.5549662280864,low
1919000,2024,Davenport city,IA,West North Central,train,100913.0,3505.990308483545,2471.0479234363956,low
1921000,2023,Des Moines city,IA,West North Central,train,212464.0,3305.030499284585,2595.754245470625,low
1921000,2024,Des Moines city,IA,West North Central,train,212421.0,3079.733171390776,2607.5599769747287,low
1922395,2022,Dubuque city,IA,West North Central,train,59315.0,1773.5817246902132,1996.7891798560659,low
1922395,2023,Dubuque city,IA,West North Central,train,59271.0,1601.1202780449123,1941.0669085960362,low
1922395,2024,Dubuque city,IA,West North Central,train,59174.0,1421.2322979687026,1964.1383643303677,low
1938595,2022,Iowa City city,IA,West North Central,train,74878.0,1772.2161382515558,3526.3580338287065,high
1938595,2023,Iowa City city,IA,West North Central,train,75264.0,1899.9787414965983,3537.2852111817665,high
1938595,2024,Iowa City city,IA,West North Central,train,75752.0,1677.8434892808111,3572.4718685056423,high
1973335,2022,Sioux City city,IA,West North Central,train,85469.0,2941.417356000421,2405.022581894161,low
1973335,2023,Sioux City city,IA,West North Central,train,85651.0,3541.1145228894,2383.5571253749376,low
1973335,2024,Sioux City city,IA,West North Central,train,86101.0,3308.90465848248,2453.428150862639,low
1982425,2022,Waterloo city,IA,West North Central,train,67256.0,2465.2075651243013,2700.9836264451715,mid
1982425,2023,Waterloo city,IA,West North Central,train,66947.0,2067.3069741736003,2607.5728665413444,low
1982425,2024,Waterloo city,IA,West North Central,train,67008.0,2422.098853868195,2620.8360369417205,low
1983910,2022,West Des Moines city,IA,West North Central,train,68744.0,1767.4269754451295,1893.4969615560485,low
1983910,2023,West Des Moines city,IA,West North Central,train,69893.0,2252.0137925114104,1914.593007871605,low
1983910,2024,West Des Moines city,IA,West North Central,train,71083.0,1768.3553029556997,1986.7959595108016,low
2036000,2024,Kansas City city,KS,West North Central,train,155135.0,3565.281851290812,2786.0710703813024,mid
2038900,2022,Lawrence city,KS,West North Central,train,95103.0,2206.0292524946635,2941.476482793957,mid
2038900,2023,Lawrence city,KS,West North Central,train,95459.0,785.6776207586503,2853.705591297903,mid
2038900,2024,Lawrence city,KS,West North Central,train,96051.0,2169.680690466523,2843.032876018886,mid
2039350,2022,Lenexa city,KS,West North Central,train,57497.0,1565.2990590813436,1731.5032415409394,low
2039350,2023,Lenexa city,KS,West North Central,train,57986.0,1490.0148311661435,1761.340103916222,low
2039350,2024,Lenexa city,KS,West North Central,train,58384.0,1358.248835297342,1738.3728571733736,low
2052575,2022,Olathe city,KS,West North Central,train,142114.0,1229.294791505411,1700.6662382600032,low
2052575,2023,Olathe city,KS,West North Central,train,143720.0,1178.6807681603118,1681.1184647029327,low
2052575,2024,Olathe city,KS,West North Central,train,145057.0,969.963531577242,1690.7588880156338,low
2053775,2022,Overland Park city,KS,West North Central,train,196676.0,2393.784701742968,1674.0055142850313,low
2053775,2023,Overland Park city,KS,West North Central,train,197199.0,2252.546919609126,1733.9426706500933,low
2053775,2024,Overland Park city,KS,West North Central,train,200306.0,1731.351032919633,1784.8433268356805,low
2064500,2022,Shawnee city,KS,West North Central,train,67671.0,1405.3287227911514,1616.2243026813576,low
2064500,2023,Shawnee city,KS,West North Central,train,68175.0,1449.2115878254492,1585.1561755160483,low
2064500,2024,Shawnee city,KS,West North Central,train,68542.0,1812.0276618715527,1544.6544712746006,low
2071000,2022,Topeka city,KS,West North Central,train,126431.0,3685.013960183816,2596.3254159090784,low
2071000,2023,Topeka city,KS,West North Central,train,126103.0,4050.657002608978,2567.2728927487697,low
2071000,2024,Topeka city,KS,West North Central,train,125786.0,3624.4097117326255,2584.5969775843987,low
2079000,2022,Wichita city,KS,West North Central,train,395951.0,3508.767499008716,2673.374634199089,low
2079000,2023,Wichita city,KS,West North Central,train,396488.0,4718.175581606505,2682.5107391636543,low
2079000,2024,Wichita city,KS,West North Central,train,397945.0,2288.7584967771927,2672.9531296307587,low
2108902,2022,Bowling Green city,KY,East South Central,train,72385.0,3924.846307936728,3594.0847771092585,high
2108902,2023,Bowling Green city,KY,East South Central,train,73638.0,3031.0437545832315,3521.9932750106777,high
2108902,2024,Bowling Green city,KY,East South Central,train,75388.0,3011.089298031517,3564.5313020014773,high
2146027,2022,Lexington-Fayette urban county,KY,East South Central,train,321276.0,2713.2434417759187,2591.8873556475687,low
2146027,2023,Lexington-Fayette urban county,KY,East South Central,train,321122.0,2741.32572667086,2656.398743318487,low
2146027,2024,Lexington-Fayette urban county,KY,East South Central,train,323725.0,2271.0634025793497,2612.010641625219,low
2148006,2023,Louisville/Jefferson County metro government (balance),KY,East South Central,train,627210.0,3863.777682116037,2632.7065642700327,low
2148006,2024,Louisville/Jefferson County metro government (balance),KY,East South Central,train,631818.0,3563.2096584775995,2623.811098960304,low
2158620,2022,Owensboro city,KY,East South Central,train,60019.0,3448.9078458488143,2524.8860323616627,low
2158620,2023,Owensboro city,KY,East South Central,train,60112.0,3232.299707213202,2634.9806941004945,low
2158620,2024,Owensboro city,KY,East South Central,train,60302.0,2907.034592550828,2565.7890149746377,low
2205000,2022,Baton Rouge city,LA,West South Central,train,225500.0,5707.317073170732,3336.401111623262,high
2205000,2023,Baton Rouge city,LA,West South Central,train,223699.0,5412.630364909991,3449.351780978504,high
2208920,2022,Bossier City city,LA,West South Central,train,62971.0,4676.755967032444,2944.6035952122666,mid
2208920,2023,Bossier City city,LA,West South Central,train,62832.0,4553.41227400051,2951.366909232799,mid
2208920,2024,Bossier City city,LA,West South Central,train,62901.0,3670.847840256912,3008.0914913273305,mid
2239475,2023,Kenner city,LA,West South Central,train,65113.0,3096.155913565648,2641.8587002798263,low
2239475,2024,Kenner city,LA,West South Central,train,64904.0,2722.4824355971896,2665.6904686392936,low
2240735,2022,Lafayette city,LA,West South Central,train,121706.0,4381.871066340197,2892.17570414947,mid
2240735,2023,Lafayette city,LA,West South Central,train,121537.0,4596.131219299473,2882.775390502735,mid
2240735,2024,Lafayette city,LA,West South Central,train,121715.0,4338.82430267428,2843.8668508687774,mid
2241155,2022,Lake Charles city,LA,West South Central,train,82430.0,2909.135023656436,3114.438694213356,high
2241155,2023,Lake Charles city,LA,West South Central,train,81679.0,2748.564502503704,3198.13931888806,high
2241155,2024,Lake Charles city,LA,West South Central,train,81143.0,2373.5873704447704,3224.265333312955,high
2255000,2022,New Orleans city,LA,West South Central,train,380408.0,4515.415028075119,3091.1554172540787,mid
2255000,2023,New Orleans city,LA,West South Central,train,376035.0,4929.328386985254,3096.8233847810943,mid
2270000,2022,Shreveport city,LA,West South Central,train,186183.0,3679.712970571964,3088.1590249308992,mid
2270000,2023,Shreveport city,LA,West South Central,train,183483.0,4314.296147327,3131.226691558158,high
2270000,2024,Shreveport city,LA,West South Central,train,180982.0,3860.6049220364457,3139.8792184538443,high
2360545,2022,Portland city,ME,New England,holdout,68280.0,1682.7768014059752,2099.3019843707234,low
2360545,2023,Portland city,ME,New England,holdout,68505.0,1707.9045325158747,2087.0804500492864,low
2360545,2024,Portland city,ME,New England,holdout,68854.0,2495.1346327010774,2094.2682737598147,low
2404000,2022,Baltimore city,MD,South Atlantic,train,584548.0,3198.881871120934,2857.256359189982,mid
2404000,2023,Baltimore city,MD,South Atlantic,train,577193.0,4188.893489699286,2900.8296712675574,mid
2404000,2024,Baltimore city,MD,South Atlantic,train,573243.0,4109.077651188065,2881.1444502100335,mid
2408775,2022,Bowie city,MD,South Atlantic,train,57922.0,1186.077828804254,1718.5807421320796,low
2408775,2023,Bowie city,MD,South Atlantic,train,57771.0,1402.0875525782833,1757.8972927795958,low
2408775,2024,Bowie city,MD,South Atlantic,train,57926.0,2240.7899734143566,1774.6305078614234,low
2430325,2022,Frederick city,MD,South Atlantic,train,78390.0,1606.0722030871284,2335.446395063148,low
2430325,2023,Frederick city,MD,South Atlantic,train,80617.0,1913.988364736966,2323.109834999084,low
2430325,2024,Frederick city,MD,South Atlantic,train,83395.0,1774.6867318184543,2297.5855196136977,low
2431175,2023,Gaithersburg city,MD,South Atlantic,train,69225.0,1470.5669916937522,2433.0129072715804,low
2431175,2024,Gaithersburg city,MD,South Atlantic,train,69825.0,1307.5546007876835,2421.8768418945156,low
2467675,2023,Rockville city,MD,South Atlantic,train,67218.0,1282.3945966854117,2341.262048133311,low
2467675,2024,Rockville city,MD,South Atlantic,train,67671.0,1514.6813258264249,2327.869962328895,low
2507000,2022,Boston city,MA,New England,holdout,665945.0,1728.9716117697408,3028.868016257571,mid
2507000,2023,Boston city,MA,New England,holdout,663972.0,1882.4588988692292,2991.9104795806015,mid
2507000,2024,Boston city,MA,New England,holdout,666442.0,1999.2737552555209,2977.620633874819,mid
2509000,2022,Brockton city,MA,New England,holdout,104713.0,1818.3033625242329,2567.4329243384946,low
2509000,2023,Brockton city,MA,New England,holdout,105080.0,2061.2866387514277,2654.67794595541,low
2509000,2024,Brockton city,MA,New England,holdout,105386.0,1361.660941681058,2621.607662346708,low
2509210,2022,Brookline CDP,MA,New England,holdout,62698.0,897.9552776803088,2327.040127951645,low
2509210,2023,Brookline CDP,MA,New England,holdout,62822.0,786.3487313361561,2312.6287531044536,low
2509210,2024,Brookline CDP,MA,New England,holdout,63266.0,907.2803717636646,2236.953012154594,low
2511000,2022,Cambridge city,MA,New England,holdout,117962.0,2222.7496990556283,2706.4997397861434,mid
2511000,2023,Cambridge city,MA,New England,holdout,117794.0,2413.535494167784,2717.51429312862,mid
2511000,2024,Cambridge city,MA,New England,holdout,118796.0,2681.0667025825787,2746.5824084063634,mid
2513660,2022,Chicopee city,MA,New England,holdout,55441.0,1861.4382857452067,2354.0545433652414,low
2513660,2023,Chicopee city,MA,New England,holdout,55213.0,1845.5798453262817,2340.7902373685097,low
2513660,2024,Chicopee city,MA,New England,holdout,55295.0,1775.9291075142417,2501.56782332296,low
2521990,2024,Everett city,MA,New England,holdout,50045.0,1358.7771006094515,2697.0746976702094,low
2523000,2022,Fall River city,MA,New England,holdout,93638.0,1240.949187295756,2725.8091843336824,mid
2523000,2023,Fall River city,MA,New England,holdout,93764.0,1429.1199180922315,2804.3139120560722,mid
2523000,2024,Fall River city,MA,New England,holdout,94082.0,1413.6604238855466,2742.5149306026574,mid
2524960,2022,Framingham city,MA,New England,holdout,71805.0,1378.734071443493,2297.307401825846,low
2524960,2023,Framingham city,MA,New England,holdout,72013.0,1078.971852304445,2397.4180969746344,low
2524960,2024,Framingham city,MA,New England,holdout,72399.0,1064.9318360750838,2380.0364487661377,low
2529405,2022,Haverhill city,MA,New England,holdout,67273.0,798.2400071351062,2101.8912574079413,low
2529405,2023,Haverhill city,MA,New England,holdout,67387.0,826.5689227892619,2086.942746332549,low
2529405,2024,Haverhill city,MA,New England,holdout,67698.0,936.512156932258,2130.144694588528,low
2534550,2022,Lawrence city,MA,New England,holdout,88067.0,907.2637877979264,2461.9456807486526,low
2534550,2023,Lawrence city,MA,New England,holdout,88297.0,1060.058665639829,2356.2858551125664,low
2534550,2024,Lawrence city,MA,New England,holdout,88736.0,1008.6098088712586,2265.9865707972535,low
2537000,2022,Lowell city,MA,New England,holdout,114737.0,1724.8141401640275,2826.7677372887656,mid
2537000,2024,Lowell city,MA,New England,holdout,118368.0,1630.5082454717492,2852.6854097024266,mid
2537490,2022,Lynn city,MA,New England,holdout,100653.0,1195.195374206432,2545.6878534109196,low
2537490,2023,Lynn city,MA,New England,holdout,100905.0,990.0401367623012,2506.053244819773,low
2537490,2024,Lynn city,MA,New England,holdout,101709.0,1187.7021699161332,2507.418371082331,low
2537875,2022,Malden city,MA,New England,holdout,65463.0,1226.6471136367109,2655.2130574915664,low
2537875,2023,Malden city,MA,New England,holdout,65509.0,1384.5425819353063,2627.2858360549394,low
2537875,2024,Malden city,MA,New England,holdout,65906.0,1181.9864655721783,2531.8825150716643,low
2539835,2022,Medford city,MA,New England,holdout,61748.0,979.788819071063,1995.0223444193487,low
2539835,2023,Medford city,MA,New England,holdout,59062.0,1166.5707222918288,2086.537641400249,low
2539835,2024,Medford city,MA,New England,holdout,59354.0,1204.636587256124,2047.9487545292468,low
2540675,2024,Methuen city,MA,New England,holdout,53475.0,813.4642356241234,1966.9177490025193,low
2540710,2022,Methuen Town city,MA,New England,holdout,52812.0,810.4218738165569,2047.4629509127335,low
2540710,2023,Methuen Town city,MA,New England,holdout,53043.0,846.4830420602153,2002.1590620576858,low
2545000,2022,New Bedford city,MA,New England,holdout,100620.0,1572.2520373683165,2811.5334130319716,mid
2545000,2023,New Bedford city,MA,New England,holdout,100731.0,1554.6356136641157,2925.5151079208854,mid
2545000,2024,New Bedford city,MA,New England,holdout,100998.0,1379.2352323808393,2963.4217050649486,mid
2545560,2022,Newton city,MA,New England,holdout,88453.0,642.1489378540016,1629.530133608575,low
2545560,2023,Newton city,MA,New England,holdout,88504.0,546.867938172286,1688.4474268197378,low
2545560,2024,Newton city,MA,New England,holdout,89044.0,605.3187188356318,1688.0590531574803,low
2552490,2023,Peabody city,MA,New England,holdout,54180.0,834.2561830933925,1662.3338713015141,low
2552490,2024,Peabody city,MA,New England,holdout,54695.0,841.0275162263462,1823.0814933430202,low
2555745,2022,Quincy city,MA,New England,holdout,100981.0,1095.2555431219737,2362.640385105981,low
2555745,2023,Quincy city,MA,New England,holdout,101361.0,1125.6795019780782,2391.857030596212,low
2555745,2024,Quincy city,MA,New England,holdout,102114.0,1351.4307538633293,2348.325974309097,low
2556585,2022,Revere city,MA,New England,holdout,60577.0,1148.950921967083,2412.721650246448,low
2556585,2023,Revere city,MA,New England,holdout,59933.0,1384.8797824237065,2427.3651049058353,low
2556585,2024,Revere city,MA,New England,holdout,60012.0,1478.0377257881755,2333.5801283364585,low
2562535,2022,Somerville city,MA,New England,holdout,80464.0,1360.8570292304632,2349.7092777958296,low
2562535,2023,Somerville city,MA,New England,holdout,80549.0,1404.1142658506003,2387.3603555945374,low
2562535,2024,Somerville city,MA,New England,holdout,81036.0,1714.0530134754924,2373.4865697664995,low
2567000,2022,Springfield city,MA,New England,holdout,155305.0,2365.667557387077,3284.285995371659,high
2567000,2023,Springfield city,MA,New England,holdout,154751.0,2975.748137330292,3266.9266743920134,high
2567000,2024,Springfield city,MA,New England,holdout,154749.0,2849.12988129164,3299.6115574155033,high
2569170,2022,Taunton city,MA,New England,holdout,59436.0,923.6826165960024,2191.7547855637945,low
2569170,2023,Taunton city,MA,New England,holdout,59719.0,887.4897436326797,2283.7116837440153,low
2569170,2024,Taunton city,MA,New England,holdout,60433.0,853.838134793904,2246.15363751972,low
2572600,2022,Waltham city,MA,New England,holdout,64711.0,539.3209809769592,2221.993564161546,low
2572600,2023,Waltham city,MA,New England,holdout,64723.0,825.054462864824,2242.6308923017955,low
2572600,2024,Waltham city,MA,New England,holdout,64902.0,705.6793319158115,2297.649148172619,low
2578972,2022,Weymouth Town city,MA,New England,holdout,57300.0,738.2198952879581,1608.7996580389008,low
2578972,2023,Weymouth Town city,MA,New England,holdout,57786.0,1059.0800539923164,1705.8944707296466,low
2578972,2024,Weymouth Town city,MA,New England,holdout,58505.0,851.2092983505684,1715.8356653121195,low
2582000,2022,Worcester city,MA,New England,holdout,204191.0,1686.656120984764,3024.593602030577,mid
2582000,2024,Worcester city,MA,New England,holdout,207055.0,0.0,3073.426121083978,mid
2603000,2022,Ann Arbor city,MI,East North Central,train,122216.0,1692.9043660404532,3467.332810345657,high
2603000,2023,Ann Arbor city,MI,East North Central,train,121179.0,1701.6149662895386,3457.8388542631674,high
2603000,2024,Ann Arbor city,MI,East North Central,train,122036.0,1659.3464223671706,3531.542722725824,high
2605920,2022,Battle Creek city,MI,East North Central,train,52469.0,3133.2786978978065,2805.039628422399,mid
2605920,2023,Battle Creek city,MI,East North Central,train,52392.0,3420.369522064437,2726.688817962554,mid
2605920,2024,Battle Creek city,MI,East North Central,train,52374.0,2946.1183029747585,2704.2837239737123,mid
2621000,2022,Dearborn city,MI,East North Central,train,108414.0,1899.201210175808,2665.009582397781,low
2621000,2023,Dearborn city,MI,East North Central,train,107846.0,2109.4894571889545,2687.1094581962448,low
2621000,2024,Dearborn city,MI,East North Central,train,107423.0,1946.51052381706,2649.1896496315558,low
2621020,2022,Dearborn Heights city,MI,East North Central,train,62474.0,1499.8239267535291,2623.9997473455487,low
2621020,2023,Dearborn Heights city,MI,East North Central,train,62099.0,1584.5665791719675,2523.3958721547783,low
2621020,2024,Dearborn Heights city,MI,East North Central,train,61771.0,1206.067572161694,2630.925491135663,low
2622000,2022,Detroit city,MI,East North Central,train,636787.0,4407.753298983805,3391.591309050295,high
2622000,2023,Detroit city,MI,East North Central,train,636644.0,4576.340937792549,3401.6430150102087,high
2622000,2024,Detroit city,MI,East North Central,train,638530.0,4390.553302115797,3516.725338683746,high
2627440,2022,Farmington Hills city,MI,East North Central,train,83562.0,1151.2409947105143,1904.920134898257,low
2627440,2023,Farmington Hills city,MI,East North Central,train,83316.0,1112.631427336886,1942.550150328803,low
2627440,2024,Farmington Hills city,MI,East North Central,train,83515.0,669.3408369753936,2020.6955382723736,low
2629000,2022,Flint city,MI,East North Central,train,81863.0,1278.9660774708966,3825.951071940899,high
2629000,2023,Flint city,MI,East North Central,train,80835.0,1665.120306797798,3889.5613131811983,high
2629000,2024,Flint city,MI,East North Central,train,80175.0,1295.9151855316495,3856.324020634079,high
2634000,2022,Grand Rapids city,MI,East North Central,train,198096.0,2984.4115984169293,2986.699669438395,mid
2634000,2023,Grand Rapids city,MI,East North Central,train,197768.0,3016.6659924760324,2941.5487138010903,mid
2634000,2024,Grand Rapids city,MI,East North Central,train,198535.0,2447.931095272874,2813.679543984411,mid
2642160,2022,Kalamazoo city,MI,East North Central,train,73342.0,4469.471789697582,3630.580310947659,high
2642160,2023,Kalamazoo city,MI,East North Central,train,73132.0,4129.519225510036,3605.94091061122,high
2642160,2024,Kalamazoo city,MI,East North Central,train,73076.0,3444.3592971700696,3454.597095110379,high
2642820,2022,Kentwood city,MI,East North Central,train,54042.0,2226.046408349062,2295.612668156679,low
2642820,2023,Kentwood city,MI,East North Central,train,54114.0,2762.686181025243,2277.739612001313,low
2642820,2024,Kentwood city,MI,East North Central,train,54296.0,2165.905407396493,2350.680037109602,low
2646000,2022,Lansing city,MI,East North Central,train,112986.0,2680.8631157842565,3077.5578241877333,mid
2646000,2023,Lansing city,MI,East North Central,train,112546.0,2813.960513923196,3044.4466833591246,mid
2646000,2024,Lansing city,MI,East North Central,train,113023.0,2475.602311034037,3061.2183470126365,mid
2649000,2022,Livonia city,MI,East North Central,train,94928.0,1700.2359683128263,1379.479172317475,low
2649000,2023,Livonia city,MI,East North Central,train,94058.0,1466.1166514278425,1397.595440187069,low
2649000,2024,Livonia city,MI,East North Central,train,93851.0,1226.412078720525,1390.2758291081514,low
2659440,2022,Novi city,MI,East North Central,train,65870.0,851.6775466828602,1808.3101495411274,low
2659440,2023,Novi city,MI,East North Central,train,66224.0,859.2051220101473,1881.6068175780806,low
2659440,2024,Novi city,MI,East North Central,train,66717.0,652.0077341607087,1944.8083589584655,low
2665440,2022,Pontiac city,MI,East North Central,train,61965.0,1730.0088759783748,3539.466704598184,high
2665440,2023,Pontiac city,MI,East North Central,train,61914.0,1917.17543689634,3468.4433628285433,high
2665440,2024,Pontiac city,MI,East North Central,train,62104.0,1629.5246682983382,3362.904408301194,high
2669035,2022,Rochester Hills city,MI,East North Central,train,76041.0,670.690811535882,1581.6737530023097,low
2669035,2023,Rochester Hills city,MI,East North Central,train,76086.0,766.2382041374234,1643.4997356160243,low
2669035,2024,Rochester Hills city,MI,East North Central,train,77089.0,524.0695819118163,1687.4762102512054,low
2670040,2022,Royal Oak city,MI,East North Central,train,58053.0,794.1019413294748,1699.6009281818638,low
2670040,2023,Royal Oak city,MI,East North Central,train,57880.0,924.3261921216308,1703.3379650350798,low
2670040,2024,Royal Oak city,MI,East North Central,train,57950.0,792.0621225194134,1723.0463673832758,low
2670760,2022,St. Clair Shores city,MI,East North Central,train,58656.0,860.9519912711403,1467.7408283458553,low
2670760,2023,St. Clair Shores city,MI,East North Central,train,58287.0,1015.6638701597268,1484.5639477109778,low
2670760,2024,St. Clair Shores city,MI,East North Central,train,58140.0,1047.471620227038,1545.9926762994928,low
2674900,2022,Southfield city,MI,East North Central,train,76107.0,2612.111895095064,2172.5302271440705,low
2674900,2023,Southfield city,MI,East North Central,train,76025.0,2725.419269976981,2167.8353737652956,low
2674900,2024,Southfield city,MI,East North Central,train,76236.0,2395.193871661682,2103.94007006384,low
2676460,2022,Sterling Heights city,MI,East North Central,train,133744.0,1156.687402799378,1835.514578449168,low
2676460,2023,Sterling Heights city,MI,East North Central,train,133473.0,1096.8510485266684,1878.1383728059895,low
2676460,2024,Sterling Heights city,MI,East North Central,train,133573.0,1038.3835056485966,1954.3703888165824,low
2679000,2022,Taylor city,MI,East North Central,train,62937.0,1793.857349412905,2446.9221682314546,low
2679000,2023,Taylor city,MI,East North Central,train,62405.0,1999.8397564297727,2547.7371227277727,low
2679000,2024,Taylor city,MI,East North Central,train,62081.0,1968.3961276396965,2624.1706818955467,low
2680700,2022,Troy city,MI,East North Central,train,87170.0,1495.9274979924285,1788.2451617714773,low
2680700,2023,Troy city,MI,East North Central,train,87307.0,1407.6763604292898,1761.1766799047277,low
2680700,2024,Troy city,MI,East North Central,train,87898.0,1269.6534619672802,1790.895892765793,low
2684000,2022,Warren city,MI,East North Central,train,138588.0,1640.8347043034028,2359.994986172967,low
2684000,2023,Warren city,MI,East North Central,train,138128.0,1817.1551025136107,2342.3633677254734,low
2684000,2024,Warren city,MI,East North Central,train,137928.0,1530.508671190766,2496.7572400296604,low
2686000,2022,Westland city,MI,East North Central,train,84806.0,1272.315638044478,2411.674831123855,low
2686000,2023,Westland city,MI,East North Central,train,84155.0,1600.6179074327133,2361.1012742216685,low
2686000,2024,Westland city,MI,East North Central,train,83633.0,1324.83589013906,2475.9349139615983,low
2688940,2022,Wyoming city,MI,East North Central,train,76732.0,1728.0925819736226,2288.8394587617663,low
2688940,2023,Wyoming city,MI,East North Central,train,76865.0,2557.731086970663,2290.5303177911865,low
2688940,2024,Wyoming city,MI,East North Central,train,77353.0,2153.762620712836,2222.196143067224,low
2701900,2022,Apple Valley city,MN,West North Central,train,55594.0,1622.4772457459435,1793.7409031294098,low
2701900,2023,Apple Valley city,MN,West North Central,train,55696.0,1824.188451594369,1834.5711483359137,low
2701900,2024,Apple Valley city,MN,West North Central,train,55679.0,1648.7365074803786,1817.259512293037,low
2706382,2022,Blaine city,MN,West North Central,train,70047.0,1951.546818564678,1716.0013220311976,low
2706382,2023,Blaine city,MN,West North Central,train,71261.0,1745.6954014117118,1757.9056183071411,low
2706382,2024,Blaine city,MN,West North Central,train,72488.0,1458.1723871537358,1815.4288296403652,low
2706616,2022,Bloomington city,MN,West North Central,train,89244.0,3721.258572004841,1974.6962678727214,low
2706616,2023,Bloomington city,MN,West North Central,train,88838.0,3833.944933474414,2073.4628481546697,low
2706616,2024,Bloomington city,MN,West North Central,train,88665.0,3383.522246658772,2094.9043744866926,low
2707966,2022,Brooklyn Park city,MN,West North Central,train,84951.0,3210.0858141752306,2224.770699785985,low
2707966,2023,Brooklyn Park city,MN,West North Central,train,84349.0,2672.230850395381,2325.3603091243644,low
2707966,2024,Brooklyn Park city,MN,West North Central,train,83876.0,2383.28008011827,2281.7797301173964,low
2708794,2022,Burnsville city,MN,West North Central,train,64075.0,2445.571595786188,2059.06038762404,low
2708794,2023,Burnsville city,MN,West North Central,train,64295.0,1984.6022241231824,2130.486794973384,low
2708794,2024,Burnsville city,MN,West North Central,train,64463.0,1900.314909327832,2263.5842118290802,low
2713114,2022,Coon Rapids city,MN,West North Central,train,63296.0,1865.8367037411529,1828.6497095327702,low
2713114,2023,Coon Rapids city,MN,West North Central,train,63348.0,1509.1242028161898,1900.2657305962898,low
2713114,2024,Coon Rapids city,MN,West North Central,train,63468.0,1635.4698430705237,1917.5268882794398,low
2717000,2022,Duluth city,MN,West North Central,train,86772.0,2891.4857327248424,2431.711966980978,low
2717000,2023,Duluth city,MN,West North Central,train,86863.0,2903.4226310396834,2384.565577712312,low
2717000,2024,Duluth city,MN,West North Central,train,87093.0,2985.3145488156338,2353.921320082993,low
2717288,2022,Eagan city,MN,West North Central,train,68262.0,2258.9434824646214,1752.8241420241916,low
2717288,2023,Eagan city,MN,West North Central,train,68158.0,1945.479620880894,1802.3328566115101,low
2717288,2024,Eagan city,MN,West North Central,train,68000.0,1742.6470588235293,1831.7701827057813,low
2718116,2022,Eden Prairie city,MN,West North Central,train,63623.0,1269.980981720447,1742.4148535704041,low
2718116,2023,Eden Prairie city,MN,West North Central,train,63249.0,1353.3810811238122,1790.785457933524,low
2718116,2024,Eden Prairie city,MN,West North Central,train,63051.0,1248.1959049023806,1679.5478498944221,low
2718188,2022,Edina city,MN,West North Central,train,53037.0,1983.5209382129456,1516.0882271259918,low
2718188,2023,Edina city,MN,West North Central,train,53125.0,1760.0,1521.7700624927324,low
2718188,2024,Edina city,MN,West North Central,train,53262.0,1492.6213810972176,1559.0086357882747,low
2735180,2022,Lakeville city,MN,West North Central,train,70696.0,719.9841575195202,1444.3799027334426,low
2735180,2023,Lakeville city,MN,West North Central,train,72480.0,736.7549668874173,1412.5202118741363,low
2735180,2024,Lakeville city,MN,West North Central,train,74354.0,602.5230653360949,1426.731764906715,low
2740166,2022,Maple Grove city,MN,West North Central,train,70110.0,1955.4985023534448,1520.653512199315,low
2740166,2023,Maple Grove city,MN,West North Central,train,70539.0,1817.4343271098255,1463.390906262739,low
2740166,2024,Maple Grove city,MN,West North Central,train,71173.0,1774.5493375296812,1503.2023492934654,low
2743000,2022,Minneapolis city,MN,West North Central,train,426877.0,5198.4529501472325,2884.4429251802712,mid
2743000,2023,Minneapolis city,MN,West North Central,train,426845.0,5197.202731670747,2862.1141513184534,mid
2743000,2024,Minneapolis city,MN,West North Central,train,427246.0,5095.191060887639,2823.7576636340955,mid
2743252,2022,Minnetonka city,MN,West North Central,train,53529.0,1696.2767845466942,1499.7010529122977,low
2743252,2023,Minnetonka city,MN,West North Central,train,53256.0,1659.9068649541834,1521.70305174362,low
2743252,2024,Minnetonka city,MN,West North Central,train,53064.0,1603.7238052163425,1578.2798797533615,low
2751730,2022,Plymouth city,MN,West North Central,train,79918.0,1233.764608723942,1591.470111257704,low
2751730,2023,Plymouth city,MN,West North Central,train,79526.0,1061.288132183185,1620.178281873799,low
2751730,2024,Plymouth city,MN,West North Central,train,79220.0,989.6490785155264,1599.4837595313315,low
2754880,2022,Rochester city,MN,West North Central,train,120848.0,1883.3576062491725,2073.3833984083385,low
2754880,2023,Rochester city,MN,West North Central,train,121638.0,1597.3626662720533,2083.3411887968064,low
2754880,2024,Rochester city,MN,West North Central,train,122330.0,1372.5169623150496,2052.783094708857,low
2756896,2022,St. Cloud city,MN,West North Central,train,68910.0,4279.494993469743,2998.2596127261036,mid
2756896,2023,St. Cloud city,MN,West North Central,train,69926.0,3466.521751565941,2890.6985076742067,mid
2756896,2024,St. Cloud city,MN,West North Central,train,70629.0,2950.6293448866613,3052.213979842655,mid
2758000,2022,St. Paul city,MN,West North Central,train,308806.0,4177.3799731870495,2862.8895157800084,mid
2758000,2023,St. Paul city,MN,West North Central,train,307762.0,3015.966883500887,2795.2909816150222,mid
2758000,2024,St. Paul city,MN,West North Central,train,307284.0,2804.246234753518,2790.4437657742596,mid
2771428,2022,Woodbury city,MN,West North Central,train,75549.0,1534.1036942911223,1640.24715940225,low
2771428,2023,Woodbury city,MN,West North Central,train,76945.0,1352.9144193904738,1734.574849982509,low
2771428,2024,Woodbury city,MN,West North Central,train,78305.0,1219.5900644914118,1798.0061286626506,low
2869280,2022,Southaven city,MS,East South Central,train,54908.0,3336.4901289429595,2392.933669744055,low
2869280,2023,Southaven city,MS,East South Central,train,55531.0,3344.0780825124707,2363.4008015238323,low
2869280,2024,Southaven city,MS,East South Central,train,56226.0,2071.995162380393,2330.585325010734,low
2906652,2022,Blue Springs city,MO,West North Central,train,58720.0,2222.411444141689,1643.1864704552809,low
2906652,2023,Blue Springs city,MO,West North Central,train,59416.0,2361.3168170189847,1697.013240083808,low
2906652,2024,Blue Springs city,MO,West North Central,train,59965.0,2494.788626698908,1708.7706397766274,low
2915670,2022,Columbia city,MO,West North Central,train,126172.0,2649.5577465681768,3053.890742218726,mid
2915670,2023,Columbia city,MO,West North Central,train,127200.0,2558.962264150944,2945.8151695548954,mid
2915670,2024,Columbia city,MO,West North Central,train,128548.0,2350.0949061829047,2885.4732034463013,mid
2924778,2022,Florissant city,MO,West North Central,train,52167.0,2294.554028408764,2139.214793402659,low
2924778,2023,Florissant city,MO,West North Central,train,51915.0,2240.2003274583453,2134.7065675702415,low
2924778,2024,Florissant city,MO,West North Central,train,51773.0,1794.3715836439844,2178.3761377968917,low
2935000,2022,Independence city,MO,West North Central,train,122218.0,3282.658855487735,2318.9568004757284,low
2935000,2023,Independence city,MO,West North Central,train,121944.0,1309.617529357738,2410.6454201658535,low
2935000,2024,Independence city,MO,West North Central,train,121740.0,3481.1894200755705,2449.4966791155807,low
2937592,2022,Joplin city,MO,West North Central,train,51848.0,6117.883042740318,2439.793986581471,low
2937592,2023,Joplin city,MO,West North Central,train,52218.0,5145.735187100234,2475.9398625458743,low
2937592,2024,Joplin city,MO,West North Central,train,52593.0,4194.474549845037,2430.2879469651716,low
2938000,2022,Kansas City city,MO,West North Central,train,505958.0,4742.48850695117,2667.1621773933743,low
2938000,2023,Kansas City city,MO,West North Central,train,508233.0,4974.293286740531,2644.110115102446,low
2938000,2024,Kansas City city,MO,West North Central,train,510612.0,4684.574588924663,2636.966522298897,low
2941348,2022,Lee's Summit city,MO,West North Central,train,101728.0,2143.952500786411,1596.2541808687788,low
2941348,2023,Lee's Summit city,MO,West North Central,train,102583.0,2217.7163857559244,1614.2539658210817,low
2941348,2024,Lee's Summit city,MO,West North Central,train,103656.0,2324.9980705410203,1628.349161719939,low
2954074,2022,O'Fallon city,MO,West North Central,train,91825.0,749.2512932208004,1400.8059852372742,low
2954074,2023,O'Fallon city,MO,West North Central,train,92697.0,711.997152011392,1438.5234060377293,low
2954074,2024,O'Fallon city,MO,West North Central,train,93801.0,485.0694555495144,1522.524312911045,low
2964082,2022,St. Charles city,MO,West North Central,train,70687.0,1757.0416059530044,1676.9970349614164,low
2964082,2023,St. Charles city,MO,West North Central,train,71048.0,968.3594189843486,1725.7632069004526,low
2964082,2024,St. Charles city,MO,West North Central,train,71508.0,895.0047547127594,1785.917345733386,low
2964550,2022,St. Joseph city,MO,West North Central,train,72198.0,4249.4251918335685,2560.81152825288,low
2964550,2023,St. Joseph city,MO,West North Central,train,71542.0,3678.9578149897966,2582.3184700720476,low
2964550,2024,St. Joseph city,MO,West North Central,train,71236.0,3791.6222134875625,2515.5624838111416,low
2965000,2022,St. Louis city,MO,West North Central,train,298018.0,6962.666684562678,2993.9351704577157,mid
2965000,2023,St. Louis city,MO,West North Central,train,293109.0,6115.813571060595,2952.500592827608,mid
2965000,2024,St. Louis city,MO,West North Central,train,288512.0,5485.0404835847385,3014.3937056843174,mid
2965126,2022,St. Peters city,MO,West North Central,train,57692.0,1573.87506066699,1292.5026283767725,low
2965126,2023,St. Peters city,MO,West North Central,train,58200.0,1498.2817869415808,1376.1527228261261,low
2965126,2024,St. Peters city,MO,West North Central,train,59092.0,1074.595545928383,1423.9951910886448,low
2970000,2022,Springfield city,MO,West North Central,train,168873.0,4936.253871252361,2678.800437245783,low
2970000,2023,Springfield city,MO,West North Central,train,169432.0,4137.353038387081,2658.0992399588204,low
2970000,2024,Springfield city,MO,West North Central,train,169954.0,4198.783200160043,2619.3445424733377,low
3006550,2022,Billings city,MT,Mountain,train,117093.0,4345.264020906459,1999.154656948765,low
3006550,2023,Billings city,MT,Mountain,train,118321.0,3691.6523694018815,1960.5484237205956,low
3006550,2024,Billings city,MT,Mountain,train,119434.0,3152.3686722373864,1887.0597808078871,low
3008950,2022,Bozeman city,MT,Mountain,train,53500.0,1861.6822429906545,2409.2128226238165,low
3008950,2023,Bozeman city,MT,Mountain,train,55042.0,1989.389920424403,2431.2221229140278,low
3008950,2024,Bozeman city,MT,Mountain,train,56114.0,1830.2028014399257,2351.620806508804,low
3032800,2022,Great Falls city,MT,Mountain,train,60373.0,4485.448793334769,2304.9460904175075,low
3032800,2023,Great Falls city,MT,Mountain,train,60412.0,4671.257366086208,2224.6178596719137,low
3032800,2024,Great Falls city,MT,Mountain,train,60329.0,3431.185665268776,2233.254855160013,low
3050200,2022,Missoula city,MT,Mountain,train,74627.0,3595.213528615649,2321.0089991557556,low
3050200,2023,Missoula city,MT,Mountain,train,75600.0,3834.656084656084,2178.886190491153,low
3050200,2024,Missoula city,MT,Mountain,train,76514.0,3743.105836840317,2090.2478654591014,low
3103950,2022,Bellevue city,NE,West North Central,train,63336.0,1394.151825186308,2006.6130097517223,low
3103950,2023,Bellevue city,NE,West North Central,train,64355.0,1546.1114132546031,1955.0775622604292,low
3103950,2024,Bellevue city,NE,West North Central,train,64510.0,1114.555882808867,1954.3836387430508,low
3119595,2022,Grand Island city,NE,West North Central,train,52822.0,2523.5697247359053,2570.985059616767,low
3119595,2023,Grand Island city,NE,West North Central,train,52761.0,2060.233884877087,2459.476132334564,low
3119595,2024,Grand Island city,NE,West North Central,train,52884.0,1747.220331291128,2630.762040035946,low
3128000,2022,Lincoln city,NE,West North Central,train,290531.0,2875.4246534793187,2283.952220049895,low
3128000,2023,Lincoln city,NE,West North Central,train,291932.0,2697.546003863913,2256.32570854421,low
3128000,2024,Lincoln city,NE,West North Central,train,294856.0,2453.740130775701,2259.619257897086,low
3137000,2022,Omaha city,NE,West North Central,train,489201.0,3427.6299516967465,2357.619445276789,low
3137000,2024,Omaha city,NE,West North Central,train,488837.0,3106.1478570566464,2439.6209455263484,low
3231900,2022,Henderson city,NV,Mountain,train,318063.0,1962.5042837425287,2117.18805586176,low
3231900,2023,Henderson city,NV,Mountain,train,324523.0,2139.447743303248,2135.6811673078632,low
3231900,2024,Henderson city,NV,Mountain,train,332141.0,1774.2464796577356,2190.0354126861957,low
3251800,2022,North Las Vegas city,NV,Mountain,train,264022.0,1911.2043693328587,2563.190811252238,low
3251800,2023,North Las Vegas city,NV,Mountain,train,270773.0,2233.974583876531,2590.3827752180655,low
3251800,2024,North Las Vegas city,NV,Mountain,train,278595.0,2063.568980060661,2569.8938674576393,low
3260600,2022,Reno city,NV,Mountain,train,265196.0,2637.2946801610883,2524.052155160405,low
3260600,2023,Reno city,NV,Mountain,train,268959.0,2725.6942507965896,2500.502639828472,low
3260600,2024,Reno city,NV,Mountain,train,273212.0,2490.739791810023,2514.373431348331,low
3268400,2022,Sparks city,NV,Mountain,train,108025.0,2056.931265910669,2170.532150062538,low
3268400,2023,Sparks city,NV,Mountain,train,109106.0,2270.269279416348,2193.576360035079,low
3268400,2024,Sparks city,NV,Mountain,train,110024.0,2602.1595288300737,2191.6687948695794,low
3345140,2022,Manchester city,NH,New England,holdout,115037.0,2480.9409146622397,2231.266981389013,low
3345140,2023,Manchester city,NH,New England,holdout,115415.0,1671.3598752328553,2147.174724261805,low
3345140,2024,Manchester city,NH,New England,holdout,115643.0,1645.5816608009131,2170.560606332832,low
3350260,2022,Nashua city,NH,New England,holdout,90943.0,1069.900926954246,1880.4518932004753,low
3350260,2023,Nashua city,NH,New England,holdout,91131.0,1009.535723299426,1851.332880593171,low
3350260,2024,Nashua city,NH,New England,holdout,91294.0,1256.3804850263982,1925.840043903238,low
3403580,2022,Bayonne city,NJ,Middle Atlantic,holdout,70497.0,1242.6060683433336,2371.04096014819,low
3403580,2023,Bayonne city,NJ,Middle Atlantic,holdout,70468.0,1426.1792586706024,2515.2498684303155,low
3413690,2022,Clifton city,NJ,Middle Atlantic,holdout,89451.0,1916.1328548590848,2022.2633110232043,low
3413690,2024,Clifton city,NJ,Middle Atlantic,holdout,89379.0,2277.940008279349,2029.9519186653483,low
3419390,2023,East Orange city,NJ,Middle Atlantic,holdout,69183.0,1955.6827544338928,2414.5365818774826,low
3419390,2024,East Orange city,NJ,Middle Atlantic,holdout,70090.0,1981.737765729776,2329.3362728350235,low
3421000,2022,Elizabeth city,NJ,Middle Atlantic,holdout,135665.0,2521.652600154793,2420.4277311431274,low
3421000,2023,Elizabeth city,NJ,Middle Atlantic,holdout,135887.0,2931.8477852921915,2386.8505313546916,low
3421000,2024,Elizabeth city,NJ,Middle Atlantic,holdout,137302.0,2680.9514792209875,2401.42200113877,low
3432250,2022,Hoboken city,NJ,Middle Atlantic,holdout,58754.0,1497.7703645709228,2161.222843723259,low
3432250,2023,Hoboken city,NJ,Middle Atlantic,holdout,58340.0,1405.553651011313,2085.8756325353643,low
3432250,2024,Hoboken city,NJ,Middle Atlantic,holdout,58668.0,1742.0058635031023,2143.938811698464,low
3436000,2022,Jersey City city,NJ,Middle Atlantic,holdout,287899.0,1328.5909294579003,2802.4227001200584,mid
3436000,2023,Jersey City city,NJ,Middle Atlantic,holdout,289691.0,1412.884763420334,2823.8044542362873,mid
3436000,2024,Jersey City city,NJ,Middle Atlantic,holdout,294078.0,2055.577091791973,2837.747191354111,mid
3451000,2022,Newark city,NJ,Middle Atlantic,holdout,307355.0,1802.1506076035853,3237.016690239606,high
3451000,2023,Newark city,NJ,Middle Atlantic,holdout,307188.0,2195.723791293931,3242.3312389138246,high
3451000,2024,Newark city,NJ,Middle Atlantic,holdout,310178.0,1954.361689094649,3155.902551928415,high
3451210,2022,New Brunswick city,NJ,Middle Atlantic,holdout,55718.0,2173.444847266592,3979.2273892844432,high
3451210,2023,New Brunswick city,NJ,Middle Atlantic,holdout,55744.0,2995.838117106774,3937.1211003644194,high
3451210,2024,New Brunswick city,NJ,Middle Atlantic,holdout,56345.0,2669.269677877363,3972.3595029138,high
3456550,2022,Passaic city,NJ,Middle Atlantic,holdout,70048.0,1978.643216080402,2679.7660845567043,low
3456550,2023,Passaic city,NJ,Middle Atlantic,holdout,69651.0,2180.8732107220285,2759.66253097446,mid
3456550,2024,Passaic city,NJ,Middle Atlantic,holdout,70002.0,1835.6618382331933,2750.317804701571,mid
3457000,2023,Paterson city,NJ,Middle Atlantic,holdout,157660.0,2419.76404921984,2991.5388528067724,mid
3457000,2024,Paterson city,NJ,Middle Atlantic,holdout,158735.0,2353.608214949444,2798.0754840063896,mid
3458200,2022,Perth Amboy city,NJ,Middle Atlantic,holdout,55226.0,1463.0789845362692,2464.8068078001315,low
3458200,2023,Perth Amboy city,NJ,Middle Atlantic,holdout,55278.0,1638.988385976338,2450.7777467765113,low
3458200,2024,Perth Amboy city,NJ,Middle Atlantic,holdout,55855.0,1382.1502103661269,2463.021150367707,low
3459190,2022,Plainfield city,NJ,Middle Atlantic,holdout,54358.0,1344.7882556385443,2846.588088772113,mid
3459190,2023,Plainfield city,NJ,Middle Atlantic,holdout,54515.0,1678.4371273961294,2724.093583163511,mid
3459190,2024,Plainfield city,NJ,Middle Atlantic,holdout,55236.0,1631.182562097183,2584.3382289984693,low
3473110,2022,Toms River CDP,NJ,Middle Atlantic,holdout,92827.0,1118.2091417367792,1701.9341220003162,low
3473110,2023,Toms River CDP,NJ,Middle Atlantic,holdout,93915.0,1328.8612042804664,1679.8509716743442,low
3473110,2024,Toms River CDP,NJ,Middle Atlantic,holdout,94956.0,1212.1403597455665,1612.1758392964034,low
3474000,2022,Trenton city,NJ,Middle Atlantic,holdout,90055.0,1876.6309477541504,3389.1603090905664,high
3474000,2023,Trenton city,NJ,Middle Atlantic,holdout,89966.0,1857.3683391503453,3292.721894909917,high
3474000,2024,Trenton city,NJ,Middle Atlantic,holdout,90338.0,2311.319710420864,3022.16012925847,mid
3474630,2022,Union City city,NJ,Middle Atlantic,holdout,67258.0,1636.9799875107792,2521.8521776601156,low
3474630,2023,Union City city,NJ,Middle Atlantic,holdout,66375.0,1631.6384180790965,2576.594498772697,low
3474630,2024,Union City city,NJ,Middle Atlantic,holdout,66463.0,1531.679280201014,2686.892716592783,low
3476070,2022,Vineland city,NJ,Middle Atlantic,holdout,60796.0,2575.8273570629644,2453.5813752177196,low
3476070,2023,Vineland city,NJ,Middle Atlantic,holdout,60692.0,2621.432808277862,2474.0703665679666,low
3476070,2024,Vineland city,NJ,Middle Atlantic,holdout,61006.0,2678.425072943645,2517.6234014965066,low
3479610,2022,West New York town,NJ,Middle Atlantic,holdout,52438.0,1149.9294404820932,2629.7881625473933,low
3479610,2023,West New York town,NJ,Middle Atlantic,holdout,51683.0,1296.3643751330223,2686.4206749895056,low
3479610,2024,West New York town,NJ,Middle Atlantic,holdout,52004.0,1442.1967540958387,2587.4734872960835,low
3502000,2022,Albuquerque city,NM,Mountain,train,562551.0,4778.7667251502535,2733.072334761563,mid
3502000,2023,Albuquerque city,NM,Mountain,train,562488.0,4676.366429150488,2699.4777846514407,mid
3502000,2024,Albuquerque city,NM,Mountain,train,562218.0,4600.172886673853,2661.7683542751547,low
3539380,2022,Las Cruces city,NM,Mountain,train,111273.0,5475.721873230703,3088.5857388605546,mid
3539380,2023,Las Cruces city,NM,Mountain,train,112612.0,5516.286008595886,3035.2063383039535,mid
3539380,2024,Las Cruces city,NM,Mountain,train,114197.0,4949.341926670578,3056.801037677902,mid
3563460,2022,Rio Rancho city,NM,Mountain,train,104351.0,1721.114316106219,2012.2603876855985,low
3563460,2023,Rio Rancho city,NM,Mountain,train,106533.0,1538.490420808576,2059.6796505830944,low
3563460,2024,Rio Rancho city,NM,Mountain,train,108515.0,1392.4342256830853,2047.0851262525373,low
3570500,2022,Santa Fe city,NM,Mountain,train,87617.0,4945.387310681717,2449.4763017908645,low
3570500,2023,Santa Fe city,NM,Mountain,train,88224.0,5047.379397896264,2490.26277968712,low
3570500,2024,Santa Fe city,NM,Mountain,train,89019.0,5193.273346139588,2404.665306473238,low
3601000,2022,Albany city,NY,Middle Atlantic,holdout,99692.0,3721.462103278097,3404.1156335591695,high
3601000,2023,Albany city,NY,Middle Atlantic,holdout,100081.0,3485.177006624634,3375.02935538106,high
3601000,2024,Albany city,NY,Middle Atlantic,holdout,100492.0,2893.7626875771207,3320.805245394892,high
3611000,2022,Buffalo city,NY,Middle Atlantic,holdout,276688.0,3199.2713814838376,3559.1654234590833,high
3611000,2023,Buffalo city,NY,Middle Atlantic,holdout,276397.0,4176.962846919468,3567.096896764938,high
3611000,2024,Buffalo city,NY,Middle Atlantic,holdout,276854.0,3766.606225664068,3474.498982469737,high
3615000,2022,Cheektowaga CDP,NY,Middle Atlantic,holdout,76483.0,3412.5230443366504,1814.42106510395,low
3615000,2023,Cheektowaga CDP,NY,Middle Atlantic,holdout,76251.0,3858.310054950098,1885.3586035050066,low
3615000,2024,Cheektowaga CDP,NY,Middle Atlantic,holdout,76056.0,3338.329651835489,2021.1374986739409,low
3633139,2022,Hempstead village,NY,Middle Atlantic,holdout,58557.0,1074.1670509076623,2527.3369701731467,low
3633139,2023,Hempstead village,NY,Middle Atlantic,holdout,58569.0,1056.8730898598235,2470.7559124587438,low
3633139,2024,Hempstead village,NY,Middle Atlantic,holdout,58801.0,1083.3149096103807,2411.6936955219917,low
3637737,2022,Irondequoit CDP,NY,Middle Atlantic,holdout,50780.0,1595.116187475384,1865.5408144985427,low
3637737,2023,Irondequoit CDP,NY,Middle Atlantic,holdout,50438.0,2095.6421745509338,1845.7987206339003,low
3637737,2024,Irondequoit CDP,NY,Middle Atlantic,holdout,50657.0,1691.7701403557255,1853.512331951322,low
3649121,2022,Mount Vernon city,NY,Middle Atlantic,holdout,72817.0,1536.7290605215817,2383.9372118545766,low
3649121,2023,Mount Vernon city,NY,Middle Atlantic,holdout,72528.0,1588.352084712111,2375.14927654264,low
3649121,2024,Mount Vernon city,NY,Middle Atlantic,holdout,72427.0,1417.9794827895676,2464.979329427904,low
3650617,2022,New Rochelle city,NY,Middle Atlantic,holdout,80828.0,707.6755579749591,2313.3170282233227,low
3650617,2023,New Rochelle city,NY,Middle Atlantic,holdout,81591.0,1383.7310487676336,2289.423346151849,low
3650617,2024,New Rochelle city,NY,Middle Atlantic,holdout,82769.0,1134.482716959248,2291.2304383720593,low
3651000,2022,New York city,NY,Middle Atlantic,holdout,8622467.0,2045.365902821084,2865.957536385158,mid
3651000,2023,New York city,NY,Middle Atlantic,holdout,8516202.0,2304.630632293597,2881.0550188289717,mid
3651000,2024,New York city,NY,Middle Atlantic,holdout,8483844.0,2316.744626610296,2916.6917299694414,mid
3663000,2022,Rochester city,NY,Middle Atlantic,holdout,210992.0,3568.3817395920228,3691.890125289198,high
3663000,2023,Rochester city,NY,Middle Atlantic,holdout,209720.0,5017.64257104711,3601.5766216531456,high
3663000,2024,Rochester city,NY,Middle Atlantic,holdout,208772.0,3247.0829421569947,3686.7370512007046,high
3665508,2022,Schenectady city,NY,Middle Atlantic,holdout,68476.0,3352.999591097611,3204.7416110523423,high
3665508,2023,Schenectady city,NY,Middle Atlantic,holdout,68521.0,3169.8311466557693,3331.1747930908805,high
3665508,2024,Schenectady city,NY,Middle Atlantic,holdout,68847.0,3118.5091579880022,3371.9072646384,high
3673000,2022,Syracuse city,NY,Middle Atlantic,holdout,146134.0,3031.4642725170047,3873.00698025597,high
3673000,2023,Syracuse city,NY,Middle Atlantic,holdout,146211.0,3759.6350479786074,3877.167722713277,high
3673000,2024,Syracuse city,NY,Middle Atlantic,holdout,146384.0,4199.229423980763,3813.253626663407,high
3675484,2022,Troy city,NY,Middle Atlantic,holdout,51268.0,3274.9473355699465,3233.2978823249036,high
3675484,2023,Troy city,NY,Middle Atlantic,holdout,51054.0,2922.3958945430327,3267.8123665792164,high
3675484,2024,Troy city,NY,Middle Atlantic,holdout,51033.0,2737.444398722396,3231.6864560471213,high
3676540,2022,Utica city,NY,Middle Atlantic,holdout,64728.0,3364.849833147942,3626.264139078259,high
3676540,2023,Utica city,NY,Middle Atlantic,holdout,64440.0,2931.4090626939787,3594.6072219929783,high
3676540,2024,Utica city,NY,Middle Atlantic,holdout,64217.0,2897.9865144743603,3583.0544087243275,high
3681677,2022,White Plains city,NY,Middle Atlantic,holdout,59421.0,1273.960384375894,2277.4085558433835,low
3681677,2023,White Plains city,NY,Middle Atlantic,holdout,59818.0,1701.828880938848,2322.2788260109364,low
3681677,2024,White Plains city,NY,Middle Atlantic,holdout,60666.0,1796.7230409125375,2374.163343296221,low
3684000,2022,Yonkers city,NY,Middle Atlantic,holdout,209780.0,909.047573648584,2491.28428235706,low
3684000,2023,Yonkers city,NY,Middle Atlantic,holdout,209529.0,1240.4010900639053,2588.973658684016,low
3684000,2024,Yonkers city,NY,Middle Atlantic,holdout,209978.0,998.1998114088142,2522.536950951493,low
3701520,2022,Apex town,NC,South Atlantic,train,65541.0,1151.9506873560065,1655.181458601656,low
3701520,2023,Apex town,NC,South Atlantic,train,67765.0,991.6623625765512,1651.7180807011478,low
3702140,2022,Asheville city,NC,South Atlantic,train,93695.0,5134.745717487593,2243.3036753825404,low
3702140,2023,Asheville city,NC,South Atlantic,train,94369.0,4481.344509319798,2308.3600909281286,low
3702140,2024,Asheville city,NC,South Atlantic,train,94535.0,3923.414608346115,2250.478140594633,low
3709060,2022,Burlington city,NC,South Atlantic,train,56951.0,3985.8826008322944,2944.0171987735594,mid
3709060,2023,Burlington city,NC,South Atlantic,train,58599.0,3802.112664038636,2903.520450377241,mid
3709060,2024,Burlington city,NC,South Atlantic,train,59610.0,3152.15567857742,2754.2307353438005,mid
3710740,2022,Cary town,NC,South Atlantic,train,174880.0,1129.3458371454713,1980.433360427308,low
3710740,2023,Cary town,NC,South Atlantic,train,176686.0,1274.0115232672651,1982.288200690641,low
3710740,2024,Cary town,NC,South Atlantic,train,179306.0,1335.7054420934046,2008.653391662,low
3711800,2022,Chapel Hill town,NC,South Atlantic,train,58919.0,2058.758634735824,3041.8171433544076,mid
3711800,2023,Chapel Hill town,NC,South Atlantic,train,59889.0,2810.1988679056253,3144.4727674623527,high
3711800,2024,Chapel Hill town,NC,South Atlantic,train,61607.0,2608.469816741604,3054.758243509503,mid
3712000,2022,Charlotte city,NC,South Atlantic,train,875045.0,3685.067625093567,2551.8373332209267,low
3712000,2023,Charlotte city,NC,South Atlantic,train,886283.0,4238.488157845744,2553.999816303691,low
3712000,2024,Charlotte city,NC,South Atlantic,train,903844.0,4112.324693199269,2558.7376350960967,low
3714100,2022,Concord city,NC,South Atlantic,train,105335.0,1024.3508805240424,2094.9158300079907,low
3714100,2023,Concord city,NC,South Atlantic,train,106518.0,1028.9340768696372,2203.0122302580635,low
3714100,2024,Concord city,NC,South Atlantic,train,108719.0,1137.7956015047969,2266.197963566233,low
3719000,2022,Durham city,NC,South Atlantic,train,284094.0,3343.2596253352763,2619.7749409161142,low
3719000,2023,Durham city,NC,South Atlantic,train,288465.0,3856.62038722202,2612.2852354903903,low
3719000,2024,Durham city,NC,South Atlantic,train,291467.0,3913.6506019549374,2573.6193116082786,low
3722920,2022,Fayetteville city,NC,South Atlantic,train,208697.0,3461.477644623545,3141.316624896211,high
3722920,2023,Fayetteville city,NC,South Atlantic,train,209692.0,3059.725692921046,3086.3805011331415,mid
3722920,2024,Fayetteville city,NC,South Atlantic,train,210815.0,3081.8490145388137,3035.833030749488,mid
3725580,2022,Gastonia city,NC,South Atlantic,train,80615.0,4002.9771134404255,2550.1034700123455,low
3725580,2023,Gastonia city,NC,South Atlantic,train,81632.0,3915.131321050568,2533.3605494847207,low
3725580,2024,Gastonia city,NC,South Atlantic,train,82884.0,3608.65788330679,2684.5003215235897,low
3728000,2022,Greensboro city,NC,South Atlantic,train,297202.0,3804.819617633798,2964.1949130548837,mid
3728000,2023,Greensboro city,NC,South Atlantic,train,298564.0,3792.821639581464,2979.87207174151,mid
3728000,2024,Greensboro city,NC,South Atlantic,train,301198.0,3418.017383913572,2897.849634494469,mid
3728080,2022,Greenville city,NC,South Atlantic,train,87894.0,2773.795708467017,3590.0018548705416,high
3728080,2023,Greenville city,NC,South Atlantic,train,88540.0,3241.4727806641063,3529.597110272532,high
3728080,2024,Greenville city,NC,South Atlantic,train,92857.0,2851.6966949179923,3518.662603209494,high
3731400,2022,High Point city,NC,South Atlantic,train,114120.0,2695.408342096039,2758.57770872368,mid
3731400,2023,High Point city,NC,South Atlantic,train,115263.0,2548.9532634062966,2710.495178330914,mid
3731400,2024,High Point city,NC,South Atlantic,train,116245.0,2485.268183577788,2786.1260998971457,mid
3733120,2022,Huntersville town,NC,South Atlantic,train,61202.0,1230.3519492827031,1684.6691220228945,low
3733120,2023,Huntersville town,NC,South Atlantic,train,62458.0,1474.5909251016683,1683.1628523906702,low
3733120,2024,Huntersville town,NC,South Atlantic,train,63969.0,1402.2417108286827,1675.4426463905306,low
3734200,2022,Jacksonville city,NC,South Atlantic,train,71908.0,2092.952105468098,3058.7264204594067,mid
3735200,2022,Kannapolis city,NC,South Atlantic,train,53314.0,2128.8967250628352,2289.747460368477,low
3735200,2023,Kannapolis city,NC,South Atlantic,train,56470.0,1988.6665486098807,2352.315498730884,low
3735200,2024,Kannapolis city,NC,South Atlantic,train,57890.0,1872.516842287096,2393.1676607266404,low
3744220,2022,Mooresville town,NC,South Atlantic,train,50025.0,2248.8755622188905,1942.85232720699,low
3744220,2023,Mooresville town,NC,South Atlantic,train,51447.0,2252.8038563959026,1953.5930816650948,low
3744220,2024,Mooresville town,NC,South Atlantic,train,52381.0,2252.72522479525,1993.3770243914912,low
3755000,2022,Raleigh city,NC,South Atlantic,train,465517.0,2361.2456687940503,2545.5127860362786,low
3755000,2023,Raleigh city,NC,South Atlantic,train,470763.0,2655.901164704958,2506.9639704905476,low
3755000,2024,Raleigh city,NC,South Atlantic,train,481031.0,2860.522502707726,2546.6102335206597,low
3757500,2022,Rocky Mount city,NC,South Atlantic,train,54260.0,2738.665683744932,2779.2641064913023,mid
3757500,2023,Rocky Mount city,NC,South Atlantic,train,54175.0,3248.7309644670054,2888.886407533615,mid
3757500,2024,Rocky Mount city,NC,South Atlantic,train,54297.0,3974.4368933826913,2781.2034512463115,mid
3770540,2023,Wake Forest town,NC,South Atlantic,train,51199.0,1630.8912283443035,1740.5321302546818,low
3770540,2024,Wake Forest town,NC,South Atlantic,train,52844.0,1379.5322080084777,1829.9283894200416,low
3774440,2022,Wilmington city,NC,South Atlantic,train,116933.0,2920.4758280382785,2740.0766634869815,mid
3774440,2023,Wilmington city,NC,South Atlantic,train,118578.0,3629.678355175496,2668.6061501280847,low
3774440,2024,Wilmington city,NC,South Atlantic,train,120805.0,3639.7500103472535,2648.7897399878343,low
3775000,2022,Winston-Salem city,NC,South Atlantic,train,249571.0,3920.727969195139,2935.014379510295,mid
3775000,2023,Winston-Salem city,NC,South Atlantic,train,250887.0,3026.063526607596,2901.004436043413,mid
3775000,2024,Winston-Salem city,NC,South Atlantic,train,252037.0,2944.4089558279143,2896.4716565637295,mid
3807200,2022,Bismarck city,ND,West North Central,train,73694.0,3404.619100605205,1779.4386457141727,low
3807200,2023,Bismarck city,ND,West North Central,train,74146.0,3145.1460631726595,1831.454187942335,low
3807200,2024,Bismarck city,ND,West North Central,train,75556.0,2399.544708560538,1823.5941125395088,low
3825700,2022,Fargo city,ND,West North Central,train,127319.0,4158.059676874622,2375.7709783568716,low
3825700,2023,Fargo city,ND,West North Central,train,129064.0,4035.207338994607,2350.2357797815257,low
3825700,2024,Fargo city,ND,West North Central,train,131627.0,3810.768307414132,2347.083502490647,low
3832060,2022,Grand Forks city,ND,West North Central,train,58935.0,2971.06982268601,2566.49032902424,low
3832060,2023,Grand Forks city,ND,West North Central,train,58882.0,2532.1830100879724,2587.272866510872,low
3832060,2024,Grand Forks city,ND,West North Central,train,59042.0,2274.651942684869,2537.627541187234,low
3901000,2022,Akron city,OH,East North Central,train,190273.0,3397.2239886899347,3156.1356059809,high
3901000,2023,Akron city,OH,East North Central,train,189526.0,2966.347625127951,3167.2524127866345,high
3901000,2024,Akron city,OH,East North Central,train,189247.0,2939.016206333521,3207.2432084553748,high
3912000,2022,Canton city,OH,East North Central,train,70589.0,5506.523679326808,3646.194642979155,high
3912000,2023,Canton city,OH,East North Central,train,70105.0,4196.56229940803,3491.604418808343,high
3912000,2024,Canton city,OH,East North Central,train,69755.0,3403.340262346785,3417.6841667844355,high
3915000,2022,Cincinnati city,OH,East North Central,train,308870.0,3737.1709780813935,3411.371129416368,high
3915000,2023,Cincinnati city,OH,East North Central,train,309595.0,4227.135451153927,3399.4079941060745,high
3915000,2024,Cincinnati city,OH,East North Central,train,311224.0,3833.894558260288,3461.3082053492485,high
3916000,2022,Cleveland city,OH,East North Central,train,370365.0,4240.14148205149,3841.7277943285353,high
3916000,2023,Cleveland city,OH,East North Central,train,367523.0,4689.77451751319,3807.5743582687633,high
3916000,2024,Cleveland city,OH,East North Central,train,366097.0,4385.996061153192,3807.7741182841196,high
3918000,2022,Columbus city,OH,East North Central,train,902449.0,3502.580201208046,2972.0871409965503,mid
3918000,2023,Columbus city,OH,East North Central,train,906480.0,2711.036095666755,2968.5371145784334,mid
3918000,2024,Columbus city,OH,East North Central,train,914802.0,2655.219380805901,2985.5299648346877,mid
3919778,2022,Cuyahoga Falls city,OH,East North Central,train,50916.0,1808.861654489748,1845.1059140873476,low
3919778,2023,Cuyahoga Falls city,OH,East North Central,train,50864.0,1855.9295375904371,1857.7423301079482,low
3919778,2024,Cuyahoga Falls city,OH,East North Central,train,50909.0,1836.610422518612,1854.4278355570937,low
3921000,2022,Dayton city,OH,East North Central,train,137305.0,4278.795382542515,3660.673801751681,high
3921000,2023,Dayton city,OH,East North Central,train,136741.0,4654.054014523807,3604.142038520099,high
3921000,2024,Dayton city,OH,East North Central,train,136579.0,4279.574458738166,3551.8111448841414,high
3925256,2022,Elyria city,OH,East North Central,train,52780.0,1907.9196665403565,2736.871563839354,mid
3925256,2023,Elyria city,OH,East North Central,train,52833.0,1455.529687884466,2602.7149111779017,low
3925256,2024,Elyria city,OH,East North Central,train,53035.0,1485.811256717262,2525.2627954677196,low
3933012,2022,Hamilton city,OH,East North Central,train,63149.0,2178.973538773377,2671.171001468003,low
3933012,2023,Hamilton city,OH,East North Central,train,63124.0,1886.7625625752487,2637.492816466576,low
3933012,2024,Hamilton city,OH,East North Central,train,63468.0,2037.2471166572127,2741.673441810618,mid
3940040,2022,Kettering city,OH,East North Central,train,57707.0,1393.2451868924047,1696.6501693434839,low
3940040,2023,Kettering city,OH,East North Central,train,57442.0,1413.5998050207163,1713.5724969518888,low
3940040,2024,Kettering city,OH,East North Central,train,57206.0,1484.110058385484,1730.9003408517542,low
3941664,2022,Lakewood city,OH,East North Central,train,50605.0,1323.9798438889438,2078.2391819964296,low
3941664,2023,Lakewood city,OH,East North Central,train,50229.0,1542.9333651874415,2023.9147790218203,low
3941664,2024,Lakewood city,OH,East North Central,train,50007.0,1123.8426620273162,2008.1428529190039,low
3944856,2022,Lorain city,OH,East North Central,train,65138.0,1828.4258036783444,3437.6143296939645,high
3944856,2023,Lorain city,OH,East North Central,train,65207.0,1817.2895548023985,3429.5338121245727,high
3944856,2024,Lorain city,OH,East North Central,train,65395.0,1550.577261258506,3270.3586045372062,high
3949840,2022,Middletown city,OH,East North Central,train,50514.0,2201.369917250663,2631.5393188130465,low
3949840,2023,Middletown city,OH,East North Central,train,50607.0,2292.173019542751,2673.0573885491654,low
3954040,2022,Newark city,OH,East North Central,train,50062.0,2758.5793615916264,2182.455413356684,low
3954040,2023,Newark city,OH,East North Central,train,50393.0,2581.707776873772,2241.6252180672664,low
3954040,2024,Newark city,OH,East North Central,train,50783.0,1646.2201917964671,2205.048580188647,low
3961000,2022,Parma city,OH,East North Central,train,80587.0,882.2762976658765,1838.3479933188346,low
3961000,2023,Parma city,OH,East North Central,train,80131.0,647.6894085934283,1852.4454600224685,low
3961000,2024,Parma city,OH,East North Central,train,79870.0,702.3913860022536,1898.3075242884715,low
3974118,2022,Springfield city,OH,East North Central,train,58645.0,4520.419473100861,3079.7331564882943,mid
3974118,2023,Springfield city,OH,East North Central,train,58410.0,4714.946070878274,3003.443778788728,mid
3974118,2024,Springfield city,OH,East North Central,train,58190.0,4493.899295411583,3025.9135745917843,mid
3977000,2022,Toledo city,OH,East North Central,train,269962.0,3046.72509464295,3285.731684506861,high
3977000,2023,Toledo city,OH,East North Central,train,268461.0,2948.286715761321,3254.5705294912923,high
3977000,2024,Toledo city,OH,East North Central,train,267463.0,2693.456665034042,3236.7450535122316,high
3988000,2022,Youngstown city,OH,East North Central,train,60048.0,2866.0405009325877,4022.877258945844,high
3988000,2023,Youngstown city,OH,East North Central,train,59605.0,3107.12188574784,4127.093427562294,high
3988000,2024,Youngstown city,OH,East North Central,train,59331.0,2730.444455680841,4188.239647487153,high
4009050,2022,Broken Arrow city,OK,West South Central,train,114237.0,1671.962674089831,2042.2352253171453,low
4009050,2023,Broken Arrow city,OK,West South Central,train,115919.0,1401.840940656838,2084.367951291982,low
4009050,2024,Broken Arrow city,OK,West South Central,train,118180.0,1229.480453545439,2073.215586696991,low
4023200,2022,Edmond city,OK,West South Central,train,94503.0,1647.5667439128918,2033.2139192093123,low
4023200,2023,Edmond city,OK,West South Central,train,95618.0,1602.20878914012,1943.0025866006445,low
4023200,2024,Edmond city,OK,West South Central,train,96825.0,1390.1368448231344,1930.30735903526,low
4023950,2022,Enid city,OK,West South Central,train,50961.0,2794.293675555817,2564.255215770085,low
4023950,2023,Enid city,OK,West South Central,train,50821.0,2805.926683851164,2498.7506981763486,low
4023950,2024,Enid city,OK,West South Central,train,50653.0,2371.0342921445917,2456.5900968644446,low
4041850,2022,Lawton city,OK,West South Central,train,91023.0,2085.1872603627653,3255.917802034053,high
4041850,2023,Lawton city,OK,West South Central,train,90662.0,2488.3633716441286,3319.650354835014,high
4041850,2024,Lawton city,OK,West South Central,train,90595.0,2641.4261272697167,3319.787071809489,high
4048350,2022,Midwest City city,OK,West South Central,train,58124.0,2649.5079485238457,2683.1571729838206,low
4048350,2023,Midwest City city,OK,West South Central,train,58170.0,2406.738868832732,2670.7749285517684,low
4048350,2024,Midwest City city,OK,West South Central,train,58297.0,2068.717086642537,2752.008573268797,mid
4049200,2022,Moore city,OK,West South Central,train,62685.0,2069.07553641222,2222.94669026235,low
4049200,2023,Moore city,OK,West South Central,train,63045.0,1711.4759298913475,2257.916181138781,low
4049200,2024,Moore city,OK,West South Central,train,63420.0,1516.8716493219804,2299.521177051483,low
4052500,2022,Norman city,OK,West South Central,train,127701.0,2777.5820079717464,2880.8324397531487,mid
4052500,2023,Norman city,OK,West South Central,train,128714.0,2308.2182202402228,2818.937837762857,mid
4052500,2024,Norman city,OK,West South Central,train,129672.0,2284.224813375285,2794.067350303887,mid
4055000,2022,Oklahoma City city,OK,West South Central,train,681088.0,3111.3453768088707,2743.088004397995,mid
4055000,2023,Oklahoma City city,OK,West South Central,train,688693.0,2985.655437183186,2757.05597526588,mid
4055000,2024,Oklahoma City city,OK,West South Central,train,697125.0,2944.665590819437,2751.022157189266,mid
4075000,2022,Tulsa city,OK,West South Central,train,411938.0,4253.552719098505,2986.915027959046,mid
4075000,2023,Tulsa city,OK,West South Central,train,412322.0,3925.815260888335,3011.9133401985346,mid
4075000,2024,Tulsa city,OK,West South Central,train,413794.0,3605.658854405816,3017.387935614358,mid
4101000,2022,Albany city,OR,Pacific,train,56348.0,2798.679633704834,2092.267999224775,low
4101000,2023,Albany city,OR,Pacific,train,56773.0,2081.975586986772,2190.7392129336185,low
4101000,2024,Albany city,OR,Pacific,train,56839.0,1842.045074684636,2214.8268068684333,low
4105350,2022,Beaverton city,OR,Pacific,train,97554.0,2774.8734034483464,2354.279475037598,low
4105350,2023,Beaverton city,OR,Pacific,train,97502.0,2082.008574183093,2278.0474660335403,low
4105350,2024,Beaverton city,OR,Pacific,train,97812.0,2632.601316811843,2300.6443898426946,low
4105800,2022,Bend city,OR,Pacific,train,99442.0,1669.3147764526057,1900.9754283561042,low
4105800,2023,Bend city,OR,Pacific,train,101472.0,1645.774203721223,1881.430165041029,low
4105800,2024,Bend city,OR,Pacific,train,103390.0,1399.5550826965855,1826.4618362996262,low
4115800,2022,Corvallis city,OR,Pacific,train,60050.0,3658.617818484596,3540.129195395488,high
4115800,2023,Corvallis city,OR,Pacific,train,60424.0,2945.8493313915,3477.5837904324117,high
4115800,2024,Corvallis city,OR,Pacific,train,59960.0,2575.05003335557,3373.328214987793,high
4123850,2022,Eugene city,OR,Pacific,train,176755.0,3388.3058470764618,2861.6272906595887,mid
4123850,2023,Eugene city,OR,Pacific,train,177520.0,3209.2158630013514,2785.1416266650635,mid
4123850,2024,Eugene city,OR,Pacific,train,179591.0,3227.8900390331364,2848.942165215032,mid
4131250,2022,Gresham city,OR,Pacific,train,113525.0,2895.397489539749,2474.2235198910935,low
4131250,2023,Gresham city,OR,Pacific,train,112818.0,2927.72429931394,2402.174755500369,low
4131250,2024,Gresham city,OR,Pacific,train,112378.0,2363.45192119454,2387.538388280529,low
4134100,2022,Hillsboro city,OR,Pacific,train,106612.0,2560.6873522680376,2215.7978122833892,low
4134100,2023,Hillsboro city,OR,Pacific,train,107050.0,2512.844465203176,2190.1323435883155,low
4134100,2024,Hillsboro city,OR,Pacific,train,108231.0,2423.5200635677397,2219.4399707922275,low
4147000,2022,Medford city,OR,Pacific,train,85539.0,4168.858649271093,2278.0265779035326,low
4147000,2023,Medford city,OR,Pacific,train,85794.0,3825.4423386250783,2213.706617081324,low
4147000,2024,Medford city,OR,Pacific,train,86315.0,3762.961246596768,2282.665057934076,low
4159000,2022,Portland city,OR,Pacific,train,646101.0,6168.075889063784,2358.585984625986,low
4159000,2023,Portland city,OR,Pacific,train,642715.0,5709.529106991435,2419.103114020718,low
4159000,2024,Portland city,OR,Pacific,train,641165.0,5370.224513190832,2422.4781105191964,low
4164900,2022,Salem city,OR,Pacific,train,175754.0,3701.764966942431,2507.2982887645067,low
4164900,2023,Salem city,OR,Pacific,train,176666.0,3232.087668255352,2511.990560225071,low
4164900,2024,Salem city,OR,Pacific,train,178865.0,2788.6953847874097,2515.0979775380433,low
4169600,2022,Springfield city,OR,Pacific,train,61740.0,3305.7985098801423,2476.4287152779634,low
4169600,2023,Springfield city,OR,Pacific,train,61642.0,2723.792219590539,2407.685875510843,low
4169600,2024,Springfield city,OR,Pacific,train,61499.0,2761.020504398445,2360.039028613046,low
4173650,2022,Tigard city,OR,Pacific,train,55161.0,3770.780080129077,1912.954270493984,low
4173650,2023,Tigard city,OR,Pacific,train,55395.0,3361.314198032313,1917.4827903804269,low
4173650,2024,Tigard city,OR,Pacific,train,56011.0,3449.3224545178628,1863.0737295610516,low
4202000,2023,Allentown city,PA,Middle Atlantic,holdout,125320.0,1780.2425789977656,3033.070744402545,mid
4202000,2024,Allentown city,PA,Middle Atlantic,holdout,125976.0,1551.8828983298406,2953.50078812253,mid
4206088,2023,Bethlehem city,PA,Middle Atlantic,holdout,77069.0,1576.509361740778,2695.500712065271,low
4206088,2024,Bethlehem city,PA,Middle Atlantic,holdout,77956.0,1390.5279901482888,2673.63705970075,low
4224000,2022,Erie city,PA,Middle Atlantic,holdout,94826.0,2229.346381794023,3181.6908674657407,high
4224000,2023,Erie city,PA,Middle Atlantic,holdout,94156.0,1841.624538000765,3208.152511563872,high
4224000,2024,Erie city,PA,Middle Atlantic,holdout,93850.0,1898.7746403835908,3113.866217604955,high
4232800,2023,Harrisburg city,PA,Middle Atlantic,holdout,50092.0,2006.3083925576937,3825.5144725044875,high
4232800,2024,Harrisburg city,PA,Middle Atlantic,holdout,50287.0,1980.631177043769,3818.881312812813,high
4260000,2022,Philadelphia city,PA,Middle Atlantic,holdout,1593208.0,4219.976299390914,3257.5056470194636,high
4260000,2023,Philadelphia city,PA,Middle Atlantic,holdout,1582432.0,4955.663181735456,3209.428584035477,high
4260000,2024,Philadelphia city,PA,Middle Atlantic,holdout,1579706.0,4460.513538595156,3168.6427330067254,high
4261000,2024,Pittsburgh city,PA,Middle Atlantic,holdout,304759.0,2373.0226178718267,3028.8882883955675,mid
4263624,2023,Reading city,PA,Middle Atlantic,holdout,94836.0,1746.1723396178666,3314.0004692923067,high
4263624,2024,Reading city,PA,Middle Atlantic,holdout,95242.0,1474.1395602780287,3387.631560363171,high
4269000,2022,Scranton city,PA,Middle Atlantic,holdout,76119.0,1682.8912623655067,2858.3472519455004,mid
4269000,2023,Scranton city,PA,Middle Atlantic,holdout,76074.0,1406.5252254383888,3026.9309740693134,mid
4269000,2024,Scranton city,PA,Middle Atlantic,holdout,76033.0,1338.8923230702458,3110.1021980645264,mid
4419180,2022,Cranston city,RI,New England,holdout,82691.0,1148.8553772478265,1987.2990916914607,low
4419180,2023,Cranston city,RI,New England,holdout,82632.0,1127.89234194985,1962.5451688926728,low
4419180,2024,Cranston city,RI,New England,holdout,83250.0,1059.4594594594594,2104.22491960424,low
4454640,2022,Pawtucket city,RI,New England,holdout,75176.0,2246.7276790465044,2551.686031117579,low
4454640,2023,Pawtucket city,RI,New England,holdout,75280.0,1673.75132837407,2554.2201914232564,low
4454640,2024,Pawtucket city,RI,New England,holdout,75893.0,1521.8794882268458,2527.6272893344108,low
4459000,2022,Providence city,RI,New England,holdout,189715.0,2522.7314656194817,3159.6537303526393,high
4459000,2023,Providence city,RI,New England,holdout,190214.0,1899.4395785799152,3068.992833966052,mid
4459000,2024,Providence city,RI,New England,holdout,191767.0,1674.4278212622607,3116.393717494502,high
4474300,2022,Warwick city,RI,New England,holdout,82783.0,1409.7097230107631,1546.4725322325448,low
4474300,2023,Warwick city,RI,New England,holdout,82871.0,1242.8955847039374,1528.190997473383,low
4474300,2024,Warwick city,RI,New England,holdout,83175.0,1162.6089570183346,1611.0040774650213,low
4513330,2022,Charleston city,SC,South Atlantic,train,149960.0,1919.178447586023,2329.9523722718914,low
4513330,2023,Charleston city,SC,South Atlantic,train,152014.0,2018.2351625508177,2322.0435470472316,low
4513330,2024,Charleston city,SC,South Atlantic,train,154338.0,2055.2294315074705,2303.4030697925336,low
4516000,2022,Columbia city,SC,South Atlantic,train,136754.0,2876.6983049855944,3634.372004548844,high
4516000,2023,Columbia city,SC,South Atlantic,train,138019.0,3553.858526724581,3568.7803807506716,high
4516000,2024,Columbia city,SC,South Atlantic,train,139643.0,3346.3904384752545,3604.182075235103,high
4530850,2022,Greenville city,SC,South Atlantic,train,70838.0,3805.86690759197,2656.350710314669,low
4530850,2023,Greenville city,SC,South Atlantic,train,71755.0,3800.432025642812,2631.0530275527244,low
4530850,2024,Greenville city,SC,South Atlantic,train,72935.0,3490.77946116405,2615.1902896553884,low
4548535,2022,Mount Pleasant town,SC,South Atlantic,train,90945.0,1464.6214745175655,1476.7995565220263,low
4548535,2023,Mount Pleasant town,SC,South Atlantic,train,92662.0,1348.9887979970215,1424.962764756197,low
4548535,2024,Mount Pleasant town,SC,South Atlantic,train,93993.0,1204.3450044152223,1478.3457804192763,low
4550875,2022,North Charleston city,SC,South Atlantic,train,115755.0,4948.382359293335,2796.9685331129053,mid
4550875,2023,North Charleston city,SC,South Atlantic,train,117460.0,4782.053465009365,2795.022010807416,mid
4550875,2024,North Charleston city,SC,South Atlantic,train,119913.0,4074.620766722541,2718.1489181793722,mid
4561405,2022,Rock Hill city,SC,South Atlantic,train,74170.0,2674.935957934475,2515.4866792048197,low
4561405,2023,Rock Hill city,SC,South Atlantic,train,74769.0,2705.6667870374085,2473.9133219026157,low
4561405,2024,Rock Hill city,SC,South Atlantic,train,75259.0,2370.480606970594,2424.866090205117,low
4570270,2022,Summerville town,SC,South Atlantic,train,50839.0,2710.5175160801746,2174.8864777203094,low
4570270,2023,Summerville town,SC,South Atlantic,train,51262.0,3123.1711599235305,2197.182327932284,low
4570270,2024,Summerville town,SC,South Atlantic,train,51654.0,1784.953730592016,2214.52172378035,low
4652980,2022,Rapid City city,SD,West North Central,train,75632.0,3700.81447006558,2296.079502542066,low
4652980,2023,Rapid City city,SD,West North Central,train,76836.0,4100.942266645843,2291.079506902349,low
4652980,2024,Rapid City city,SD,West North Central,train,77946.0,3938.6241757113903,2255.799254068542,low
4659020,2022,Sioux Falls city,SD,West North Central,train,193401.0,3186.1262351280498,2002.3471950557118,low
4659020,2023,Sioux Falls city,SD,West North Central,train,197642.0,2538.4280669088557,1996.938313798185,low
4659020,2024,Sioux Falls city,SD,West North Central,train,201469.0,3052.082454372633,1960.488288084902,low
4703440,2022,Bartlett city,TN,East South Central,train,57481.0,1932.8125815486856,1669.4266034747811,low
4703440,2023,Bartlett city,TN,East South Central,train,56998.0,1803.5720551598304,1730.1571308187986,low
4703440,2024,Bartlett city,TN,East South Central,train,56876.0,1251.8461213868768,1650.8506862192357,low
4714000,2022,Chattanooga city,TN,East South Central,train,181288.0,5259.035347072062,2840.87306626571,mid
4714000,2023,Chattanooga city,TN,East South Central,train,182832.0,4924.739651702109,2875.99859975219,mid
4714000,2024,Chattanooga city,TN,East South Central,train,185783.0,4008.439954140045,2982.3882760487286,mid
4715160,2022,Clarksville city,TN,East South Central,train,167882.0,2080.62806018513,2641.7653484067732,low
4715160,2023,Clarksville city,TN,East South Central,train,171897.0,1826.6752764737023,2632.656666024628,low
4715160,2024,Clarksville city,TN,East South Central,train,176456.0,1714.3083828263136,2603.7323196532325,low
4716420,2022,Collierville town,TN,East South Central,train,51170.0,1194.0590189564198,1565.1778736322976,low
4716420,2023,Collierville town,TN,East South Central,train,51212.0,1357.1038037959852,1556.4769664769856,low
4716420,2024,Collierville town,TN,East South Central,train,51515.0,1263.7095991458798,1625.0023497720051,low
4727740,2022,Franklin city,TN,East South Central,train,83630.0,1074.9730957790266,1727.826578866495,low
4727740,2023,Franklin city,TN,East South Central,train,85575.0,1055.2147239263804,1726.7112471630276,low
4727740,2024,Franklin city,TN,East South Central,train,87133.0,974.372510988948,1687.1669191363744,low
4733280,2022,Hendersonville city,TN,East South Central,train,61589.0,847.5539463215835,1664.4058570917787,low
4733280,2023,Hendersonville city,TN,East South Central,train,62390.0,910.4023080621894,1651.4508323205787,low
4733280,2024,Hendersonville city,TN,East South Central,train,63091.0,725.9355534069836,1715.556888610353,low
4737640,2022,Jackson city,TN,East South Central,train,67993.0,2901.76929978086,3157.1076474297847,high
4737640,2023,Jackson city,TN,East South Central,train,68098.0,3389.233163969573,3127.5130572301496,high
4737640,2024,Jackson city,TN,East South Central,train,68435.0,3153.357200263023,3117.491108923401,high
4738320,2022,Johnson City city,TN,East South Central,train,70720.0,3479.920814479638,2883.6513994880493,mid
4738320,2023,Johnson City city,TN,East South Central,train,71455.0,2874.536421524036,2815.436840252924,mid
4738320,2024,Johnson City city,TN,East South Central,train,72222.0,2362.1611143418904,2723.266878503802,mid
4739560,2022,Kingsport city,TN,East South Central,train,55415.0,4098.168365965894,2429.2178185671905,low
4739560,2023,Kingsport city,TN,East South Central,train,55807.0,3628.57706022542,2468.9673278896175,low
4739560,2024,Kingsport city,TN,East South Central,train,56262.0,3005.581031602147,2448.8227336641075,low
4740000,2022,Knoxville city,TN,East South Central,train,191857.0,3965.974658208979,2920.0061569140225,mid
4740000,2023,Knoxville city,TN,East South Central,train,193721.0,3198.93042055327,2907.215188960598,mid
4740000,2024,Knoxville city,TN,East South Central,train,195185.0,2794.7844352793504,2869.0286036877574,mid
4748000,2022,Memphis city,TN,East South Central,train,630027.0,7108.108065209904,3077.3162275324794,mid
4748000,2023,Memphis city,TN,East South Central,train,629063.0,8425.070302974424,3029.415015402425,mid
4748000,2024,Memphis city,TN,East South Central,train,618980.0,6834.63116740444,3068.908414713522,mid
4751560,2022,Murfreesboro city,TN,East South Central,train,153487.0,2224.944132076332,2422.7787759075272,low
4751560,2023,Murfreesboro city,TN,East South Central,train,157547.0,2479.2601572863973,2319.6484531379,low
4751560,2024,Murfreesboro city,TN,East South Central,train,161445.0,2123.323732540494,2235.2310425187884,low
4752006,2022,Nashville-Davidson metropolitan government (balance),TN,East South Central,train,684103.0,3799.281687114367,2697.4056692031318,low
4752006,2023,Nashville-Davidson metropolitan government (balance),TN,East South Central,train,684298.0,4444.554857678964,2687.150324434904,low
4752006,2024,Nashville-Davidson metropolitan government (balance),TN,East South Central,train,690130.0,4567.400344862562,2695.8708434763353,low
4769420,2022,Smyrna town,TN,East South Central,train,53760.0,2031.25,2463.639890143424,low
4769420,2023,Smyrna town,TN,East South Central,train,55066.0,2477.0275669196963,2459.306014600909,low
4769420,2024,Smyrna town,TN,East South Central,train,56692.0,2474.77598250194,2555.8267036563507,low
4770580,2022,Spring Hill city,TN,East South Central,train,51319.0,896.3541768156044,1438.7363831508042,low
4770580,2023,Spring Hill city,TN,East South Central,train,53585.0,783.8014369693011,1505.470655466493,low
4770580,2024,Spring Hill city,TN,East South Central,train,55765.0,536.1786066529186,1459.144822712948,low
4801000,2022,Abilene city,TX,West South Central,train,126356.0,1976.9540029757195,2807.298064822561,mid
4801000,2023,Abilene city,TX,West South Central,train,127130.0,1750.963580586801,2677.30435600157,low
4801000,2024,Abilene city,TX,West South Central,train,128053.0,1793.7885094453077,2758.7040772720993,mid
4801924,2023,Allen city,TX,West South Central,train,107684.0,876.6390550128152,2016.9645066559222,low
4801924,2024,Allen city,TX,West South Central,train,110265.0,905.9991837845192,2115.37545970103,low
4803000,2022,Amarillo city,TX,West South Central,train,200360.0,3492.214014773408,2645.1795149286645,low
4803000,2023,Amarillo city,TX,West South Central,train,200945.0,3106.322625594068,2646.636959546524,low
4803000,2024,Amarillo city,TX,West South Central,train,201885.0,2670.8274512717635,2664.6426673847477,low
4804000,2022,Arlington city,TX,West South Central,train,393469.0,2512.523222922263,2604.8687124755397,low
4804000,2023,Arlington city,TX,West South Central,train,394769.0,2578.216627952043,2618.9107243344497,low
4804000,2024,Arlington city,TX,West South Central,train,397742.0,2425.441617933233,2601.0993954275546,low
4805000,2022,Austin city,TX,West South Central,train,958202.0,3616.147743377701,2644.983985659156,low
4805000,2023,Austin city,TX,West South Central,train,967862.0,3343.0385736809585,2635.2574379522425,low
4805000,2024,Austin city,TX,West South Central,train,979539.0,3258.675764824065,2620.900888962007,low
4806128,2022,Baytown city,TX,West South Central,train,84449.0,3767.954623500575,2848.89059000188,mid
4806128,2023,Baytown city,TX,West South Central,train,84538.0,3294.376493411247,2896.0419386536455,mid
4806128,2024,Baytown city,TX,West South Central,train,85205.0,2749.838624493868,2905.8933145816277,mid
4807000,2022,Beaumont city,TX,West South Central,train,114573.0,3757.429760938441,2983.4497252817223,mid
4807000,2023,Beaumont city,TX,West South Central,train,113710.0,3240.700026382904,2958.8645146487524,mid
4807000,2024,Beaumont city,TX,West South Central,train,113279.0,3245.0851437600963,3064.868089387956,mid
4810768,2022,Brownsville city,TX,West South Central,train,186999.0,1854.020609735881,2623.4668056642718,low
4810768,2023,Brownsville city,TX,West South Central,train,188023.0,2053.4721815948046,2545.550547382786,low
4810768,2024,Brownsville city,TX,West South Central,train,189177.0,1962.7121690268905,2445.4401622323358,low
4810912,2024,Bryan city,TX,West South Central,train,87939.0,1505.5891015362922,3337.27965618544,high
4811428,2023,Burleson city,TX,West South Central,train,50981.0,1355.4069163021518,1900.31759668218,low
4811428,2024,Burleson city,TX,West South Central,train,52918.0,1190.5211837182055,1828.947066506472,low
4813024,2022,Carrollton city,TX,West South Central,train,132284.0,1677.4515436485135,2129.130351600609,low
4813024,2023,Carrollton city,TX,West South Central,train,132741.0,1521.760420668821,2119.728960819567,low
4813024,2024,Carrollton city,TX,West South Central,train,133740.0,1312.995364139375,2139.5365192499294,low
4813552,2022,Cedar Park city,TX,West South Central,train,76344.0,1374.043801739495,1925.951420991566,low
4813552,2023,Cedar Park city,TX,West South Central,train,77474.0,1492.1134832330845,1936.1364717872116,low
4813552,2024,Cedar Park city,TX,West South Central,train,78301.0,1183.8929260162706,1964.2822377351906,low
4815976,2022,College Station city,TX,West South Central,train,120451.0,1944.35911698533,3954.4690378141345,high
4815976,2023,College Station city,TX,West South Central,train,122280.0,1377.1671573438011,3956.1173516393073,high
4815976,2024,College Station city,TX,West South Central,train,124570.0,1121.4578148831984,3973.1512690521204,high
4816432,2022,Conroe city,TX,West South Central,train,92475.0,2163.8280616382804,2423.167835437572,low
4816432,2023,Conroe city,TX,West South Central,train,96976.0,1765.3852499587526,2399.2971216697783,low
4816432,2024,Conroe city,TX,West South Central,train,102360.0,1828.8393903868696,2445.2658831424606,low
4817000,2022,Corpus Christi city,TX,West South Central,train,317804.0,3119.847453147223,2669.0121941316365,low
4817000,2023,Corpus Christi city,TX,West South Central,train,317383.0,3158.959364553237,2702.2171783396457,mid
4817000,2024,Corpus Christi city,TX,West South Central,train,317419.0,2998.8753036207663,2669.6806099989926,low
4819000,2022,Dallas city,TX,West South Central,train,1300642.0,3770.215016891658,2914.1409404011383,mid
4819000,2023,Dallas city,TX,West South Central,train,1299553.0,4046.853033312224,2892.6789793977887,mid
4819000,2024,Dallas city,TX,West South Central,train,1307930.0,3386.6491325988395,2858.426393057986,mid
4819972,2022,Denton city,TX,West South Central,train,142262.0,2581.153083746889,2922.132446479476,mid
4819972,2023,Denton city,TX,West South Central,train,146987.0,2309.7280711899693,2926.8549420997815,mid
4819972,2024,Denton city,TX,West South Central,train,152866.0,1878.1154736828328,2919.243351107337,mid
4820092,2022,DeSoto city,TX,West South Central,train,55882.0,2022.1180344296915,1927.7123072688219,low
4820092,2023,DeSoto city,TX,West South Central,train,55896.0,2077.0717045942465,1846.9301110978454,low
4820092,2024,DeSoto city,TX,West South Central,train,56211.0,1650.9224173204534,1878.865695505083,low
4822660,2022,Edinburg city,TX,West South Central,train,100964.0,2300.8200942910344,2831.8684455934153,mid
4822660,2023,Edinburg city,TX,West South Central,train,102561.0,2257.193280096723,2851.1355046719004,mid
4822660,2024,Edinburg city,TX,West South Central,train,104550.0,1807.7474892395985,2857.2972725760264,mid
4824000,2022,El Paso city,TX,West South Central,train,677181.0,1381.1669258292836,2484.2950032993085,low
4824000,2023,El Paso city,TX,West South Central,train,678147.0,1615.4314625000184,2444.576891951202,low
4824000,2024,El Paso city,TX,West South Central,train,680130.0,1491.1855086527576,2428.968487576038,low
4824768,2022,Euless city,TX,West South Central,train,60360.0,2213.3863485752154,2365.300309191323,low
4824768,2023,Euless city,TX,West South Central,train,60373.0,2068.8055919036656,2266.7149985677156,low
4824768,2024,Euless city,TX,West South Central,train,60421.0,2063.851971996491,2326.226410553008,low
4826232,2022,Flower Mound town,TX,West South Central,train,76630.0,792.1179694636566,1707.2066193602723,low
4826232,2023,Flower Mound town,TX,West South Central,train,77886.0,688.1852964589272,1706.6281780321228,low
4826232,2024,Flower Mound town,TX,West South Central,train,78389.0,598.2982306190919,1734.8555081937375,low
4827000,2022,Fort Worth city,TX,West South Central,train,924663.0,2810.645608183738,2627.7526241579517,low
4827000,2023,Fort Worth city,TX,West South Central,train,941311.0,2737.246244864875,2589.9214006250922,low
4827000,2024,Fort Worth city,TX,West South Central,train,963194.0,2795.906120677662,2610.2886564890714,low
4827684,2022,Frisco city,TX,West South Central,train,202075.0,1448.9669677100087,1915.105976791788,low
4827684,2023,Frisco city,TX,West South Central,train,210238.0,1474.9950056602518,1942.0962063563447,low
4827684,2024,Frisco city,TX,West South Central,train,219304.0,1065.188049465582,1958.970232531914,low
4828068,2022,Galveston city,TX,West South Central,train,53265.0,2906.223598986201,3138.437062042345,high
4828068,2023,Galveston city,TX,West South Central,train,53348.0,2284.99662592787,3158.261777185682,high
4828068,2024,Galveston city,TX,West South Central,train,53424.0,2365.977837675951,3290.924918395688,high
4829000,2022,Garland city,TX,West South Central,train,244026.0,2531.6974420758443,2414.7495544602675,low
4829000,2023,Garland city,TX,West South Central,train,245298.0,2336.341918808959,2436.754577721175,low
4829000,2024,Garland city,TX,West South Central,train,246844.0,1983.438933091345,2470.063684779751,low
4829336,2022,Georgetown city,TX,West South Central,train,71788.0,1459.85401459854,2021.7469124842617,low
4829336,2023,Georgetown city,TX,West South Central,train,78803.0,1305.7878507163432,2027.604034039277,low
4829336,2024,Georgetown city,TX,West South Central,train,85999.0,1217.456016930429,2114.2942429718455,low
4830464,2022,Grand Prairie city,TX,West South Central,train,197279.0,1910.999143345212,2420.788460113905,low
4830464,2023,Grand Prairie city,TX,West South Central,train,198564.0,1658.910980842449,2465.7904216676034,low
4830464,2024,Grand Prairie city,TX,West South Central,train,201883.0,1634.6101454803031,2476.1705034785286,low
4830644,2022,Grapevine city,TX,West South Central,train,50763.0,2954.9081023580165,1973.4640554650528,low
4830644,2023,Grapevine city,TX,West South Central,train,50875.0,2478.6240786240787,2001.9780329881294,low
4830644,2024,Grapevine city,TX,West South Central,train,51139.0,2059.0938422730205,2039.9605423678997,low
4832372,2022,Harlingen city,TX,West South Central,train,71497.0,2844.874610123502,2807.868643334749,mid
4832372,2023,Harlingen city,TX,West South Central,train,71669.0,2765.491356095383,2748.312073441382,mid
4832372,2024,Harlingen city,TX,West South Central,train,72087.0,2692.579799409048,2828.2057444945563,mid
4835000,2022,Houston city,TX,West South Central,train,2296253.0,4542.356613143238,3092.613468477495,mid
4835000,2023,Houston city,TX,West South Central,train,2300419.0,4515.394804163937,3109.429972038309,mid
4835000,2024,Houston city,TX,West South Central,train,2328253.0,4276.682989348666,3120.103705492401,high
4837000,2022,Irving city,TX,West South Central,train,254962.0,2523.121092554969,2520.609871412239,low
4837000,2023,Irving city,TX,West South Central,train,255036.0,2450.242318731473,2517.92000888744,low
4837000,2024,Irving city,TX,West South Central,train,256492.0,2207.086380861781,2503.3605181436506,low
4839148,2022,Killeen city,TX,West South Central,train,153708.0,1813.1782340541808,3071.865057169688,mid
4839148,2023,Killeen city,TX,West South Central,train,156144.0,1793.2165180858697,3120.9594222671494,high
4839148,2024,Killeen city,TX,West South Central,train,158159.0,1413.1348832504,3113.847033082454,high
4839952,2023,Kyle city,TX,West South Central,train,52439.0,1159.4423997406511,2010.5435787958131,low
4839952,2024,Kyle city,TX,West South Central,train,56823.0,1001.3550850887844,2154.587827626804,low
4841464,2022,Laredo city,TX,West South Central,train,255293.0,1293.8075074522214,2253.1120307217216,low
4841464,2023,Laredo city,TX,West South Central,train,255949.0,1369.8041406686489,2236.876443441803,low
4841464,2024,Laredo city,TX,West South Central,train,257619.0,1468.835761337479,2230.4210127066576,low
4841980,2022,League City city,TX,West South Central,train,113469.0,1319.3030695608493,1836.967977247809,low
4841980,2023,League City city,TX,West South Central,train,114885.0,1229.0551420986203,1736.1736856287148,low
4841980,2024,League City city,TX,West South Central,train,116215.0,1166.80290840253,1813.4245893896673,low
4842016,2023,Leander city,TX,West South Central,train,67880.0,1043.0170889805538,2008.9626579459439,low
4842016,2024,Leander city,TX,West South Central,train,74067.0,1170.5617886508162,2115.443275873684,low
4842508,2022,Lewisville city,TX,West South Central,train,125028.0,2003.551204530185,2423.6413319020885,low
4842508,2023,Lewisville city,TX,West South Central,train,128313.0,1886.7924528301885,2315.7616463924073,low
4842508,2024,Lewisville city,TX,West South Central,train,131080.0,1574.6109246261824,2344.8040696373037,low
4843012,2023,Little Elm city,TX,West South Central,train,51426.0,608.6415431882706,2346.664550247612,low
4843012,2024,Little Elm city,TX,West South Central,train,54820.0,485.2243706676396,2346.668043416618,low
4843888,2022,Longview city,TX,West South Central,train,82176.0,2859.7157320872275,2835.0210849587756,mid
4843888,2023,Longview city,TX,West South Central,train,82765.0,2503.473690569685,2927.385553228459,mid
4843888,2024,Longview city,TX,West South Central,train,82923.0,2374.491998601112,2847.577053661299,mid
4845000,2022,Lubbock city,TX,West South Central,train,258190.0,4230.218056470041,3116.2022511288633,high
4845000,2023,Lubbock city,TX,West South Central,train,261078.0,3199.043963872866,3076.0437542493096,mid
4845000,2024,Lubbock city,TX,West South Central,train,264814.0,2679.239013043117,3054.39197289162,mid
4845384,2022,McAllen city,TX,West South Central,train,142722.0,1989.8824287776235,2459.4164395478097,low
4845384,2023,McAllen city,TX,West South Central,train,143789.0,1974.4208527773333,2421.0564737968757,low
4845384,2024,McAllen city,TX,West South Central,train,145385.0,1868.831034838532,2392.5796153132974,low
4845744,2022,McKinney city,TX,West South Central,train,196160.0,1102.6712887438823,2069.698982486,low
4845744,2023,McKinney city,TX,West South Central,train,202314.0,953.9626521150292,2097.1369935641815,low
4845744,2024,McKinney city,TX,West South Central,train,210600.0,848.5280151946819,2057.6709936353373,low
4846452,2022,Mansfield city,TX,West South Central,train,73680.0,1461.726384364821,1974.5085511950776,low
4846452,2023,Mansfield city,TX,West South Central,train,75398.0,1521.260510888883,2017.194522059008,low
4846452,2024,Mansfield city,TX,West South Central,train,77510.0,1435.9437491936524,2005.09039633995,low
4847892,2022,Mesquite city,TX,West South Central,train,149439.0,3594.777802313988,2429.309038005925,low
4847892,2023,Mesquite city,TX,West South Central,train,148848.0,3643.3139847361062,2481.456390970055,low
4847892,2024,Mesquite city,TX,West South Central,train,149299.0,2966.530251374758,2570.0898558764848,low
4848072,2022,Midland city,TX,West South Central,train,132490.0,1873.3489319948676,2380.9382614025894,low
4848072,2023,Midland city,TX,West South Central,train,133998.0,1908.9837161748685,2455.2470213104157,low
4848072,2024,Midland city,TX,West South Central,train,136640.0,1655.4449648711943,2479.981320198519,low
4848768,2022,Mission city,TX,West South Central,train,85755.0,1692.0296192641829,2361.1378743769233,low
4848768,2023,Mission city,TX,West South Central,train,86234.0,1143.4005148781223,2229.8122345803295,low
4848768,2024,Mission city,TX,West South Central,train,87038.0,1158.1148463889335,2323.309782988091,low
4848804,2022,Missouri City city,TX,West South Central,train,74517.0,1201.0682126226232,2024.465178535448,low
4848804,2023,Missouri City city,TX,West South Central,train,75234.0,899.8591062551506,2067.343794390196,low
4848804,2024,Missouri City city,TX,West South Central,train,76558.0,1063.2461663052848,2111.0991985281876,low
4850820,2022,New Braunfels city,TX,West South Central,train,92993.0,1627.0041831105568,1941.1772561366615,low
4850820,2023,New Braunfels city,TX,West South Central,train,98700.0,1406.2816616008106,1954.1909838780684,low
4850820,2024,New Braunfels city,TX,West South Central,train,104643.0,1450.6464837590663,2025.4623912416107,low
4852356,2022,North Richland Hills city,TX,West South Central,train,70114.0,1986.7644122429183,1976.7617819920627,low
4852356,2023,North Richland Hills city,TX,West South Central,train,70338.0,2278.9957064460177,1846.89505349705,low
4852356,2024,North Richland Hills city,TX,West South Central,train,70780.0,2232.269002543092,1940.613135916573,low
4853388,2022,Odessa city,TX,West South Central,train,113353.0,2009.6512663978897,2555.135858832452,low
4853388,2023,Odessa city,TX,West South Central,train,114080.0,1749.649368863955,2531.807469782595,low
4853388,2024,Odessa city,TX,West South Central,train,115322.0,1853.939404450148,2638.7847150303082,low
4856000,2022,Pasadena city,TX,West South Central,train,150620.0,2715.4428362767226,2674.541897428109,low
4856000,2023,Pasadena city,TX,West South Central,train,149345.0,2710.5025277043087,2660.3876101270625,low
4856000,2024,Pasadena city,TX,West South Central,train,149433.0,2285.305120020344,2682.860770691632,low
4856348,2022,Pearland city,TX,West South Central,train,124478.0,1728.8195504426485,1976.805339618922,low
4856348,2023,Pearland city,TX,West South Central,train,125983.0,1688.323027710088,1980.0851839598718,low
4856348,2024,Pearland city,TX,West South Central,train,127514.0,1449.2526310836458,1960.5699771894167,low
4857176,2022,Pflugerville city,TX,West South Central,train,64528.0,1672.1423258120508,2092.879959707898,low
4857176,2023,Pflugerville city,TX,West South Central,train,65162.0,1638.9920505816274,2110.755111078815,low
4857176,2024,Pflugerville city,TX,West South Central,train,65971.0,1596.1558866774794,2120.3221599194217,low
4857200,2022,Pharr city,TX,West South Central,train,79434.0,1527.053906387693,2897.501732088177,mid
4857200,2023,Pharr city,TX,West South Central,train,79809.0,1488.5539224899449,2861.259129333801,mid
4857200,2024,Pharr city,TX,West South Central,train,80333.0,1140.2536939987303,2776.724878132157,mid
4858016,2022,Plano city,TX,West South Central,train,284948.0,1928.7729691031348,2144.312420387297,low
4858016,2023,Plano city,TX,West South Central,train,287339.0,1684.769557908951,2174.363204028322,low
4858016,2024,Plano city,TX,West South Central,train,290594.0,1470.78053917149,2162.428659955289,low
4858820,2022,Port Arthur city,TX,West South Central,train,55897.0,1803.3168148558957,3387.86439520469,high
4858820,2023,Port Arthur city,TX,West South Central,train,55779.0,1756.9336130084798,3557.904242039132,high
4858820,2024,Port Arthur city,TX,West South Central,train,55828.0,1527.907143368919,3499.5511757801,high
4861796,2022,Richardson city,TX,West South Central,train,118063.0,2227.6242345188584,2525.7200507149887,low
4861796,2023,Richardson city,TX,West South Central,train,118269.0,2033.4999027640376,2483.6947708420203,low
4861796,2024,Richardson city,TX,West South Central,train,118731.0,1821.7651666371885,2487.263136234625,low
4862828,2024,Rockwall city,TX,West South Central,train,51168.0,1469.6685428392746,1754.5249020885622,low
4863500,2022,Round Rock city,TX,West South Central,train,120465.0,2435.562196488607,2310.275638555238,low
4863500,2023,Round Rock city,TX,West South Central,train,124288.0,2252.832131822863,2282.6268012114033,low
4863500,2024,Round Rock city,TX,West South Central,train,127786.0,2033.0865666035404,2318.7838685408824,low
4863572,2022,Rowlett city,TX,West South Central,train,63291.0,1529.4433647754026,2208.140564349941,low
4863572,2023,Rowlett city,TX,West South Central,train,64139.0,1420.3526715414955,2174.5479283536197,low
4863572,2024,Rowlett city,TX,West South Central,train,65463.0,1377.8775797015107,2070.150315654942,low
4864472,2022,San Angelo city,TX,West South Central,train,99422.0,2818.2897145501,2383.8681608680135,low
4864472,2023,San Angelo city,TX,West South Central,train,99507.0,2593.7873717426914,2416.909113056509,low
4864472,2024,San Angelo city,TX,West South Central,train,99674.0,2469.049100066216,2353.330364682835,low
4865000,2022,San Antonio city,TX,West South Central,train,1445662.0,5138.6838693968575,2734.1805355759557,mid
4865000,2023,San Antonio city,TX,West South Central,train,1458954.0,5509.837870145323,2712.877433543431,mid
4865000,2024,San Antonio city,TX,West South Central,train,1479835.0,4731.811316802211,2711.3959718789292,mid
4865600,2022,San Marcos city,TX,West South Central,train,67143.0,2697.2283037695665,3868.2358620431096,high
4865600,2023,San Marcos city,TX,West South Central,train,68920.0,2366.511897852583,3800.71500854122,high
4865600,2024,San Marcos city,TX,West South Central,train,70897.0,2316.035939461472,3811.424354831263,high
4870808,2022,Sugar Land city,TX,West South Central,train,110077.0,1585.2539585926215,1906.5079432141806,low
4870808,2023,Sugar Land city,TX,West South Central,train,109735.0,1275.800792819064,1969.7822671392523,low
4870808,2024,Sugar Land city,TX,West South Central,train,110016.0,1355.2574171029669,1976.6629766456876,low
4872176,2022,Temple city,TX,West South Central,train,83473.0,1855.689863788291,2900.622518939063,mid
4872176,2023,Temple city,TX,West South Central,train,86358.0,2116.769726024225,2914.6996262261996,mid
4872176,2024,Temple city,TX,West South Central,train,89602.0,2553.5144304814626,2812.1408624314454,mid
4872392,2022,Texas City city,TX,West South Central,train,53084.0,2456.4840629944997,2877.548204207927,mid
4872392,2023,Texas City city,TX,West South Central,train,54159.0,2450.192950386824,2916.356599165756,mid
4872392,2024,Texas City city,TX,West South Central,train,55364.0,2326.421501336609,2815.702024340854,mid
4874144,2022,Tyler city,TX,West South Central,train,106440.0,2370.349492671928,2561.7282410666126,low
4874144,2023,Tyler city,TX,West South Central,train,107718.0,2228.0398819138863,2514.056164993827,low
4874144,2024,Tyler city,TX,West South Central,train,109215.0,1957.606555876024,2518.6951019870667,low
4875428,2022,Victoria city,TX,West South Central,train,65481.0,2217.4371191643377,2854.2134796764262,mid
4875428,2023,Victoria city,TX,West South Central,train,65514.0,2236.163262814055,2830.7188533794388,mid
4875428,2024,Victoria city,TX,West South Central,train,65625.0,1927.6190476190477,2822.2837287625603,mid
4876000,2022,Waco city,TX,West South Central,train,140545.0,3237.397274894162,3522.625247440368,high
4876000,2023,Waco city,TX,West South Central,train,141925.0,2721.155539897833,3447.164965471628,high
4876000,2024,Waco city,TX,West South Central,train,143570.0,2166.1907083652573,3388.4090073921543,high
4879000,2022,Wichita Falls city,TX,West South Central,train,102482.0,2892.215218282235,2931.3678719940376,mid
4879000,2023,Wichita Falls city,TX,West South Central,train,102558.0,2494.198404805086,2873.93647394223,mid
4879000,2024,Wichita Falls city,TX,West South Central,train,102581.0,2623.292812509139,2919.3418318589884,mid
4880356,2022,Wylie city,TX,West South Central,train,57063.0,616.8620647354678,2059.151777040186,low
4880356,2023,Wylie city,TX,West South Central,train,58991.0,779.779966435558,2025.6409042867876,low
4880356,2024,Wylie city,TX,West South Central,train,60334.0,886.7305333642722,1986.507283710795,low
4920120,2022,Draper city,UT,Mountain,train,50635.0,1733.9784733879728,1516.3838215336114,low
4920120,2023,Draper city,UT,Mountain,train,50159.0,1447.3972766602203,1658.7161861766913,low
4920120,2024,Draper city,UT,Mountain,train,50278.0,1078.0062850550937,1745.3795655130525,low
4934970,2022,Herriman city,UT,Mountain,train,55301.0,848.0859297300229,1523.5906016681236,low
4934970,2023,Herriman city,UT,Mountain,train,57336.0,777.8707967071299,1610.066882375733,low
4934970,2024,Herriman city,UT,Mountain,train,59346.0,618.4073063053954,1499.5313586366083,low
4943660,2022,Layton city,UT,Mountain,train,81726.0,1725.2771455840248,1746.3318144780142,low
4943660,2023,Layton city,UT,Mountain,train,82512.0,1510.0833818111305,1725.7687652344239,low
4943660,2024,Layton city,UT,Mountain,train,83286.0,1357.9713277141416,1794.0719011234887,low
4944320,2023,Lehi city,UT,Mountain,train,81039.0,788.5092362936365,1456.2172476309506,low
4944320,2024,Lehi city,UT,Mountain,train,85173.0,604.6517088748782,1506.1119884901377,low
4945860,2022,Logan city,UT,Mountain,train,53246.0,1344.7019494422116,3289.682902795049,high
4945860,2023,Logan city,UT,Mountain,train,53923.0,1457.6340337147417,3228.5082937041516,high
4945860,2024,Logan city,UT,Mountain,train,54907.0,1154.6797311818166,3216.688293490856,high
4953230,2022,Murray city,UT,Mountain,train,50041.0,4935.952518934473,1709.5048189621264,low
4953230,2024,Murray city,UT,Mountain,train,50188.0,3255.7583486092294,1778.3424461687764,low
4955980,2022,Ogden city,UT,Mountain,train,86754.0,2540.5168637757333,2320.9802775569697,low
4955980,2023,Ogden city,UT,Mountain,train,86973.0,2089.154105297046,2350.000560458861,low
4955980,2024,Ogden city,UT,Mountain,train,87413.0,1921.910928580417,2389.086954585728,low
4957300,2022,Orem city,UT,Mountain,train,97100.0,1691.0401647785789,2161.866936508885,low
4957300,2023,Orem city,UT,Mountain,train,97048.0,1444.6459483966696,2189.2615172885835,low
4957300,2024,Orem city,UT,Mountain,train,97182.0,1323.290321252907,2179.0250006952906,low
4962470,2022,Provo city,UT,Mountain,train,114400.0,1395.979020979021,3554.2958494505556,high
4962470,2023,Provo city,UT,Mountain,train,114303.0,1338.5475446838666,3355.4227661401533,high
4962470,2024,Provo city,UT,Mountain,train,114766.0,1248.627642333095,3398.21998921292,high
4965330,2022,St. George city,UT,Mountain,train,96174.0,1184.311768253374,1960.4382850929303,low
4965330,2023,St. George city,UT,Mountain,train,99184.0,1142.32134215196,2041.289134767243,low
4965330,2024,St. George city,UT,Mountain,train,101995.0,1057.8949948526888,2087.939994964587,low
4967000,2022,Salt Lake City city,UT,Mountain,train,201269.0,6426.225598577029,2590.6599949547917,low
4967000,2023,Salt Lake City city,UT,Mountain,train,203888.0,5724.221141018598,2546.2477139389666,low
4967000,2024,Salt Lake City city,UT,Mountain,train,208007.0,5316.647997423163,2558.266956956252,low
4967440,2023,Sandy city,UT,Mountain,train,94723.0,2397.516970535139,1609.771658628272,low
4970850,2022,South Jordan city,UT,Mountain,train,78118.0,1429.8881179753705,1356.3225756989982,low
4970850,2023,South Jordan city,UT,Mountain,train,80331.0,1193.810608606889,1372.4636177999246,low
4970850,2024,South Jordan city,UT,Mountain,train,82686.0,910.6741165372616,1468.2043834407586,low
4975360,2022,Taylorsville city,UT,Mountain,train,59729.0,2569.940899730449,2107.5550785023274,low
4975360,2023,Taylorsville city,UT,Mountain,train,59010.0,2081.0032197932555,2129.9697209647497,low
4975360,2024,Taylorsville city,UT,Mountain,train,58678.0,1782.610177579331,2145.545048285733,low
4982950,2022,West Jordan city,UT,Mountain,train,116383.0,2146.361582017992,1795.6506551560574,low
4982950,2023,West Jordan city,UT,Mountain,train,116277.0,1787.1118105902283,1848.2292517810356,low
4982950,2024,West Jordan city,UT,Mountain,train,116692.0,1329.9969149556098,1854.3432421625803,low
4983470,2022,West Valley City city,UT,Mountain,train,138868.0,2851.6288849843017,2337.552072595396,low
4983470,2023,West Valley City city,UT,Mountain,train,137955.0,2093.436265448878,2398.4911512622734,low
4983470,2024,West Valley City city,UT,Mountain,train,138437.0,1765.4239834726266,2283.4677020747163,low
5101000,2022,Alexandria city,VA,South Atlantic,train,157594.0,1869.3605086488064,2351.3955400861287,low
5101000,2023,Alexandria city,VA,South Atlantic,train,156788.0,2385.386636732403,2348.2155587183393,low
5101000,2024,Alexandria city,VA,South Atlantic,train,156976.0,2609.31607379472,2317.5937660567047,low
5116000,2022,Chesapeake city,VA,South Atlantic,train,249377.0,2045.8983787598693,2115.829540592454,low
5116000,2023,Chesapeake city,VA,South Atlantic,train,251153.0,1846.2849338849223,2167.673521207548,low
5116000,2024,Chesapeake city,VA,South Atlantic,train,252583.0,1776.445762383058,2205.571222792553,low
5135000,2022,Hampton city,VA,South Atlantic,train,137217.0,2940.5977393471653,2586.2180265609336,low
5135000,2023,Hampton city,VA,South Atlantic,train,137334.0,3024.0144465318126,2538.5363561868658,low
5135000,2024,Hampton city,VA,South Atlantic,train,137557.0,2893.346031099835,2531.1799321188096,low
5135624,2022,Harrisonburg city,VA,South Atlantic,train,51784.0,1793.9904217518929,3627.932876095781,high
5135624,2023,Harrisonburg city,VA,South Atlantic,train,51492.0,1978.948186126,3509.049694817652,high
5135624,2024,Harrisonburg city,VA,South Atlantic,train,51392.0,1688.9788293897884,3511.932871477145,high
5147672,2022,Lynchburg city,VA,South Atlantic,train,79166.0,2469.494479953515,2868.7496921556967,mid
5147672,2023,Lynchburg city,VA,South Atlantic,train,79255.0,2015.014825563056,2840.1763723842887,mid
5147672,2024,Lynchburg city,VA,South Atlantic,train,79497.0,1756.041108469502,2934.1365264575297,mid
5156000,2022,Newport News city,VA,South Atlantic,train,185118.0,2286.6495964736005,2652.030947389201,low
5156000,2023,Newport News city,VA,South Atlantic,train,184774.0,2500.8929827789625,2696.1435720913228,low
5156000,2024,Newport News city,VA,South Atlantic,train,184216.0,2407.4998914317976,2651.8492548674017,low
5157000,2022,Norfolk city,VA,South Atlantic,train,236973.0,4798.858941735978,2944.6623961654195,mid
5157000,2023,Norfolk city,VA,South Atlantic,train,235037.0,3747.495075243473,2972.7328754056184,mid
5157000,2024,Norfolk city,VA,South Atlantic,train,233596.0,3721.8103049709753,2897.205628293288,mid
5164000,2022,Portsmouth city,VA,South Atlantic,train,97384.0,4912.51129549002,2769.815428025819,mid
5164000,2023,Portsmouth city,VA,South Atlantic,train,97299.0,4534.476202222017,2770.5882012694747,mid
5164000,2024,Portsmouth city,VA,South Atlantic,train,97190.0,3859.45056075728,2766.1990568417477,mid
5167000,2022,Richmond city,VA,South Atlantic,train,227171.0,3434.857442191125,3088.516740083767,mid
5167000,2023,Richmond city,VA,South Atlantic,train,227595.0,3772.929985280872,3047.6411912403546,mid
5167000,2024,Richmond city,VA,South Atlantic,train,229359.0,3213.303162291429,2971.657705101008,mid
5168000,2022,Roanoke city,VA,South Atlantic,train,99213.0,4245.411387620574,2862.4243936006137,mid
5168000,2023,Roanoke city,VA,South Atlantic,train,98677.0,3841.8273761869536,2892.566314273579,mid
5168000,2024,Roanoke city,VA,South Atlantic,train,98355.0,4000.813380102689,2782.456385369734,mid
5176432,2022,Suffolk city,VA,South Atlantic,train,94856.0,1852.281352787383,2205.324933198823,low
5176432,2023,Suffolk city,VA,South Atlantic,train,96638.0,1710.507253875287,2220.724213848416,low
5176432,2024,Suffolk city,VA,South Atlantic,train,98796.0,1645.8156200655897,2181.899137652628,low
5182000,2022,Virginia Beach city,VA,South Atlantic,train,457900.0,1609.3033413409044,2152.4967561122785,low
5182000,2023,Virginia Beach city,VA,South Atlantic,train,457066.0,1645.2766121304144,2175.3153502732416,low
5182000,2024,Virginia Beach city,VA,South Atlantic,train,456349.0,1635.5903047886595,2184.3441807363847,low
5303180,2022,Auburn city,WA,Pacific,train,85623.0,5061.724069467316,2233.9977913159933,low
5303180,2023,Auburn city,WA,Pacific,train,85455.0,5164.121467439003,2190.10424554514,low
5303180,2024,Auburn city,WA,Pacific,train,85676.0,3836.5469909893086,2254.2732226961207,low
5305210,2022,Bellevue city,WA,Pacific,train,150606.0,3697.727846168147,2226.602182860236,low
5305210,2023,Bellevue city,WA,Pacific,train,151199.0,3484.811407482854,2225.9457540906956,low
5305210,2024,Bellevue city,WA,Pacific,train,151847.0,3332.3015930509,2219.7009064015183,low
5305280,2022,Bellingham city,WA,Pacific,train,91353.0,6631.418782087068,2814.3309961032937,mid
5305280,2023,Bellingham city,WA,Pacific,train,92367.0,4280.749618370197,2764.633982405187,mid
5305280,2024,Bellingham city,WA,Pacific,train,93438.0,3848.5412787088767,2775.747879267172,mid
5308850,2022,Burien city,WA,Pacific,train,51505.0,4005.436365401417,2472.772752078892,low
5308850,2023,Burien city,WA,Pacific,train,51331.0,3736.5334787944894,2378.5161083747325,low
5308850,2024,Burien city,WA,Pacific,train,51513.0,3315.667889658921,2550.1979761816574,low
5322640,2022,Everett city,WA,Pacific,train,110847.0,4344.727417070377,2445.7742340374975,low
5322640,2023,Everett city,WA,Pacific,train,111083.0,4174.35611209636,2445.374619590144,low
5322640,2024,Everett city,WA,Pacific,train,111845.0,3202.646519737136,2515.9262889037172,low
5323515,2022,Federal Way city,WA,Pacific,train,99614.0,5118.758407452768,2611.6804367599284,low
5323515,2023,Federal Way city,WA,Pacific,train,99232.0,5252.337955498227,2662.487522938183,low
5323515,2024,Federal Way city,WA,Pacific,train,99493.0,4246.529906626597,2699.506406605018,mid
5335275,2022,Kennewick city,WA,Pacific,train,83823.0,4725.433353614163,2394.2354924877923,low
5335275,2023,Kennewick city,WA,Pacific,train,84389.0,3677.019516761664,2413.526130704928,low
5335275,2024,Kennewick city,WA,Pacific,train,85295.0,3471.481329503488,2441.1401713978325,low
5335415,2022,Kent city,WA,Pacific,train,135169.0,5442.0762157003455,2528.7841076310397,low
5335415,2023,Kent city,WA,Pacific,train,135015.0,5026.108210198867,2530.8816139791156,low
5335415,2024,Kent city,WA,Pacific,train,135603.0,3679.8595901270623,2556.1916257745875,low
5335940,2022,Kirkland city,WA,Pacific,train,92015.0,2348.530130956909,1943.7257056272392,low
5335940,2023,Kirkland city,WA,Pacific,train,91614.0,2067.369615997555,1919.6661936147975,low
5335940,2024,Kirkland city,WA,Pacific,train,92621.0,1970.395482665918,1967.3322397780942,low
5336745,2022,Lacey city,WA,Pacific,train,56263.0,3369.887848141763,2358.000983078748,low
5336745,2023,Lacey city,WA,Pacific,train,57088.0,3047.92600896861,2396.4577288591736,low
5336745,2024,Lacey city,WA,Pacific,train,57737.0,2516.5838197343123,2401.182303300939,low
5338038,2022,Lakewood city,WA,Pacific,train,63142.0,5197.808115042286,2668.560410278471,low
5338038,2023,Lakewood city,WA,Pacific,train,63034.0,4856.109401275502,2745.169783238106,mid
5338038,2024,Lakewood city,WA,Pacific,train,62937.0,3560.7035607035605,2681.0123971647513,low
5343955,2022,Marysville city,WA,Pacific,train,70847.0,1750.250539895832,1871.4403413616164,low
5343955,2023,Marysville city,WA,Pacific,train,71570.0,1981.2770713986308,1952.0059949441463,low
5343955,2024,Marysville city,WA,Pacific,train,73002.0,1968.4392208432644,2031.412458369732,low
5351300,2022,Olympia city,WA,Pacific,train,55151.0,4284.600460553752,2452.419092139606,low
5351300,2023,Olympia city,WA,Pacific,train,55583.0,3824.9104942158574,2506.7983442769455,low
5351300,2024,Olympia city,WA,Pacific,train,55951.0,3424.424943253919,2418.8661706660077,low
5353545,2022,Pasco city,WA,Pacific,train,77274.0,2918.187229857391,2478.8567095609114,low
5353545,2023,Pasco city,WA,Pacific,train,78446.0,2225.734900441068,2367.2644722096093,low
5353545,2024,Pasco city,WA,Pacific,train,79575.0,2230.6000628338043,2323.6894479096036,low
5357535,2022,Redmond city,WA,Pacific,train,73728.0,3417.96875,2136.4595583851806,low
5357535,2023,Redmond city,WA,Pacific,train,75721.0,3121.987295466251,2106.0072261034793,low
5357535,2024,Redmond city,WA,Pacific,train,77353.0,2930.720204775509,2115.2990941169446,low
5357745,2022,Renton city,WA,Pacific,train,105355.0,4552.228180912154,2366.729734602952,low
5357745,2023,Renton city,WA,Pacific,train,105279.0,4319.949847547944,2338.1520193933375,low
5357745,2024,Renton city,WA,Pacific,train,105317.0,3264.4302439302296,2356.5260470156763,low
5358235,2022,Richland city,WA,Pacific,train,60867.0,3846.090656677674,1858.648957572457,low
5358235,2023,Richland city,WA,Pacific,train,61912.0,2645.6906577077143,2006.808479895095,low
5358235,2024,Richland city,WA,Pacific,train,62753.0,2001.4979363536404,2009.122955692708,low
5361115,2022,Sammamish city,WA,Pacific,train,66586.0,905.5957708827682,1736.6534269547515,low
5361115,2023,Sammamish city,WA,Pacific,train,66375.0,635.7815442561205,1776.8980379206519,low
5361115,2024,Sammamish city,WA,Pacific,train,66463.0,522.0950002256894,1783.4375419687842,low
5363000,2022,Seattle city,WA,Pacific,train,734603.0,5682.661246959242,2433.9893024347807,low
5363000,2023,Seattle city,WA,Pacific,train,741440.0,5095.624730254639,2417.097882643452,low
5363000,2024,Seattle city,WA,Pacific,train,754195.0,5046.572835937655,2418.6912500310327,low
5363960,2022,Shoreline city,WA,Pacific,train,58673.0,2776.4048199342114,2064.839770104031,low
5363960,2023,Shoreline city,WA,Pacific,train,59280.0,2763.157894736842,2072.9902134576632,low
5363960,2024,Shoreline city,WA,Pacific,train,61431.0,2565.4799693965588,2098.749368906718,low
5367000,2022,Spokane city,WA,Pacific,train,227922.0,5770.833881766569,2365.8483238568406,low
5367000,2023,Spokane city,WA,Pacific,train,229228.0,5448.287294745843,2353.6326764874107,low
5367000,2024,Spokane city,WA,Pacific,train,230293.0,4824.723287290539,2286.8150106676953,low
5367167,2022,Spokane Valley city,WA,Pacific,train,103761.0,4230.876726322992,2062.8238189458953,low
5367167,2023,Spokane Valley city,WA,Pacific,train,105460.0,3549.2129717428406,2143.368993994876,low
5367167,2024,Spokane Valley city,WA,Pacific,train,106365.0,3630.893621021953,2135.460455368125,low
5370000,2022,Tacoma city,WA,Pacific,train,219234.0,8531.523395093825,2527.5353575466925,low
5370000,2023,Tacoma city,WA,Pacific,train,220482.0,7434.166961475314,2515.459821954502,low
5370000,2024,Tacoma city,WA,Pacific,train,222758.0,5634.365544671796,2542.9674007016283,low
5374060,2022,Vancouver city,WA,Pacific,train,190700.0,5651.284740429995,2395.2621853194664,low
5374060,2023,Vancouver city,WA,Pacific,train,192696.0,4570.93037738199,2304.1508605560193,low
5374060,2024,Vancouver city,WA,Pacific,train,195300.0,3457.757296466974,2233.6170262375836,low
5380010,2022,Yakima city,WA,Pacific,train,96764.0,3127.1960646521434,2850.699892776279,mid
5380010,2023,Yakima city,WA,Pacific,train,96810.0,2420.2045243259995,2701.7175618032293,mid
5380010,2024,Yakima city,WA,Pacific,train,96961.0,2037.9327770959455,2620.994011589695,low
5502375,2022,Appleton city,WI,East North Central,train,75133.0,1484.0349779723956,1799.777779507352,low
5502375,2023,Appleton city,WI,East North Central,train,74873.0,1387.6831434562523,1802.1345243496967,low
5502375,2024,Appleton city,WI,East North Central,train,75023.0,1335.5904189381924,1775.6488819373303,low
5522300,2022,Eau Claire city,WI,East North Central,train,69098.0,2241.743610524183,2314.99857987074,low
5522300,2023,Eau Claire city,WI,East North Central,train,69274.0,2033.9521321130585,2277.3190027770684,low
5522300,2024,Eau Claire city,WI,East North Central,train,70322.0,1921.162651801712,2269.0538865039703,low
5531000,2022,Green Bay city,WI,East North Central,train,106846.0,1725.848417348333,2595.5269465804895,low
5531000,2023,Green Bay city,WI,East North Central,train,106585.0,1513.34615565042,2635.1103745436494,low
5531000,2024,Green Bay city,WI,East North Central,train,106253.0,1299.728007679783,2524.35140251737,low
5537825,2022,Janesville city,WI,East North Central,train,65669.0,1978.1023009334692,1733.8050756797525,low
5537825,2023,Janesville city,WI,East North Central,train,65813.0,1800.5561211310835,1709.4952513239118,low
5537825,2024,Janesville city,WI,East North Central,train,66030.0,1847.6450098440105,1676.4714735273662,low
5539225,2022,Kenosha city,WI,East North Central,train,99493.0,1083.4933110872123,2511.3899701381238,low
5539225,2023,Kenosha city,WI,East North Central,train,99147.0,989.43992253926,2439.412079511082,low
5539225,2024,Kenosha city,WI,East North Central,train,99372.0,851.3464557420601,2417.5995359149797,low
5540775,2022,La Crosse city,WI,East North Central,train,52043.0,3076.3022884922084,2752.382772780962,mid
5540775,2023,La Crosse city,WI,East North Central,train,51791.0,2707.0340406634355,2797.6743728898573,mid
5540775,2024,La Crosse city,WI,East North Central,train,51356.0,3678.2459693122514,2814.678850389003,mid
5548000,2022,Madison city,WI,East North Central,train,268516.0,2405.443251053941,2789.793834153844,mid
5548000,2023,Madison city,WI,East North Central,train,275568.0,2323.5644196713697,2759.6981674740105,mid
5548000,2024,Madison city,WI,East North Central,train,278001.0,1892.0795248937957,2788.495941115939,mid
5553000,2022,Milwaukee city,WI,East North Central,train,573299.0,3436.601145301143,3357.4683220972834,high
5553000,2023,Milwaukee city,WI,East North Central,train,569756.0,2646.0449736378378,3305.2215517157456,high
5553000,2024,Milwaukee city,WI,East North Central,train,566973.0,2669.4392854686203,3278.085478411646,high
5560500,2022,Oshkosh city,WI,East North Central,train,66373.0,1627.1676736022175,2409.3567331734057,low
5560500,2023,Oshkosh city,WI,East North Central,train,66247.0,1616.6769815991668,2393.8169463193512,low
5560500,2024,Oshkosh city,WI,East North Central,train,66729.0,1435.657660087818,2496.6938010737176,low
5566000,2022,Racine city,WI,East North Central,train,77453.0,1489.935832052987,2989.321291294872,mid
5566000,2023,Racine city,WI,East North Central,train,77155.0,950.0356425377488,2864.6768997415647,mid
5566000,2024,Racine city,WI,East North Central,train,77633.0,1092.3189880592015,2870.2742825427395,mid
5584250,2022,Waukesha city,WI,East North Central,train,70945.0,794.9820283318063,2010.6281265906937,low
5584250,2023,Waukesha city,WI,East North Central,train,70779.0,931.0671244295625,1988.0876383236023,low
5584250,2024,Waukesha city,WI,East North Central,train,71233.0,861.9600466076117,1936.0621010798998,low
5585300,2022,West Allis city,WI,East North Central,train,59907.0,2553.9586358856227,2081.6081791408524,low
5585300,2023,West Allis city,WI,East North Central,train,59588.0,2307.511579512653,2113.081540056116,low
5585300,2024,West Allis city,WI,East North Central,train,59612.0,1952.6269878547944,2129.602314498126,low
5613150,2023,Casper city,WY,Mountain,train,58754.0,2564.9317493277053,1899.870775580196,low
5613150,2024,Casper city,WY,Mountain,train,58839.0,2100.647529699689,1877.6712387436307,low
5613900,2022,Cheyenne city,WY,Mountain,train,64795.0,3643.7996759009184,1968.180521672352,low
5613900,2023,Cheyenne city,WY,Mountain,train,64976.0,3665.96897315932,2021.1574373932458,low
5613900,2024,Cheyenne city,WY,Mountain,train,65239.0,2984.41116510063,1995.1425614197694,low
